Timestamp,Device ID,Serial Number,Model,Sub Model,Friendly Name,Latitude,Longitude,Is Indoor,Is Public,PM2.5 AQI,PM10 AQI,PM1.0,PM2.5,Applied PM2.5 Custom Calibration Setting - Multiplication Factor,Applied PM2.5 Custom Calibration Setting - Offset,PM4.0,PM10,Applied PM10 Custom Calibration Setting - Multiplication Factor,Applied PM10 Custom Calibration Setting - Offset,PM0.5 NC,PM1.0 NC,PM2.5 NC,PM4.0 NC,PM10 NC,Typical Particle Size,PM Sensor Status,CO2,Applied CO2 Custom Calibration Setting - Multiplication Factor,Applied CO2 Custom Calibration Setting - Offset,CO2 Sensor Status,CH2O,Applied CH2O Custom Calibration Setting - Multiplication Factor,Applied CH2O Custom Calibration Setting - Offset,CH2O Sensor Status,Barometric Pressure,Applied Barometric Pressure Custom Calibration Setting - Offset,Barometric Sensor Status,CO,Applied CO Custom Calibration Setting - Multiplication Factor,Applied CO Custom Calibration Setting - Offset,CO Sensor Status,SO2,Applied SO2 Custom Calibration Setting - Multiplication Factor,Applied SO2 Custom Calibration Setting - Offset,SO2 Sensor Status,O3,Applied O3 Custom Calibration Setting - Multiplication Factor,Applied O3 Custom Calibration Setting - Offset,O3 Sensor Status,NO2,Applied NO2 Custom Calibration Setting - Multiplication Factor,Applied NO2 Custom Calibration Setting - Offset,NO2 Sensor Status,VOC tVOC measurement,Applied TVOC Custom Calibration Setting - Multiplication Factor,Applied TVOC Custom Calibration Setting - Offset,VOC Sensor Status,Temperature,Applied Temperature Custom Calibration Setting - Offset,Relative Humidity,Applied Relative Humidity Custom Calibration Setting - Offset,Temperature/Humidity Sensor Status,System Status
UTC,,,,,,,,boolean,boolean,,,ug/m3,ug/m3,,,ug/m3,ug/m3,,,#/cm3,#/cm3,#/cm3,#/cm3,#/cm3,um,,ppm,,,,ppb,,,,inHg,,,ppm,,,,ppb,,,,ppb,,,,ppb,,,,mg/m3,,,,Celsius,,%,,,
01/05/2026 18:51:14,,81442326017,8144,2,Indoor 03,,,true,false,21,5,4,5,,,5,5,,,16,17,18,18,18,0.40,0,318,,,0,,,,,29.85,,0,,,,,,,,,,,,,,,,,0.000,,,0,21.0,,48,,0,3
01/05/2026 19:06:14,,81442326017,8144,2,Indoor 03,,,true,false,21,5,5,5,,,5,5,,,17,20,20,20,20,0.39,0,291,,,0,,,,,29.85,,0,,,,,,,,,,,,,,,,,0.000,,,0,21.2,,47,,0,2
01/05/2026 19:29:15,,81442326017,8144,2,Indoor 03,,,true,false,17,4,4,4,,,4,4,,,15,17,17,17,17,0.37,0,274,,,0,,,,,29.84,,0,,,,,,,,,,,,,,,,,0.000,,,0,21.3,,47,,0,3
01/05/2026 19:44:15,,81442326017,8144,2,Indoor 03,,,true,false,17,4,4,4,,,4,4,,,13,15,15,15,15,0.38,0,268,,,0,,,,,29.84,,0,,,,,,,,,,,,,,,,,0.000,,,0,21.6,,46,,0,2
01/05/2026 20:06:34,,81442326017,8144,2,Indoor 03,,,true,false,17,4,4,4,,,4,4,,,13,15,15,15,15,0.37,0,270,,,0,,,,,29.83,,0,,,,,,,,,,,,,,,,,0.000,,,0,21.8,,46,,0,3
01/05/2026 20:21:34,,81442326017,8144,2,Indoor 03,,,true,false,17,4,4,4,,,4,4,,,13,14,14,14,14,0.38,0,275,,,0,,,,,29.83,,0,,,,,,,,,,,,,,,,,0.000,,,0,21.9,,46,,0,2
01/05/2026 20:44:06,,81442326017,8144,2,Indoor 03,,,true,false,17,4,4,4,,,4,4,,,13,14,14,14,14,0.39,0,276,,,0,,,,,29.82,,0,,,,,,,,,,,,,,,,,0.000,,,0,22.0,,45,,0,3
01/05/2026 20:59:06,,81442326017,8144,2,Indoor 03,,,true,false,17,4,4,4,,,4,4,,,12,14,14,14,14,0.39,0,272,,,0,,,,,29.82,,0,,,,,,,,,,,,,,,,,0.000,,,0,22.0,,44,,0,2
01/05/2026 21:21:39,,81442326017,8144,2,Indoor 03,,,true,false,13,3,3,3,,,3,3,,,11,12,12,12,12,0.38,0,283,,,0,,,,,29.82,,0,,,,,,,,,,,,,,,,,0.000,,,0,22.0,,45,,0,3
01/05/2026 21:36:39,,81442326017,8144,2,Indoor 03,,,true,false,13,3,3,3,,,3,3,,,11,12,12,12,12,0.38,0,269,,,0,,,,,29.82,,0,,,,,,,,,,,,,,,,,0.000,,,0,22.0,,45,,0,2
01/05/2026 21:58:27,,81442326017,8144,2,Indoor 03,,,true,false,17,4,3,4,,,4,4,,,12,13,13,13,13,0.39,0,273,,,0,,,,,29.82,,0,,,,,,,,,,,,,,,,,0.000,,,0,22.0,,45,,0,3
01/05/2026 22:13:27,,81442326017,8144,2,Indoor 03,,,true,false,17,4,4,4,,,4,4,,,13,14,14,14,14,0.38,0,273,,,0,,,,,29.82,,0,,,,,,,,,,,,,,,,,0.000,,,0,22.0,,44,,0,2
01/05/2026 22:36:14,,81442326017,8144,2,Indoor 03,,,true,false,17,4,4,4,,,4,4,,,14,16,16,16,16,0.40,0,268,,,0,,,,,29.82,,0,,,,,,,,,,,,,,,,,0.000,,,0,22.0,,44,,0,3
01/05/2026 22:51:14,,81442326017,8144,2,Indoor 03,,,true,false,17,4,4,4,,,4,4,,,14,16,16,16,16,0.39,0,270,,,0,,,,,29.82,,0,,,,,,,,,,,,,,,,,0.000,,,0,22.0,,44,,0,2
01/05/2026 23:13:46,,81442326017,8144,2,Indoor 03,,,true,false,21,5,4,5,,,5,5,,,15,17,17,17,17,0.40,0,271,,,0,,,,,29.81,,0,,,,,,,,,,,,,,,,,0.000,,,0,22.0,,45,,0,3
01/05/2026 23:28:46,,81442326017,8144,2,Indoor 03,,,true,false,21,5,5,5,,,5,5,,,16,18,18,18,18,0.39,0,277,,,0,,,,,29.81,,0,,,,,,,,,,,,,,,,,0.000,,,0,22.1,,45,,0,2
01/05/2026 23:51:20,,81442326017,8144,2,Indoor 03,,,true,false,21,5,5,5,,,5,5,,,17,19,19,19,19,0.39,0,276,,,0,,,,,29.81,,0,,,,,,,,,,,,,,,,,0.000,,,0,22.1,,44,,0,3
01/06/2026 00:06:20,,81442326017,8144,2,Indoor 03,,,true,false,21,5,5,5,,,5,5,,,17,19,19,19,19,0.38,0,276,,,0,,,,,29.81,,0,,,,,,,,,,,,,,,,,0.000,,,0,22.1,,44,,0,2
01/06/2026 00:28:51,,81442326017,8144,2,Indoor 03,,,true,false,21,5,5,5,,,5,5,,,17,19,19,19,19,0.38,0,275,,,0,,,,,29.81,,0,,,,,,,,,,,,,,,,,0.000,,,0,22.2,,43,,0,3
01/06/2026 00:43:51,,81442326017,8144,2,Indoor 03,,,true,false,21,5,5,5,,,5,5,,,17,19,19,19,19,0.38,0,282,,,0,,,,,29.81,,0,,,,,,,,,,,,,,,,,0.000,,,0,22.2,,44,,0,2
01/06/2026 01:06:25,,81442326017,8144,2,Indoor 03,,,true,false,25,6,6,6,,,6,6,,,19,22,22,22,22,0.39,0,279,,,0,,,,,29.81,,0,,,,,,,,,,,,,,,,,0.000,,,0,22.2,,44,,0,3
01/06/2026 01:21:25,,81442326017,8144,2,Indoor 03,,,true,false,25,6,5,6,,,6,6,,,19,21,21,21,21,0.38,0,283,,,0,,,,,29.81,,0,,,,,,,,,,,,,,,,,0.000,,,0,22.2,,44,,0,2
01/06/2026 01:43:57,,81442326017,8144,2,Indoor 03,,,true,false,25,6,6,6,,,6,6,,,21,23,23,23,23,0.37,0,276,,,0,,,,,29.80,,0,,,,,,,,,,,,,,,,,0.000,,,0,22.2,,44,,0,3
01/06/2026 01:58:57,,81442326017,8144,2,Indoor 03,,,true,false,25,6,5,6,,,6,6,,,18,20,21,21,21,0.39,0,283,,,0,,,,,29.80,,0,,,,,,,,,,,,,,,,,0.000,,,0,22.2,,43,,0,2
01/06/2026 02:21:14,,81442326017,8144,2,Indoor 03,,,true,false,25,6,5,6,,,6,6,,,19,21,21,21,21,0.39,0,285,,,0,,,,,29.80,,0,,,,,,,,,,,,,,,,,0.000,,,0,22.2,,44,,0,3
01/06/2026 02:36:14,,81442326017,8144,2,Indoor 03,,,true,false,25,6,5,6,,,6,6,,,18,20,20,20,20,0.38,0,285,,,0,,,,,29.80,,0,,,,,,,,,,,,,,,,,0.000,,,0,22.2,,44,,0,2
01/06/2026 02:58:47,,81442326017,8144,2,Indoor 03,,,true,false,21,5,5,5,,,5,5,,,17,19,19,19,19,0.39,0,283,,,0,,,,,29.80,,0,,,,,,,,,,,,,,,,,0.000,,,0,22.2,,44,,0,3
01/06/2026 03:13:47,,81442326017,8144,2,Indoor 03,,,true,false,21,5,5,5,,,5,5,,,17,19,19,19,19,0.37,0,291,,,0,,,,,29.80,,0,,,,,,,,,,,,,,,,,0.000,,,0,22.2,,43,,0,2
01/06/2026 03:36:35,,81442326017,8144,2,Indoor 03,,,true,false,21,5,5,5,,,5,5,,,17,19,19,19,19,0.38,0,293,,,0,,,,,29.79,,0,,,,,,,,,,,,,,,,,0.000,,,0,22.1,,44,,0,3
01/06/2026 03:51:35,,81442326017,8144,2,Indoor 03,,,true,false,21,5,5,5,,,5,5,,,18,20,20,20,20,0.39,0,293,,,0,,,,,29.79,,0,,,,,,,,,,,,,,,,,0.000,,,0,22.1,,44,,0,2
01/06/2026 04:14:08,,81442326017,8144,2,Indoor 03,,,true,false,21,5,5,5,,,5,5,,,18,20,20,20,20,0.39,0,286,,,0,,,,,29.79,,0,,,,,,,,,,,,,,,,,0.000,,,0,22.2,,44,,0,3
01/06/2026 04:29:08,,81442326017,8144,2,Indoor 03,,,true,false,25,6,5,6,,,6,6,,,18,20,20,20,20,0.38,0,287,,,0,,,,,29.78,,0,,,,,,,,,,,,,,,,,0.000,,,0,22.2,,43,,0,2
01/06/2026 04:51:56,,81442326017,8144,2,Indoor 03,,,true,false,25,6,5,6,,,6,6,,,19,21,21,21,21,0.37,0,282,,,0,,,,,29.78,,0,,,,,,,,,,,,,,,,,0.000,,,0,22.1,,42,,0,3
01/06/2026 05:06:56,,81442326017,8144,2,Indoor 03,,,true,false,21,5,5,5,,,5,5,,,18,20,20,20,20,0.38,0,283,,,0,,,,,29.78,,0,,,,,,,,,,,,,,,,,0.000,,,0,22.1,,43,,0,2
01/06/2026 05:29:43,,81442326017,8144,2,Indoor 03,,,true,false,21,5,5,5,,,5,5,,,17,19,19,19,19,0.40,0,268,,,0,,,,,29.76,,0,,,,,,,,,,,,,,,,,0.000,,,0,22.2,,43,,0,3
01/06/2026 05:44:43,,81442326017,8144,2,Indoor 03,,,true,false,21,5,5,5,,,5,5,,,17,19,19,19,19,0.38,0,271,,,0,,,,,29.76,,0,,,,,,,,,,,,,,,,,0.000,,,0,22.2,,42,,0,2
01/06/2026 06:07:31,,81442326017,8144,2,Indoor 03,,,true,false,21,5,5,5,,,5,5,,,17,19,19,19,19,0.36,0,271,,,0,,,,,29.75,,0,,,,,,,,,,,,,,,,,0.000,,,0,22.2,,42,,0,3
01/06/2026 06:22:31,,81442326017,8144,2,Indoor 03,,,true,false,21,5,5,5,,,5,5,,,17,19,19,19,19,0.38,0,282,,,0,,,,,29.76,,0,,,,,,,,,,,,,,,,,0.003,,,0,22.2,,43,,0,2
01/06/2026 06:45:19,,81442326017,8144,2,Indoor 03,,,true,false,21,5,5,5,,,5,5,,,16,18,18,18,18,0.38,0,285,,,0,,,,,29.77,,0,,,,,,,,,,,,,,,,,0.000,,,0,22.2,,42,,0,3
01/06/2026 07:00:19,,81442326017,8144,2,Indoor 03,,,true,false,21,5,5,5,,,5,5,,,16,18,18,18,18,0.38,0,291,,,0,,,,,29.77,,0,,,,,,,,,,,,,,,,,0.000,,,0,22.1,,42,,0,2
01/06/2026 07:23:06,,81442326017,8144,2,Indoor 03,,,true,false,21,5,5,5,,,5,5,,,16,18,18,18,18,0.40,0,293,,,0,,,,,29.76,,0,,,,,,,,,,,,,,,,,0.000,,,0,22.1,,43,,0,3
01/06/2026 07:38:06,,81442326017,8144,2,Indoor 03,,,true,false,21,5,5,5,,,5,5,,,17,19,19,19,19,0.38,0,299,,,0,,,,,29.76,,0,,,,,,,,,,,,,,,,,0.000,,,0,22.1,,43,,0,2
01/06/2026 08:00:24,,81442326017,8144,2,Indoor 03,,,true,false,21,5,5,5,,,5,5,,,17,19,19,19,19,0.38,0,296,,,0,,,,,29.75,,0,,,,,,,,,,,,,,,,,0.000,,,0,22.1,,42,,0,3
01/06/2026 08:15:24,,81442326017,8144,2,Indoor 03,,,true,false,21,5,5,5,,,5,5,,,17,19,19,19,19,0.38,0,293,,,0,,,,,29.75,,0,,,,,,,,,,,,,,,,,0.000,,,0,22.1,,42,,0,2
01/06/2026 08:37:56,,81442326017,8144,2,Indoor 03,,,true,false,21,5,5,5,,,5,5,,,18,20,20,20,20,0.36,0,291,,,0,,,,,29.74,,0,,,,,,,,,,,,,,,,,0.000,,,0,22.1,,42,,0,3
01/06/2026 08:52:56,,81442326017,8144,2,Indoor 03,,,true,false,21,5,5,5,,,5,5,,,17,20,20,20,20,0.38,0,291,,,0,,,,,29.73,,0,,,,,,,,,,,,,,,,,0.000,,,0,22.1,,42,,0,2
01/06/2026 09:15:00,,81442326017,8144,2,Indoor 03,,,true,false,21,5,5,5,,,5,5,,,18,20,20,20,20,0.39,0,297,,,0,,,,,29.72,,0,,,,,,,,,,,,,,,,,0.000,,,0,22.1,,42,,0,3
01/06/2026 09:30:00,,81442326017,8144,2,Indoor 03,,,true,false,25,6,5,6,,,6,6,,,18,20,20,20,20,0.38,0,308,,,0,,,,,29.71,,0,,,,,,,,,,,,,,,,,0.006,,,0,22.1,,43,,0,2
01/06/2026 09:51:17,,81442326017,8144,2,Indoor 03,,,true,false,25,6,5,6,,,6,6,,,18,21,21,21,21,0.37,0,302,,,0,,,,,29.72,,0,,,,,,,,,,,,,,,,,0.000,,,0,22.2,,43,,0,3
01/06/2026 10:06:17,,81442326017,8144,2,Indoor 03,,,true,false,25,6,5,6,,,6,6,,,18,20,20,20,20,0.37,0,301,,,0,,,,,29.72,,0,,,,,,,,,,,,,,,,,0.000,,,0,22.2,,43,,0,2
01/06/2026 10:27:20,,81442326017,8144,2,Indoor 03,,,true,false,21,5,5,5,,,5,5,,,18,20,20,20,20,0.37,0,305,,,0,,,,,29.72,,0,,,,,,,,,,,,,,,,,0.000,,,0,22.2,,41,,0,3
01/06/2026 10:42:20,,81442326017,8144,2,Indoor 03,,,true,false,21,5,5,5,,,5,5,,,17,20,20,20,20,0.38,0,305,,,0,,,,,29.73,,0,,,,,,,,,,,,,,,,,0.000,,,0,22.1,,42,,0,2
01/06/2026 11:04:52,,81442326017,8144,2,Indoor 03,,,true,false,21,5,5,5,,,5,5,,,17,19,19,19,19,0.39,0,293,,,0,,,,,29.73,,0,,,,,,,,,,,,,,,,,0.000,,,0,22.1,,42,,0,3
01/06/2026 11:19:52,,81442326017,8144,2,Indoor 03,,,true,false,21,5,5,5,,,5,5,,,17,19,19,19,19,0.39,0,293,,,0,,,,,29.73,,0,,,,,,,,,,,,,,,,,0.000,,,0,22.1,,43,,0,2
01/06/2026 11:42:26,,81442326017,8144,2,Indoor 03,,,true,false,21,5,5,5,,,5,5,,,18,20,20,20,20,0.37,0,304,,,0,,,,,29.73,,0,,,,,,,,,,,,,,,,,0.000,,,0,22.2,,44,,0,3
01/06/2026 11:57:26,,81442326017,8144,2,Indoor 03,,,true,false,21,5,5,5,,,5,5,,,18,20,20,20,20,0.39,0,314,,,0,,,,,29.72,,0,,,,,,,,,,,,,,,,,0.000,,,0,22.2,,45,,0,2
01/06/2026 12:19:57,,81442326017,8144,2,Indoor 03,,,true,false,25,6,5,6,,,6,6,,,19,21,21,21,21,0.38,0,306,,,0,,,,,29.73,,0,,,,,,,,,,,,,,,,,0.000,,,0,22.2,,45,,0,3
01/06/2026 12:34:57,,81442326017,8144,2,Indoor 03,,,true,false,21,5,5,5,,,5,5,,,18,20,20,20,20,0.38,0,311,,,0,,,,,29.72,,0,,,,,,,,,,,,,,,,,0.005,,,0,22.2,,45,,0,2
01/06/2026 12:56:30,,81442326017,8144,2,Indoor 03,,,true,false,21,5,5,5,,,5,5,,,17,20,20,20,20,0.37,0,305,,,0,,,,,29.71,,0,,,,,,,,,,,,,,,,,0.007,,,0,22.2,,44,,0,3
01/06/2026 13:11:30,,81442326017,8144,2,Indoor 03,,,true,false,21,5,5,5,,,5,5,,,17,19,19,19,19,0.39,0,309,,,0,,,,,29.71,,0,,,,,,,,,,,,,,,,,0.007,,,0,22.2,,44,,0,2
01/06/2026 13:34:04,,81442326017,8144,2,Indoor 03,,,true,false,25,6,5,6,,,6,6,,,18,20,21,21,21,0.39,0,304,,,0,,,,,29.71,,0,,,,,,,,,,,,,,,,,0.006,,,0,22.2,,44,,0,3
01/06/2026 13:49:04,,81442326017,8144,2,Indoor 03,,,true,false,25,6,6,6,,,6,6,,,20,22,22,22,22,0.38,0,306,,,0,,,,,29.72,,0,,,,,,,,,,,,,,,,,0.008,,,0,22.2,,45,,0,2
01/06/2026 14:11:50,,81442326017,8144,2,Indoor 03,,,true,false,25,6,6,6,,,6,6,,,19,22,22,22,22,0.37,0,301,,,0,,,,,29.71,,0,,,,,,,,,,,,,,,,,0.000,,,0,22.2,,44,,0,3
01/06/2026 14:26:50,,81442326017,8144,2,Indoor 03,,,true,false,25,6,6,6,,,6,6,,,21,23,23,23,23,0.38,0,307,,,0,,,,,29.71,,0,,,,,,,,,,,,,,,,,0.000,,,0,22.2,,44,,0,2
01/06/2026 14:49:24,,81442326017,8144,2,Indoor 03,,,true,false,29,6,7,7,,,7,7,,,23,26,26,26,26,0.39,0,299,,,0,,,,,29.71,,0,,,,,,,,,,,,,,,,,0.000,,,0,22.2,,44,,0,3
01/06/2026 15:04:24,,81442326017,8144,2,Indoor 03,,,true,false,29,6,7,7,,,7,7,,,23,26,26,26,26,0.40,0,292,,,0,,,,,29.71,,0,,,,,,,,,,,,,,,,,0.000,,,0,22.2,,44,,0,2
01/06/2026 15:26:56,,81442326017,8144,2,Indoor 03,,,true,false,29,6,7,7,,,7,7,,,23,26,26,26,26,0.37,0,288,,,0,,,,,29.70,,0,,,,,,,,,,,,,,,,,0.000,,,0,22.2,,44,,0,3
01/06/2026 15:41:56,,81442326017,8144,2,Indoor 03,,,true,false,29,6,7,7,,,7,7,,,23,26,26,26,26,0.39,0,290,,,0,,,,,29.70,,0,,,,,,,,,,,,,,,,,0.003,,,0,22.2,,44,,0,2
01/06/2026 16:04:44,,81442326017,8144,2,Indoor 03,,,true,false,29,6,7,7,,,7,7,,,23,26,26,26,26,0.37,0,286,,,0,,,,,29.69,,0,,,,,,,,,,,,,,,,,0.000,,,0,22.1,,44,,0,3
01/06/2026 16:19:44,,81442326017,8144,2,Indoor 03,,,true,false,29,6,7,7,,,7,7,,,23,25,25,25,25,0.39,0,289,,,0,,,,,29.67,,0,,,,,,,,,,,,,,,,,0.000,,,0,22.1,,45,,0,2
01/06/2026 16:42:16,,81442326017,8144,2,Indoor 03,,,true,false,29,6,6,7,,,7,7,,,22,24,24,24,24,0.40,0,280,,,0,,,,,29.65,,0,,,,,,,,,,,,,,,,,0.000,,,0,22.1,,45,,0,3
01/06/2026 16:57:16,,81442326017,8144,2,Indoor 03,,,true,false,25,6,6,6,,,6,6,,,21,23,23,23,23,0.38,0,274,,,0,,,,,29.63,,0,,,,,,,,,,,,,,,,,0.000,,,0,22.1,,47,,0,2
01/06/2026 17:19:50,,81442326017,8144,2,Indoor 03,,,true,false,25,6,6,6,,,6,6,,,20,22,22,22,22,0.40,0,266,,,0,,,,,29.61,,0,,,,,,,,,,,,,,,,,0.000,,,0,22.2,,47,,0,3
01/06/2026 17:34:50,,81442326017,8144,2,Indoor 03,,,true,false,25,6,6,6,,,6,6,,,20,23,23,23,23,0.38,0,262,,,0,,,,,29.59,,0,,,,,,,,,,,,,,,,,0.000,,,0,22.2,,48,,0,2
01/06/2026 17:57:22,,81442326017,8144,2,Indoor 03,,,true,false,29,6,6,7,,,7,7,,,21,24,24,24,24,0.39,0,266,,,0,,,,,29.56,,0,,,,,,,,,,,,,,,,,0.000,,,0,22.2,,47,,0,3
01/06/2026 18:12:22,,81442326017,8144,2,Indoor 03,,,true,false,25,6,6,6,,,6,6,,,21,24,24,24,24,0.39,0,263,,,0,,,,,29.56,,0,,,,,,,,,,,,,,,,,0.005,,,0,22.2,,48,,0,2
01/06/2026 18:34:39,,81442326017,8144,2,Indoor 03,,,true,false,29,6,6,7,,,7,7,,,22,25,25,25,25,0.39,0,257,,,0,,,,,29.55,,0,,,,,,,,,,,,,,,,,0.000,,,0,22.2,,48,,0,3
01/06/2026 18:49:39,,81442326017,8144,2,Indoor 03,,,true,false,25,6,6,6,,,6,6,,,21,23,24,24,24,0.39,0,261,,,0,,,,,29.54,,0,,,,,,,,,,,,,,,,,0.000,,,0,22.1,,47,,0,2
01/06/2026 19:11:27,,81442326017,8144,2,Indoor 03,,,true,false,25,6,6,6,,,6,6,,,20,23,23,23,23,0.40,0,256,,,0,,,,,29.53,,0,,,,,,,,,,,,,,,,,0.000,,,0,22.1,,47,,0,3
01/06/2026 19:26:27,,81442326017,8144,2,Indoor 03,,,true,false,29,6,6,7,,,7,7,,,21,24,24,24,24,0.38,0,257,,,0,,,,,29.54,,0,,,,,,,,,,,,,,,,,0.012,,,0,22.1,,50,,0,2
01/06/2026 19:49:15,,81442326017,8144,2,Indoor 03,,,true,false,29,6,6,7,,,7,7,,,21,24,24,24,24,0.38,0,256,,,0,,,,,29.54,,0,,,,,,,,,,,,,,,,,0.000,,,0,22.2,,50,,0,3
01/06/2026 20:04:15,,81442326017,8144,2,Indoor 03,,,true,false,25,6,6,6,,,6,6,,,21,24,24,24,24,0.39,0,258,,,0,,,,,29.53,,0,,,,,,,,,,,,,,,,,0.000,,,0,22.2,,50,,0,2
01/06/2026 20:26:48,,81442326017,8144,2,Indoor 03,,,true,false,25,6,6,6,,,6,6,,,21,23,24,24,24,0.39,0,254,,,0,,,,,29.53,,0,,,,,,,,,,,,,,,,,0.000,,,0,22.2,,49,,0,3
01/06/2026 20:41:48,,81442326017,8144,2,Indoor 03,,,true,false,25,6,6,6,,,6,6,,,21,24,24,24,24,0.39,0,262,,,0,,,,,29.54,,0,,,,,,,,,,,,,,,,,0.000,,,0,22.3,,49,,0,2
01/06/2026 21:04:05,,81442326017,8144,2,Indoor 03,,,true,false,25,6,6,6,,,6,6,,,21,23,23,23,23,0.39,0,255,,,0,,,,,29.54,,0,,,,,,,,,,,,,,,,,0.000,,,0,22.2,,47,,0,3
01/06/2026 21:19:05,,81442326017,8144,2,Indoor 03,,,true,false,25,6,6,6,,,6,6,,,20,22,22,22,23,0.39,0,256,,,0,,,,,29.54,,0,,,,,,,,,,,,,,,,,0.000,,,0,22.1,,47,,0,2
01/06/2026 21:41:52,,81442326017,8144,2,Indoor 03,,,true,false,25,6,6,6,,,6,6,,,21,23,23,23,23,0.39,0,256,,,0,,,,,29.53,,0,,,,,,,,,,,,,,,,,0.000,,,0,22.1,,47,,0,3
01/06/2026 21:56:52,,81442326017,8144,2,Indoor 03,,,true,false,29,6,6,7,,,7,7,,,22,24,24,24,24,0.38,0,261,,,0,,,,,29.53,,0,,,,,,,,,,,,,,,,,0.000,,,0,22.1,,47,,0,2
01/06/2026 22:19:10,,81442326017,8144,2,Indoor 03,,,true,false,29,6,6,7,,,7,7,,,22,25,25,25,25,0.38,0,258,,,0,,,,,29.53,,0,,,,,,,,,,,,,,,,,0.000,,,0,22.2,,46,,0,3
01/06/2026 22:34:10,,81442326017,8144,2,Indoor 03,,,true,false,29,6,6,7,,,7,7,,,22,25,25,25,25,0.39,0,259,,,0,,,,,29.54,,0,,,,,,,,,,,,,,,,,0.000,,,0,22.3,,47,,0,2
01/06/2026 22:56:59,,81442326017,8144,2,Indoor 03,,,true,false,25,6,6,6,,,6,6,,,20,23,23,23,23,0.42,0,261,,,0,,,,,29.54,,0,,,,,,,,,,,,,,,,,0.000,,,0,22.3,,48,,0,3
01/06/2026 23:11:59,,81442326017,8144,2,Indoor 03,,,true,false,29,6,6,7,,,7,7,,,22,25,25,25,25,0.38,0,267,,,0,,,,,29.54,,0,,,,,,,,,,,,,,,,,0.016,,,0,22.3,,50,,0,2
01/06/2026 23:34:45,,81442326017,8144,2,Indoor 03,,,true,false,33,7,7,8,,,8,8,,,25,28,28,28,29,0.39,0,260,,,0,,,,,29.54,,0,,,,,,,,,,,,,,,,,0.000,,,0,22.3,,49,,0,3
01/06/2026 23:49:45,,81442326017,8144,2,Indoor 03,,,true,false,33,7,7,8,,,8,8,,,25,28,28,28,28,0.39,0,263,,,0,,,,,29.54,,0,,,,,,,,,,,,,,,,,0.000,,,0,22.3,,48,,0,2
01/07/2026 00:12:18,,81442326017,8144,2,Indoor 03,,,true,false,33,7,7,8,,,8,8,,,25,28,28,28,28,0.39,0,261,,,0,,,,,29.54,,0,,,,,,,,,,,,,,,,,0.000,,,0,22.2,,49,,0,3
01/07/2026 00:27:18,,81442326017,8144,2,Indoor 03,,,true,false,33,7,8,8,,,8,8,,,26,29,29,29,29,0.38,0,263,,,0,,,,,29.54,,0,,,,,,,,,,,,,,,,,0.000,,,0,22.2,,49,,0,2
01/07/2026 00:50:06,,81442326017,8144,2,Indoor 03,,,true,false,33,7,7,8,,,8,8,,,25,28,28,28,28,0.38,0,263,,,0,,,,,29.54,,0,,,,,,,,,,,,,,,,,0.000,,,0,22.2,,49,,0,3
01/07/2026 01:05:06,,81442326017,8144,2,Indoor 03,,,true,false,29,6,7,7,,,7,7,,,24,27,27,27,27,0.39,0,260,,,0,,,,,29.54,,0,,,,,,,,,,,,,,,,,0.000,,,0,22.2,,48,,0,2
01/07/2026 01:27:54,,81442326017,8144,2,Indoor 03,,,true,false,29,6,7,7,,,7,7,,,23,26,26,26,26,0.39,0,257,,,0,,,,,29.54,,0,,,,,,,,,,,,,,,,,0.000,,,0,22.2,,48,,0,3
01/07/2026 01:42:54,,81442326017,8144,2,Indoor 03,,,true,false,29,6,7,7,,,7,7,,,23,26,26,26,26,0.39,0,261,,,0,,,,,29.53,,0,,,,,,,,,,,,,,,,,0.000,,,0,22.2,,48,,0,2
01/07/2026 02:04:11,,81442326017,8144,2,Indoor 03,,,true,false,38,8,9,9,,,9,9,,,30,34,34,34,34,0.40,0,259,,,0,,,,,29.52,,0,,,,,,,,,,,,,,,,,0.000,,,0,22.2,,48,,0,3
01/07/2026 02:19:11,,81442326017,8144,2,Indoor 03,,,true,false,33,7,7,8,,,8,8,,,26,29,29,29,29,0.39,0,262,,,0,,,,,29.53,,0,,,,,,,,,,,,,,,,,0.000,,,0,22.2,,48,,0,2
01/07/2026 02:41:29,,81442326017,8144,2,Indoor 03,,,true,false,29,6,7,7,,,7,7,,,24,27,27,27,27,0.39,0,257,,,0,,,,,29.53,,0,,,,,,,,,,,,,,,,,0.000,,,0,22.3,,48,,0,3
01/07/2026 02:56:29,,81442326017,8144,2,Indoor 03,,,true,false,29,6,7,7,,,7,7,,,23,26,26,26,26,0.38,0,261,,,0,,,,,29.54,,0,,,,,,,,,,,,,,,,,0.000,,,0,22.3,,48,,0,2
01/07/2026 03:19:47,,81442326017,8144,2,Indoor 03,,,true,false,29,6,7,7,,,7,7,,,24,26,27,27,27,0.41,0,257,,,0,,,,,29.54,,0,,,,,,,,,,,,,,,,,0.000,,,0,22.2,,48,,0,3
01/07/2026 03:34:47,,81442326017,8144,2,Indoor 03,,,true,false,29,6,6,7,,,7,7,,,22,25,25,25,25,0.40,0,260,,,0,,,,,29.54,,0,,,,,,,,,,,,,,,,,0.000,,,0,22.2,,48,,0,2
01/07/2026 03:57:19,,81442326017,8144,2,Indoor 03,,,true,false,29,6,7,7,,,7,7,,,23,25,25,25,25,0.39,0,262,,,0,,,,,29.54,,0,,,,,,,,,,,,,,,,,0.000,,,0,22.2,,48,,0,3
01/07/2026 04:12:19,,81442326017,8144,2,Indoor 03,,,true,false,29,6,6,7,,,7,7,,,22,24,24,24,24,0.39,0,264,,,0,,,,,29.54,,0,,,,,,,,,,,,,,,,,0.000,,,0,22.2,,48,,0,2
01/07/2026 04:35:07,,81442326017,8144,2,Indoor 03,,,true,false,29,6,6,7,,,7,7,,,22,25,25,25,25,0.41,0,257,,,0,,,,,29.54,,0,,,,,,,,,,,,,,,,,0.000,,,0,22.2,,49,,0,3
01/07/2026 04:50:07,,81442326017,8144,2,Indoor 03,,,true,false,25,6,6,6,,,6,6,,,21,24,24,24,24,0.40,0,260,,,0,,,,,29.54,,0,,,,,,,,,,,,,,,,,0.000,,,0,22.2,,49,,0,2
01/07/2026 05:12:40,,81442326017,8144,2,Indoor 03,,,true,false,25,6,6,6,,,6,6,,,20,23,23,23,23,0.38,0,254,,,0,,,,,29.54,,0,,,,,,,,,,,,,,,,,0.000,,,0,22.3,,49,,0,3
01/07/2026 05:27:40,,81442326017,8144,2,Indoor 03,,,true,false,25,6,6,6,,,6,6,,,21,23,23,23,23,0.39,0,256,,,0,,,,,29.54,,0,,,,,,,,,,,,,,,,,0.000,,,0,22.2,,49,,0,2
01/07/2026 05:50:12,,81442326017,8144,2,Indoor 03,,,true,false,25,6,6,6,,,6,6,,,20,22,23,23,23,0.39,0,258,,,0,,,,,29.54,,0,,,,,,,,,,,,,,,,,0.000,,,0,22.2,,49,,0,3
01/07/2026 06:05:12,,81442326017,8144,2,Indoor 03,,,true,false,25,6,5,6,,,6,6,,,19,21,21,21,21,0.39,0,253,,,0,,,,,29.54,,0,,,,,,,,,,,,,,,,,0.000,,,0,22.2,,50,,0,2
01/07/2026 06:27:00,,81442326017,8144,2,Indoor 03,,,true,false,25,6,5,6,,,6,6,,,18,20,20,20,20,0.41,0,250,,,0,,,,,29.55,,0,,,,,,,,,,,,,,,,,0.000,,,0,22.2,,48,,0,3
01/07/2026 06:42:00,,81442326017,8144,2,Indoor 03,,,true,false,21,5,5,5,,,5,5,,,17,19,19,19,19,0.39,0,255,,,0,,,,,29.55,,0,,,,,,,,,,,,,,,,,0.000,,,0,22.2,,47,,0,2
01/07/2026 07:04:18,,81442326017,8144,2,Indoor 03,,,true,false,21,5,5,5,,,5,5,,,17,19,19,19,19,0.38,0,253,,,0,,,,,29.56,,0,,,,,,,,,,,,,,,,,0.000,,,0,22.2,,47,,0,3
01/07/2026 07:19:18,,81442326017,8144,2,Indoor 03,,,true,false,21,5,5,5,,,5,5,,,17,19,19,19,19,0.39,0,259,,,0,,,,,29.57,,0,,,,,,,,,,,,,,,,,0.014,,,0,22.2,,49,,0,2
01/07/2026 07:41:36,,81442326017,8144,2,Indoor 03,,,true,false,21,5,5,5,,,5,5,,,17,19,19,19,19,0.40,0,255,,,0,,,,,29.57,,0,,,,,,,,,,,,,,,,,0.000,,,0,22.2,,48,,0,3
01/07/2026 07:56:36,,81442326017,8144,2,Indoor 03,,,true,false,21,5,5,5,,,5,5,,,17,19,19,19,19,0.40,0,257,,,0,,,,,29.58,,0,,,,,,,,,,,,,,,,,0.000,,,0,22.1,,47,,0,2
01/07/2026 08:18:09,,81442326017,8144,2,Indoor 03,,,true,false,21,5,5,5,,,5,5,,,16,18,18,18,18,0.40,0,259,,,0,,,,,29.58,,0,,,,,,,,,,,,,,,,,0.005,,,0,22.2,,50,,0,3
01/07/2026 08:33:09,,81442326017,8144,2,Indoor 03,,,true,false,21,5,4,5,,,5,5,,,15,17,17,17,17,0.38,0,262,,,0,,,,,29.58,,0,,,,,,,,,,,,,,,,,0.018,,,0,22.2,,50,,0,2
01/07/2026 08:55:41,,81442326017,8144,2,Indoor 03,,,true,false,21,5,5,5,,,5,5,,,16,18,18,18,18,0.38,0,255,,,0,,,,,29.58,,0,,,,,,,,,,,,,,,,,0.000,,,0,22.1,,48,,0,3
01/07/2026 09:10:41,,81442326017,8144,2,Indoor 03,,,true,false,21,5,4,5,,,5,5,,,15,17,17,17,17,0.40,0,259,,,0,,,,,29.58,,0,,,,,,,,,,,,,,,,,0.002,,,0,22.1,,48,,0,2
01/07/2026 09:33:14,,81442326017,8144,2,Indoor 03,,,true,false,21,5,4,5,,,5,5,,,15,17,17,17,17,0.38,0,258,,,0,,,,,29.58,,0,,,,,,,,,,,,,,,,,0.000,,,0,22.2,,51,,0,3
01/07/2026 09:48:14,,81442326017,8144,2,Indoor 03,,,true,false,21,5,4,5,,,5,5,,,15,17,17,17,17,0.38,0,259,,,0,,,,,29.59,,0,,,,,,,,,,,,,,,,,0.009,,,0,22.2,,52,,0,2
01/07/2026 10:08:17,,81442326017,8144,2,Indoor 03,,,true,false,21,5,4,5,,,5,5,,,15,17,17,17,17,0.40,0,259,,,0,,,,,29.59,,0,,,,,,,,,,,,,,,,,0.000,,,0,22.1,,52,,0,3
01/07/2026 10:23:17,,81442326017,8144,2,Indoor 03,,,true,false,21,5,4,5,,,5,5,,,15,17,17,17,17,0.40,0,262,,,0,,,,,29.59,,0,,,,,,,,,,,,,,,,,0.000,,,0,22.1,,52,,0,2
01/07/2026 10:45:49,,81442326017,8144,2,Indoor 03,,,true,false,17,4,4,4,,,4,4,,,14,16,16,16,16,0.39,0,260,,,0,,,,,29.60,,0,,,,,,,,,,,,,,,,,0.000,,,0,22.1,,51,,0,3
01/07/2026 11:00:49,,81442326017,8144,2,Indoor 03,,,true,false,17,4,4,4,,,4,4,,,15,16,16,16,16,0.39,0,252,,,0,,,,,29.60,,0,,,,,,,,,,,,,,,,,0.000,,,0,22.1,,51,,0,2
01/07/2026 11:23:06,,81442326017,8144,2,Indoor 03,,,true,false,17,4,4,4,,,4,4,,,14,16,16,16,16,0.38,0,255,,,0,,,,,29.61,,0,,,,,,,,,,,,,,,,,0.000,,,0,22.1,,51,,0,3
01/07/2026 11:38:06,,81442326017,8144,2,Indoor 03,,,true,false,17,4,4,4,,,4,4,,,14,16,16,16,16,0.37,0,265,,,0,,,,,29.61,,0,,,,,,,,,,,,,,,,,0.000,,,0,22.1,,51,,0,2
01/07/2026 12:00:24,,81442326017,8144,2,Indoor 03,,,true,false,17,4,4,4,,,4,4,,,14,16,16,16,16,0.39,0,258,,,0,,,,,29.62,,0,,,,,,,,,,,,,,,,,0.000,,,0,22.2,,50,,0,3
01/07/2026 12:15:24,,81442326017,8144,2,Indoor 03,,,true,false,17,4,4,4,,,4,4,,,14,15,15,15,15,0.39,0,264,,,0,,,,,29.62,,0,,,,,,,,,,,,,,,,,0.000,,,0,22.2,,50,,0,2
01/07/2026 12:36:57,,81442326017,8144,2,Indoor 03,,,true,false,17,4,4,4,,,4,4,,,14,15,16,16,16,0.36,0,257,,,0,,,,,29.63,,0,,,,,,,,,,,,,,,,,0.000,,,0,22.2,,50,,0,3
01/07/2026 12:51:57,,81442326017,8144,2,Indoor 03,,,true,false,17,4,4,4,,,4,4,,,14,15,15,15,15,0.38,0,261,,,0,,,,,29.63,,0,,,,,,,,,,,,,,,,,0.000,,,0,22.2,,50,,0,2
01/07/2026 13:14:44,,81442326017,8144,2,Indoor 03,,,true,false,17,4,4,4,,,4,4,,,13,15,15,15,15,0.40,0,264,,,0,,,,,29.64,,0,,,,,,,,,,,,,,,,,0.000,,,0,22.1,,50,,0,3
01/07/2026 13:29:44,,81442326017,8144,2,Indoor 03,,,true,false,17,4,4,4,,,4,4,,,13,15,15,15,15,0.38,0,266,,,0,,,,,29.64,,0,,,,,,,,,,,,,,,,,0.000,,,0,22.1,,48,,0,2
01/07/2026 13:52:33,,81442326017,8144,2,Indoor 03,,,true,false,17,4,4,4,,,4,4,,,13,15,15,15,15,0.37,0,261,,,0,,,,,29.65,,0,,,,,,,,,,,,,,,,,0.000,,,0,22.1,,48,,0,3
01/07/2026 14:07:33,,81442326017,8144,2,Indoor 03,,,true,false,17,4,4,4,,,4,4,,,13,15,15,15,15,0.39,0,267,,,0,,,,,29.65,,0,,,,,,,,,,,,,,,,,0.000,,,0,22.1,,47,,0,2
01/07/2026 14:29:35,,81442326017,8144,2,Indoor 03,,,true,false,17,4,4,4,,,4,4,,,14,16,16,16,16,0.38,0,268,,,0,,,,,29.66,,0,,,,,,,,,,,,,,,,,0.000,,,0,22.2,,47,,0,3
01/07/2026 14:44:35,,81442326017,8144,2,Indoor 03,,,true,false,17,4,4,4,,,4,4,,,15,16,16,16,16,0.39,0,272,,,0,,,,,29.66,,0,,,,,,,,,,,,,,,,,0.000,,,0,22.2,,47,,0,2
01/07/2026 15:07:08,,81442326017,8144,2,Indoor 03,,,true,false,21,5,4,5,,,5,5,,,15,17,17,17,17,0.41,0,268,,,0,,,,,29.66,,0,,,,,,,,,,,,,,,,,0.000,,,0,22.1,,47,,0,3
01/07/2026 15:22:08,,81442326017,8144,2,Indoor 03,,,true,false,17,4,4,4,,,4,4,,,14,16,16,16,16,0.40,0,276,,,0,,,,,29.66,,0,,,,,,,,,,,,,,,,,0.000,,,0,22.2,,47,,0,2
01/07/2026 15:44:56,,81442326017,8144,2,Indoor 03,,,true,false,17,4,4,4,,,4,4,,,14,16,16,16,16,0.36,0,277,,,0,,,,,29.65,,0,,,,,,,,,,,,,,,,,0.000,,,0,22.3,,47,,0,3
01/07/2026 15:59:56,,81442326017,8144,2,Indoor 03,,,true,false,21,5,5,5,,,5,5,,,18,20,20,20,20,0.39,0,291,,,0,,,,,29.63,,0,,,,,,,,,,,,,,,,,0.008,,,0,22.3,,47,,0,2
01/07/2026 16:22:58,,81442326017,8144,2,Indoor 03,,,true,false,17,4,4,4,,,4,4,,,14,16,16,16,16,0.39,0,268,,,0,,,,,29.63,,0,,,,,,,,,,,,,,,,,0.000,,,0,22.3,,48,,0,3
01/07/2026 16:37:58,,81442326017,8144,2,Indoor 03,,,true,false,17,4,4,4,,,4,4,,,13,14,14,14,14,0.39,0,262,,,0,,,,,29.63,,0,,,,,,,,,,,,,,,,,0.000,,,0,22.2,,46,,0,2
01/07/2026 17:00:46,,81442326017,8144,2,Indoor 03,,,true,false,17,4,4,4,,,4,4,,,13,14,14,14,14,0.39,0,260,,,0,,,,,29.62,,0,,,,,,,,,,,,,,,,,0.000,,,0,22.2,,44,,0,3
01/07/2026 17:15:46,,81442326017,8144,2,Indoor 03,,,true,false,17,4,4,4,,,4,4,,,12,14,14,14,14,0.38,0,262,,,0,,,,,29.62,,0,,,,,,,,,,,,,,,,,0.000,,,0,22.1,,44,,0,2
01/07/2026 17:38:19,,81442326017,8144,2,Indoor 03,,,true,false,17,4,3,4,,,4,4,,,12,13,13,13,13,0.37,0,258,,,0,,,,,29.61,,0,,,,,,,,,,,,,,,,,0.000,,,0,22.1,,42,,0,3
01/07/2026 17:53:19,,81442326017,8144,2,Indoor 03,,,true,false,13,3,3,3,,,3,3,,,11,13,13,13,13,0.38,0,256,,,0,,,,,29.61,,0,,,,,,,,,,,,,,,,,0.000,,,0,22.1,,41,,0,2
01/07/2026 18:15:36,,81442326017,8144,2,Indoor 03,,,true,false,17,4,3,4,,,4,4,,,11,13,13,13,13,0.44,0,256,,,0,,,,,29.61,,0,,,,,,,,,,,,,,,,,0.000,,,0,22.1,,41,,0,3
01/07/2026 18:30:36,,81442326017,8144,2,Indoor 03,,,true,false,13,3,3,3,,,3,3,,,10,12,12,12,12,0.39,0,259,,,0,,,,,29.60,,0,,,,,,,,,,,,,,,,,0.000,,,0,22.1,,40,,0,2
01/13/2026 11:04:14,,81442326017,8144,2,Indoor 03,,,true,false,13,3,3,3,,,3,3,,,10,11,12,12,12,0.37,0,252,,,0,,,,,29.93,,0,,,,,,,,,,,,,,,,,0.000,,,0,22.1,,41,,0,3
01/13/2026 11:19:14,,81442326017,8144,2,Indoor 03,,,true,false,13,3,3,3,,,3,3,,,11,12,12,12,12,0.38,0,255,,,0,,,,,29.92,,0,,,,,,,,,,,,,,,,,0.000,,,0,22.1,,41,,0,2
01/13/2026 11:41:46,,81442326017,8144,2,Indoor 03,,,true,false,13,3,3,3,,,3,3,,,10,12,12,12,12,0.39,0,259,,,0,,,,,29.92,,0,,,,,,,,,,,,,,,,,0.000,,,0,22.2,,42,,0,3
01/13/2026 11:56:46,,81442326017,8144,2,Indoor 03,,,true,false,13,3,3,3,,,3,3,,,10,12,12,12,12,0.38,0,261,,,0,,,,,29.92,,0,,,,,,,,,,,,,,,,,0.009,,,0,22.2,,44,,0,2
01/13/2026 12:18:19,,81442326017,8144,2,Indoor 03,,,true,false,13,3,3,3,,,3,3,,,10,12,12,12,12,0.39,0,266,,,0,,,,,29.92,,0,,,,,,,,,,,,,,,,,0.000,,,0,22.2,,44,,0,3
01/13/2026 12:33:19,,81442326017,8144,2,Indoor 03,,,true,false,13,3,3,3,,,3,3,,,10,11,11,11,11,0.38,0,266,,,0,,,,,29.92,,0,,,,,,,,,,,,,,,,,0.000,,,0,22.2,,45,,0,2
01/13/2026 12:56:07,,81442326017,8144,2,Indoor 03,,,true,false,13,3,3,3,,,3,3,,,11,12,12,12,12,0.40,0,266,,,0,,,,,29.92,,0,,,,,,,,,,,,,,,,,0.007,,,0,22.2,,45,,0,3
01/13/2026 13:11:07,,81442326017,8144,2,Indoor 03,,,true,false,13,3,3,3,,,3,3,,,11,13,13,13,13,0.38,0,271,,,0,,,,,29.92,,0,,,,,,,,,,,,,,,,,0.000,,,0,22.2,,45,,0,2
01/13/2026 13:33:54,,81442326017,8144,2,Indoor 03,,,true,false,13,3,3,3,,,3,3,,,11,13,13,13,13,0.39,0,280,,,0,,,,,29.92,,0,,,,,,,,,,,,,,,,,0.006,,,0,22.1,,44,,0,3
01/13/2026 13:48:54,,81442326017,8144,2,Indoor 03,,,true,false,13,3,3,3,,,3,3,,,11,13,13,13,13,0.38,0,285,,,0,,,,,29.92,,0,,,,,,,,,,,,,,,,,0.000,,,0,22.1,,44,,0,2
01/13/2026 14:11:27,,81442326017,8144,2,Indoor 03,,,true,false,17,4,3,4,,,4,4,,,12,13,13,13,13,0.42,0,283,,,0,,,,,29.91,,0,,,,,,,,,,,,,,,,,0.000,,,0,22.1,,43,,0,3
01/13/2026 14:26:27,,81442326017,8144,2,Indoor 03,,,true,false,17,4,3,4,,,4,4,,,11,13,13,13,13,0.39,0,287,,,0,,,,,29.91,,0,,,,,,,,,,,,,,,,,0.000,,,0,22.2,,43,,0,2
01/13/2026 14:49:00,,81442326017,8144,2,Indoor 03,,,true,false,13,3,3,3,,,3,3,,,11,12,12,12,12,0.37,0,279,,,0,,,,,29.90,,0,,,,,,,,,,,,,,,,,0.000,,,0,22.2,,42,,0,3
01/13/2026 15:04:00,,81442326017,8144,2,Indoor 03,,,true,false,13,3,3,3,,,3,3,,,10,11,11,11,11,0.38,0,277,,,0,,,,,29.90,,0,,,,,,,,,,,,,,,,,0.023,,,0,22.3,,42,,0,2
01/13/2026 15:24:17,,81442326017,8144,2,Indoor 03,,,true,false,13,3,3,3,,,3,3,,,9,10,10,10,10,0.38,0,272,,,0,,,,,29.89,,0,,,,,,,,,,,,,,,,,0.000,,,0,22.2,,43,,0,3
01/13/2026 15:39:17,,81442326017,8144,2,Indoor 03,,,true,false,13,3,3,3,,,3,3,,,9,10,10,10,10,0.38,0,271,,,0,,,,,29.89,,0,,,,,,,,,,,,,,,,,0.000,,,0,22.3,,43,,0,2
01/13/2026 16:01:35,,81442326017,8144,2,Indoor 03,,,true,false,13,3,2,3,,,3,3,,,8,9,9,9,9,0.41,0,271,,,0,,,,,29.88,,0,,,,,,,,,,,,,,,,,0.000,,,0,22.3,,43,,0,3
01/13/2026 16:16:35,,81442326017,8144,2,Indoor 03,,,true,false,8,2,2,2,,,2,2,,,8,9,9,9,9,0.40,0,271,,,0,,,,,29.87,,0,,,,,,,,,,,,,,,,,0.000,,,0,22.3,,43,,0,2
01/13/2026 16:39:08,,81442326017,8144,2,Indoor 03,,,true,false,8,2,2,2,,,2,2,,,7,8,8,8,8,0.41,0,265,,,0,,,,,29.85,,0,,,,,,,,,,,,,,,,,0.000,,,0,22.2,,43,,0,3
01/13/2026 16:54:08,,81442326017,8144,2,Indoor 03,,,true,false,8,2,2,2,,,2,2,,,7,8,8,8,8,0.39,0,263,,,0,,,,,29.83,,0,,,,,,,,,,,,,,,,,0.000,,,0,22.2,,42,,0,2
01/13/2026 17:16:55,,81442326017,8144,2,Indoor 03,,,true,false,8,2,2,2,,,2,2,,,6,6,6,6,6,0.35,0,257,,,0,,,,,29.81,,0,,,,,,,,,,,,,,,,,0.000,,,0,22.2,,43,,0,3
01/13/2026 17:31:55,,81442326017,8144,2,Indoor 03,,,true,false,8,2,2,2,,,2,2,,,6,7,7,7,7,0.38,0,259,,,0,,,,,29.80,,0,,,,,,,,,,,,,,,,,0.018,,,0,22.2,,43,,0,2
01/13/2026 17:54:44,,81442326017,8144,2,Indoor 03,,,true,false,8,2,2,2,,,2,2,,,7,8,8,8,8,0.38,0,259,,,0,,,,,29.77,,0,,,,,,,,,,,,,,,,,0.000,,,0,22.2,,43,,0,3
01/13/2026 18:09:44,,81442326017,8144,2,Indoor 03,,,true,false,8,2,2,2,,,2,2,,,8,9,9,9,9,0.38,0,270,,,0,,,,,29.76,,0,,,,,,,,,,,,,,,,,0.000,,,0,22.2,,43,,0,2
01/13/2026 18:32:16,,81442326017,8144,2,Indoor 03,,,true,false,13,3,3,3,,,3,3,,,9,10,10,10,10,0.44,0,264,,,0,,,,,29.77,,0,,,,,,,,,,,,,,,,,0.021,,,0,22.2,,43,,0,3
01/13/2026 18:47:16,,81442326017,8144,2,Indoor 03,,,true,false,13,3,2,3,,,3,3,,,9,10,10,10,10,0.40,0,269,,,0,,,,,29.77,,0,,,,,,,,,,,,,,,,,0.022,,,0,22.2,,42,,0,2
01/13/2026 19:09:48,,81442326017,8144,2,Indoor 03,,,true,false,8,2,2,2,,,2,2,,,7,8,8,8,8,0.37,0,268,,,0,,,,,29.77,,0,,,,,,,,,,,,,,,,,0.000,,,0,22.3,,42,,0,3
01/13/2026 19:24:48,,81442326017,8144,2,Indoor 03,,,true,false,8,2,2,2,,,2,2,,,8,9,9,9,9,0.38,0,262,,,0,,,,,29.76,,0,,,,,,,,,,,,,,,,,0.000,,,0,22.3,,42,,0,2
01/13/2026 19:47:36,,81442326017,8144,2,Indoor 03,,,true,false,13,3,3,3,,,3,3,,,10,11,11,11,11,0.38,0,253,,,0,,,,,29.75,,0,,,,,,,,,,,,,,,,,0.000,,,0,22.2,,42,,0,3
01/13/2026 20:02:36,,81442326017,8144,2,Indoor 03,,,true,false,13,3,3,3,,,3,3,,,11,12,12,12,12,0.38,0,251,,,0,,,,,29.74,,0,,,,,,,,,,,,,,,,,0.000,,,0,22.2,,43,,0,2
01/13/2026 20:25:09,,81442326017,8144,2,Indoor 03,,,true,false,17,4,3,4,,,4,4,,,12,13,13,13,13,0.39,0,254,,,0,,,,,29.73,,0,,,,,,,,,,,,,,,,,0.019,,,0,22.2,,43,,0,3
01/13/2026 20:40:09,,81442326017,8144,2,Indoor 03,,,true,false,17,4,4,4,,,4,4,,,14,16,16,16,16,0.38,0,257,,,0,,,,,29.72,,0,,,,,,,,,,,,,,,,,0.042,,,0,22.2,,44,,0,2
01/13/2026 21:02:41,,81442326017,8144,2,Indoor 03,,,true,false,17,4,4,4,,,4,4,,,12,14,14,14,14,0.38,0,251,,,0,,,,,29.72,,0,,,,,,,,,,,,,,,,,0.000,,,0,22.2,,44,,0,3
01/13/2026 21:17:41,,81442326017,8144,2,Indoor 03,,,true,false,17,4,3,4,,,4,4,,,11,13,13,13,13,0.38,0,257,,,0,,,,,29.72,,0,,,,,,,,,,,,,,,,,0.000,,,0,22.2,,43,,0,2
01/13/2026 21:39:59,,81442326017,8144,2,Indoor 03,,,true,false,13,3,2,3,,,3,3,,,8,9,9,9,9,0.39,0,250,,,0,,,,,29.71,,0,,,,,,,,,,,,,,,,,0.000,,,0,22.2,,43,,0,3
01/13/2026 21:54:59,,81442326017,8144,2,Indoor 03,,,true,false,8,2,2,2,,,2,2,,,6,7,7,7,7,0.37,0,249,,,0,,,,,29.71,,0,,,,,,,,,,,,,,,,,0.000,,,0,22.2,,43,,0,2
01/13/2026 22:17:33,,81442326017,8144,2,Indoor 03,,,true,false,8,2,1,2,,,2,2,,,5,6,6,6,6,0.38,0,252,,,0,,,,,29.70,,0,,,,,,,,,,,,,,,,,0.000,,,0,22.2,,43,,0,3
01/13/2026 22:32:33,,81442326017,8144,2,Indoor 03,,,true,false,4,1,1,1,,,1,1,,,4,5,5,5,5,0.37,0,251,,,0,,,,,29.69,,0,,,,,,,,,,,,,,,,,0.000,,,0,22.2,,43,,0,2
01/13/2026 22:55:04,,81442326017,8144,2,Indoor 03,,,true,false,13,3,3,3,,,3,3,,,9,10,10,10,10,0.39,0,249,,,0,,,,,29.69,,0,,,,,,,,,,,,,,,,,0.000,,,0,22.2,,43,,0,3
01/13/2026 23:10:04,,81442326017,8144,2,Indoor 03,,,true,false,29,6,7,7,,,7,7,,,23,26,26,26,26,0.39,0,249,,,0,,,,,29.68,,0,,,,,,,,,,,,,,,,,0.000,,,0,22.2,,43,,0,2
01/13/2026 23:32:38,,81442326017,8144,2,Indoor 03,,,true,false,50,11,12,12,,,12,12,,,40,45,45,45,45,0.39,0,248,,,0,,,,,29.68,,0,,,,,,,,,,,,,,,,,0.000,,,0,22.2,,43,,0,3
01/13/2026 23:47:38,,81442326017,8144,2,Indoor 03,,,true,false,53,12,12,13,,,13,13,,,43,48,48,48,48,0.38,0,247,,,0,,,,,29.68,,0,,,,,,,,,,,,,,,,,0.000,,,0,22.2,,43,,0,2
01/14/2026 00:10:10,,81442326017,8144,2,Indoor 03,,,true,false,55,13,14,14,,,14,14,,,47,53,53,53,53,0.39,0,243,,,0,,,,,29.68,,0,,,,,,,,,,,,,,,,,0.000,,,0,22.2,,43,,0,3
01/14/2026 00:25:10,,81442326017,8144,2,Indoor 03,,,true,false,57,14,14,15,,,15,15,,,49,55,56,56,56,0.39,0,250,,,0,,,,,29.68,,0,,,,,,,,,,,,,,,,,0.000,,,0,22.2,,42,,0,2
01/14/2026 00:47:42,,81442326017,8144,2,Indoor 03,,,true,false,57,14,14,15,,,15,15,,,48,54,54,54,54,0.37,0,254,,,0,,,,,29.68,,0,,,,,,,,,,,,,,,,,0.000,,,0,22.2,,42,,0,3
01/14/2026 01:02:42,,81442326017,8144,2,Indoor 03,,,true,false,55,13,13,14,,,14,14,,,46,52,52,52,52,0.38,0,258,,,0,,,,,29.68,,0,,,,,,,,,,,,,,,,,0.000,,,0,22.2,,42,,0,2
01/14/2026 01:25:45,,81442326017,8144,2,Indoor 03,,,true,false,50,11,11,12,,,12,12,,,38,43,43,43,43,0.39,0,246,,,0,,,,,29.67,,0,,,,,,,,,,,,,,,,,0.000,,,0,22.2,,42,,0,3
01/14/2026 01:40:45,,81442326017,8144,2,Indoor 03,,,true,false,42,9,9,10,,,10,10,,,31,35,35,35,35,0.38,0,251,,,0,,,,,29.67,,0,,,,,,,,,,,,,,,,,0.000,,,0,22.2,,42,,0,2
01/14/2026 02:03:03,,81442326017,8144,2,Indoor 03,,,true,false,33,7,8,8,,,8,8,,,26,30,30,30,30,0.39,0,249,,,0,,,,,29.67,,0,,,,,,,,,,,,,,,,,0.000,,,0,22.2,,43,,0,3
01/14/2026 02:18:03,,81442326017,8144,2,Indoor 03,,,true,false,29,6,7,7,,,7,7,,,24,27,27,27,27,0.39,0,246,,,0,,,,,29.67,,0,,,,,,,,,,,,,,,,,0.000,,,0,22.2,,43,,0,2
01/14/2026 02:40:50,,81442326017,8144,2,Indoor 03,,,true,false,29,6,6,7,,,7,7,,,22,24,24,24,24,0.38,0,243,,,0,,,,,29.66,,0,,,,,,,,,,,,,,,,,0.000,,,0,22.2,,44,,0,3
01/14/2026 02:55:50,,81442326017,8144,2,Indoor 03,,,true,false,25,6,5,6,,,6,6,,,18,21,21,21,21,0.39,0,247,,,0,,,,,29.66,,0,,,,,,,,,,,,,,,,,0.000,,,0,22.2,,44,,0,2
01/14/2026 03:18:24,,81442326017,8144,2,Indoor 03,,,true,false,21,5,5,5,,,5,5,,,16,18,18,18,18,0.38,0,245,,,0,,,,,29.66,,0,,,,,,,,,,,,,,,,,0.000,,,0,22.3,,43,,0,3
01/14/2026 03:33:24,,81442326017,8144,2,Indoor 03,,,true,false,21,5,4,5,,,5,5,,,16,17,17,17,17,0.38,0,249,,,0,,,,,29.65,,0,,,,,,,,,,,,,,,,,0.000,,,0,22.3,,43,,0,2
01/14/2026 03:55:56,,81442326017,8144,2,Indoor 03,,,true,false,17,4,4,4,,,4,4,,,14,16,16,16,16,0.42,0,240,,,0,,,,,29.64,,0,,,,,,,,,,,,,,,,,0.000,,,0,22.3,,43,,0,3
01/14/2026 04:10:56,,81442326017,8144,2,Indoor 03,,,true,false,17,4,4,4,,,4,4,,,14,16,16,16,16,0.38,0,246,,,0,,,,,29.64,,0,,,,,,,,,,,,,,,,,0.000,,,0,22.3,,43,,0,2
01/14/2026 04:33:44,,81442326017,8144,2,Indoor 03,,,true,false,17,4,4,4,,,4,4,,,14,16,16,16,16,0.38,0,242,,,0,,,,,29.63,,0,,,,,,,,,,,,,,,,,0.000,,,0,22.2,,43,,0,3
01/14/2026 04:48:44,,81442326017,8144,2,Indoor 03,,,true,false,17,4,4,4,,,4,4,,,13,15,15,15,15,0.39,0,247,,,0,,,,,29.62,,0,,,,,,,,,,,,,,,,,0.000,,,0,22.2,,43,,0,2
01/14/2026 05:11:01,,81442326017,8144,2,Indoor 03,,,true,false,17,4,4,4,,,4,4,,,13,15,15,15,15,0.39,0,250,,,0,,,,,29.61,,0,,,,,,,,,,,,,,,,,0.000,,,0,22.2,,42,,0,3
01/14/2026 05:26:01,,81442326017,8144,2,Indoor 03,,,true,false,17,4,4,4,,,4,4,,,14,15,15,15,15,0.39,0,248,,,0,,,,,29.61,,0,,,,,,,,,,,,,,,,,0.000,,,0,22.2,,41,,0,2
01/14/2026 05:48:34,,81442326017,8144,2,Indoor 03,,,true,false,17,4,4,4,,,4,4,,,13,15,15,15,15,0.39,0,248,,,0,,,,,29.60,,0,,,,,,,,,,,,,,,,,0.000,,,0,22.2,,42,,0,3
01/14/2026 06:03:34,,81442326017,8144,2,Indoor 03,,,true,false,17,4,4,4,,,4,4,,,13,15,15,15,15,0.40,0,252,,,0,,,,,29.59,,0,,,,,,,,,,,,,,,,,0.000,,,0,22.2,,42,,0,2
01/14/2026 06:26:21,,81442326017,8144,2,Indoor 03,,,true,false,17,4,4,4,,,4,4,,,13,15,15,15,15,0.37,0,244,,,0,,,,,29.59,,0,,,,,,,,,,,,,,,,,0.000,,,0,22.2,,42,,0,3
01/14/2026 06:41:21,,81442326017,8144,2,Indoor 03,,,true,false,17,4,4,4,,,4,4,,,13,15,15,15,15,0.39,0,247,,,0,,,,,29.58,,0,,,,,,,,,,,,,,,,,0.000,,,0,22.1,,42,,0,2
01/14/2026 07:04:09,,81442326017,8144,2,Indoor 03,,,true,false,17,4,4,4,,,4,4,,,13,15,15,15,15,0.40,0,245,,,0,,,,,29.58,,0,,,,,,,,,,,,,,,,,0.000,,,0,22.0,,42,,0,3
01/14/2026 07:19:09,,81442326017,8144,2,Indoor 03,,,true,false,17,4,4,4,,,4,4,,,13,15,15,15,15,0.38,0,251,,,0,,,,,29.58,,0,,,,,,,,,,,,,,,,,0.000,,,0,22.0,,42,,0,2
01/14/2026 07:41:57,,81442326017,8144,2,Indoor 03,,,true,false,17,4,4,4,,,4,4,,,14,16,16,16,16,0.38,0,249,,,0,,,,,29.57,,0,,,,,,,,,,,,,,,,,0.000,,,0,22.1,,41,,0,3
01/14/2026 07:56:57,,81442326017,8144,2,Indoor 03,,,true,false,17,4,4,4,,,4,4,,,15,16,16,16,16,0.38,0,252,,,0,,,,,29.57,,0,,,,,,,,,,,,,,,,,0.000,,,0,22.1,,41,,0,2
01/14/2026 08:19:00,,81442326017,8144,2,Indoor 03,,,true,false,17,4,4,4,,,4,4,,,14,16,16,16,16,0.40,0,252,,,0,,,,,29.56,,0,,,,,,,,,,,,,,,,,0.000,,,0,22.0,,42,,0,3
01/14/2026 08:34:00,,81442326017,8144,2,Indoor 03,,,true,false,21,5,4,5,,,5,5,,,15,17,17,17,17,0.38,0,250,,,0,,,,,29.56,,0,,,,,,,,,,,,,,,,,0.000,,,0,22.0,,42,,0,2
01/14/2026 08:56:47,,81442326017,8144,2,Indoor 03,,,true,false,21,5,4,5,,,5,5,,,16,17,18,18,18,0.38,0,256,,,0,,,,,29.55,,0,,,,,,,,,,,,,,,,,0.000,,,0,22.0,,42,,0,3
01/14/2026 09:11:47,,81442326017,8144,2,Indoor 03,,,true,false,21,5,5,5,,,5,5,,,16,18,18,18,18,0.38,0,258,,,0,,,,,29.55,,0,,,,,,,,,,,,,,,,,0.000,,,0,22.0,,42,,0,2
01/14/2026 09:34:20,,81442326017,8144,2,Indoor 03,,,true,false,21,5,5,5,,,5,5,,,16,18,18,18,18,0.39,0,250,,,0,,,,,29.54,,0,,,,,,,,,,,,,,,,,0.000,,,0,22.0,,42,,0,3
01/14/2026 09:49:20,,81442326017,8144,2,Indoor 03,,,true,false,21,5,5,5,,,5,5,,,17,19,20,20,20,0.38,0,252,,,0,,,,,29.54,,0,,,,,,,,,,,,,,,,,0.000,,,0,22.0,,41,,0,2
01/14/2026 10:12:08,,81442326017,8144,2,Indoor 03,,,true,false,21,5,5,5,,,5,5,,,18,20,20,20,20,0.39,0,253,,,0,,,,,29.53,,0,,,,,,,,,,,,,,,,,0.000,,,0,22.0,,41,,0,3
01/14/2026 10:27:08,,81442326017,8144,2,Indoor 03,,,true,false,21,5,5,5,,,5,5,,,17,19,19,19,19,0.39,0,250,,,0,,,,,29.53,,0,,,,,,,,,,,,,,,,,0.000,,,0,22.0,,42,,0,2
01/14/2026 10:48:25,,81442326017,8144,2,Indoor 03,,,true,false,21,5,5,5,,,5,5,,,17,19,19,19,19,0.41,0,252,,,0,,,,,29.53,,0,,,,,,,,,,,,,,,,,0.000,,,0,22.0,,42,,0,3
01/14/2026 11:03:25,,81442326017,8144,2,Indoor 03,,,true,false,21,5,5,5,,,5,5,,,17,19,19,19,19,0.37,0,255,,,0,,,,,29.52,,0,,,,,,,,,,,,,,,,,0.000,,,0,22.0,,42,,0,2
01/14/2026 11:25:28,,81442326017,8144,2,Indoor 03,,,true,false,21,5,5,5,,,5,5,,,17,19,19,19,19,0.39,0,254,,,0,,,,,29.52,,0,,,,,,,,,,,,,,,,,0.000,,,0,22.0,,43,,0,3
01/14/2026 11:40:28,,81442326017,8144,2,Indoor 03,,,true,false,21,5,5,5,,,5,5,,,17,20,20,20,20,0.38,0,258,,,0,,,,,29.52,,0,,,,,,,,,,,,,,,,,0.000,,,0,22.0,,43,,0,2
01/14/2026 12:03:01,,81442326017,8144,2,Indoor 03,,,true,false,21,5,5,5,,,5,5,,,17,19,19,19,19,0.41,0,248,,,0,,,,,29.52,,0,,,,,,,,,,,,,,,,,0.000,,,0,22.0,,44,,0,3
01/14/2026 12:18:01,,81442326017,8144,2,Indoor 03,,,true,false,21,5,5,5,,,5,5,,,17,19,19,19,19,0.38,0,252,,,0,,,,,29.52,,0,,,,,,,,,,,,,,,,,0.000,,,0,22.0,,45,,0,2
01/14/2026 12:40:33,,81442326017,8144,2,Indoor 03,,,true,false,21,5,5,5,,,5,5,,,17,19,19,19,19,0.38,0,260,,,0,,,,,29.52,,0,,,,,,,,,,,,,,,,,0.000,,,0,22.1,,45,,0,3
01/14/2026 12:55:33,,81442326017,8144,2,Indoor 03,,,true,false,21,5,5,5,,,5,5,,,17,19,19,19,19,0.39,0,258,,,0,,,,,29.51,,0,,,,,,,,,,,,,,,,,0.001,,,0,22.1,,45,,0,2
01/14/2026 13:18:21,,81442326017,8144,2,Indoor 03,,,true,false,21,5,5,5,,,5,5,,,17,19,19,19,19,0.37,0,260,,,0,,,,,29.51,,0,,,,,,,,,,,,,,,,,0.000,,,0,22.1,,45,,0,3
01/14/2026 13:33:21,,81442326017,8144,2,Indoor 03,,,true,false,21,5,5,5,,,5,5,,,17,19,19,19,19,0.37,0,267,,,0,,,,,29.50,,0,,,,,,,,,,,,,,,,,0.011,,,0,22.1,,44,,0,2
01/14/2026 13:55:39,,81442326017,8144,2,Indoor 03,,,true,false,25,6,6,6,,,6,6,,,20,23,23,23,23,0.39,0,262,,,0,,,,,29.49,,0,,,,,,,,,,,,,,,,,0.000,,,0,22.1,,44,,0,3
01/14/2026 14:10:39,,81442326017,8144,2,Indoor 03,,,true,false,25,6,5,6,,,6,6,,,19,21,21,21,21,0.39,0,261,,,0,,,,,29.49,,0,,,,,,,,,,,,,,,,,0.000,,,0,22.0,,44,,0,2
01/14/2026 14:32:57,,81442326017,8144,2,Indoor 03,,,true,false,21,5,5,5,,,5,5,,,17,19,19,19,19,0.39,0,262,,,0,,,,,29.49,,0,,,,,,,,,,,,,,,,,0.000,,,0,22.1,,44,,0,3
01/14/2026 14:47:57,,81442326017,8144,2,Indoor 03,,,true,false,21,5,5,5,,,5,5,,,18,20,20,20,20,0.38,0,266,,,0,,,,,29.50,,0,,,,,,,,,,,,,,,,,0.000,,,0,22.0,,44,,0,2
01/14/2026 15:10:44,,81442326017,8144,2,Indoor 03,,,true,false,21,5,5,5,,,5,5,,,17,20,20,20,20,0.39,0,256,,,0,,,,,29.49,,0,,,,,,,,,,,,,,,,,0.000,,,0,21.9,,44,,0,3
01/14/2026 15:25:44,,81442326017,8144,2,Indoor 03,,,true,false,25,6,5,6,,,6,6,,,18,20,21,21,21,0.39,0,269,,,0,,,,,29.49,,0,,,,,,,,,,,,,,,,,0.000,,,0,21.9,,44,,0,2
01/14/2026 15:48:17,,81442326017,8144,2,Indoor 03,,,true,false,21,5,5,5,,,5,5,,,17,19,19,19,19,0.41,0,257,,,0,,,,,29.49,,0,,,,,,,,,,,,,,,,,0.000,,,0,21.9,,44,,0,3
01/14/2026 16:03:17,,81442326017,8144,2,Indoor 03,,,true,false,25,6,5,6,,,6,6,,,18,21,21,21,21,0.38,0,263,,,0,,,,,29.48,,0,,,,,,,,,,,,,,,,,0.000,,,0,22.0,,44,,0,2
01/14/2026 16:25:34,,81442326017,8144,2,Indoor 03,,,true,false,21,5,5,5,,,5,5,,,17,19,19,19,19,0.38,0,259,,,0,,,,,29.46,,0,,,,,,,,,,,,,,,,,0.000,,,0,22.0,,44,,0,3
01/14/2026 16:40:34,,81442326017,8144,2,Indoor 03,,,true,false,21,5,5,5,,,5,5,,,17,19,19,19,19,0.39,0,258,,,0,,,,,29.45,,0,,,,,,,,,,,,,,,,,0.000,,,0,21.9,,44,,0,2
01/14/2026 17:03:37,,81442326017,8144,2,Indoor 03,,,true,false,21,5,5,5,,,5,5,,,18,20,20,20,20,0.40,0,258,,,0,,,,,29.44,,0,,,,,,,,,,,,,,,,,0.000,,,0,21.9,,44,,0,3
01/14/2026 17:18:37,,81442326017,8144,2,Indoor 03,,,true,false,25,6,5,6,,,6,6,,,19,21,21,21,21,0.38,0,256,,,0,,,,,29.44,,0,,,,,,,,,,,,,,,,,0.003,,,0,21.9,,45,,0,2
01/14/2026 17:41:25,,81442326017,8144,2,Indoor 03,,,true,false,25,6,5,6,,,6,6,,,18,20,20,20,20,0.39,0,252,,,0,,,,,29.44,,0,,,,,,,,,,,,,,,,,0.000,,,0,22.0,,45,,0,3
01/14/2026 17:56:25,,81442326017,8144,2,Indoor 03,,,true,false,21,5,5,5,,,5,5,,,18,20,20,20,20,0.38,0,259,,,0,,,,,29.43,,0,,,,,,,,,,,,,,,,,0.017,,,0,22.0,,45,,0,2
01/14/2026 18:18:42,,81442326017,8144,2,Indoor 03,,,true,false,21,5,5,5,,,5,5,,,16,18,18,18,18,0.38,0,261,,,0,,,,,29.41,,0,,,,,,,,,,,,,,,,,0.000,,,0,22.0,,44,,0,3
01/14/2026 18:33:42,,81442326017,8144,2,Indoor 03,,,true,false,21,5,4,5,,,5,5,,,15,17,17,17,17,0.38,0,260,,,0,,,,,29.40,,0,,,,,,,,,,,,,,,,,0.000,,,0,22.0,,45,,0,2
01/14/2026 18:56:15,,81442326017,8144,2,Indoor 03,,,true,false,17,4,4,4,,,4,4,,,15,16,16,16,16,0.41,0,251,,,0,,,,,29.38,,0,,,,,,,,,,,,,,,,,0.000,,,0,21.9,,44,,0,3
01/14/2026 19:11:15,,81442326017,8144,2,Indoor 03,,,true,false,17,4,4,4,,,4,4,,,14,16,16,16,16,0.39,0,255,,,0,,,,,29.37,,0,,,,,,,,,,,,,,,,,0.000,,,0,21.9,,43,,0,2
01/14/2026 19:33:33,,81442326017,8144,2,Indoor 03,,,true,false,13,3,3,3,,,3,3,,,11,12,12,12,12,0.39,0,254,,,0,,,,,29.34,,0,,,,,,,,,,,,,,,,,0.004,,,0,21.9,,43,,0,3
01/14/2026 19:48:33,,81442326017,8144,2,Indoor 03,,,true,false,13,3,3,3,,,3,3,,,10,11,11,11,11,0.39,0,256,,,0,,,,,29.33,,0,,,,,,,,,,,,,,,,,0.026,,,0,22.0,,44,,0,2
01/14/2026 20:11:05,,81442326017,8144,2,Indoor 03,,,true,false,8,2,2,2,,,2,2,,,8,9,9,9,9,0.43,0,248,,,0,,,,,29.32,,0,,,,,,,,,,,,,,,,,0.000,,,0,22.0,,44,,0,3
01/14/2026 20:26:05,,81442326017,8144,2,Indoor 03,,,true,false,8,2,2,2,,,2,2,,,7,8,8,8,8,0.39,0,241,,,0,,,,,29.31,,0,,,,,,,,,,,,,,,,,0.000,,,0,21.9,,43,,0,2
01/14/2026 20:48:53,,81442326017,8144,2,Indoor 03,,,true,false,8,2,2,2,,,2,2,,,6,7,7,7,7,0.37,0,241,,,0,,,,,29.29,,0,,,,,,,,,,,,,,,,,0.000,,,0,21.8,,43,,0,3
01/14/2026 21:03:53,,81442326017,8144,2,Indoor 03,,,true,false,4,1,1,1,,,1,1,,,5,5,5,5,5,0.39,0,242,,,0,,,,,29.29,,0,,,,,,,,,,,,,,,,,0.001,,,0,21.9,,44,,0,2
01/14/2026 21:26:26,,81442326017,8144,2,Indoor 03,,,true,false,4,1,1,1,,,1,1,,,4,5,5,5,5,0.43,0,239,,,0,,,,,29.29,,0,,,,,,,,,,,,,,,,,0.000,,,0,21.9,,44,,0,3
01/14/2026 21:41:26,,81442326017,8144,2,Indoor 03,,,true,false,4,1,1,1,,,1,1,,,4,4,4,4,4,0.39,0,239,,,0,,,,,29.30,,0,,,,,,,,,,,,,,,,,0.000,,,0,21.9,,43,,0,2
01/14/2026 22:04:13,,81442326017,8144,2,Indoor 03,,,true,false,4,1,1,1,,,1,1,,,5,5,5,5,5,0.38,0,238,,,0,,,,,29.29,,0,,,,,,,,,,,,,,,,,0.000,,,0,21.8,,43,,0,3
01/14/2026 22:19:13,,81442326017,8144,2,Indoor 03,,,true,false,4,1,1,1,,,1,1,,,5,5,5,5,5,0.39,0,242,,,0,,,,,29.29,,0,,,,,,,,,,,,,,,,,0.000,,,0,21.9,,43,,0,2
01/14/2026 22:42:01,,81442326017,8144,2,Indoor 03,,,true,false,4,1,1,1,,,1,1,,,5,5,5,5,5,0.37,0,241,,,0,,,,,29.29,,0,,,,,,,,,,,,,,,,,0.000,,,0,21.9,,43,,0,3
01/14/2026 22:57:01,,81442326017,8144,2,Indoor 03,,,true,false,4,1,1,1,,,1,1,,,5,5,5,5,5,0.37,0,244,,,0,,,,,29.29,,0,,,,,,,,,,,,,,,,,0.000,,,0,21.8,,43,,0,2
01/14/2026 23:19:49,,81442326017,8144,2,Indoor 03,,,true,false,8,2,1,2,,,2,2,,,5,6,6,6,6,0.37,0,236,,,0,,,,,29.30,,0,,,,,,,,,,,,,,,,,0.000,,,0,21.8,,43,,0,3
01/14/2026 23:34:49,,81442326017,8144,2,Indoor 03,,,true,false,8,2,1,2,,,2,2,,,5,6,6,6,6,0.38,0,246,,,0,,,,,29.29,,0,,,,,,,,,,,,,,,,,0.000,,,0,21.8,,43,,0,2
01/14/2026 23:56:51,,81442326017,8144,2,Indoor 03,,,true,false,4,1,1,1,,,1,1,,,4,5,5,5,5,0.36,0,240,,,0,,,,,29.30,,0,,,,,,,,,,,,,,,,,0.000,,,0,21.8,,43,,0,3
01/15/2026 00:11:51,,81442326017,8144,2,Indoor 03,,,true,false,8,2,2,2,,,2,2,,,5,6,6,6,6,0.39,0,245,,,0,,,,,29.30,,0,,,,,,,,,,,,,,,,,0.014,,,0,21.9,,45,,0,2
01/15/2026 00:33:39,,81442326017,8144,2,Indoor 03,,,true,false,8,2,1,2,,,2,2,,,5,6,6,6,6,0.44,0,240,,,0,,,,,29.30,,0,,,,,,,,,,,,,,,,,0.000,,,0,21.9,,46,,0,3
01/15/2026 00:48:39,,81442326017,8144,2,Indoor 03,,,true,false,4,1,1,1,,,1,1,,,4,5,5,5,5,0.41,0,238,,,0,,,,,29.30,,0,,,,,,,,,,,,,,,,,0.000,,,0,22.0,,44,,0,2
01/15/2026 01:11:27,,81442326017,8144,2,Indoor 03,,,true,false,4,1,1,1,,,1,1,,,3,4,4,4,4,0.43,0,238,,,0,,,,,29.30,,0,,,,,,,,,,,,,,,,,0.000,,,0,21.9,,43,,0,3
01/15/2026 01:26:27,,81442326017,8144,2,Indoor 03,,,true,false,4,1,1,1,,,1,1,,,4,4,4,4,4,0.41,0,240,,,0,,,,,29.29,,0,,,,,,,,,,,,,,,,,0.001,,,0,21.9,,44,,0,2
01/15/2026 01:48:59,,81442326017,8144,2,Indoor 03,,,true,false,4,1,1,1,,,1,1,,,3,4,4,4,4,0.43,0,237,,,0,,,,,29.29,,0,,,,,,,,,,,,,,,,,0.000,,,0,22.0,,44,,0,3
01/15/2026 02:03:59,,81442326017,8144,2,Indoor 03,,,true,false,4,1,1,1,,,1,1,,,4,4,4,4,4,0.41,0,233,,,0,,,,,29.29,,0,,,,,,,,,,,,,,,,,0.000,,,0,21.9,,44,,0,2
01/15/2026 02:26:47,,81442326017,8144,2,Indoor 03,,,true,false,4,1,1,1,,,1,1,,,3,4,4,4,4,0.40,0,236,,,0,,,,,29.28,,0,,,,,,,,,,,,,,,,,0.000,,,0,21.9,,43,,0,3
01/15/2026 02:41:47,,81442326017,8144,2,Indoor 03,,,true,false,4,1,1,1,,,1,1,,,3,3,3,3,3,0.38,0,241,,,0,,,,,29.29,,0,,,,,,,,,,,,,,,,,0.000,,,0,21.9,,43,,0,2
01/15/2026 03:04:05,,81442326017,8144,2,Indoor 03,,,true,false,4,1,1,1,,,1,1,,,3,3,3,3,3,0.37,0,239,,,0,,,,,29.29,,0,,,,,,,,,,,,,,,,,0.000,,,0,21.9,,44,,0,3
01/15/2026 03:19:05,,81442326017,8144,2,Indoor 03,,,true,false,4,1,1,1,,,1,1,,,3,3,3,3,3,0.37,0,245,,,0,,,,,29.28,,0,,,,,,,,,,,,,,,,,0.001,,,0,21.9,,45,,0,2
01/15/2026 03:41:52,,81442326017,8144,2,Indoor 03,,,true,false,4,1,1,1,,,1,1,,,4,4,4,4,4,0.47,0,242,,,0,,,,,29.28,,0,,,,,,,,,,,,,,,,,0.000,,,0,21.8,,45,,0,3
01/15/2026 03:56:52,,81442326017,8144,2,Indoor 03,,,true,false,4,1,1,1,,,1,1,,,4,5,5,5,5,0.41,0,244,,,0,,,,,29.28,,0,,,,,,,,,,,,,,,,,0.000,,,0,21.8,,44,,0,2
01/15/2026 04:19:25,,81442326017,8144,2,Indoor 03,,,true,false,8,2,1,2,,,2,2,,,5,6,6,6,6,0.36,0,237,,,0,,,,,29.27,,0,,,,,,,,,,,,,,,,,0.000,,,0,21.9,,44,,0,3
01/15/2026 04:34:25,,81442326017,8144,2,Indoor 03,,,true,false,8,2,2,2,,,2,2,,,5,6,6,6,6,0.37,0,236,,,0,,,,,29.26,,0,,,,,,,,,,,,,,,,,0.000,,,0,21.9,,43,,0,2
01/15/2026 04:55:28,,81442326017,8144,2,Indoor 03,,,true,false,8,2,2,2,,,2,2,,,5,6,6,6,6,0.38,0,239,,,0,,,,,29.26,,0,,,,,,,,,,,,,,,,,0.000,,,0,22.0,,43,,0,3
01/15/2026 05:10:28,,81442326017,8144,2,Indoor 03,,,true,false,8,2,2,2,,,2,2,,,6,6,6,6,6,0.40,0,242,,,0,,,,,29.26,,0,,,,,,,,,,,,,,,,,0.000,,,0,21.9,,42,,0,2
01/15/2026 05:33:01,,81442326017,8144,2,Indoor 03,,,true,false,8,2,2,2,,,2,2,,,6,6,6,6,6,0.36,0,241,,,0,,,,,29.27,,0,,,,,,,,,,,,,,,,,0.000,,,0,22.0,,43,,0,3
01/15/2026 05:48:01,,81442326017,8144,2,Indoor 03,,,true,false,8,2,2,2,,,2,2,,,5,6,6,6,6,0.38,0,246,,,0,,,,,29.27,,0,,,,,,,,,,,,,,,,,0.000,,,0,22.0,,43,,0,2
01/15/2026 06:10:33,,81442326017,8144,2,Indoor 03,,,true,false,4,1,1,1,,,1,1,,,5,5,5,5,5,0.35,0,240,,,0,,,,,29.27,,0,,,,,,,,,,,,,,,,,0.000,,,0,22.0,,43,,0,3
01/15/2026 06:25:33,,81442326017,8144,2,Indoor 03,,,true,false,4,1,1,1,,,1,1,,,4,4,4,4,4,0.36,0,242,,,0,,,,,29.27,,0,,,,,,,,,,,,,,,,,0.000,,,0,22.0,,43,,0,2
01/15/2026 06:47:51,,81442326017,8144,2,Indoor 03,,,true,false,4,1,1,1,,,1,1,,,4,4,4,4,4,0.39,0,239,,,0,,,,,29.28,,0,,,,,,,,,,,,,,,,,0.000,,,0,22.0,,42,,0,3
01/15/2026 07:02:51,,81442326017,8144,2,Indoor 03,,,true,false,4,1,1,1,,,1,1,,,3,4,4,4,4,0.40,0,241,,,0,,,,,29.28,,0,,,,,,,,,,,,,,,,,0.000,,,0,21.9,,41,,0,2
01/15/2026 07:25:24,,81442326017,8144,2,Indoor 03,,,true,false,4,1,1,1,,,1,1,,,3,3,3,3,3,0.41,0,240,,,0,,,,,29.30,,0,,,,,,,,,,,,,,,,,0.000,,,0,21.9,,41,,0,3
01/15/2026 07:40:24,,81442326017,8144,2,Indoor 03,,,true,false,4,1,1,1,,,1,1,,,2,3,3,3,3,0.40,0,244,,,0,,,,,29.30,,0,,,,,,,,,,,,,,,,,0.000,,,0,22.0,,41,,0,2
01/15/2026 08:02:41,,81442326017,8144,2,Indoor 03,,,true,false,0,0,0,0,,,0,0,,,1,1,1,1,1,0.40,0,245,,,0,,,,,29.31,,0,,,,,,,,,,,,,,,,,0.000,,,0,22.0,,41,,0,3
01/15/2026 08:17:41,,81442326017,8144,2,Indoor 03,,,true,false,0,0,0,0,,,0,0,,,1,1,1,1,1,0.37,0,247,,,0,,,,,29.32,,0,,,,,,,,,,,,,,,,,0.000,,,0,21.9,,42,,0,2
01/15/2026 08:40:14,,81442326017,8144,2,Indoor 03,,,true,false,0,0,0,0,,,0,0,,,1,1,1,1,1,0.38,0,236,,,0,,,,,29.33,,0,,,,,,,,,,,,,,,,,0.000,,,0,21.9,,42,,0,3
01/15/2026 08:55:14,,81442326017,8144,2,Indoor 03,,,true,false,0,0,0,0,,,0,0,,,1,1,1,1,1,0.39,0,236,,,0,,,,,29.33,,0,,,,,,,,,,,,,,,,,0.000,,,0,21.9,,42,,0,2
01/15/2026 09:17:17,,81442326017,8144,2,Indoor 03,,,true,false,0,0,0,0,,,0,0,,,1,1,1,1,1,0.39,0,239,,,0,,,,,29.33,,0,,,,,,,,,,,,,,,,,0.000,,,0,21.9,,42,,0,3
01/15/2026 09:32:17,,81442326017,8144,2,Indoor 03,,,true,false,0,0,0,0,,,0,0,,,1,1,1,1,1,0.37,0,233,,,0,,,,,29.33,,0,,,,,,,,,,,,,,,,,0.000,,,0,21.9,,42,,0,2
01/15/2026 09:55:04,,81442326017,8144,2,Indoor 03,,,true,false,0,0,0,0,,,0,0,,,1,1,1,1,1,0.48,0,241,,,0,,,,,29.35,,0,,,,,,,,,,,,,,,,,0.000,,,0,21.9,,41,,0,3
01/15/2026 10:10:04,,81442326017,8144,2,Indoor 03,,,true,false,0,0,0,0,,,0,0,,,1,1,1,1,1,0.37,0,245,,,0,,,,,29.36,,0,,,,,,,,,,,,,,,,,0.000,,,0,21.9,,41,,0,2
01/15/2026 10:32:52,,81442326017,8144,2,Indoor 03,,,true,false,0,0,0,0,,,0,0,,,1,1,1,1,1,0.42,0,246,,,0,,,,,29.37,,0,,,,,,,,,,,,,,,,,0.000,,,0,21.9,,41,,0,3
01/15/2026 10:47:52,,81442326017,8144,2,Indoor 03,,,true,false,0,0,0,0,,,0,0,,,1,1,1,1,1,0.34,0,243,,,0,,,,,29.38,,0,,,,,,,,,,,,,,,,,0.000,,,0,21.9,,41,,0,2
01/15/2026 11:09:55,,81442326017,8144,2,Indoor 03,,,true,false,0,0,0,0,,,0,0,,,1,1,1,1,1,0.40,0,241,,,0,,,,,29.39,,0,,,,,,,,,,,,,,,,,0.000,,,0,21.9,,41,,0,3
01/15/2026 11:24:55,,81442326017,8144,2,Indoor 03,,,true,false,0,0,0,0,,,0,0,,,1,1,1,1,1,0.38,0,241,,,0,,,,,29.40,,0,,,,,,,,,,,,,,,,,0.000,,,0,21.9,,42,,0,2
01/15/2026 11:47:57,,81442326017,8144,2,Indoor 03,,,true,false,0,0,0,0,,,0,0,,,1,1,1,1,1,0.55,0,241,,,0,,,,,29.41,,0,,,,,,,,,,,,,,,,,0.000,,,0,22.0,,43,,0,3
01/15/2026 12:02:57,,81442326017,8144,2,Indoor 03,,,true,false,0,0,0,0,,,0,0,,,1,1,1,1,1,0.45,0,243,,,0,,,,,29.41,,0,,,,,,,,,,,,,,,,,0.000,,,0,22.0,,43,,0,2
01/15/2026 12:25:45,,81442326017,8144,2,Indoor 03,,,true,false,0,0,0,0,,,0,0,,,1,1,1,1,1,0.40,0,241,,,0,,,,,29.43,,0,,,,,,,,,,,,,,,,,0.000,,,0,22.0,,43,,0,3
01/15/2026 12:40:45,,81442326017,8144,2,Indoor 03,,,true,false,0,0,0,0,,,0,0,,,1,1,1,1,1,0.38,0,246,,,0,,,,,29.43,,0,,,,,,,,,,,,,,,,,0.000,,,0,22.0,,43,,0,2
01/15/2026 13:03:18,,81442326017,8144,2,Indoor 03,,,true,false,0,0,0,0,,,0,0,,,1,1,1,1,1,0.36,0,246,,,0,,,,,29.45,,0,,,,,,,,,,,,,,,,,0.000,,,0,22.0,,42,,0,3
01/15/2026 13:18:18,,81442326017,8144,2,Indoor 03,,,true,false,0,0,0,0,,,0,0,,,1,1,1,1,1,0.35,0,250,,,0,,,,,29.46,,0,,,,,,,,,,,,,,,,,0.000,,,0,22.0,,42,,0,2
01/15/2026 13:40:50,,81442326017,8144,2,Indoor 03,,,true,false,0,0,0,0,,,0,0,,,1,1,1,1,1,0.40,0,246,,,0,,,,,29.47,,0,,,,,,,,,,,,,,,,,0.000,,,0,22.0,,42,,0,3
01/15/2026 13:55:50,,81442326017,8144,2,Indoor 03,,,true,false,0,0,0,0,,,0,0,,,1,1,1,1,1,0.39,0,251,,,0,,,,,29.48,,0,,,,,,,,,,,,,,,,,0.000,,,0,22.0,,42,,0,2
01/15/2026 14:18:23,,81442326017,8144,2,Indoor 03,,,true,false,0,0,0,0,,,0,0,,,1,1,1,1,1,0.65,0,246,,,0,,,,,29.49,,0,,,,,,,,,,,,,,,,,0.000,,,0,22.0,,42,,0,3
01/15/2026 14:33:23,,81442326017,8144,2,Indoor 03,,,true,false,0,0,0,0,,,0,0,,,1,1,1,1,1,0.47,0,244,,,0,,,,,29.49,,0,,,,,,,,,,,,,,,,,0.000,,,0,22.0,,42,,0,2
01/15/2026 14:56:11,,81442326017,8144,2,Indoor 03,,,true,false,0,0,0,0,,,0,0,,,1,1,1,1,1,0.34,0,246,,,0,,,,,29.49,,0,,,,,,,,,,,,,,,,,0.000,,,0,22.0,,42,,0,3
01/15/2026 15:11:11,,81442326017,8144,2,Indoor 03,,,true,false,0,0,0,0,,,0,0,,,1,1,1,1,1,0.34,0,245,,,0,,,,,29.49,,0,,,,,,,,,,,,,,,,,0.000,,,0,22.0,,42,,0,2
01/15/2026 15:33:43,,81442326017,8144,2,Indoor 03,,,true,false,0,0,0,0,,,0,0,,,1,1,1,1,1,0.41,0,247,,,0,,,,,29.49,,0,,,,,,,,,,,,,,,,,0.000,,,0,22.0,,41,,0,3
01/15/2026 15:48:43,,81442326017,8144,2,Indoor 03,,,true,false,0,0,0,0,,,0,0,,,1,1,1,1,1,0.39,0,246,,,0,,,,,29.49,,0,,,,,,,,,,,,,,,,,0.000,,,0,22.1,,41,,0,2
01/15/2026 16:11:31,,81442326017,8144,2,Indoor 03,,,true,false,0,0,0,0,,,0,0,,,1,1,1,1,1,0.35,0,244,,,0,,,,,29.48,,0,,,,,,,,,,,,,,,,,0.000,,,0,21.9,,41,,0,3
01/15/2026 16:26:31,,81442326017,8144,2,Indoor 03,,,true,false,0,0,0,0,,,0,0,,,1,1,1,1,1,0.40,0,247,,,0,,,,,29.47,,0,,,,,,,,,,,,,,,,,0.000,,,0,21.9,,40,,0,2
01/15/2026 16:49:04,,81442326017,8144,2,Indoor 03,,,true,false,0,0,0,0,,,0,0,,,1,1,1,1,1,0.37,0,243,,,0,,,,,29.46,,0,,,,,,,,,,,,,,,,,0.000,,,0,21.9,,40,,0,3
01/15/2026 17:04:04,,81442326017,8144,2,Indoor 03,,,true,false,0,0,0,0,,,0,0,,,1,1,1,1,1,0.38,0,252,,,0,,,,,29.45,,0,,,,,,,,,,,,,,,,,0.000,,,0,22.0,,40,,0,2
01/15/2026 17:26:51,,81442326017,8144,2,Indoor 03,,,true,false,0,0,0,0,,,0,0,,,1,1,1,1,1,0.43,0,251,,,0,,,,,29.44,,0,,,,,,,,,,,,,,,,,0.000,,,0,22.0,,40,,0,3
01/15/2026 17:41:51,,81442326017,8144,2,Indoor 03,,,true,false,0,0,0,0,,,0,0,,,1,1,1,1,1,0.47,0,252,,,0,,,,,29.44,,0,,,,,,,,,,,,,,,,,0.000,,,0,21.9,,40,,0,2
01/15/2026 18:04:39,,81442326017,8144,2,Indoor 03,,,true,false,0,0,0,0,,,0,0,,,1,1,1,1,1,0.56,0,248,,,0,,,,,29.43,,0,,,,,,,,,,,,,,,,,0.000,,,0,21.8,,41,,0,3
01/15/2026 18:19:39,,81442326017,8144,2,Indoor 03,,,true,false,0,0,0,0,,,0,0,,,1,1,1,1,1,0.44,0,256,,,0,,,,,29.42,,0,,,,,,,,,,,,,,,,,0.000,,,0,21.8,,41,,0,2
01/15/2026 18:42:42,,81442326017,8144,2,Indoor 03,,,true,false,0,0,0,0,,,0,0,,,1,1,1,1,1,0.50,0,248,,,0,,,,,29.42,,0,,,,,,,,,,,,,,,,,0.000,,,0,21.8,,41,,0,3
01/15/2026 18:57:42,,81442326017,8144,2,Indoor 03,,,true,false,0,0,0,0,,,0,0,,,1,1,1,1,1,0.40,0,272,,,0,,,,,29.42,,0,,,,,,,,,,,,,,,,,0.015,,,0,22.0,,40,,0,2
01/15/2026 19:20:29,,81442326017,8144,2,Indoor 03,,,true,false,0,0,0,0,,,0,0,,,1,1,1,1,1,0.37,0,251,,,0,,,,,29.42,,0,,,,,,,,,,,,,,,,,0.000,,,0,22.0,,40,,0,3
01/15/2026 19:35:29,,81442326017,8144,2,Indoor 03,,,true,false,0,0,0,0,,,0,0,,,1,1,1,1,1,0.37,0,261,,,0,,,,,29.42,,0,,,,,,,,,,,,,,,,,0.000,,,0,22.0,,40,,0,2
01/15/2026 19:58:17,,81442326017,8144,2,Indoor 03,,,true,false,0,1,0,0,,,1,1,,,1,1,1,1,1,0.96,0,248,,,0,,,,,29.42,,0,,,,,,,,,,,,,,,,,0.000,,,0,21.9,,40,,0,3
01/15/2026 20:13:17,,81442326017,8144,2,Indoor 03,,,true,false,0,0,0,0,,,0,0,,,1,1,1,1,1,0.64,0,250,,,0,,,,,29.42,,0,,,,,,,,,,,,,,,,,0.000,,,0,21.8,,40,,0,2
01/15/2026 20:35:19,,81442326017,8144,2,Indoor 03,,,true,false,0,0,0,0,,,0,0,,,1,1,1,1,1,0.44,0,249,,,0,,,,,29.43,,0,,,,,,,,,,,,,,,,,0.000,,,0,21.9,,40,,0,3
01/15/2026 20:50:19,,81442326017,8144,2,Indoor 03,,,true,false,0,0,0,0,,,0,0,,,1,1,1,1,1,0.48,0,252,,,0,,,,,29.43,,0,,,,,,,,,,,,,,,,,0.000,,,0,21.9,,40,,0,2
01/15/2026 21:12:52,,81442326017,8144,2,Indoor 03,,,true,false,0,0,0,0,,,0,0,,,1,1,1,1,1,0.44,0,242,,,0,,,,,29.43,,0,,,,,,,,,,,,,,,,,0.000,,,0,22.0,,40,,0,3
01/15/2026 21:27:52,,81442326017,8144,2,Indoor 03,,,true,false,0,0,0,0,,,0,0,,,1,1,1,1,1,0.41,0,247,,,0,,,,,29.43,,0,,,,,,,,,,,,,,,,,0.000,,,0,22.0,,40,,0,2
01/15/2026 21:50:25,,81442326017,8144,2,Indoor 03,,,true,false,0,0,0,0,,,0,0,,,1,1,1,1,1,0.54,0,245,,,0,,,,,29.44,,0,,,,,,,,,,,,,,,,,0.000,,,0,22.0,,40,,0,3
01/15/2026 22:05:25,,81442326017,8144,2,Indoor 03,,,true,false,0,0,0,0,,,0,0,,,1,1,1,1,1,0.39,0,248,,,0,,,,,29.45,,0,,,,,,,,,,,,,,,,,0.000,,,0,22.0,,40,,0,2
01/15/2026 22:27:58,,81442326017,8144,2,Indoor 03,,,true,false,0,0,0,0,,,0,0,,,1,1,1,1,1,0.33,0,247,,,0,,,,,29.46,,0,,,,,,,,,,,,,,,,,0.000,,,0,21.9,,40,,0,3
01/15/2026 22:42:58,,81442326017,8144,2,Indoor 03,,,true,false,0,0,0,0,,,0,0,,,1,1,1,1,1,0.34,0,246,,,0,,,,,29.47,,0,,,,,,,,,,,,,,,,,0.000,,,0,21.9,,40,,0,2
01/15/2026 23:05:30,,81442326017,8144,2,Indoor 03,,,true,false,0,0,0,0,,,0,0,,,1,1,1,1,1,0.46,0,244,,,0,,,,,29.49,,0,,,,,,,,,,,,,,,,,0.000,,,0,21.9,,40,,0,3
01/15/2026 23:20:30,,81442326017,8144,2,Indoor 03,,,true,false,0,0,0,0,,,0,0,,,1,1,1,1,1,0.41,0,249,,,0,,,,,29.50,,0,,,,,,,,,,,,,,,,,0.000,,,0,22.0,,40,,0,2
01/15/2026 23:43:03,,81442326017,8144,2,Indoor 03,,,true,false,0,0,0,0,,,0,0,,,1,1,1,1,1,0.34,0,244,,,0,,,,,29.51,,0,,,,,,,,,,,,,,,,,0.000,,,0,22.0,,40,,0,3
01/15/2026 23:58:03,,81442326017,8144,2,Indoor 03,,,true,false,0,0,0,0,,,0,0,,,1,1,1,1,1,0.36,0,247,,,0,,,,,29.52,,0,,,,,,,,,,,,,,,,,0.000,,,0,22.0,,40,,0,2
01/16/2026 00:20:50,,81442326017,8144,2,Indoor 03,,,true,false,0,0,0,0,,,0,0,,,1,1,1,1,1,0.38,0,241,,,0,,,,,29.54,,0,,,,,,,,,,,,,,,,,0.000,,,0,22.0,,40,,0,3
01/16/2026 00:35:50,,81442326017,8144,2,Indoor 03,,,true,false,0,0,0,0,,,0,0,,,1,1,1,1,1,0.38,0,250,,,0,,,,,29.54,,0,,,,,,,,,,,,,,,,,0.000,,,0,22.0,,40,,0,2
01/16/2026 00:57:53,,81442326017,8144,2,Indoor 03,,,true,false,0,0,0,0,,,0,0,,,1,1,1,1,1,0.41,0,242,,,0,,,,,29.55,,0,,,,,,,,,,,,,,,,,0.000,,,0,22.0,,40,,0,3
01/16/2026 01:12:53,,81442326017,8144,2,Indoor 03,,,true,false,0,0,0,0,,,0,0,,,1,1,1,1,1,0.42,0,248,,,0,,,,,29.55,,0,,,,,,,,,,,,,,,,,0.000,,,0,22.0,,40,,0,2
01/16/2026 01:35:10,,81442326017,8144,2,Indoor 03,,,true,false,0,0,0,0,,,0,0,,,1,1,1,1,1,0.35,0,242,,,0,,,,,29.56,,0,,,,,,,,,,,,,,,,,0.000,,,0,22.1,,40,,0,3
01/16/2026 01:50:10,,81442326017,8144,2,Indoor 03,,,true,false,0,0,0,0,,,0,0,,,1,1,1,1,1,0.36,0,243,,,0,,,,,29.57,,0,,,,,,,,,,,,,,,,,0.000,,,0,22.1,,40,,0,2
01/16/2026 02:12:59,,81442326017,8144,2,Indoor 03,,,true,false,0,0,0,0,,,0,0,,,1,1,1,1,1,0.40,0,238,,,0,,,,,29.58,,0,,,,,,,,,,,,,,,,,0.000,,,0,22.0,,40,,0,3
01/16/2026 02:27:59,,81442326017,8144,2,Indoor 03,,,true,false,0,0,0,0,,,0,0,,,1,1,1,1,1,0.37,0,239,,,0,,,,,29.58,,0,,,,,,,,,,,,,,,,,0.000,,,0,21.9,,40,,0,2
01/16/2026 02:51:01,,81442326017,8144,2,Indoor 03,,,true,false,0,0,0,0,,,0,0,,,1,1,1,1,1,0.52,0,236,,,0,,,,,29.59,,0,,,,,,,,,,,,,,,,,0.000,,,0,22.0,,40,,0,3
01/16/2026 03:06:01,,81442326017,8144,2,Indoor 03,,,true,false,0,0,0,0,,,0,0,,,1,1,1,1,1,0.47,0,240,,,0,,,,,29.60,,0,,,,,,,,,,,,,,,,,0.000,,,0,22.1,,40,,0,2
01/16/2026 03:28:33,,81442326017,8144,2,Indoor 03,,,true,false,0,0,0,0,,,0,0,,,1,1,1,1,1,0.57,0,246,,,0,,,,,29.61,,0,,,,,,,,,,,,,,,,,0.000,,,0,22.0,,41,,0,3
01/16/2026 03:43:33,,81442326017,8144,2,Indoor 03,,,true,false,0,0,0,0,,,0,0,,,1,1,1,1,1,0.49,0,247,,,0,,,,,29.62,,0,,,,,,,,,,,,,,,,,0.000,,,0,21.9,,41,,0,2
01/16/2026 04:06:37,,81442326017,8144,2,Indoor 03,,,true,false,0,0,0,0,,,0,0,,,1,1,1,1,1,0.35,0,243,,,0,,,,,29.62,,0,,,,,,,,,,,,,,,,,0.000,,,0,21.9,,41,,0,3
01/16/2026 04:21:37,,81442326017,8144,2,Indoor 03,,,true,false,0,0,0,0,,,0,0,,,1,1,1,1,1,0.37,0,243,,,0,,,,,29.62,,0,,,,,,,,,,,,,,,,,0.000,,,0,22.0,,42,,0,2
01/16/2026 04:44:25,,81442326017,8144,2,Indoor 03,,,true,false,0,0,0,0,,,0,0,,,1,1,1,1,1,0.37,0,239,,,0,,,,,29.63,,0,,,,,,,,,,,,,,,,,0.000,,,0,22.0,,42,,0,3
01/16/2026 04:59:25,,81442326017,8144,2,Indoor 03,,,true,false,0,0,0,0,,,0,0,,,1,1,1,1,1,0.37,0,245,,,0,,,,,29.64,,0,,,,,,,,,,,,,,,,,0.000,,,0,22.0,,42,,0,2
01/16/2026 05:21:42,,81442326017,8144,2,Indoor 03,,,true,false,0,0,0,0,,,0,0,,,1,1,1,1,1,0.34,0,247,,,0,,,,,29.64,,0,,,,,,,,,,,,,,,,,0.000,,,0,21.9,,42,,0,3
01/16/2026 05:36:42,,81442326017,8144,2,Indoor 03,,,true,false,0,0,0,0,,,0,0,,,1,1,1,1,1,0.34,0,249,,,0,,,,,29.64,,0,,,,,,,,,,,,,,,,,0.000,,,0,21.9,,42,,0,2
01/16/2026 05:59:15,,81442326017,8144,2,Indoor 03,,,true,false,0,0,0,0,,,0,0,,,1,1,1,1,1,0.43,0,239,,,0,,,,,29.65,,0,,,,,,,,,,,,,,,,,0.000,,,0,22.0,,42,,0,3
01/16/2026 06:14:15,,81442326017,8144,2,Indoor 03,,,true,false,0,0,0,0,,,0,0,,,1,1,2,2,2,0.42,0,243,,,0,,,,,29.66,,0,,,,,,,,,,,,,,,,,0.000,,,0,22.0,,42,,0,2
01/16/2026 06:37:03,,81442326017,8144,2,Indoor 03,,,true,false,0,0,0,0,,,0,0,,,1,1,1,1,1,0.33,0,235,,,0,,,,,29.66,,0,,,,,,,,,,,,,,,,,0.000,,,0,21.9,,42,,0,3
01/16/2026 06:52:03,,81442326017,8144,2,Indoor 03,,,true,false,0,0,0,0,,,0,0,,,1,1,2,2,2,0.35,0,238,,,0,,,,,29.67,,0,,,,,,,,,,,,,,,,,0.000,,,0,21.9,,42,,0,2
01/16/2026 07:14:20,,81442326017,8144,2,Indoor 03,,,true,false,4,1,0,1,,,1,1,,,2,2,2,2,2,0.43,0,241,,,0,,,,,29.69,,0,,,,,,,,,,,,,,,,,0.000,,,0,22.0,,42,,0,3
01/16/2026 07:29:20,,81442326017,8144,2,Indoor 03,,,true,false,0,0,0,0,,,0,0,,,1,2,2,2,2,0.40,0,244,,,0,,,,,29.70,,0,,,,,,,,,,,,,,,,,0.000,,,0,22.0,,42,,0,2
01/16/2026 07:51:53,,81442326017,8144,2,Indoor 03,,,true,false,0,0,0,0,,,0,0,,,1,2,2,2,2,0.45,0,242,,,0,,,,,29.70,,0,,,,,,,,,,,,,,,,,0.000,,,0,22.0,,42,,0,3
01/16/2026 08:06:53,,81442326017,8144,2,Indoor 03,,,true,false,4,1,0,1,,,1,1,,,2,2,2,2,2,0.43,0,245,,,0,,,,,29.70,,0,,,,,,,,,,,,,,,,,0.000,,,0,21.9,,42,,0,2
01/16/2026 08:29:26,,81442326017,8144,2,Indoor 03,,,true,false,0,0,0,0,,,0,0,,,2,2,2,2,2,0.36,0,243,,,0,,,,,29.71,,0,,,,,,,,,,,,,,,,,0.000,,,0,21.9,,42,,0,3
01/16/2026 08:44:26,,81442326017,8144,2,Indoor 03,,,true,false,4,1,1,1,,,1,1,,,2,2,2,2,2,0.36,0,248,,,0,,,,,29.72,,0,,,,,,,,,,,,,,,,,0.000,,,0,21.9,,42,,0,2
01/16/2026 09:06:42,,81442326017,8144,2,Indoor 03,,,true,false,4,1,1,1,,,1,1,,,2,2,2,2,2,0.36,0,245,,,0,,,,,29.72,,0,,,,,,,,,,,,,,,,,0.000,,,0,22.0,,42,,0,3
01/16/2026 09:21:42,,81442326017,8144,2,Indoor 03,,,true,false,4,1,1,1,,,1,1,,,2,2,2,2,2,0.38,0,246,,,0,,,,,29.73,,0,,,,,,,,,,,,,,,,,0.000,,,0,22.0,,41,,0,2
01/16/2026 09:44:31,,81442326017,8144,2,Indoor 03,,,true,false,4,1,1,1,,,1,1,,,2,3,3,3,3,0.50,0,248,,,0,,,,,29.74,,0,,,,,,,,,,,,,,,,,0.000,,,0,22.0,,42,,0,3
01/16/2026 09:59:31,,81442326017,8144,2,Indoor 03,,,true,false,4,1,1,1,,,1,1,,,2,2,2,2,2,0.46,0,249,,,0,,,,,29.74,,0,,,,,,,,,,,,,,,,,0.000,,,0,22.0,,42,,0,2
01/16/2026 10:22:04,,81442326017,8144,2,Indoor 03,,,true,false,4,1,1,1,,,1,1,,,2,2,2,2,2,0.37,0,248,,,0,,,,,29.75,,0,,,,,,,,,,,,,,,,,0.000,,,0,22.0,,42,,0,3
01/16/2026 10:37:04,,81442326017,8144,2,Indoor 03,,,true,false,4,1,1,1,,,1,1,,,2,2,2,2,2,0.37,0,246,,,0,,,,,29.75,,0,,,,,,,,,,,,,,,,,0.000,,,0,22.0,,42,,0,2
01/16/2026 10:59:51,,81442326017,8144,2,Indoor 03,,,true,false,4,1,1,1,,,1,1,,,2,2,2,2,2,0.39,0,249,,,0,,,,,29.77,,0,,,,,,,,,,,,,,,,,0.000,,,0,22.0,,42,,0,3
01/16/2026 11:14:51,,81442326017,8144,2,Indoor 03,,,true,false,4,1,1,1,,,1,1,,,2,2,2,2,2,0.40,0,253,,,0,,,,,29.77,,0,,,,,,,,,,,,,,,,,0.000,,,0,22.0,,41,,0,2
01/16/2026 11:37:39,,81442326017,8144,2,Indoor 03,,,true,false,4,1,1,1,,,1,1,,,2,2,2,2,2,0.50,0,246,,,0,,,,,29.79,,0,,,,,,,,,,,,,,,,,0.000,,,0,22.0,,41,,0,3
01/16/2026 11:52:39,,81442326017,8144,2,Indoor 03,,,true,false,4,1,1,1,,,1,1,,,2,3,3,3,3,0.44,0,252,,,0,,,,,29.79,,0,,,,,,,,,,,,,,,,,0.000,,,0,22.0,,41,,0,2
01/16/2026 12:15:27,,81442326017,8144,2,Indoor 03,,,true,false,4,1,1,1,,,1,1,,,2,2,2,2,2,0.38,0,249,,,0,,,,,29.79,,0,,,,,,,,,,,,,,,,,0.000,,,0,22.0,,41,,0,3
01/16/2026 12:30:27,,81442326017,8144,2,Indoor 03,,,true,false,4,1,1,1,,,1,1,,,2,3,3,3,3,0.41,0,250,,,0,,,,,29.79,,0,,,,,,,,,,,,,,,,,0.000,,,0,22.0,,41,,0,2
01/16/2026 12:52:59,,81442326017,8144,2,Indoor 03,,,true,false,4,1,1,1,,,1,1,,,2,3,3,3,3,0.37,0,259,,,0,,,,,29.79,,0,,,,,,,,,,,,,,,,,0.002,,,0,22.0,,41,,0,3
01/16/2026 13:07:59,,81442326017,8144,2,Indoor 03,,,true,false,4,1,1,1,,,1,1,,,3,4,4,4,4,0.40,0,262,,,0,,,,,29.80,,0,,,,,,,,,,,,,,,,,0.022,,,0,22.0,,41,,0,2
01/16/2026 13:30:17,,81442326017,8144,2,Indoor 03,,,true,false,4,1,1,1,,,1,1,,,5,5,5,5,5,0.39,0,256,,,0,,,,,29.82,,0,,,,,,,,,,,,,,,,,0.000,,,0,22.0,,41,,0,3
01/16/2026 13:45:17,,81442326017,8144,2,Indoor 03,,,true,false,4,1,1,1,,,1,1,,,4,4,4,4,4,0.41,0,262,,,0,,,,,29.82,,0,,,,,,,,,,,,,,,,,0.000,,,0,21.9,,41,,0,2
01/16/2026 14:08:05,,81442326017,8144,2,Indoor 03,,,true,false,4,1,1,1,,,1,1,,,3,4,4,4,4,0.36,0,254,,,0,,,,,29.82,,0,,,,,,,,,,,,,,,,,0.000,,,0,22.0,,41,,0,3
01/16/2026 14:23:05,,81442326017,8144,2,Indoor 03,,,true,false,4,1,1,1,,,1,1,,,4,4,4,4,4,0.37,0,259,,,0,,,,,29.83,,0,,,,,,,,,,,,,,,,,0.000,,,0,22.0,,41,,0,2
01/16/2026 14:45:22,,81442326017,8144,2,Indoor 03,,,true,false,4,1,1,1,,,1,1,,,3,4,4,4,4,0.39,0,267,,,0,,,,,29.83,,0,,,,,,,,,,,,,,,,,0.000,,,0,22.1,,41,,0,3
01/16/2026 15:00:22,,81442326017,8144,2,Indoor 03,,,true,false,4,1,1,1,,,1,1,,,4,4,4,4,4,0.38,0,263,,,0,,,,,29.84,,0,,,,,,,,,,,,,,,,,0.000,,,0,22.1,,41,,0,2
01/16/2026 15:22:40,,81442326017,8144,2,Indoor 03,,,true,false,4,1,1,1,,,1,1,,,4,4,4,4,4,0.39,0,244,,,0,,,,,29.85,,0,,,,,,,,,,,,,,,,,0.000,,,0,22.0,,40,,0,3
01/16/2026 15:37:40,,81442326017,8144,2,Indoor 03,,,true,false,4,1,1,1,,,1,1,,,3,4,4,4,4,0.39,0,248,,,0,,,,,29.85,,0,,,,,,,,,,,,,,,,,0.000,,,0,22.0,,40,,0,2
01/16/2026 15:59:28,,81442326017,8144,2,Indoor 03,,,true,false,4,1,1,1,,,1,1,,,3,4,4,4,4,0.42,0,252,,,0,,,,,29.85,,0,,,,,,,,,,,,,,,,,0.000,,,0,22.0,,40,,0,3
01/16/2026 16:14:28,,81442326017,8144,2,Indoor 03,,,true,false,4,1,1,1,,,1,1,,,3,3,3,3,3,0.41,0,254,,,0,,,,,29.84,,0,,,,,,,,,,,,,,,,,0.000,,,0,22.0,,40,,0,2
01/16/2026 16:37:00,,81442326017,8144,2,Indoor 03,,,true,false,4,1,1,1,,,1,1,,,3,3,3,3,3,0.36,0,248,,,0,,,,,29.83,,0,,,,,,,,,,,,,,,,,0.000,,,0,22.1,,40,,0,3
01/16/2026 16:52:00,,81442326017,8144,2,Indoor 03,,,true,false,4,1,1,1,,,1,1,,,3,3,3,3,3,0.38,0,255,,,0,,,,,29.82,,0,,,,,,,,,,,,,,,,,0.000,,,0,22.1,,40,,0,2
01/16/2026 17:14:48,,81442326017,8144,2,Indoor 03,,,true,false,4,1,1,1,,,1,1,,,2,3,3,3,3,0.41,0,247,,,0,,,,,29.81,,0,,,,,,,,,,,,,,,,,0.000,,,0,22.0,,39,,0,3
01/16/2026 17:29:48,,81442326017,8144,2,Indoor 03,,,true,false,4,1,1,1,,,1,1,,,2,3,3,3,3,0.41,0,247,,,0,,,,,29.80,,0,,,,,,,,,,,,,,,,,0.000,,,0,22.0,,39,,0,2
01/16/2026 17:51:21,,81442326017,8144,2,Indoor 03,,,true,false,4,1,1,1,,,1,1,,,2,2,2,2,2,0.48,0,250,,,0,,,,,29.80,,0,,,,,,,,,,,,,,,,,0.000,,,0,22.0,,39,,0,3
01/16/2026 18:06:21,,81442326017,8144,2,Indoor 03,,,true,false,4,1,1,1,,,1,1,,,2,2,2,2,2,0.42,0,255,,,0,,,,,29.79,,0,,,,,,,,,,,,,,,,,0.000,,,0,22.0,,39,,0,2
01/16/2026 18:28:38,,81442326017,8144,2,Indoor 03,,,true,false,4,1,1,1,,,1,1,,,2,2,2,2,2,0.42,0,244,,,0,,,,,29.78,,0,,,,,,,,,,,,,,,,,0.000,,,0,22.1,,39,,0,3
01/16/2026 18:43:38,,81442326017,8144,2,Indoor 03,,,true,false,4,1,1,1,,,1,1,,,2,3,3,3,3,0.40,0,246,,,0,,,,,29.77,,0,,,,,,,,,,,,,,,,,0.000,,,0,22.0,,39,,0,2
01/16/2026 19:05:26,,81442326017,8144,2,Indoor 03,,,true,false,4,1,1,1,,,1,1,,,3,3,3,3,3,0.47,0,252,,,0,,,,,29.76,,0,,,,,,,,,,,,,,,,,0.000,,,0,21.9,,40,,0,3
01/16/2026 19:20:26,,81442326017,8144,2,Indoor 03,,,true,false,4,1,1,1,,,1,1,,,2,2,2,2,2,0.48,0,252,,,0,,,,,29.75,,0,,,,,,,,,,,,,,,,,0.000,,,0,22.0,,40,,0,2
01/16/2026 19:42:44,,81442326017,8144,2,Indoor 03,,,true,false,4,1,1,1,,,1,1,,,2,3,3,3,3,0.59,0,275,,,0,,,,,29.76,,0,,,,,,,,,,,,,,,,,0.000,,,0,22.2,,39,,0,3
01/16/2026 19:57:44,,81442326017,8144,2,Indoor 03,,,true,false,4,1,1,1,,,1,1,,,2,2,2,2,2,0.46,0,255,,,0,,,,,29.77,,0,,,,,,,,,,,,,,,,,0.000,,,0,22.1,,39,,0,2
01/16/2026 20:20:01,,81442326017,8144,2,Indoor 03,,,true,false,4,1,1,1,,,1,1,,,3,3,3,3,3,0.46,0,246,,,0,,,,,29.77,,0,,,,,,,,,,,,,,,,,0.000,,,0,22.0,,39,,0,3
01/16/2026 20:35:01,,81442326017,8144,2,Indoor 03,,,true,false,4,1,1,1,,,1,1,,,3,3,3,3,3,0.42,0,251,,,0,,,,,29.78,,0,,,,,,,,,,,,,,,,,0.000,,,0,22.0,,39,,0,2
01/16/2026 20:56:34,,81442326017,8144,2,Indoor 03,,,true,false,4,1,1,1,,,1,1,,,3,3,3,3,3,0.33,0,266,,,0,,,,,29.78,,0,,,,,,,,,,,,,,,,,0.000,,,0,22.0,,40,,0,3
01/16/2026 21:11:34,,81442326017,8144,2,Indoor 03,,,true,false,4,1,1,1,,,1,1,,,4,4,4,4,4,0.35,0,253,,,0,,,,,29.78,,0,,,,,,,,,,,,,,,,,0.000,,,0,22.0,,40,,0,2
01/16/2026 21:34:07,,81442326017,8144,2,Indoor 03,,,true,false,4,1,1,1,,,1,1,,,3,3,3,3,3,0.46,0,243,,,0,,,,,29.78,,0,,,,,,,,,,,,,,,,,0.000,,,0,21.8,,40,,0,3
01/16/2026 21:49:07,,81442326017,8144,2,Indoor 03,,,true,false,4,1,1,1,,,1,1,,,3,3,3,3,3,0.42,0,252,,,0,,,,,29.79,,0,,,,,,,,,,,,,,,,,0.006,,,0,21.9,,40,,0,2
01/16/2026 22:09:09,,81442326017,8144,2,Indoor 03,,,true,false,4,1,1,1,,,1,1,,,3,3,3,3,3,0.38,0,246,,,0,,,,,29.79,,0,,,,,,,,,,,,,,,,,0.000,,,0,21.9,,40,,0,3
01/16/2026 22:24:09,,81442326017,8144,2,Indoor 03,,,true,false,8,2,2,2,,,2,2,,,7,8,8,8,8,0.39,0,249,,,0,,,,,29.79,,0,,,,,,,,,,,,,,,,,0.000,,,0,21.9,,40,,0,2
01/16/2026 22:46:57,,81442326017,8144,2,Indoor 03,,,true,false,21,5,4,5,,,5,5,,,16,17,18,18,18,0.38,0,246,,,0,,,,,29.79,,0,,,,,,,,,,,,,,,,,0.000,,,0,21.9,,40,,0,3
01/16/2026 23:01:57,,81442326017,8144,2,Indoor 03,,,true,false,25,6,5,6,,,6,6,,,18,21,21,21,21,0.38,0,249,,,0,,,,,29.79,,0,,,,,,,,,,,,,,,,,0.000,,,0,21.8,,40,,0,2
01/16/2026 23:25:00,,81442326017,8144,2,Indoor 03,,,true,false,29,6,6,7,,,7,7,,,22,24,24,24,24,0.38,0,245,,,0,,,,,29.80,,0,,,,,,,,,,,,,,,,,0.000,,,0,21.9,,40,,0,3
01/16/2026 23:40:00,,81442326017,8144,2,Indoor 03,,,true,false,29,6,6,7,,,7,7,,,22,25,25,25,25,0.38,0,247,,,0,,,,,29.80,,0,,,,,,,,,,,,,,,,,0.000,,,0,21.9,,40,,0,2
01/17/2026 00:02:47,,81442326017,8144,2,Indoor 03,,,true,false,29,6,7,7,,,7,7,,,23,25,25,25,25,0.37,0,249,,,0,,,,,29.80,,0,,,,,,,,,,,,,,,,,0.000,,,0,21.9,,41,,0,3
01/17/2026 00:17:47,,81442326017,8144,2,Indoor 03,,,true,false,29,6,7,7,,,7,7,,,23,25,26,26,26,0.38,0,245,,,0,,,,,29.80,,0,,,,,,,,,,,,,,,,,0.000,,,0,21.8,,41,,0,2
01/17/2026 00:40:04,,81442326017,8144,2,Indoor 03,,,true,false,25,6,6,6,,,6,6,,,20,22,22,22,22,0.38,0,243,,,0,,,,,29.81,,0,,,,,,,,,,,,,,,,,0.000,,,0,21.7,,41,,0,3
01/17/2026 00:55:04,,81442326017,8144,2,Indoor 03,,,true,false,25,6,5,6,,,6,6,,,18,21,21,21,21,0.38,0,250,,,0,,,,,29.80,,0,,,,,,,,,,,,,,,,,0.000,,,0,21.7,,41,,0,2
01/17/2026 01:17:22,,81442326017,8144,2,Indoor 03,,,true,false,21,5,5,5,,,5,5,,,18,20,20,20,20,0.38,0,251,,,0,,,,,29.81,,0,,,,,,,,,,,,,,,,,0.000,,,0,21.8,,41,,0,3
01/17/2026 01:32:22,,81442326017,8144,2,Indoor 03,,,true,false,21,5,5,5,,,5,5,,,18,20,20,20,20,0.38,0,254,,,0,,,,,29.82,,0,,,,,,,,,,,,,,,,,0.000,,,0,21.9,,41,,0,2
01/17/2026 01:55:11,,81442326017,8144,2,Indoor 03,,,true,false,25,6,6,6,,,6,6,,,20,22,23,23,23,0.39,0,246,,,0,,,,,29.82,,0,,,,,,,,,,,,,,,,,0.000,,,0,21.9,,41,,0,3
01/17/2026 02:10:11,,81442326017,8144,2,Indoor 03,,,true,false,25,6,5,6,,,6,6,,,19,21,21,21,21,0.39,0,247,,,0,,,,,29.82,,0,,,,,,,,,,,,,,,,,0.000,,,0,21.8,,42,,0,2
01/17/2026 02:32:28,,81442326017,8144,2,Indoor 03,,,true,false,21,5,5,5,,,5,5,,,18,20,20,20,20,0.40,0,245,,,0,,,,,29.82,,0,,,,,,,,,,,,,,,,,0.000,,,0,21.7,,42,,0,3
01/17/2026 02:47:28,,81442326017,8144,2,Indoor 03,,,true,false,25,6,6,6,,,6,6,,,20,22,22,22,22,0.39,0,244,,,0,,,,,29.83,,0,,,,,,,,,,,,,,,,,0.000,,,0,21.8,,42,,0,2
01/17/2026 03:09:01,,81442326017,8144,2,Indoor 03,,,true,false,25,6,6,6,,,6,6,,,19,22,22,22,22,0.39,0,241,,,0,,,,,29.83,,0,,,,,,,,,,,,,,,,,0.000,,,0,21.9,,42,,0,3
01/17/2026 03:24:01,,81442326017,8144,2,Indoor 03,,,true,false,25,6,5,6,,,6,6,,,18,21,21,21,21,0.38,0,244,,,0,,,,,29.84,,0,,,,,,,,,,,,,,,,,0.000,,,0,21.9,,42,,0,2
01/17/2026 03:46:49,,81442326017,8144,2,Indoor 03,,,true,false,25,6,6,6,,,6,6,,,21,24,24,24,24,0.40,0,247,,,0,,,,,29.84,,0,,,,,,,,,,,,,,,,,0.000,,,0,21.9,,42,,0,3
01/17/2026 04:01:49,,81442326017,8144,2,Indoor 03,,,true,false,29,6,7,7,,,7,7,,,24,27,27,27,27,0.39,0,246,,,0,,,,,29.84,,0,,,,,,,,,,,,,,,,,0.000,,,0,21.8,,42,,0,2
01/17/2026 04:23:20,,81442326017,8144,2,Indoor 03,,,true,false,25,6,6,6,,,6,6,,,20,22,22,22,22,0.39,0,243,,,0,,,,,29.84,,0,,,,,,,,,,,,,,,,,0.000,,,0,21.8,,43,,0,3
01/17/2026 04:38:20,,81442326017,8144,2,Indoor 03,,,true,false,21,5,5,5,,,5,5,,,17,20,20,20,20,0.39,0,246,,,0,,,,,29.83,,0,,,,,,,,,,,,,,,,,0.000,,,0,21.8,,43,,0,2
01/17/2026 05:00:54,,81442326017,8144,2,Indoor 03,,,true,false,21,5,4,5,,,5,5,,,16,18,18,18,18,0.38,0,240,,,0,,,,,29.82,,0,,,,,,,,,,,,,,,,,0.000,,,0,21.9,,43,,0,3
01/17/2026 05:15:54,,81442326017,8144,2,Indoor 03,,,true,false,21,5,4,5,,,5,5,,,16,17,17,18,18,0.39,0,245,,,0,,,,,29.83,,0,,,,,,,,,,,,,,,,,0.000,,,0,21.9,,43,,0,2
01/17/2026 05:38:27,,81442326017,8144,2,Indoor 03,,,true,false,25,6,5,6,,,6,6,,,18,21,21,21,21,0.39,0,241,,,0,,,,,29.83,,0,,,,,,,,,,,,,,,,,0.000,,,0,21.9,,43,,0,3
01/17/2026 05:53:27,,81442326017,8144,2,Indoor 03,,,true,false,25,6,6,6,,,6,6,,,21,24,24,24,24,0.38,0,245,,,0,,,,,29.82,,0,,,,,,,,,,,,,,,,,0.000,,,0,21.9,,43,,0,2
01/17/2026 06:16:13,,81442326017,8144,2,Indoor 03,,,true,false,29,6,7,7,,,7,7,,,23,26,26,26,26,0.40,0,240,,,0,,,,,29.81,,0,,,,,,,,,,,,,,,,,0.000,,,0,21.8,,44,,0,3
01/17/2026 06:31:13,,81442326017,8144,2,Indoor 03,,,true,false,29,6,6,7,,,7,7,,,22,25,25,25,25,0.39,0,240,,,0,,,,,29.81,,0,,,,,,,,,,,,,,,,,0.000,,,0,21.8,,44,,0,2
01/17/2026 06:53:31,,81442326017,8144,2,Indoor 03,,,true,false,25,6,6,6,,,6,6,,,20,23,23,23,23,0.39,0,248,,,0,,,,,29.81,,0,,,,,,,,,,,,,,,,,0.000,,,0,21.9,,43,,0,3
01/17/2026 07:08:31,,81442326017,8144,2,Indoor 03,,,true,false,25,6,6,6,,,6,6,,,20,22,22,22,22,0.39,0,251,,,0,,,,,29.81,,0,,,,,,,,,,,,,,,,,0.000,,,0,21.9,,42,,0,2
01/17/2026 07:30:50,,81442326017,8144,2,Indoor 03,,,true,false,25,6,5,6,,,6,6,,,19,21,21,21,21,0.39,0,242,,,0,,,,,29.82,,0,,,,,,,,,,,,,,,,,0.000,,,0,21.9,,42,,0,3
01/17/2026 07:45:50,,81442326017,8144,2,Indoor 03,,,true,false,25,6,5,6,,,6,6,,,18,20,20,20,20,0.38,0,249,,,0,,,,,29.82,,0,,,,,,,,,,,,,,,,,0.000,,,0,21.9,,42,,0,2
01/17/2026 08:07:22,,81442326017,8144,2,Indoor 03,,,true,false,25,6,5,6,,,6,6,,,18,21,21,21,21,0.39,0,246,,,0,,,,,29.81,,0,,,,,,,,,,,,,,,,,0.000,,,0,21.9,,42,,0,3
01/17/2026 08:22:22,,81442326017,8144,2,Indoor 03,,,true,false,25,6,5,6,,,6,6,,,18,21,21,21,21,0.38,0,245,,,0,,,,,29.81,,0,,,,,,,,,,,,,,,,,0.000,,,0,21.9,,42,,0,2
01/17/2026 08:43:55,,81442326017,8144,2,Indoor 03,,,true,false,25,6,6,6,,,6,6,,,20,23,23,23,23,0.40,0,245,,,0,,,,,29.80,,0,,,,,,,,,,,,,,,,,0.000,,,0,21.9,,42,,0,3
01/17/2026 08:58:55,,81442326017,8144,2,Indoor 03,,,true,false,25,6,6,6,,,6,6,,,20,22,22,22,22,0.40,0,244,,,0,,,,,29.80,,0,,,,,,,,,,,,,,,,,0.000,,,0,21.9,,42,,0,2
01/17/2026 09:21:43,,81442326017,8144,2,Indoor 03,,,true,false,29,6,7,7,,,7,7,,,24,26,26,26,27,0.39,0,250,,,0,,,,,29.80,,0,,,,,,,,,,,,,,,,,0.000,,,0,21.9,,41,,0,3
01/17/2026 09:36:43,,81442326017,8144,2,Indoor 03,,,true,false,33,7,8,8,,,8,8,,,26,30,30,30,30,0.39,0,247,,,0,,,,,29.80,,0,,,,,,,,,,,,,,,,,0.000,,,0,21.9,,42,,0,2
01/17/2026 09:59:15,,81442326017,8144,2,Indoor 03,,,true,false,38,8,8,9,,,9,9,,,29,33,33,33,33,0.39,0,254,,,0,,,,,29.79,,0,,,,,,,,,,,,,,,,,0.000,,,0,21.9,,42,,0,3
01/17/2026 10:14:15,,81442326017,8144,2,Indoor 03,,,true,false,42,9,9,10,,,10,10,,,31,35,35,35,35,0.39,0,255,,,0,,,,,29.79,,0,,,,,,,,,,,,,,,,,0.000,,,0,22.0,,42,,0,2
01/17/2026 10:36:48,,81442326017,8144,2,Indoor 03,,,true,false,42,9,9,10,,,10,10,,,31,35,35,35,35,0.39,0,255,,,0,,,,,29.81,,0,,,,,,,,,,,,,,,,,0.000,,,0,22.0,,42,,0,3
01/17/2026 10:51:48,,81442326017,8144,2,Indoor 03,,,true,false,42,9,9,10,,,10,10,,,31,35,35,35,35,0.40,0,253,,,0,,,,,29.81,,0,,,,,,,,,,,,,,,,,0.000,,,0,22.0,,42,,0,2
01/17/2026 11:14:06,,81442326017,8144,2,Indoor 03,,,true,false,38,8,9,9,,,9,9,,,30,33,33,33,33,0.38,0,252,,,0,,,,,29.81,,0,,,,,,,,,,,,,,,,,0.000,,,0,22.0,,42,,0,3
01/17/2026 11:29:06,,81442326017,8144,2,Indoor 03,,,true,false,38,8,8,9,,,9,9,,,29,33,33,33,33,0.39,0,255,,,0,,,,,29.81,,0,,,,,,,,,,,,,,,,,0.000,,,0,22.0,,42,,0,2
01/17/2026 11:50:38,,81442326017,8144,2,Indoor 03,,,true,false,38,8,9,9,,,9,9,,,29,33,33,33,33,0.39,0,248,,,0,,,,,29.81,,0,,,,,,,,,,,,,,,,,0.000,,,0,21.9,,42,,0,3
01/17/2026 12:05:38,,81442326017,8144,2,Indoor 03,,,true,false,38,8,8,9,,,9,9,,,28,32,32,32,32,0.38,0,249,,,0,,,,,29.81,,0,,,,,,,,,,,,,,,,,0.000,,,0,21.9,,42,,0,2
01/17/2026 12:28:10,,81442326017,8144,2,Indoor 03,,,true,false,33,7,8,8,,,8,8,,,27,30,30,30,30,0.40,0,249,,,0,,,,,29.81,,0,,,,,,,,,,,,,,,,,0.000,,,0,21.9,,42,,0,3
01/17/2026 12:43:10,,81442326017,8144,2,Indoor 03,,,true,false,33,7,8,8,,,8,8,,,26,29,29,29,29,0.40,0,247,,,0,,,,,29.81,,0,,,,,,,,,,,,,,,,,0.000,,,0,22.0,,42,,0,2
01/17/2026 13:04:14,,81442326017,8144,2,Indoor 03,,,true,false,33,7,7,8,,,8,8,,,25,28,28,28,28,0.40,0,250,,,0,,,,,29.81,,0,,,,,,,,,,,,,,,,,0.000,,,0,21.9,,42,,0,3
01/17/2026 13:19:14,,81442326017,8144,2,Indoor 03,,,true,false,33,7,7,8,,,8,8,,,25,28,28,28,28,0.40,0,254,,,0,,,,,29.82,,0,,,,,,,,,,,,,,,,,0.000,,,0,21.9,,42,,0,2
01/17/2026 13:41:46,,81442326017,8144,2,Indoor 03,,,true,false,29,6,7,7,,,7,7,,,23,26,26,26,26,0.40,0,251,,,0,,,,,29.83,,0,,,,,,,,,,,,,,,,,0.000,,,0,21.9,,42,,0,3
01/17/2026 13:56:46,,81442326017,8144,2,Indoor 03,,,true,false,25,6,6,6,,,6,6,,,19,22,22,22,22,0.39,0,257,,,0,,,,,29.83,,0,,,,,,,,,,,,,,,,,0.000,,,0,21.9,,42,,0,2
01/17/2026 14:19:19,,81442326017,8144,2,Indoor 03,,,true,false,21,5,4,5,,,5,5,,,15,17,17,17,17,0.38,0,249,,,0,,,,,29.83,,0,,,,,,,,,,,,,,,,,0.000,,,0,21.9,,42,,0,3
01/17/2026 14:34:19,,81442326017,8144,2,Indoor 03,,,true,false,13,3,3,3,,,3,3,,,10,12,12,12,12,0.39,0,251,,,0,,,,,29.84,,0,,,,,,,,,,,,,,,,,0.000,,,0,21.9,,41,,0,2
01/17/2026 14:57:07,,81442326017,8144,2,Indoor 03,,,true,false,8,2,2,2,,,2,2,,,7,7,7,7,7,0.38,0,249,,,0,,,,,29.84,,0,,,,,,,,,,,,,,,,,0.000,,,0,21.9,,41,,0,3
01/17/2026 15:12:07,,81442326017,8144,2,Indoor 03,,,true,false,8,2,2,2,,,2,2,,,5,6,6,6,6,0.37,0,247,,,0,,,,,29.83,,0,,,,,,,,,,,,,,,,,0.000,,,0,21.9,,41,,0,2
01/17/2026 15:34:39,,81442326017,8144,2,Indoor 03,,,true,false,8,2,1,2,,,2,2,,,5,6,6,6,6,0.42,0,243,,,0,,,,,29.83,,0,,,,,,,,,,,,,,,,,0.000,,,0,21.9,,42,,0,3
01/17/2026 15:49:39,,81442326017,8144,2,Indoor 03,,,true,false,4,1,1,1,,,1,1,,,4,5,5,5,5,0.40,0,245,,,0,,,,,29.83,,0,,,,,,,,,,,,,,,,,0.000,,,0,21.9,,42,,0,2
01/17/2026 16:12:27,,81442326017,8144,2,Indoor 03,,,true,false,4,1,1,1,,,1,1,,,5,5,5,5,5,0.40,0,250,,,0,,,,,29.84,,0,,,,,,,,,,,,,,,,,0.000,,,0,21.9,,42,,0,3
01/17/2026 16:27:27,,81442326017,8144,2,Indoor 03,,,true,false,4,1,1,1,,,1,1,,,5,5,5,5,5,0.39,0,251,,,0,,,,,29.84,,0,,,,,,,,,,,,,,,,,0.000,,,0,21.9,,42,,0,2
01/17/2026 16:49:30,,81442326017,8144,2,Indoor 03,,,true,false,4,1,1,1,,,1,1,,,5,5,5,5,5,0.38,0,242,,,0,,,,,29.83,,0,,,,,,,,,,,,,,,,,0.000,,,0,21.9,,42,,0,3
01/17/2026 17:04:30,,81442326017,8144,2,Indoor 03,,,true,false,4,1,1,1,,,1,1,,,4,5,5,5,5,0.39,0,245,,,0,,,,,29.83,,0,,,,,,,,,,,,,,,,,0.000,,,0,21.9,,42,,0,2
01/17/2026 17:26:02,,81442326017,8144,2,Indoor 03,,,true,false,4,1,1,1,,,1,1,,,5,5,5,5,5,0.38,0,243,,,0,,,,,29.82,,0,,,,,,,,,,,,,,,,,0.000,,,0,21.9,,42,,0,3
01/17/2026 17:41:02,,81442326017,8144,2,Indoor 03,,,true,false,8,2,1,2,,,2,2,,,5,6,6,6,6,0.38,0,245,,,0,,,,,29.82,,0,,,,,,,,,,,,,,,,,0.000,,,0,21.9,,42,,0,2
01/17/2026 18:03:50,,81442326017,8144,2,Indoor 03,,,true,false,4,1,1,1,,,1,1,,,5,5,5,5,5,0.38,0,238,,,0,,,,,29.81,,0,,,,,,,,,,,,,,,,,0.000,,,0,21.9,,43,,0,3
01/17/2026 18:18:50,,81442326017,8144,2,Indoor 03,,,true,false,4,1,1,1,,,1,1,,,5,5,5,5,5,0.38,0,240,,,0,,,,,29.80,,0,,,,,,,,,,,,,,,,,0.000,,,0,21.9,,43,,0,2
01/17/2026 18:41:38,,81442326017,8144,2,Indoor 03,,,true,false,4,1,1,1,,,1,1,,,5,5,5,5,5,0.40,0,241,,,0,,,,,29.80,,0,,,,,,,,,,,,,,,,,0.000,,,0,21.9,,41,,0,3
01/17/2026 18:56:38,,81442326017,8144,2,Indoor 03,,,true,false,4,1,1,1,,,1,1,,,5,5,5,5,5,0.40,0,242,,,0,,,,,29.80,,0,,,,,,,,,,,,,,,,,0.000,,,0,21.9,,41,,0,2
01/17/2026 19:18:55,,81442326017,8144,2,Indoor 03,,,true,false,4,1,1,1,,,1,1,,,4,5,5,5,5,0.45,0,240,,,0,,,,,29.80,,0,,,,,,,,,,,,,,,,,0.000,,,0,21.9,,42,,0,3
01/17/2026 19:33:55,,81442326017,8144,2,Indoor 03,,,true,false,4,1,1,1,,,1,1,,,4,5,5,5,5,0.41,0,237,,,0,,,,,29.80,,0,,,,,,,,,,,,,,,,,0.000,,,0,21.9,,42,,0,2
01/17/2026 19:55:58,,81442326017,8144,2,Indoor 03,,,true,false,4,2,1,1,,,2,2,,,5,5,5,5,5,0.42,0,242,,,0,,,,,29.80,,0,,,,,,,,,,,,,,,,,0.000,,,0,21.9,,42,,0,3
01/17/2026 20:10:58,,81442326017,8144,2,Indoor 03,,,true,false,4,1,1,1,,,1,1,,,5,5,5,5,5,0.39,0,241,,,0,,,,,29.80,,0,,,,,,,,,,,,,,,,,0.000,,,0,21.9,,42,,0,2
01/17/2026 20:33:16,,81442326017,8144,2,Indoor 03,,,true,false,4,1,1,1,,,1,1,,,5,5,5,5,5,0.38,0,245,,,0,,,,,29.80,,0,,,,,,,,,,,,,,,,,0.000,,,0,21.9,,42,,0,3
01/17/2026 20:48:16,,81442326017,8144,2,Indoor 03,,,true,false,8,2,1,2,,,2,2,,,5,6,6,6,6,0.38,0,244,,,0,,,,,29.81,,0,,,,,,,,,,,,,,,,,0.000,,,0,21.9,,42,,0,2
01/17/2026 21:11:19,,81442326017,8144,2,Indoor 03,,,true,false,4,1,1,1,,,1,1,,,5,5,5,5,5,0.36,0,244,,,0,,,,,29.81,,0,,,,,,,,,,,,,,,,,0.000,,,0,21.9,,42,,0,3
01/17/2026 21:26:19,,81442326017,8144,2,Indoor 03,,,true,false,4,1,1,1,,,1,1,,,5,5,5,5,5,0.38,0,252,,,0,,,,,29.81,,0,,,,,,,,,,,,,,,,,0.000,,,0,21.9,,41,,0,2
01/17/2026 21:49:05,,81442326017,8144,2,Indoor 03,,,true,false,8,2,2,2,,,2,2,,,6,6,7,7,7,0.41,0,241,,,0,,,,,29.80,,0,,,,,,,,,,,,,,,,,0.000,,,0,21.9,,41,,0,3
01/17/2026 22:04:05,,81442326017,8144,2,Indoor 03,,,true,false,8,2,2,2,,,2,2,,,6,7,7,7,7,0.38,0,245,,,0,,,,,29.80,,0,,,,,,,,,,,,,,,,,0.000,,,0,21.9,,42,,0,2
01/17/2026 22:26:24,,81442326017,8144,2,Indoor 03,,,true,false,8,2,2,2,,,2,2,,,6,7,7,7,7,0.39,0,247,,,0,,,,,29.81,,0,,,,,,,,,,,,,,,,,0.000,,,0,21.9,,42,,0,3
01/17/2026 22:41:24,,81442326017,8144,2,Indoor 03,,,true,false,8,2,2,2,,,2,2,,,6,6,6,6,6,0.38,0,250,,,0,,,,,29.81,,0,,,,,,,,,,,,,,,,,0.000,,,0,21.9,,42,,0,2
01/17/2026 23:03:57,,81442326017,8144,2,Indoor 03,,,true,false,8,2,2,2,,,2,2,,,6,7,7,7,7,0.43,0,245,,,0,,,,,29.81,,0,,,,,,,,,,,,,,,,,0.000,,,0,21.9,,42,,0,3
01/17/2026 23:18:57,,81442326017,8144,2,Indoor 03,,,true,false,8,2,2,2,,,2,2,,,7,8,8,8,8,0.40,0,251,,,0,,,,,29.80,,0,,,,,,,,,,,,,,,,,0.000,,,0,21.9,,42,,0,2
01/17/2026 23:41:29,,81442326017,8144,2,Indoor 03,,,true,false,8,2,2,2,,,2,2,,,7,8,8,8,8,0.41,0,249,,,0,,,,,29.79,,0,,,,,,,,,,,,,,,,,0.000,,,0,21.9,,42,,0,3
01/17/2026 23:56:29,,81442326017,8144,2,Indoor 03,,,true,false,8,2,2,2,,,2,2,,,7,7,7,7,7,0.40,0,249,,,0,,,,,29.80,,0,,,,,,,,,,,,,,,,,0.000,,,0,21.9,,41,,0,2
01/18/2026 00:18:47,,81442326017,8144,2,Indoor 03,,,true,false,8,2,2,2,,,2,2,,,8,9,9,9,9,0.36,0,266,,,0,,,,,29.81,,0,,,,,,,,,,,,,,,,,0.002,,,0,21.9,,41,,0,3
01/18/2026 00:33:47,,81442326017,8144,2,Indoor 03,,,true,false,8,2,2,2,,,2,2,,,8,9,9,9,9,0.39,0,276,,,0,,,,,29.81,,0,,,,,,,,,,,,,,,,,0.019,,,0,21.8,,41,,0,2
01/18/2026 00:56:35,,81442326017,8144,2,Indoor 03,,,true,false,13,3,2,3,,,3,3,,,9,10,10,10,10,0.37,0,281,,,0,,,,,29.80,,0,,,,,,,,,,,,,,,,,0.000,,,0,21.9,,42,,0,3
01/18/2026 01:11:35,,81442326017,8144,2,Indoor 03,,,true,false,13,3,2,3,,,3,3,,,9,10,10,10,10,0.38,0,276,,,0,,,,,29.80,,0,,,,,,,,,,,,,,,,,0.000,,,0,21.9,,42,,0,2
01/18/2026 01:33:52,,81442326017,8144,2,Indoor 03,,,true,false,13,3,3,3,,,3,3,,,9,10,10,10,10,0.44,0,275,,,0,,,,,29.79,,0,,,,,,,,,,,,,,,,,0.000,,,0,21.9,,42,,0,3
01/18/2026 01:48:52,,81442326017,8144,2,Indoor 03,,,true,false,13,3,3,3,,,3,3,,,9,10,10,10,10,0.40,0,282,,,0,,,,,29.79,,0,,,,,,,,,,,,,,,,,0.001,,,0,21.9,,42,,0,2
01/18/2026 02:11:40,,81442326017,8144,2,Indoor 03,,,true,false,13,3,3,3,,,3,3,,,10,11,11,11,11,0.38,0,296,,,0,,,,,29.79,,0,,,,,,,,,,,,,,,,,0.000,,,0,21.9,,42,,0,3
01/18/2026 02:26:40,,81442326017,8144,2,Indoor 03,,,true,false,17,4,4,4,,,4,4,,,12,14,14,14,14,0.38,0,296,,,0,,,,,29.79,,0,,,,,,,,,,,,,,,,,0.004,,,0,21.9,,41,,0,2
01/18/2026 02:49:27,,81442326017,8144,2,Indoor 03,,,true,false,17,4,4,4,,,4,4,,,14,16,16,16,16,0.40,0,291,,,0,,,,,29.79,,0,,,,,,,,,,,,,,,,,0.000,,,0,21.9,,41,,0,3
01/18/2026 03:04:27,,81442326017,8144,2,Indoor 03,,,true,false,17,4,4,4,,,4,4,,,14,16,16,16,16,0.39,0,294,,,0,,,,,29.79,,0,,,,,,,,,,,,,,,,,0.000,,,0,21.9,,41,,0,2
01/18/2026 03:27:15,,81442326017,8144,2,Indoor 03,,,true,false,17,4,3,4,,,4,4,,,12,13,13,13,13,0.40,0,298,,,0,,,,,29.79,,0,,,,,,,,,,,,,,,,,0.000,,,0,21.9,,41,,0,3
01/18/2026 03:42:15,,81442326017,8144,2,Indoor 03,,,true,false,13,3,3,3,,,3,3,,,11,13,13,13,13,0.39,0,302,,,0,,,,,29.79,,0,,,,,,,,,,,,,,,,,0.000,,,0,21.9,,42,,0,2
01/18/2026 04:05:03,,81442326017,8144,2,Indoor 03,,,true,false,17,4,3,4,,,4,4,,,12,14,14,14,14,0.40,0,302,,,0,,,,,29.78,,0,,,,,,,,,,,,,,,,,0.000,,,0,21.9,,42,,0,3
01/18/2026 04:20:03,,81442326017,8144,2,Indoor 03,,,true,false,17,4,3,4,,,4,4,,,12,13,13,13,13,0.38,0,303,,,0,,,,,29.79,,0,,,,,,,,,,,,,,,,,0.000,,,0,21.9,,42,,0,2
01/18/2026 04:41:21,,81442326017,8144,2,Indoor 03,,,true,false,17,4,4,4,,,4,4,,,14,15,15,15,15,0.38,0,303,,,0,,,,,29.78,,0,,,,,,,,,,,,,,,,,0.000,,,0,21.9,,42,,0,3
01/18/2026 04:56:21,,81442326017,8144,2,Indoor 03,,,true,false,17,4,4,4,,,4,4,,,14,16,16,16,16,0.39,0,307,,,0,,,,,29.77,,0,,,,,,,,,,,,,,,,,0.000,,,0,21.9,,42,,0,2
01/18/2026 05:19:08,,81442326017,8144,2,Indoor 03,,,true,false,21,5,4,5,,,5,5,,,15,17,17,17,17,0.38,0,301,,,0,,,,,29.77,,0,,,,,,,,,,,,,,,,,0.000,,,0,21.9,,42,,0,3
01/18/2026 05:34:08,,81442326017,8144,2,Indoor 03,,,true,false,21,5,5,5,,,5,5,,,16,18,18,18,18,0.39,0,300,,,0,,,,,29.77,,0,,,,,,,,,,,,,,,,,0.000,,,0,21.9,,42,,0,2
01/18/2026 05:56:11,,81442326017,8144,2,Indoor 03,,,true,false,21,5,5,5,,,5,5,,,17,19,19,19,19,0.39,0,302,,,0,,,,,29.75,,0,,,,,,,,,,,,,,,,,0.000,,,0,21.9,,41,,0,3
01/18/2026 06:11:11,,81442326017,8144,2,Indoor 03,,,true,false,21,5,5,5,,,5,5,,,17,19,19,19,19,0.39,0,308,,,0,,,,,29.75,,0,,,,,,,,,,,,,,,,,0.000,,,0,21.9,,41,,0,2
01/18/2026 06:33:29,,81442326017,8144,2,Indoor 03,,,true,false,17,4,4,4,,,4,4,,,15,17,17,17,17,0.40,0,288,,,0,,,,,29.74,,0,,,,,,,,,,,,,,,,,0.000,,,0,21.9,,42,,0,3
01/18/2026 06:48:29,,81442326017,8144,2,Indoor 03,,,true,false,21,5,4,5,,,5,5,,,15,17,17,17,17,0.39,0,290,,,0,,,,,29.75,,0,,,,,,,,,,,,,,,,,0.000,,,0,21.9,,42,,0,2
01/18/2026 07:11:01,,81442326017,8144,2,Indoor 03,,,true,false,17,4,4,4,,,4,4,,,15,16,16,16,16,0.43,0,289,,,0,,,,,29.74,,0,,,,,,,,,,,,,,,,,0.000,,,0,21.9,,42,,0,3
01/18/2026 07:26:01,,81442326017,8144,2,Indoor 03,,,true,false,17,4,4,4,,,4,4,,,14,16,16,16,16,0.38,0,286,,,0,,,,,29.73,,0,,,,,,,,,,,,,,,,,0.000,,,0,21.9,,42,,0,2
01/18/2026 07:47:19,,81442326017,8144,2,Indoor 03,,,true,false,17,4,4,4,,,4,4,,,14,16,16,16,16,0.39,0,285,,,0,,,,,29.74,,0,,,,,,,,,,,,,,,,,0.000,,,0,21.9,,42,,0,3
01/18/2026 08:02:19,,81442326017,8144,2,Indoor 03,,,true,false,17,4,4,4,,,4,4,,,14,16,16,16,16,0.40,0,284,,,0,,,,,29.76,,0,,,,,,,,,,,,,,,,,0.000,,,0,21.9,,41,,0,2
01/18/2026 08:25:07,,81442326017,8144,2,Indoor 03,,,true,false,17,4,4,4,,,4,4,,,13,15,15,15,15,0.41,0,272,,,0,,,,,29.76,,0,,,,,,,,,,,,,,,,,0.000,,,0,21.8,,41,,0,3
01/18/2026 08:40:07,,81442326017,8144,2,Indoor 03,,,true,false,17,4,4,4,,,4,4,,,14,16,16,16,16,0.39,0,276,,,0,,,,,29.75,,0,,,,,,,,,,,,,,,,,0.000,,,0,21.9,,42,,0,2
01/18/2026 09:02:54,,81442326017,8144,2,Indoor 03,,,true,false,17,4,4,4,,,4,4,,,12,14,14,14,14,0.39,0,273,,,0,,,,,29.76,,0,,,,,,,,,,,,,,,,,0.000,,,0,21.9,,42,,0,3
01/18/2026 09:17:54,,81442326017,8144,2,Indoor 03,,,true,false,13,3,3,3,,,3,3,,,11,13,13,13,13,0.37,0,266,,,0,,,,,29.76,,0,,,,,,,,,,,,,,,,,0.000,,,0,21.9,,42,,0,2
01/18/2026 09:40:41,,81442326017,8144,2,Indoor 03,,,true,false,13,3,3,3,,,3,3,,,11,13,13,13,13,0.40,0,258,,,0,,,,,29.75,,0,,,,,,,,,,,,,,,,,0.000,,,0,21.9,,42,,0,3
01/18/2026 09:55:41,,81442326017,8144,2,Indoor 03,,,true,false,13,3,3,3,,,3,3,,,10,12,12,12,12,0.38,0,267,,,0,,,,,29.74,,0,,,,,,,,,,,,,,,,,0.000,,,0,21.9,,42,,0,2
01/18/2026 10:18:14,,81442326017,8144,2,Indoor 03,,,true,false,13,3,3,3,,,3,3,,,10,11,11,11,11,0.39,0,257,,,0,,,,,29.73,,0,,,,,,,,,,,,,,,,,0.000,,,0,21.8,,41,,0,3
01/18/2026 10:33:14,,81442326017,8144,2,Indoor 03,,,true,false,13,3,3,3,,,3,3,,,10,11,11,11,11,0.40,0,262,,,0,,,,,29.73,,0,,,,,,,,,,,,,,,,,0.000,,,0,21.8,,41,,0,2
01/18/2026 10:55:47,,81442326017,8144,2,Indoor 03,,,true,false,13,3,3,3,,,3,3,,,9,11,11,11,11,0.39,0,262,,,0,,,,,29.71,,0,,,,,,,,,,,,,,,,,0.000,,,0,21.9,,41,,0,3
01/18/2026 11:10:47,,81442326017,8144,2,Indoor 03,,,true,false,13,3,3,3,,,3,3,,,10,11,11,11,11,0.39,0,263,,,0,,,,,29.72,,0,,,,,,,,,,,,,,,,,0.001,,,0,21.9,,42,,0,2
01/18/2026 11:33:04,,81442326017,8144,2,Indoor 03,,,true,false,13,3,3,3,,,3,3,,,9,11,11,11,11,0.42,0,264,,,0,,,,,29.72,,0,,,,,,,,,,,,,,,,,0.000,,,0,21.9,,42,,0,3
01/18/2026 11:48:04,,81442326017,8144,2,Indoor 03,,,true,false,13,3,3,3,,,3,3,,,9,10,10,10,10,0.40,0,263,,,0,,,,,29.71,,0,,,,,,,,,,,,,,,,,0.000,,,0,21.9,,42,,0,2
01/18/2026 12:10:37,,81442326017,8144,2,Indoor 03,,,true,false,13,3,3,3,,,3,3,,,9,10,10,10,10,0.39,0,258,,,0,,,,,29.70,,0,,,,,,,,,,,,,,,,,0.000,,,0,21.9,,41,,0,3
01/18/2026 12:25:37,,81442326017,8144,2,Indoor 03,,,true,false,13,3,3,3,,,3,3,,,10,11,11,11,11,0.39,0,266,,,0,,,,,29.69,,0,,,,,,,,,,,,,,,,,0.000,,,0,21.9,,41,,0,2
01/18/2026 12:48:09,,81442326017,8144,2,Indoor 03,,,true,false,13,3,3,3,,,3,3,,,10,12,12,12,12,0.38,0,267,,,0,,,,,29.69,,0,,,,,,,,,,,,,,,,,0.000,,,0,21.8,,42,,0,3
01/18/2026 13:03:09,,81442326017,8144,2,Indoor 03,,,true,false,13,3,3,3,,,3,3,,,9,11,11,11,11,0.39,0,271,,,0,,,,,29.69,,0,,,,,,,,,,,,,,,,,0.000,,,0,21.8,,42,,0,2
01/18/2026 13:25:58,,81442326017,8144,2,Indoor 03,,,true,false,13,3,3,3,,,3,3,,,9,10,10,10,10,0.39,0,266,,,0,,,,,29.70,,0,,,,,,,,,,,,,,,,,0.000,,,0,21.8,,41,,0,3
01/18/2026 13:40:58,,81442326017,8144,2,Indoor 03,,,true,false,13,3,3,3,,,3,3,,,9,10,10,10,10,0.39,0,262,,,0,,,,,29.70,,0,,,,,,,,,,,,,,,,,0.000,,,0,21.8,,41,,0,2
01/18/2026 14:02:46,,81442326017,8144,2,Indoor 03,,,true,false,8,2,2,2,,,2,2,,,8,9,9,9,9,0.38,0,256,,,0,,,,,29.70,,0,,,,,,,,,,,,,,,,,0.000,,,0,21.8,,40,,0,3
01/18/2026 14:17:46,,81442326017,8144,2,Indoor 03,,,true,false,8,2,2,2,,,2,2,,,7,8,8,8,8,0.38,0,258,,,0,,,,,29.70,,0,,,,,,,,,,,,,,,,,0.000,,,0,21.8,,41,,0,2
01/18/2026 14:40:32,,81442326017,8144,2,Indoor 03,,,true,false,13,3,3,3,,,3,3,,,9,10,10,10,10,0.39,0,262,,,0,,,,,29.70,,0,,,,,,,,,,,,,,,,,0.000,,,0,21.9,,42,,0,3
01/18/2026 14:55:32,,81442326017,8144,2,Indoor 03,,,true,false,13,3,3,3,,,3,3,,,9,10,10,10,10,0.38,0,260,,,0,,,,,29.71,,0,,,,,,,,,,,,,,,,,0.000,,,0,21.9,,42,,0,2
01/18/2026 15:18:21,,81442326017,8144,2,Indoor 03,,,true,false,13,3,3,3,,,3,3,,,9,11,11,11,11,0.41,0,268,,,0,,,,,29.71,,0,,,,,,,,,,,,,,,,,0.000,,,0,21.9,,41,,0,3
01/18/2026 15:33:21,,81442326017,8144,2,Indoor 03,,,true,false,13,3,3,3,,,3,3,,,9,10,10,10,10,0.39,0,270,,,0,,,,,29.70,,0,,,,,,,,,,,,,,,,,0.000,,,0,21.9,,40,,0,2
01/18/2026 15:56:08,,81442326017,8144,2,Indoor 03,,,true,false,8,2,2,2,,,2,2,,,6,7,7,7,7,0.37,0,271,,,0,,,,,29.70,,0,,,,,,,,,,,,,,,,,0.001,,,0,21.9,,41,,0,3
01/18/2026 16:11:08,,81442326017,8144,2,Indoor 03,,,true,false,8,2,2,2,,,2,2,,,6,6,6,6,6,0.39,0,271,,,0,,,,,29.69,,0,,,,,,,,,,,,,,,,,0.017,,,0,21.9,,42,,0,2
01/18/2026 16:33:26,,81442326017,8144,2,Indoor 03,,,true,false,8,2,2,2,,,2,2,,,6,6,6,6,6,0.35,0,268,,,0,,,,,29.67,,0,,,,,,,,,,,,,,,,,0.000,,,0,21.9,,42,,0,3
01/18/2026 16:48:26,,81442326017,8144,2,Indoor 03,,,true,false,8,2,2,2,,,2,2,,,6,6,6,6,6,0.36,0,266,,,0,,,,,29.66,,0,,,,,,,,,,,,,,,,,0.000,,,0,21.9,,41,,0,2
01/18/2026 17:10:59,,81442326017,8144,2,Indoor 03,,,true,false,8,2,2,2,,,2,2,,,5,6,6,6,6,0.39,0,275,,,0,,,,,29.65,,0,,,,,,,,,,,,,,,,,0.000,,,0,21.8,,41,,0,3
01/18/2026 17:25:59,,81442326017,8144,2,Indoor 03,,,true,false,8,2,2,2,,,2,2,,,5,6,6,6,6,0.38,0,272,,,0,,,,,29.64,,0,,,,,,,,,,,,,,,,,0.000,,,0,21.8,,41,,0,2
01/18/2026 17:48:31,,81442326017,8144,2,Indoor 03,,,true,false,4,1,1,1,,,1,1,,,5,5,5,5,5,0.38,0,277,,,0,,,,,29.63,,0,,,,,,,,,,,,,,,,,0.000,,,0,21.8,,41,,0,3
01/18/2026 18:03:31,,81442326017,8144,2,Indoor 03,,,true,false,4,1,1,1,,,1,1,,,5,5,5,5,5,0.38,0,275,,,0,,,,,29.62,,0,,,,,,,,,,,,,,,,,0.000,,,0,21.8,,41,,0,2
01/18/2026 18:26:04,,81442326017,8144,2,Indoor 03,,,true,false,4,1,1,1,,,1,1,,,4,5,5,5,5,0.36,0,274,,,0,,,,,29.61,,0,,,,,,,,,,,,,,,,,0.000,,,0,21.9,,42,,0,3
01/18/2026 18:41:04,,81442326017,8144,2,Indoor 03,,,true,false,4,1,1,1,,,1,1,,,5,5,5,5,5,0.38,0,264,,,0,,,,,29.60,,0,,,,,,,,,,,,,,,,,0.000,,,0,21.9,,42,,0,2
01/18/2026 19:03:52,,81442326017,8144,2,Indoor 03,,,true,false,4,1,1,1,,,1,1,,,4,5,5,5,5,0.37,0,261,,,0,,,,,29.61,,0,,,,,,,,,,,,,,,,,0.000,,,0,21.9,,41,,0,3
01/18/2026 19:18:52,,81442326017,8144,2,Indoor 03,,,true,false,4,1,1,1,,,1,1,,,4,4,4,4,4,0.37,0,261,,,0,,,,,29.61,,0,,,,,,,,,,,,,,,,,0.000,,,0,21.9,,41,,0,2
01/18/2026 19:41:24,,81442326017,8144,2,Indoor 03,,,true,false,4,1,1,1,,,1,1,,,3,4,4,4,4,0.37,0,255,,,0,,,,,29.61,,0,,,,,,,,,,,,,,,,,0.000,,,0,21.9,,41,,0,3
01/18/2026 19:56:24,,81442326017,8144,2,Indoor 03,,,true,false,4,1,1,1,,,1,1,,,3,3,3,3,3,0.37,0,255,,,0,,,,,29.62,,0,,,,,,,,,,,,,,,,,0.000,,,0,21.9,,41,,0,2
01/18/2026 20:18:43,,81442326017,8144,2,Indoor 03,,,true,false,4,1,1,1,,,1,1,,,3,3,3,3,3,0.39,0,246,,,0,,,,,29.63,,0,,,,,,,,,,,,,,,,,0.000,,,0,21.9,,42,,0,3
01/18/2026 20:33:43,,81442326017,8144,2,Indoor 03,,,true,false,4,1,1,1,,,1,1,,,3,3,3,3,3,0.38,0,246,,,0,,,,,29.66,,0,,,,,,,,,,,,,,,,,0.000,,,0,21.9,,42,,0,2
01/18/2026 20:56:44,,81442326017,8144,2,Indoor 03,,,true,false,4,1,1,1,,,1,1,,,2,2,2,2,2,0.39,0,244,,,0,,,,,29.66,,0,,,,,,,,,,,,,,,,,0.000,,,0,21.9,,41,,0,3
01/18/2026 21:11:44,,81442326017,8144,2,Indoor 03,,,true,false,4,1,1,1,,,1,1,,,2,2,2,2,2,0.38,0,253,,,0,,,,,29.66,,0,,,,,,,,,,,,,,,,,0.000,,,0,21.9,,41,,0,2
01/18/2026 21:34:18,,81442326017,8144,2,Indoor 03,,,true,false,4,1,1,1,,,1,1,,,2,2,2,2,2,0.43,0,246,,,0,,,,,29.67,,0,,,,,,,,,,,,,,,,,0.000,,,0,21.9,,41,,0,3
01/18/2026 21:49:18,,81442326017,8144,2,Indoor 03,,,true,false,4,1,1,1,,,1,1,,,2,2,2,2,2,0.39,0,247,,,0,,,,,29.67,,0,,,,,,,,,,,,,,,,,0.000,,,0,21.9,,42,,0,2
01/18/2026 22:12:06,,81442326017,8144,2,Indoor 03,,,true,false,4,1,1,1,,,1,1,,,2,2,2,2,2,0.33,0,246,,,0,,,,,29.67,,0,,,,,,,,,,,,,,,,,0.000,,,0,21.9,,42,,0,3
01/18/2026 22:27:06,,81442326017,8144,2,Indoor 03,,,true,false,4,1,1,1,,,1,1,,,2,3,3,3,3,0.35,0,248,,,0,,,,,29.66,,0,,,,,,,,,,,,,,,,,0.000,,,0,21.9,,41,,0,2
01/18/2026 22:49:22,,81442326017,8144,2,Indoor 03,,,true,false,4,1,1,1,,,1,1,,,3,3,3,3,3,0.37,0,249,,,0,,,,,29.65,,0,,,,,,,,,,,,,,,,,0.000,,,0,21.9,,41,,0,3
01/18/2026 23:04:22,,81442326017,8144,2,Indoor 03,,,true,false,4,1,1,1,,,1,1,,,3,3,3,3,3,0.37,0,245,,,0,,,,,29.66,,0,,,,,,,,,,,,,,,,,0.000,,,0,21.9,,41,,0,2
01/18/2026 23:27:10,,81442326017,8144,2,Indoor 03,,,true,false,4,1,1,1,,,1,1,,,3,4,4,4,4,0.38,0,244,,,0,,,,,29.67,,0,,,,,,,,,,,,,,,,,0.000,,,0,21.9,,42,,0,3
01/18/2026 23:42:10,,81442326017,8144,2,Indoor 03,,,true,false,4,1,1,1,,,1,1,,,3,4,4,4,4,0.38,0,244,,,0,,,,,29.68,,0,,,,,,,,,,,,,,,,,0.000,,,0,21.9,,42,,0,2
01/19/2026 00:04:28,,81442326017,8144,2,Indoor 03,,,true,false,4,1,1,1,,,1,1,,,3,3,3,3,3,0.41,0,246,,,0,,,,,29.69,,0,,,,,,,,,,,,,,,,,0.000,,,0,21.9,,42,,0,3
01/19/2026 00:19:28,,81442326017,8144,2,Indoor 03,,,true,false,4,1,1,1,,,1,1,,,3,3,3,3,3,0.39,0,251,,,0,,,,,29.70,,0,,,,,,,,,,,,,,,,,0.000,,,0,21.9,,41,,0,2
01/19/2026 00:41:45,,81442326017,8144,2,Indoor 03,,,true,false,4,1,1,1,,,1,1,,,3,3,3,3,3,0.41,0,242,,,0,,,,,29.70,,0,,,,,,,,,,,,,,,,,0.000,,,0,21.9,,41,,0,3
01/19/2026 00:56:45,,81442326017,8144,2,Indoor 03,,,true,false,4,1,1,1,,,1,1,,,3,3,3,3,3,0.39,0,244,,,0,,,,,29.70,,0,,,,,,,,,,,,,,,,,0.000,,,0,21.9,,41,,0,2
01/19/2026 01:19:19,,81442326017,8144,2,Indoor 03,,,true,false,4,1,1,1,,,1,1,,,3,3,3,3,3,0.37,0,250,,,0,,,,,29.71,,0,,,,,,,,,,,,,,,,,0.000,,,0,21.9,,42,,0,3
01/19/2026 01:34:19,,81442326017,8144,2,Indoor 03,,,true,false,4,1,1,1,,,1,1,,,4,4,4,4,4,0.37,0,250,,,0,,,,,29.70,,0,,,,,,,,,,,,,,,,,0.000,,,0,21.9,,42,,0,2
01/19/2026 01:57:22,,81442326017,8144,2,Indoor 03,,,true,false,4,1,1,1,,,1,1,,,3,4,4,4,4,0.41,0,242,,,0,,,,,29.71,,0,,,,,,,,,,,,,,,,,0.000,,,0,21.9,,42,,0,3
01/19/2026 02:12:22,,81442326017,8144,2,Indoor 03,,,true,false,4,1,1,1,,,1,1,,,3,4,4,4,4,0.40,0,250,,,0,,,,,29.72,,0,,,,,,,,,,,,,,,,,0.000,,,0,21.9,,41,,0,2
01/19/2026 02:35:08,,81442326017,8144,2,Indoor 03,,,true,false,4,1,1,1,,,1,1,,,4,4,4,4,4,0.37,0,246,,,0,,,,,29.73,,0,,,,,,,,,,,,,,,,,0.000,,,0,21.9,,41,,0,3
01/19/2026 02:50:08,,81442326017,8144,2,Indoor 03,,,true,false,4,1,1,1,,,1,1,,,4,5,5,5,5,0.37,0,244,,,0,,,,,29.74,,0,,,,,,,,,,,,,,,,,0.001,,,0,21.9,,42,,0,2
01/19/2026 03:11:26,,81442326017,8144,2,Indoor 03,,,true,false,4,1,1,1,,,1,1,,,5,5,5,5,5,0.36,0,245,,,0,,,,,29.74,,0,,,,,,,,,,,,,,,,,0.000,,,0,21.9,,42,,0,3
01/19/2026 03:26:26,,81442326017,8144,2,Indoor 03,,,true,false,4,1,1,1,,,1,1,,,5,5,5,5,5,0.36,0,249,,,0,,,,,29.74,,0,,,,,,,,,,,,,,,,,0.000,,,0,21.9,,42,,0,2
01/19/2026 03:48:45,,81442326017,8144,2,Indoor 03,,,true,false,4,1,1,1,,,1,1,,,5,5,5,5,5,0.35,0,254,,,0,,,,,29.75,,0,,,,,,,,,,,,,,,,,0.000,,,0,21.9,,41,,0,3
01/19/2026 04:03:45,,81442326017,8144,2,Indoor 03,,,true,false,8,2,1,2,,,2,2,,,5,6,6,6,6,0.37,0,254,,,0,,,,,29.75,,0,,,,,,,,,,,,,,,,,0.000,,,0,21.9,,41,,0,2
01/19/2026 04:25:46,,81442326017,8144,2,Indoor 03,,,true,false,8,2,2,2,,,2,2,,,5,6,6,6,6,0.42,0,248,,,0,,,,,29.75,,0,,,,,,,,,,,,,,,,,0.000,,,0,21.9,,41,,0,3
01/19/2026 04:40:46,,81442326017,8144,2,Indoor 03,,,true,false,8,2,2,2,,,2,2,,,5,6,6,6,6,0.40,0,251,,,0,,,,,29.75,,0,,,,,,,,,,,,,,,,,0.000,,,0,21.9,,41,,0,2
01/19/2026 05:03:04,,81442326017,8144,2,Indoor 03,,,true,false,8,2,2,2,,,2,2,,,5,6,6,6,6,0.44,0,246,,,0,,,,,29.75,,0,,,,,,,,,,,,,,,,,0.000,,,0,21.9,,42,,0,3
01/19/2026 05:18:04,,81442326017,8144,2,Indoor 03,,,true,false,8,2,2,2,,,2,2,,,5,6,6,6,6,0.38,0,243,,,0,,,,,29.75,,0,,,,,,,,,,,,,,,,,0.000,,,0,21.9,,41,,0,2
01/19/2026 05:39:53,,81442326017,8144,2,Indoor 03,,,true,false,8,2,2,2,,,2,2,,,6,7,7,7,7,0.35,0,245,,,0,,,,,29.74,,0,,,,,,,,,,,,,,,,,0.000,,,0,21.9,,41,,0,3
01/19/2026 05:54:53,,81442326017,8144,2,Indoor 03,,,true,false,8,2,2,2,,,2,2,,,6,7,7,7,7,0.36,0,248,,,0,,,,,29.74,,0,,,,,,,,,,,,,,,,,0.000,,,0,21.9,,41,,0,2
01/19/2026 06:17:09,,81442326017,8144,2,Indoor 03,,,true,false,8,2,2,2,,,2,2,,,6,7,7,7,7,0.39,0,243,,,0,,,,,29.74,,0,,,,,,,,,,,,,,,,,0.000,,,0,21.9,,41,,0,3
01/19/2026 06:32:09,,81442326017,8144,2,Indoor 03,,,true,false,8,2,2,2,,,2,2,,,6,7,7,7,7,0.38,0,245,,,0,,,,,29.75,,0,,,,,,,,,,,,,,,,,0.000,,,0,21.9,,41,,0,2
01/19/2026 06:54:28,,81442326017,8144,2,Indoor 03,,,true,false,8,2,2,2,,,2,2,,,7,8,8,8,8,0.39,0,249,,,0,,,,,29.75,,0,,,,,,,,,,,,,,,,,0.000,,,0,21.9,,41,,0,3
01/19/2026 07:09:28,,81442326017,8144,2,Indoor 03,,,true,false,8,2,2,2,,,2,2,,,7,7,7,7,7,0.37,0,247,,,0,,,,,29.75,,0,,,,,,,,,,,,,,,,,0.000,,,0,21.9,,41,,0,2
01/19/2026 07:32:16,,81442326017,8144,2,Indoor 03,,,true,false,8,2,2,2,,,2,2,,,7,8,8,8,8,0.38,0,242,,,0,,,,,29.76,,0,,,,,,,,,,,,,,,,,0.000,,,0,21.9,,41,,0,3
01/19/2026 07:47:16,,81442326017,8144,2,Indoor 03,,,true,false,8,2,2,2,,,2,2,,,7,8,8,8,8,0.39,0,244,,,0,,,,,29.76,,0,,,,,,,,,,,,,,,,,0.000,,,0,21.9,,41,,0,2
01/19/2026 08:10:03,,81442326017,8144,2,Indoor 03,,,true,false,8,2,2,2,,,2,2,,,7,8,8,8,8,0.36,0,244,,,0,,,,,29.77,,0,,,,,,,,,,,,,,,,,0.000,,,0,21.9,,41,,0,3
01/19/2026 08:25:03,,81442326017,8144,2,Indoor 03,,,true,false,8,2,2,2,,,2,2,,,7,8,8,8,8,0.38,0,243,,,0,,,,,29.76,,0,,,,,,,,,,,,,,,,,0.000,,,0,21.9,,41,,0,2
01/19/2026 08:46:21,,81442326017,8144,2,Indoor 03,,,true,false,8,2,2,2,,,2,2,,,7,8,8,8,8,0.38,0,248,,,0,,,,,29.76,,0,,,,,,,,,,,,,,,,,0.000,,,0,21.9,,41,,0,3
01/19/2026 09:01:21,,81442326017,8144,2,Indoor 03,,,true,false,8,2,2,2,,,2,2,,,7,8,8,8,8,0.37,0,252,,,0,,,,,29.76,,0,,,,,,,,,,,,,,,,,0.000,,,0,21.9,,40,,0,2
01/19/2026 09:22:54,,81442326017,8144,2,Indoor 03,,,true,false,8,2,2,2,,,2,2,,,7,8,8,8,8,0.38,0,259,,,0,,,,,29.76,,0,,,,,,,,,,,,,,,,,0.000,,,0,21.9,,41,,0,3
01/19/2026 09:37:54,,81442326017,8144,2,Indoor 03,,,true,false,8,2,2,2,,,2,2,,,7,8,8,8,8,0.37,0,259,,,0,,,,,29.77,,0,,,,,,,,,,,,,,,,,0.000,,,0,21.8,,41,,0,2
01/19/2026 10:00:26,,81442326017,8144,2,Indoor 03,,,true,false,8,2,2,2,,,2,2,,,7,7,7,7,7,0.37,0,255,,,0,,,,,29.78,,0,,,,,,,,,,,,,,,,,0.000,,,0,21.8,,41,,0,3
01/19/2026 10:15:26,,81442326017,8144,2,Indoor 03,,,true,false,8,2,2,2,,,2,2,,,6,7,7,7,7,0.38,0,251,,,0,,,,,29.78,,0,,,,,,,,,,,,,,,,,0.000,,,0,21.9,,41,,0,2
01/19/2026 10:36:29,,81442326017,8144,2,Indoor 03,,,true,false,8,2,2,2,,,2,2,,,7,8,8,8,8,0.36,0,256,,,0,,,,,29.79,,0,,,,,,,,,,,,,,,,,0.000,,,0,21.9,,41,,0,3
01/19/2026 10:51:29,,81442326017,8144,2,Indoor 03,,,true,false,8,2,2,2,,,2,2,,,7,7,7,7,7,0.37,0,260,,,0,,,,,29.79,,0,,,,,,,,,,,,,,,,,0.000,,,0,21.9,,40,,0,2
01/19/2026 11:14:02,,81442326017,8144,2,Indoor 03,,,true,false,8,2,2,2,,,2,2,,,7,8,8,8,8,0.38,0,256,,,0,,,,,29.79,,0,,,,,,,,,,,,,,,,,0.000,,,0,21.9,,40,,0,3
01/19/2026 11:29:02,,81442326017,8144,2,Indoor 03,,,true,false,8,2,2,2,,,2,2,,,7,8,8,8,8,0.39,0,261,,,0,,,,,29.79,,0,,,,,,,,,,,,,,,,,0.002,,,0,21.9,,41,,0,2
01/19/2026 11:50:48,,81442326017,8144,2,Indoor 03,,,true,false,8,2,2,2,,,2,2,,,7,8,8,8,8,0.38,0,254,,,0,,,,,29.79,,0,,,,,,,,,,,,,,,,,0.000,,,0,21.9,,43,,0,3
01/19/2026 12:05:48,,81442326017,8144,2,Indoor 03,,,true,false,8,2,2,2,,,2,2,,,7,8,8,8,8,0.37,0,257,,,0,,,,,29.79,,0,,,,,,,,,,,,,,,,,0.008,,,0,21.9,,44,,0,2
01/19/2026 12:28:22,,81442326017,8144,2,Indoor 03,,,true,false,8,2,2,2,,,2,2,,,7,8,8,8,8,0.35,0,254,,,0,,,,,29.79,,0,,,,,,,,,,,,,,,,,0.000,,,0,22.0,,44,,0,3
01/19/2026 12:43:22,,81442326017,8144,2,Indoor 03,,,true,false,8,2,2,2,,,2,2,,,7,8,8,8,8,0.37,0,251,,,0,,,,,29.80,,0,,,,,,,,,,,,,,,,,0.000,,,0,22.0,,45,,0,2
01/19/2026 13:05:39,,81442326017,8144,2,Indoor 03,,,true,false,8,2,2,2,,,2,2,,,7,8,8,8,8,0.35,0,251,,,0,,,,,29.81,,0,,,,,,,,,,,,,,,,,0.000,,,0,22.0,,45,,0,3
01/19/2026 13:20:39,,81442326017,8144,2,Indoor 03,,,true,false,8,2,2,2,,,2,2,,,7,7,7,7,7,0.37,0,255,,,0,,,,,29.81,,0,,,,,,,,,,,,,,,,,0.000,,,0,22.0,,45,,0,2
01/19/2026 13:43:11,,81442326017,8144,2,Indoor 03,,,true,false,8,2,2,2,,,2,2,,,7,8,8,8,8,0.37,0,255,,,0,,,,,29.82,,0,,,,,,,,,,,,,,,,,0.000,,,0,22.0,,45,,0,3
01/19/2026 13:58:11,,81442326017,8144,2,Indoor 03,,,true,false,8,2,2,2,,,2,2,,,8,8,9,9,9,0.36,0,256,,,0,,,,,29.83,,0,,,,,,,,,,,,,,,,,0.010,,,0,22.0,,45,,0,2
01/19/2026 14:20:44,,81442326017,8144,2,Indoor 03,,,true,false,13,3,3,3,,,3,3,,,9,10,10,10,10,0.38,0,255,,,0,,,,,29.83,,0,,,,,,,,,,,,,,,,,0.000,,,0,22.0,,44,,0,3
01/19/2026 14:35:44,,81442326017,8144,2,Indoor 03,,,true,false,8,2,2,2,,,2,2,,,7,8,8,8,8,0.39,0,257,,,0,,,,,29.84,,0,,,,,,,,,,,,,,,,,0.000,,,0,22.0,,43,,0,2
01/19/2026 14:58:17,,81442326017,8144,2,Indoor 03,,,true,false,8,2,2,2,,,2,2,,,7,8,8,8,8,0.41,0,262,,,0,,,,,29.85,,0,,,,,,,,,,,,,,,,,0.000,,,0,22.1,,43,,0,3
01/19/2026 15:13:17,,81442326017,8144,2,Indoor 03,,,true,false,8,2,2,2,,,2,2,,,7,8,8,8,8,0.39,0,263,,,0,,,,,29.85,,0,,,,,,,,,,,,,,,,,0.000,,,0,22.0,,43,,0,2
01/19/2026 15:33:20,,81442326017,8144,2,Indoor 03,,,true,false,8,2,2,2,,,2,2,,,7,8,8,8,8,0.39,0,265,,,0,,,,,29.85,,0,,,,,,,,,,,,,,,,,0.000,,,0,22.0,,43,,0,3
01/19/2026 15:48:20,,81442326017,8144,2,Indoor 03,,,true,false,8,2,2,2,,,2,2,,,7,8,8,8,8,0.37,0,270,,,0,,,,,29.84,,0,,,,,,,,,,,,,,,,,0.027,,,0,22.0,,43,,0,2
01/19/2026 16:10:22,,81442326017,8144,2,Indoor 03,,,true,false,8,2,2,2,,,2,2,,,6,7,7,7,7,0.36,0,252,,,0,,,,,29.83,,0,,,,,,,,,,,,,,,,,0.000,,,0,22.0,,43,,0,3
01/19/2026 16:25:22,,81442326017,8144,2,Indoor 03,,,true,false,8,2,2,2,,,2,2,,,6,7,7,7,7,0.37,0,259,,,0,,,,,29.83,,0,,,,,,,,,,,,,,,,,0.000,,,0,22.0,,43,,0,2
01/19/2026 16:47:56,,81442326017,8144,2,Indoor 03,,,true,false,4,1,1,1,,,1,1,,,4,4,4,4,4,0.41,0,245,,,0,,,,,29.81,,0,,,,,,,,,,,,,,,,,0.000,,,0,21.9,,42,,0,3
01/19/2026 17:02:56,,81442326017,8144,2,Indoor 03,,,true,false,4,1,1,1,,,1,1,,,3,4,4,4,4,0.38,0,245,,,0,,,,,29.80,,0,,,,,,,,,,,,,,,,,0.000,,,0,21.9,,42,,0,2
01/19/2026 17:25:29,,81442326017,8144,2,Indoor 03,,,true,false,4,1,1,1,,,1,1,,,3,3,3,3,3,0.38,0,240,,,0,,,,,29.79,,0,,,,,,,,,,,,,,,,,0.000,,,0,22.0,,42,,0,3
01/19/2026 17:40:29,,81442326017,8144,2,Indoor 03,,,true,false,4,1,1,1,,,1,1,,,3,3,3,3,3,0.38,0,239,,,0,,,,,29.79,,0,,,,,,,,,,,,,,,,,0.000,,,0,22.0,,43,,0,2
01/19/2026 18:03:31,,81442326017,8144,2,Indoor 03,,,true,false,4,1,1,1,,,1,1,,,3,4,4,4,4,0.36,0,246,,,0,,,,,29.78,,0,,,,,,,,,,,,,,,,,0.000,,,0,22.0,,44,,0,3
01/19/2026 18:18:31,,81442326017,8144,2,Indoor 03,,,true,false,4,1,1,1,,,1,1,,,3,3,3,3,3,0.38,0,248,,,0,,,,,29.77,,0,,,,,,,,,,,,,,,,,0.000,,,0,21.9,,44,,0,2
01/19/2026 18:41:04,,81442326017,8144,2,Indoor 03,,,true,false,4,1,1,1,,,1,1,,,3,3,3,3,3,0.38,0,238,,,0,,,,,29.77,,0,,,,,,,,,,,,,,,,,0.000,,,0,21.9,,44,,0,3
01/19/2026 18:56:04,,81442326017,8144,2,Indoor 03,,,true,false,4,1,1,1,,,1,1,,,3,3,3,3,3,0.37,0,240,,,0,,,,,29.77,,0,,,,,,,,,,,,,,,,,0.000,,,0,21.9,,44,,0,2
01/19/2026 19:18:52,,81442326017,8144,2,Indoor 03,,,true,false,4,1,1,1,,,1,1,,,3,4,4,4,4,0.41,0,240,,,0,,,,,29.78,,0,,,,,,,,,,,,,,,,,0.000,,,0,21.9,,44,,0,3
01/19/2026 19:33:52,,81442326017,8144,2,Indoor 03,,,true,false,4,1,1,1,,,1,1,,,3,4,4,4,4,0.39,0,238,,,0,,,,,29.78,,0,,,,,,,,,,,,,,,,,0.000,,,0,21.9,,44,,0,2
01/19/2026 19:55:53,,81442326017,8144,2,Indoor 03,,,true,false,4,1,1,1,,,1,1,,,3,4,4,4,4,0.36,0,239,,,0,,,,,29.78,,0,,,,,,,,,,,,,,,,,0.000,,,0,21.9,,43,,0,3
01/19/2026 20:10:53,,81442326017,8144,2,Indoor 03,,,true,false,4,1,1,1,,,1,1,,,4,4,4,4,4,0.37,0,245,,,0,,,,,29.78,,0,,,,,,,,,,,,,,,,,0.000,,,0,21.9,,43,,0,2
01/19/2026 20:33:41,,81442326017,8144,2,Indoor 03,,,true,false,4,1,1,1,,,1,1,,,4,4,4,4,4,0.35,0,239,,,0,,,,,29.79,,0,,,,,,,,,,,,,,,,,0.000,,,0,21.9,,42,,0,3
01/19/2026 20:48:41,,81442326017,8144,2,Indoor 03,,,true,false,4,1,1,1,,,1,1,,,4,4,4,4,4,0.36,0,241,,,0,,,,,29.79,,0,,,,,,,,,,,,,,,,,0.000,,,0,21.9,,42,,0,2
01/19/2026 21:11:15,,81442326017,8144,2,Indoor 03,,,true,false,4,1,1,1,,,1,1,,,4,4,4,4,4,0.40,0,237,,,0,,,,,29.79,,0,,,,,,,,,,,,,,,,,0.000,,,0,22.0,,43,,0,3
01/19/2026 21:26:15,,81442326017,8144,2,Indoor 03,,,true,false,4,1,1,1,,,1,1,,,3,4,4,4,4,0.41,0,243,,,0,,,,,29.79,,0,,,,,,,,,,,,,,,,,0.000,,,0,22.0,,43,,0,2
01/19/2026 21:48:47,,81442326017,8144,2,Indoor 03,,,true,false,4,1,1,1,,,1,1,,,3,4,4,4,4,0.37,0,245,,,0,,,,,29.80,,0,,,,,,,,,,,,,,,,,0.000,,,0,21.9,,43,,0,3
01/19/2026 22:03:47,,81442326017,8144,2,Indoor 03,,,true,false,4,1,1,1,,,1,1,,,3,4,4,4,4,0.37,0,247,,,0,,,,,29.81,,0,,,,,,,,,,,,,,,,,0.000,,,0,21.9,,43,,0,2
01/19/2026 22:26:20,,81442326017,8144,2,Indoor 03,,,true,false,4,1,1,1,,,1,1,,,3,3,3,3,3,0.40,0,240,,,0,,,,,29.82,,0,,,,,,,,,,,,,,,,,0.000,,,0,22.0,,43,,0,3
01/19/2026 22:41:20,,81442326017,8144,2,Indoor 03,,,true,false,4,1,1,1,,,1,1,,,3,4,4,4,4,0.39,0,243,,,0,,,,,29.82,,0,,,,,,,,,,,,,,,,,0.000,,,0,22.0,,43,,0,2
01/19/2026 23:04:23,,81442326017,8144,2,Indoor 03,,,true,false,4,1,1,1,,,1,1,,,4,4,4,4,4,0.39,0,236,,,0,,,,,29.82,,0,,,,,,,,,,,,,,,,,0.000,,,0,22.0,,42,,0,3
01/19/2026 23:19:23,,81442326017,8144,2,Indoor 03,,,true,false,4,1,1,1,,,1,1,,,4,4,4,4,4,0.40,0,238,,,0,,,,,29.83,,0,,,,,,,,,,,,,,,,,0.000,,,0,22.0,,42,,0,2
01/19/2026 23:41:55,,81442326017,8144,2,Indoor 03,,,true,false,4,1,1,1,,,1,1,,,3,4,4,4,4,0.37,0,240,,,0,,,,,29.84,,0,,,,,,,,,,,,,,,,,0.000,,,0,22.0,,43,,0,3
01/19/2026 23:56:55,,81442326017,8144,2,Indoor 03,,,true,false,4,1,1,1,,,1,1,,,4,5,5,5,5,0.37,0,241,,,0,,,,,29.84,,0,,,,,,,,,,,,,,,,,0.000,,,0,22.0,,43,,0,2
01/20/2026 00:19:12,,81442326017,8144,2,Indoor 03,,,true,false,4,1,1,1,,,1,1,,,4,5,5,5,5,0.37,0,245,,,0,,,,,29.84,,0,,,,,,,,,,,,,,,,,0.000,,,0,22.0,,44,,0,3
01/20/2026 00:34:12,,81442326017,8144,2,Indoor 03,,,true,false,4,1,1,1,,,1,1,,,5,5,5,5,5,0.38,0,252,,,0,,,,,29.85,,0,,,,,,,,,,,,,,,,,0.000,,,0,22.0,,44,,0,2
01/20/2026 00:56:46,,81442326017,8144,2,Indoor 03,,,true,false,4,1,1,1,,,1,1,,,4,5,5,5,5,0.38,0,247,,,0,,,,,29.86,,0,,,,,,,,,,,,,,,,,0.000,,,0,21.9,,44,,0,3
01/20/2026 01:11:46,,81442326017,8144,2,Indoor 03,,,true,false,4,1,1,1,,,1,1,,,4,5,5,5,5,0.38,0,248,,,0,,,,,29.86,,0,,,,,,,,,,,,,,,,,0.000,,,0,21.9,,44,,0,2
01/20/2026 01:34:18,,81442326017,8144,2,Indoor 03,,,true,false,4,1,1,1,,,1,1,,,5,5,5,5,5,0.40,0,249,,,0,,,,,29.87,,0,,,,,,,,,,,,,,,,,0.000,,,0,21.9,,43,,0,3
01/20/2026 01:49:18,,81442326017,8144,2,Indoor 03,,,true,false,4,1,1,1,,,1,1,,,5,5,5,5,5,0.40,0,248,,,0,,,,,29.88,,0,,,,,,,,,,,,,,,,,0.000,,,0,22.0,,43,,0,2
01/20/2026 02:12:05,,81442326017,8144,2,Indoor 03,,,true,false,4,1,1,1,,,1,1,,,4,5,5,5,5,0.39,0,240,,,0,,,,,29.89,,0,,,,,,,,,,,,,,,,,0.000,,,0,21.9,,43,,0,3
01/20/2026 02:27:05,,81442326017,8144,2,Indoor 03,,,true,false,4,1,1,1,,,1,1,,,5,5,5,5,5,0.38,0,239,,,0,,,,,29.89,,0,,,,,,,,,,,,,,,,,0.000,,,0,21.9,,43,,0,2
01/20/2026 02:49:38,,81442326017,8144,2,Indoor 03,,,true,false,4,1,1,1,,,1,1,,,5,5,5,5,5,0.41,0,238,,,0,,,,,29.90,,0,,,,,,,,,,,,,,,,,0.000,,,0,21.9,,43,,0,3
01/20/2026 03:04:38,,81442326017,8144,2,Indoor 03,,,true,false,8,2,1,2,,,2,2,,,5,6,6,6,6,0.41,0,243,,,0,,,,,29.90,,0,,,,,,,,,,,,,,,,,0.000,,,0,21.9,,43,,0,2
01/20/2026 03:25:40,,81442326017,8144,2,Indoor 03,,,true,false,8,2,1,2,,,2,2,,,5,6,6,6,6,0.39,0,246,,,0,,,,,29.90,,0,,,,,,,,,,,,,,,,,0.000,,,0,21.9,,44,,0,3
01/20/2026 03:40:40,,81442326017,8144,2,Indoor 03,,,true,false,8,2,1,2,,,2,2,,,5,6,6,6,6,0.40,0,251,,,0,,,,,29.90,,0,,,,,,,,,,,,,,,,,0.000,,,0,21.9,,43,,0,2
01/20/2026 04:03:29,,81442326017,8144,2,Indoor 03,,,true,false,8,2,1,2,,,2,2,,,5,6,6,6,6,0.40,0,251,,,0,,,,,29.91,,0,,,,,,,,,,,,,,,,,0.000,,,0,22.0,,44,,0,3
01/20/2026 04:18:29,,81442326017,8144,2,Indoor 03,,,true,false,8,2,2,2,,,2,2,,,5,6,6,6,6,0.39,0,252,,,0,,,,,29.91,,0,,,,,,,,,,,,,,,,,0.000,,,0,22.0,,43,,0,2
01/20/2026 04:40:02,,81442326017,8144,2,Indoor 03,,,true,false,4,1,1,1,,,1,1,,,5,5,5,5,5,0.36,0,246,,,0,,,,,29.92,,0,,,,,,,,,,,,,,,,,0.000,,,0,22.0,,42,,0,3
01/20/2026 04:55:02,,81442326017,8144,2,Indoor 03,,,true,false,4,1,1,1,,,1,1,,,5,5,5,5,5,0.37,0,248,,,0,,,,,29.92,,0,,,,,,,,,,,,,,,,,0.000,,,0,22.0,,41,,0,2
01/20/2026 05:17:19,,81442326017,8144,2,Indoor 03,,,true,false,4,1,1,1,,,1,1,,,5,5,5,5,5,0.37,0,250,,,0,,,,,29.94,,0,,,,,,,,,,,,,,,,,0.000,,,0,21.9,,41,,0,3
01/20/2026 05:32:19,,81442326017,8144,2,Indoor 03,,,true,false,4,1,1,1,,,1,1,,,4,5,5,5,5,0.38,0,257,,,0,,,,,29.94,,0,,,,,,,,,,,,,,,,,0.000,,,0,21.9,,42,,0,2
01/20/2026 05:54:52,,81442326017,8144,2,Indoor 03,,,true,false,4,1,1,1,,,1,1,,,5,5,5,5,5,0.39,0,247,,,0,,,,,29.95,,0,,,,,,,,,,,,,,,,,0.000,,,0,22.0,,42,,0,3
01/20/2026 06:09:52,,81442326017,8144,2,Indoor 03,,,true,false,4,1,1,1,,,1,1,,,4,5,5,5,5,0.39,0,248,,,0,,,,,29.95,,0,,,,,,,,,,,,,,,,,0.000,,,0,22.0,,42,,0,2
01/20/2026 06:32:25,,81442326017,8144,2,Indoor 03,,,true,false,4,1,1,1,,,1,1,,,4,5,5,5,5,0.38,0,246,,,0,,,,,29.96,,0,,,,,,,,,,,,,,,,,0.000,,,0,22.0,,42,,0,3
01/20/2026 06:47:25,,81442326017,8144,2,Indoor 03,,,true,false,4,1,1,1,,,1,1,,,4,5,5,5,5,0.38,0,247,,,0,,,,,29.96,,0,,,,,,,,,,,,,,,,,0.000,,,0,22.0,,42,,0,2
01/20/2026 07:08:57,,81442326017,8144,2,Indoor 03,,,true,false,4,1,1,1,,,1,1,,,4,5,5,5,5,0.36,0,246,,,0,,,,,29.97,,0,,,,,,,,,,,,,,,,,0.000,,,0,22.0,,42,,0,3
01/20/2026 07:23:57,,81442326017,8144,2,Indoor 03,,,true,false,4,1,1,1,,,1,1,,,4,5,5,5,5,0.37,0,246,,,0,,,,,29.97,,0,,,,,,,,,,,,,,,,,0.000,,,0,21.9,,42,,0,2
01/20/2026 07:46:45,,81442326017,8144,2,Indoor 03,,,true,false,4,1,1,1,,,1,1,,,4,5,5,5,5,0.38,0,244,,,0,,,,,29.97,,0,,,,,,,,,,,,,,,,,0.000,,,0,22.0,,41,,0,3
01/20/2026 08:01:45,,81442326017,8144,2,Indoor 03,,,true,false,4,1,1,1,,,1,1,,,4,4,4,4,4,0.39,0,250,,,0,,,,,29.98,,0,,,,,,,,,,,,,,,,,0.000,,,0,22.0,,41,,0,2
01/20/2026 08:24:03,,81442326017,8144,2,Indoor 03,,,true,false,4,1,1,1,,,1,1,,,4,4,4,4,4,0.39,0,248,,,0,,,,,29.99,,0,,,,,,,,,,,,,,,,,0.000,,,0,22.0,,41,,0,3
01/20/2026 08:39:03,,81442326017,8144,2,Indoor 03,,,true,false,4,1,1,1,,,1,1,,,3,4,4,4,4,0.38,0,250,,,0,,,,,30.00,,0,,,,,,,,,,,,,,,,,0.000,,,0,22.0,,41,,0,2
01/20/2026 09:01:50,,81442326017,8144,2,Indoor 03,,,true,false,4,1,1,1,,,1,1,,,4,4,4,4,4,0.34,0,246,,,0,,,,,30.00,,0,,,,,,,,,,,,,,,,,0.000,,,0,21.9,,42,,0,3
01/20/2026 09:16:50,,81442326017,8144,2,Indoor 03,,,true,false,4,1,1,1,,,1,1,,,4,4,4,4,4,0.35,0,243,,,0,,,,,30.01,,0,,,,,,,,,,,,,,,,,0.000,,,0,21.9,,42,,0,2
01/20/2026 09:39:23,,81442326017,8144,2,Indoor 03,,,true,false,4,1,1,1,,,1,1,,,3,4,4,4,4,0.50,0,245,,,0,,,,,30.01,,0,,,,,,,,,,,,,,,,,0.000,,,0,21.9,,42,,0,3
01/20/2026 09:54:23,,81442326017,8144,2,Indoor 03,,,true,false,4,1,1,1,,,1,1,,,4,4,4,4,4,0.43,0,245,,,0,,,,,30.01,,0,,,,,,,,,,,,,,,,,0.000,,,0,21.9,,42,,0,2
01/20/2026 10:16:41,,81442326017,8144,2,Indoor 03,,,true,false,4,1,1,1,,,1,1,,,4,4,4,4,4,0.37,0,242,,,0,,,,,30.02,,0,,,,,,,,,,,,,,,,,0.000,,,0,21.9,,42,,0,3
01/20/2026 10:31:41,,81442326017,8144,2,Indoor 03,,,true,false,4,1,1,1,,,1,1,,,3,4,4,4,4,0.37,0,244,,,0,,,,,30.03,,0,,,,,,,,,,,,,,,,,0.000,,,0,21.9,,41,,0,2
01/20/2026 10:54:13,,81442326017,8144,2,Indoor 03,,,true,false,4,1,1,1,,,1,1,,,3,4,4,4,4,0.47,0,247,,,0,,,,,30.04,,0,,,,,,,,,,,,,,,,,0.000,,,0,21.9,,41,,0,3
01/20/2026 11:09:13,,81442326017,8144,2,Indoor 03,,,true,false,4,1,1,1,,,1,1,,,3,4,4,4,4,0.41,0,257,,,0,,,,,30.04,,0,,,,,,,,,,,,,,,,,0.000,,,0,21.9,,41,,0,2
01/20/2026 11:32:01,,81442326017,8144,2,Indoor 03,,,true,false,4,1,1,1,,,1,1,,,3,4,4,4,4,0.43,0,260,,,0,,,,,30.05,,0,,,,,,,,,,,,,,,,,0.000,,,0,21.9,,42,,0,3
01/20/2026 11:47:01,,81442326017,8144,2,Indoor 03,,,true,false,4,1,1,1,,,1,1,,,3,4,4,4,4,0.41,0,259,,,0,,,,,30.06,,0,,,,,,,,,,,,,,,,,0.000,,,0,21.9,,42,,0,2
01/20/2026 12:10:04,,81442326017,8144,2,Indoor 03,,,true,false,4,1,1,1,,,1,1,,,3,4,4,4,4,0.39,0,262,,,0,,,,,30.07,,0,,,,,,,,,,,,,,,,,0.000,,,0,21.9,,42,,0,3
01/20/2026 12:25:04,,81442326017,8144,2,Indoor 03,,,true,false,4,1,1,1,,,1,1,,,3,4,4,4,4,0.39,0,291,,,0,,,,,30.08,,0,,,,,,,,,,,,,,,,,0.007,,,0,22.0,,42,,0,2
01/20/2026 12:47:50,,81442326017,8144,2,Indoor 03,,,true,false,4,1,1,1,,,1,1,,,3,4,4,4,4,0.40,0,283,,,0,,,,,30.08,,0,,,,,,,,,,,,,,,,,0.000,,,0,22.0,,42,,0,3
01/20/2026 13:02:50,,81442326017,8144,2,Indoor 03,,,true,false,4,1,1,1,,,1,1,,,3,3,3,3,3,0.41,0,260,,,0,,,,,30.09,,0,,,,,,,,,,,,,,,,,0.000,,,0,22.0,,42,,0,2
01/20/2026 13:25:24,,81442326017,8144,2,Indoor 03,,,true,false,4,1,1,1,,,1,1,,,3,3,3,3,3,0.43,0,258,,,0,,,,,30.10,,0,,,,,,,,,,,,,,,,,0.001,,,0,22.0,,41,,0,3
01/20/2026 13:40:24,,81442326017,8144,2,Indoor 03,,,true,false,4,1,1,1,,,1,1,,,3,3,3,3,3,0.40,0,266,,,0,,,,,30.11,,0,,,,,,,,,,,,,,,,,0.003,,,0,22.0,,41,,0,2
01/20/2026 14:02:57,,81442326017,8144,2,Indoor 03,,,true,false,4,1,1,1,,,1,1,,,2,3,3,3,3,0.37,0,256,,,0,,,,,30.11,,0,,,,,,,,,,,,,,,,,0.000,,,0,22.0,,41,,0,3
01/20/2026 14:17:57,,81442326017,8144,2,Indoor 03,,,true,false,4,1,1,1,,,1,1,,,3,3,3,3,3,0.38,0,249,,,0,,,,,30.12,,0,,,,,,,,,,,,,,,,,0.000,,,0,22.0,,41,,0,2
01/20/2026 14:40:29,,81442326017,8144,2,Indoor 03,,,true,false,4,1,1,1,,,1,1,,,2,3,3,3,3,0.45,0,242,,,0,,,,,30.13,,0,,,,,,,,,,,,,,,,,0.000,,,0,22.0,,40,,0,3
01/20/2026 14:55:29,,81442326017,8144,2,Indoor 03,,,true,false,4,1,1,1,,,1,1,,,2,3,3,3,3,0.40,0,249,,,0,,,,,30.14,,0,,,,,,,,,,,,,,,,,0.000,,,0,21.9,,40,,0,2
01/20/2026 15:18:02,,81442326017,8144,2,Indoor 03,,,true,false,4,1,1,1,,,1,1,,,2,3,3,3,3,0.37,0,248,,,0,,,,,30.15,,0,,,,,,,,,,,,,,,,,0.000,,,0,21.9,,40,,0,3
01/20/2026 15:33:02,,81442326017,8144,2,Indoor 03,,,true,false,4,1,1,1,,,1,1,,,2,2,2,2,2,0.37,0,249,,,0,,,,,30.15,,0,,,,,,,,,,,,,,,,,0.000,,,0,21.9,,40,,0,2
01/20/2026 15:55:34,,81442326017,8144,2,Indoor 03,,,true,false,4,1,1,1,,,1,1,,,2,2,2,2,2,0.41,0,243,,,0,,,,,30.15,,0,,,,,,,,,,,,,,,,,0.000,,,0,21.9,,40,,0,3
01/20/2026 16:10:34,,81442326017,8144,2,Indoor 03,,,true,false,4,1,1,1,,,1,1,,,2,2,2,2,2,0.41,0,250,,,0,,,,,30.15,,0,,,,,,,,,,,,,,,,,0.000,,,0,21.9,,40,,0,2
01/20/2026 16:32:53,,81442326017,8144,2,Indoor 03,,,true,false,4,1,1,1,,,1,1,,,2,2,2,2,2,0.49,0,252,,,0,,,,,30.14,,0,,,,,,,,,,,,,,,,,0.000,,,0,21.9,,40,,0,3
01/20/2026 16:47:53,,81442326017,8144,2,Indoor 03,,,true,false,4,1,1,1,,,1,1,,,2,2,2,2,2,0.41,0,252,,,0,,,,,30.13,,0,,,,,,,,,,,,,,,,,0.000,,,0,21.9,,40,,0,2
01/20/2026 17:10:39,,81442326017,8144,2,Indoor 03,,,true,false,4,1,1,1,,,1,1,,,2,3,3,3,3,0.40,0,251,,,0,,,,,30.12,,0,,,,,,,,,,,,,,,,,0.000,,,0,22.0,,40,,0,3
01/20/2026 17:25:39,,81442326017,8144,2,Indoor 03,,,true,false,4,1,1,1,,,1,1,,,2,3,3,3,3,0.40,0,257,,,0,,,,,30.11,,0,,,,,,,,,,,,,,,,,0.000,,,0,22.0,,40,,0,2
01/20/2026 17:48:13,,81442326017,8144,2,Indoor 03,,,true,false,4,1,1,1,,,1,1,,,2,2,2,2,2,0.38,0,248,,,0,,,,,30.10,,0,,,,,,,,,,,,,,,,,0.000,,,0,22.0,,40,,0,3
01/20/2026 18:03:13,,81442326017,8144,2,Indoor 03,,,true,false,4,1,1,1,,,1,1,,,2,2,2,2,2,0.39,0,249,,,0,,,,,30.09,,0,,,,,,,,,,,,,,,,,0.000,,,0,22.0,,40,,0,2
01/20/2026 18:26:00,,81442326017,8144,2,Indoor 03,,,true,false,4,1,1,1,,,1,1,,,2,2,2,2,2,0.35,0,249,,,0,,,,,30.09,,0,,,,,,,,,,,,,,,,,0.000,,,0,22.0,,40,,0,3
01/20/2026 18:41:00,,81442326017,8144,2,Indoor 03,,,true,false,4,1,1,1,,,1,1,,,2,3,3,3,3,0.38,0,256,,,0,,,,,30.09,,0,,,,,,,,,,,,,,,,,0.000,,,0,22.1,,39,,0,2
01/20/2026 19:03:18,,81442326017,8144,2,Indoor 03,,,true,false,4,1,1,1,,,1,1,,,2,2,2,2,2,0.42,0,249,,,0,,,,,30.08,,0,,,,,,,,,,,,,,,,,0.000,,,0,22.0,,39,,0,3
01/20/2026 19:18:18,,81442326017,8144,2,Indoor 03,,,true,false,4,1,1,1,,,1,1,,,2,2,2,2,2,0.40,0,249,,,0,,,,,30.09,,0,,,,,,,,,,,,,,,,,0.000,,,0,22.0,,40,,0,2
01/20/2026 19:40:35,,81442326017,8144,2,Indoor 03,,,true,false,4,1,1,1,,,1,1,,,2,3,3,3,3,0.36,0,250,,,0,,,,,30.09,,0,,,,,,,,,,,,,,,,,0.000,,,0,22.0,,40,,0,3
01/20/2026 19:55:35,,81442326017,8144,2,Indoor 03,,,true,false,4,1,1,1,,,1,1,,,3,3,3,3,3,0.37,0,253,,,0,,,,,30.09,,0,,,,,,,,,,,,,,,,,0.000,,,0,22.0,,40,,0,2
01/20/2026 20:18:08,,81442326017,8144,2,Indoor 03,,,true,false,4,1,1,1,,,1,1,,,2,3,3,3,3,0.48,0,247,,,0,,,,,30.09,,0,,,,,,,,,,,,,,,,,0.000,,,0,22.1,,40,,0,3
01/20/2026 20:33:08,,81442326017,8144,2,Indoor 03,,,true,false,4,1,1,1,,,1,1,,,2,3,3,3,3,0.40,0,253,,,0,,,,,30.09,,0,,,,,,,,,,,,,,,,,0.000,,,0,22.1,,40,,0,2
01/20/2026 20:55:11,,81442326017,8144,2,Indoor 03,,,true,false,4,1,1,1,,,1,1,,,2,3,3,3,3,0.44,0,247,,,0,,,,,30.09,,0,,,,,,,,,,,,,,,,,0.017,,,0,22.0,,40,,0,3
01/20/2026 21:10:11,,81442326017,8144,2,Indoor 03,,,true,false,4,1,1,1,,,1,1,,,2,2,2,2,2,0.39,0,245,,,0,,,,,30.10,,0,,,,,,,,,,,,,,,,,0.030,,,0,21.8,,40,,0,2
01/20/2026 21:32:59,,81442326017,8144,2,Indoor 03,,,true,false,4,1,1,1,,,1,1,,,3,3,3,3,3,0.40,0,247,,,0,,,,,30.11,,0,,,,,,,,,,,,,,,,,0.000,,,0,22.0,,40,,0,3
01/20/2026 21:47:59,,81442326017,8144,2,Indoor 03,,,true,false,4,1,1,1,,,1,1,,,3,3,3,3,3,0.39,0,252,,,0,,,,,30.11,,0,,,,,,,,,,,,,,,,,0.000,,,0,22.1,,40,,0,2
01/20/2026 22:10:31,,81442326017,8144,2,Indoor 03,,,true,false,4,1,1,1,,,1,1,,,2,3,3,3,3,0.52,0,247,,,0,,,,,30.11,,0,,,,,,,,,,,,,,,,,0.000,,,0,22.1,,40,,0,3
01/20/2026 22:25:31,,81442326017,8144,2,Indoor 03,,,true,false,4,1,1,1,,,1,1,,,2,3,3,3,3,0.46,0,251,,,0,,,,,30.12,,0,,,,,,,,,,,,,,,,,0.000,,,0,22.1,,40,,0,2
01/20/2026 22:47:49,,81442326017,8144,2,Indoor 03,,,true,false,4,1,1,1,,,1,1,,,2,3,3,3,3,0.53,0,248,,,0,,,,,30.13,,0,,,,,,,,,,,,,,,,,0.000,,,0,22.2,,39,,0,3
01/20/2026 23:02:49,,81442326017,8144,2,Indoor 03,,,true,false,4,1,1,1,,,1,1,,,2,3,3,3,3,0.44,0,251,,,0,,,,,30.14,,0,,,,,,,,,,,,,,,,,0.000,,,0,22.2,,39,,0,2
01/20/2026 23:24:52,,81442326017,8144,2,Indoor 03,,,true,false,4,1,1,1,,,1,1,,,3,3,3,3,3,0.37,0,254,,,0,,,,,30.16,,0,,,,,,,,,,,,,,,,,0.000,,,0,22.2,,39,,0,3
01/20/2026 23:39:52,,81442326017,8144,2,Indoor 03,,,true,false,4,1,1,1,,,1,1,,,3,3,3,3,3,0.39,0,264,,,0,,,,,30.16,,0,,,,,,,,,,,,,,,,,0.000,,,0,22.2,,39,,0,2
01/21/2026 00:02:10,,81442326017,8144,2,Indoor 03,,,true,false,4,1,1,1,,,1,1,,,3,3,3,3,3,0.40,0,263,,,0,,,,,30.17,,0,,,,,,,,,,,,,,,,,0.000,,,0,22.3,,39,,0,3
01/21/2026 00:17:10,,81442326017,8144,2,Indoor 03,,,true,false,4,1,1,1,,,1,1,,,3,3,3,3,3,0.40,0,272,,,0,,,,,30.18,,0,,,,,,,,,,,,,,,,,0.000,,,0,22.2,,39,,0,2
01/21/2026 00:39:56,,81442326017,8144,2,Indoor 03,,,true,false,4,1,1,1,,,1,1,,,3,4,4,4,4,0.42,0,281,,,0,,,,,30.18,,0,,,,,,,,,,,,,,,,,0.000,,,0,22.3,,39,,0,3
01/21/2026 00:54:56,,81442326017,8144,2,Indoor 03,,,true,false,4,1,1,1,,,1,1,,,3,4,4,4,4,0.40,0,271,,,0,,,,,30.19,,0,,,,,,,,,,,,,,,,,0.000,,,0,22.2,,40,,0,2
01/21/2026 01:17:30,,81442326017,8144,2,Indoor 03,,,true,false,4,1,1,1,,,1,1,,,4,5,5,5,5,0.43,0,271,,,0,,,,,30.20,,0,,,,,,,,,,,,,,,,,0.000,,,0,22.3,,40,,0,3
01/21/2026 01:32:30,,81442326017,8144,2,Indoor 03,,,true,false,8,2,1,2,,,2,2,,,5,6,6,6,6,0.40,0,271,,,0,,,,,30.20,,0,,,,,,,,,,,,,,,,,0.000,,,0,22.3,,40,,0,2
01/21/2026 01:55:02,,81442326017,8144,2,Indoor 03,,,true,false,4,1,1,1,,,1,1,,,4,4,4,4,4,0.47,0,261,,,0,,,,,30.20,,0,,,,,,,,,,,,,,,,,0.000,,,0,22.3,,40,,0,3
01/21/2026 02:10:02,,81442326017,8144,2,Indoor 03,,,true,false,4,1,1,1,,,1,1,,,4,5,5,5,5,0.44,0,264,,,0,,,,,30.20,,0,,,,,,,,,,,,,,,,,0.000,,,0,22.2,,40,,0,2
01/21/2026 02:32:50,,81442326017,8144,2,Indoor 03,,,true,false,4,1,1,1,,,1,1,,,4,4,4,4,4,0.49,0,261,,,0,,,,,30.21,,0,,,,,,,,,,,,,,,,,0.000,,,0,22.3,,40,,0,3
01/21/2026 02:47:50,,81442326017,8144,2,Indoor 03,,,true,false,4,1,1,1,,,1,1,,,4,4,4,4,4,0.43,0,260,,,0,,,,,30.22,,0,,,,,,,,,,,,,,,,,0.000,,,0,22.2,,40,,0,2
01/21/2026 03:10:23,,81442326017,8144,2,Indoor 03,,,true,false,4,1,1,1,,,1,1,,,4,4,4,4,4,0.44,0,250,,,0,,,,,30.22,,0,,,,,,,,,,,,,,,,,0.000,,,0,22.2,,40,,0,3
01/21/2026 03:25:23,,81442326017,8144,2,Indoor 03,,,true,false,4,1,1,1,,,1,1,,,4,4,4,4,4,0.41,0,254,,,0,,,,,30.22,,0,,,,,,,,,,,,,,,,,0.000,,,0,22.2,,40,,0,2
01/21/2026 03:48:26,,81442326017,8144,2,Indoor 03,,,true,false,4,2,1,1,,,1,2,,,4,5,5,5,5,0.57,0,259,,,0,,,,,30.23,,0,,,,,,,,,,,,,,,,,0.000,,,0,22.2,,41,,0,3
01/21/2026 04:03:26,,81442326017,8144,2,Indoor 03,,,true,false,4,1,1,1,,,1,1,,,4,5,5,5,5,0.46,0,265,,,0,,,,,30.23,,0,,,,,,,,,,,,,,,,,0.010,,,0,22.2,,41,,0,2
01/21/2026 04:25:57,,81442326017,8144,2,Indoor 03,,,true,false,4,1,1,1,,,1,1,,,5,5,5,5,5,0.41,0,273,,,0,,,,,30.22,,0,,,,,,,,,,,,,,,,,0.000,,,0,22.3,,42,,0,3
01/21/2026 04:40:57,,81442326017,8144,2,Indoor 03,,,true,false,8,2,1,2,,,2,2,,,5,6,6,6,6,0.41,0,279,,,0,,,,,30.22,,0,,,,,,,,,,,,,,,,,0.009,,,0,22.3,,43,,0,2
01/21/2026 05:03:31,,81442326017,8144,2,Indoor 03,,,true,false,4,1,1,1,,,1,1,,,5,5,5,5,5,0.42,0,266,,,0,,,,,30.23,,0,,,,,,,,,,,,,,,,,0.000,,,0,22.3,,43,,0,3
01/21/2026 05:18:31,,81442326017,8144,2,Indoor 03,,,true,false,4,1,1,1,,,1,1,,,4,5,5,5,5,0.39,0,270,,,0,,,,,30.23,,0,,,,,,,,,,,,,,,,,0.000,,,0,22.2,,43,,0,2
01/21/2026 05:40:33,,81442326017,8144,2,Indoor 03,,,true,false,8,2,1,2,,,2,2,,,5,6,6,6,6,0.38,0,267,,,0,,,,,30.23,,0,,,,,,,,,,,,,,,,,0.000,,,0,22.2,,43,,0,3
01/21/2026 05:55:33,,81442326017,8144,2,Indoor 03,,,true,false,4,1,1,1,,,1,1,,,5,5,5,5,5,0.40,0,280,,,0,,,,,30.22,,0,,,,,,,,,,,,,,,,,0.009,,,0,22.2,,43,,0,2
01/21/2026 06:18:36,,81442326017,8144,2,Indoor 03,,,true,false,8,2,1,2,,,2,2,,,5,5,5,5,5,0.47,0,279,,,0,,,,,30.22,,0,,,,,,,,,,,,,,,,,0.000,,,0,22.2,,43,,0,3
01/21/2026 06:33:36,,81442326017,8144,2,Indoor 03,,,true,false,4,1,1,1,,,1,1,,,5,5,5,5,5,0.44,0,274,,,0,,,,,30.22,,0,,,,,,,,,,,,,,,,,0.000,,,0,22.2,,42,,0,2
01/21/2026 06:54:53,,81442326017,8144,2,Indoor 03,,,true,false,4,1,1,1,,,1,1,,,4,5,5,5,5,0.42,0,268,,,0,,,,,30.22,,0,,,,,,,,,,,,,,,,,0.000,,,0,22.2,,41,,0,3
01/21/2026 07:09:53,,81442326017,8144,2,Indoor 03,,,true,false,4,1,1,1,,,1,1,,,5,5,5,5,5,0.39,0,275,,,0,,,,,30.22,,0,,,,,,,,,,,,,,,,,0.000,,,0,22.2,,41,,0,2
01/21/2026 07:31:27,,81442326017,8144,2,Indoor 03,,,true,false,4,1,1,1,,,1,1,,,5,5,5,5,5,0.42,0,270,,,0,,,,,30.22,,0,,,,,,,,,,,,,,,,,0.000,,,0,22.2,,41,,0,3
01/21/2026 07:46:27,,81442326017,8144,2,Indoor 03,,,true,false,4,1,1,1,,,1,1,,,4,5,5,5,5,0.40,0,277,,,0,,,,,30.22,,0,,,,,,,,,,,,,,,,,0.000,,,0,22.2,,41,,0,2
01/21/2026 08:08:14,,81442326017,8144,2,Indoor 03,,,true,false,4,1,1,1,,,1,1,,,5,5,5,5,5,0.36,0,280,,,0,,,,,30.22,,0,,,,,,,,,,,,,,,,,0.000,,,0,22.2,,42,,0,3
01/21/2026 08:23:14,,81442326017,8144,2,Indoor 03,,,true,false,4,1,1,1,,,1,1,,,5,5,5,5,5,0.39,0,279,,,0,,,,,30.22,,0,,,,,,,,,,,,,,,,,0.000,,,0,22.2,,41,,0,2
01/21/2026 08:45:47,,81442326017,8144,2,Indoor 03,,,true,false,8,2,1,2,,,2,2,,,5,5,5,5,5,0.50,0,273,,,0,,,,,30.21,,0,,,,,,,,,,,,,,,,,0.000,,,0,22.2,,41,,0,3
01/21/2026 09:00:47,,81442326017,8144,2,Indoor 03,,,true,false,4,1,1,1,,,1,1,,,5,5,5,5,5,0.43,0,279,,,0,,,,,30.21,,0,,,,,,,,,,,,,,,,,0.000,,,0,22.2,,41,,0,2
01/21/2026 09:23:34,,81442326017,8144,2,Indoor 03,,,true,false,8,2,2,2,,,2,2,,,5,6,6,6,6,0.39,0,270,,,0,,,,,30.22,,0,,,,,,,,,,,,,,,,,0.000,,,0,22.2,,41,,0,3
01/21/2026 09:38:34,,81442326017,8144,2,Indoor 03,,,true,false,8,2,2,2,,,2,2,,,5,6,6,6,6,0.38,0,273,,,0,,,,,30.22,,0,,,,,,,,,,,,,,,,,0.000,,,0,22.2,,41,,0,2
01/21/2026 10:00:06,,81442326017,8144,2,Indoor 03,,,true,false,4,1,1,1,,,1,1,,,5,5,5,5,5,0.42,0,268,,,0,,,,,30.22,,0,,,,,,,,,,,,,,,,,0.000,,,0,22.2,,41,,0,3
01/21/2026 10:15:06,,81442326017,8144,2,Indoor 03,,,true,false,8,2,1,2,,,2,2,,,5,6,6,6,6,0.40,0,267,,,0,,,,,30.22,,0,,,,,,,,,,,,,,,,,0.000,,,0,22.2,,41,,0,2
01/21/2026 10:36:54,,81442326017,8144,2,Indoor 03,,,true,false,8,2,2,2,,,2,2,,,5,6,6,6,6,0.48,0,266,,,0,,,,,30.22,,0,,,,,,,,,,,,,,,,,0.000,,,0,22.2,,41,,0,3
01/21/2026 10:51:54,,81442326017,8144,2,Indoor 03,,,true,false,8,2,2,2,,,2,2,,,6,6,6,6,6,0.44,0,269,,,0,,,,,30.22,,0,,,,,,,,,,,,,,,,,0.000,,,0,22.2,,41,,0,2
01/21/2026 11:14:13,,81442326017,8144,2,Indoor 03,,,true,false,8,2,2,2,,,2,2,,,6,6,6,6,6,0.42,0,269,,,0,,,,,30.23,,0,,,,,,,,,,,,,,,,,0.000,,,0,22.2,,41,,0,3
01/21/2026 11:29:13,,81442326017,8144,2,Indoor 03,,,true,false,8,2,2,2,,,2,2,,,5,6,6,6,6,0.41,0,279,,,0,,,,,30.23,,0,,,,,,,,,,,,,,,,,0.000,,,0,22.1,,41,,0,2
01/21/2026 11:51:31,,81442326017,8144,2,Indoor 03,,,true,false,8,2,2,2,,,2,2,,,5,6,6,6,6,0.49,0,284,,,0,,,,,30.23,,0,,,,,,,,,,,,,,,,,0.000,,,0,22.2,,42,,0,3
01/21/2026 12:06:31,,81442326017,8144,2,Indoor 03,,,true,false,8,2,2,2,,,2,2,,,6,6,6,6,6,0.40,0,283,,,0,,,,,30.23,,0,,,,,,,,,,,,,,,,,0.000,,,0,22.2,,42,,0,2
01/21/2026 12:29:03,,81442326017,8144,2,Indoor 03,,,true,false,8,2,2,2,,,2,2,,,6,7,7,7,7,0.43,0,287,,,0,,,,,30.23,,0,,,,,,,,,,,,,,,,,0.000,,,0,22.2,,42,,0,3
01/21/2026 12:44:03,,81442326017,8144,2,Indoor 03,,,true,false,8,2,2,2,,,2,2,,,6,7,7,7,7,0.40,0,287,,,0,,,,,30.23,,0,,,,,,,,,,,,,,,,,0.000,,,0,22.2,,42,,0,2
01/21/2026 13:06:36,,81442326017,8144,2,Indoor 03,,,true,false,8,2,2,2,,,2,2,,,6,6,6,6,6,0.40,0,285,,,0,,,,,30.24,,0,,,,,,,,,,,,,,,,,0.000,,,0,22.2,,42,,0,3
01/21/2026 13:21:36,,81442326017,8144,2,Indoor 03,,,true,false,8,2,2,2,,,2,2,,,6,7,7,7,7,0.40,0,283,,,0,,,,,30.24,,0,,,,,,,,,,,,,,,,,0.000,,,0,22.2,,42,,0,2
01/21/2026 13:44:08,,81442326017,8144,2,Indoor 03,,,true,false,8,2,2,2,,,2,2,,,6,6,6,6,6,0.36,0,282,,,0,,,,,30.24,,0,,,,,,,,,,,,,,,,,0.000,,,0,22.1,,41,,0,3
01/21/2026 13:59:08,,81442326017,8144,2,Indoor 03,,,true,false,8,2,2,2,,,2,2,,,6,7,7,7,7,0.38,0,280,,,0,,,,,30.24,,0,,,,,,,,,,,,,,,,,0.007,,,0,22.2,,41,,0,2
01/21/2026 14:21:25,,81442326017,8144,2,Indoor 03,,,true,false,8,2,2,2,,,2,2,,,5,6,6,6,6,0.45,0,279,,,0,,,,,30.24,,0,,,,,,,,,,,,,,,,,0.000,,,0,22.1,,41,,0,3
01/21/2026 14:36:25,,81442326017,8144,2,Indoor 03,,,true,false,8,2,1,2,,,2,2,,,5,6,6,6,6,0.41,0,280,,,0,,,,,30.24,,0,,,,,,,,,,,,,,,,,0.000,,,0,22.2,,41,,0,2
01/21/2026 14:58:44,,81442326017,8144,2,Indoor 03,,,true,false,8,2,1,2,,,2,2,,,5,6,6,6,6,0.39,0,274,,,0,,,,,30.24,,0,,,,,,,,,,,,,,,,,0.000,,,0,22.2,,41,,0,3
01/21/2026 15:13:44,,81442326017,8144,2,Indoor 03,,,true,false,8,2,1,2,,,2,2,,,5,6,6,6,6,0.40,0,268,,,0,,,,,30.24,,0,,,,,,,,,,,,,,,,,0.000,,,0,22.2,,41,,0,2
01/21/2026 15:36:31,,81442326017,8144,2,Indoor 03,,,true,false,4,1,1,1,,,1,1,,,5,5,5,5,5,0.39,0,268,,,0,,,,,30.25,,0,,,,,,,,,,,,,,,,,0.000,,,0,22.2,,41,,0,3
01/21/2026 15:51:31,,81442326017,8144,2,Indoor 03,,,true,false,8,2,1,2,,,2,2,,,5,6,6,6,6,0.40,0,270,,,0,,,,,30.25,,0,,,,,,,,,,,,,,,,,0.000,,,0,22.2,,41,,0,2
01/21/2026 16:14:04,,81442326017,8144,2,Indoor 03,,,true,false,8,2,1,2,,,2,2,,,5,5,5,5,5,0.50,0,265,,,0,,,,,30.24,,0,,,,,,,,,,,,,,,,,0.000,,,0,22.3,,41,,0,3
01/21/2026 16:29:04,,81442326017,8144,2,Indoor 03,,,true,false,8,2,2,2,,,2,2,,,6,7,7,7,7,0.41,0,269,,,0,,,,,30.23,,0,,,,,,,,,,,,,,,,,0.000,,,0,22.3,,41,,0,2
01/21/2026 16:52:06,,81442326017,8144,2,Indoor 03,,,true,false,8,2,2,2,,,2,2,,,6,7,7,7,7,0.38,0,260,,,0,,,,,30.20,,0,,,,,,,,,,,,,,,,,0.013,,,0,22.3,,41,,0,3
01/21/2026 17:07:06,,81442326017,8144,2,Indoor 03,,,true,false,8,2,2,2,,,2,2,,,6,7,7,7,7,0.38,0,253,,,0,,,,,30.19,,0,,,,,,,,,,,,,,,,,0.004,,,0,22.3,,41,,0,2
01/21/2026 17:29:25,,81442326017,8144,2,Indoor 03,,,true,false,8,2,2,2,,,2,2,,,7,8,8,8,8,0.37,0,258,,,0,,,,,30.17,,0,,,,,,,,,,,,,,,,,0.000,,,0,22.3,,42,,0,3
01/21/2026 17:44:25,,81442326017,8144,2,Indoor 03,,,true,false,8,2,2,2,,,2,2,,,8,8,8,8,8,0.38,0,260,,,0,,,,,30.16,,0,,,,,,,,,,,,,,,,,0.000,,,0,22.3,,42,,0,2
01/21/2026 18:06:57,,81442326017,8144,2,Indoor 03,,,true,false,8,2,2,2,,,2,2,,,8,9,9,9,9,0.44,0,247,,,0,,,,,30.14,,0,,,,,,,,,,,,,,,,,0.000,,,0,22.3,,42,,0,3
01/21/2026 18:21:57,,81442326017,8144,2,Indoor 03,,,true,false,8,2,2,2,,,2,2,,,8,9,9,9,9,0.40,0,251,,,0,,,,,30.13,,0,,,,,,,,,,,,,,,,,0.000,,,0,22.3,,42,,0,2
01/21/2026 18:44:14,,81442326017,8144,2,Indoor 03,,,true,false,13,3,3,3,,,3,3,,,9,10,10,10,10,0.37,0,240,,,0,,,,,30.12,,0,,,,,,,,,,,,,,,,,0.000,,,0,22.3,,42,,0,3
01/21/2026 18:59:14,,81442326017,8144,2,Indoor 03,,,true,false,13,3,3,3,,,3,3,,,10,11,11,11,11,0.38,0,262,,,0,,,,,30.10,,0,,,,,,,,,,,,,,,,,0.035,,,0,22.3,,42,,0,2
01/21/2026 19:22:02,,81442326017,8144,2,Indoor 03,,,true,false,13,3,3,3,,,3,3,,,9,10,10,10,10,0.39,0,248,,,0,,,,,30.09,,0,,,,,,,,,,,,,,,,,0.000,,,0,22.3,,42,,0,3
01/21/2026 19:37:02,,81442326017,8144,2,Indoor 03,,,true,false,13,3,3,3,,,3,3,,,10,11,11,11,11,0.39,0,251,,,0,,,,,30.08,,0,,,,,,,,,,,,,,,,,0.000,,,0,22.3,,43,,0,2
01/21/2026 19:59:34,,81442326017,8144,2,Indoor 03,,,true,false,13,3,3,3,,,3,3,,,9,10,10,10,10,0.38,0,255,,,0,,,,,30.07,,0,,,,,,,,,,,,,,,,,0.011,,,0,22.3,,43,,0,3
01/21/2026 20:14:34,,81442326017,8144,2,Indoor 03,,,true,false,13,3,3,3,,,3,3,,,10,11,11,11,11,0.38,0,256,,,0,,,,,30.06,,0,,,,,,,,,,,,,,,,,0.007,,,0,22.3,,43,,0,2
01/21/2026 20:37:08,,81442326017,8144,2,Indoor 03,,,true,false,13,3,3,3,,,3,3,,,11,12,12,12,12,0.38,0,250,,,0,,,,,30.05,,0,,,,,,,,,,,,,,,,,0.000,,,0,22.3,,43,,0,3
01/21/2026 20:52:08,,81442326017,8144,2,Indoor 03,,,true,false,13,3,3,3,,,3,3,,,10,11,11,11,11,0.39,0,249,,,0,,,,,30.05,,0,,,,,,,,,,,,,,,,,0.000,,,0,22.3,,43,,0,2
01/21/2026 21:14:26,,81442326017,8144,2,Indoor 03,,,true,false,13,3,3,3,,,3,3,,,11,12,12,12,12,0.36,0,244,,,0,,,,,30.04,,0,,,,,,,,,,,,,,,,,0.000,,,0,22.3,,43,,0,3
01/21/2026 21:29:26,,81442326017,8144,2,Indoor 03,,,true,false,13,3,3,3,,,3,3,,,10,11,11,11,11,0.37,0,249,,,0,,,,,30.04,,0,,,,,,,,,,,,,,,,,0.000,,,0,22.3,,43,,0,2
01/21/2026 21:51:58,,81442326017,8144,2,Indoor 03,,,true,false,13,3,3,3,,,3,3,,,10,11,11,11,11,0.40,0,249,,,0,,,,,30.02,,0,,,,,,,,,,,,,,,,,0.000,,,0,22.3,,43,,0,3
01/21/2026 22:06:58,,81442326017,8144,2,Indoor 03,,,true,false,13,3,3,3,,,3,3,,,10,11,11,11,11,0.38,0,246,,,0,,,,,30.01,,0,,,,,,,,,,,,,,,,,0.000,,,0,22.3,,43,,0,2
01/21/2026 22:29:46,,81442326017,8144,2,Indoor 03,,,true,false,13,3,3,3,,,3,3,,,9,10,10,10,10,0.43,0,251,,,0,,,,,30.01,,0,,,,,,,,,,,,,,,,,0.000,,,0,22.3,,43,,0,3
01/21/2026 22:44:46,,81442326017,8144,2,Indoor 03,,,true,false,13,3,3,3,,,3,3,,,9,10,10,10,10,0.39,0,248,,,0,,,,,30.01,,0,,,,,,,,,,,,,,,,,0.000,,,0,22.3,,43,,0,2
01/21/2026 23:06:18,,81442326017,8144,2,Indoor 03,,,true,false,13,3,3,3,,,3,3,,,9,10,10,10,10,0.41,0,251,,,0,,,,,30.01,,0,,,,,,,,,,,,,,,,,0.000,,,0,22.3,,43,,0,3
01/21/2026 23:21:18,,81442326017,8144,2,Indoor 03,,,true,false,13,3,3,3,,,3,3,,,10,11,11,11,12,0.39,0,249,,,0,,,,,30.01,,0,,,,,,,,,,,,,,,,,0.000,,,0,22.3,,43,,0,2
01/21/2026 23:43:21,,81442326017,8144,2,Indoor 03,,,true,false,13,3,3,3,,,3,3,,,10,11,11,11,11,0.36,0,252,,,0,,,,,30.01,,0,,,,,,,,,,,,,,,,,0.000,,,0,22.3,,43,,0,3
01/21/2026 23:58:21,,81442326017,8144,2,Indoor 03,,,true,false,13,3,3,3,,,3,3,,,10,11,11,11,11,0.38,0,248,,,0,,,,,30.01,,0,,,,,,,,,,,,,,,,,0.000,,,0,22.3,,43,,0,2
01/22/2026 00:20:54,,81442326017,8144,2,Indoor 03,,,true,false,13,3,3,3,,,3,3,,,9,11,11,11,11,0.40,0,250,,,0,,,,,30.01,,0,,,,,,,,,,,,,,,,,0.000,,,0,22.3,,43,,0,3
01/22/2026 00:35:54,,81442326017,8144,2,Indoor 03,,,true,false,13,3,3,3,,,3,3,,,10,11,11,11,11,0.38,0,249,,,0,,,,,30.01,,0,,,,,,,,,,,,,,,,,0.000,,,0,22.3,,43,,0,2
01/22/2026 00:58:26,,81442326017,8144,2,Indoor 03,,,true,false,13,3,3,3,,,3,3,,,10,11,11,11,11,0.38,0,249,,,0,,,,,30.01,,0,,,,,,,,,,,,,,,,,0.000,,,0,22.3,,43,,0,3
01/22/2026 01:13:26,,81442326017,8144,2,Indoor 03,,,true,false,13,3,3,3,,,3,3,,,10,11,11,11,11,0.38,0,252,,,0,,,,,30.01,,0,,,,,,,,,,,,,,,,,0.000,,,0,22.3,,43,,0,2
01/22/2026 01:36:13,,81442326017,8144,2,Indoor 03,,,true,false,13,3,3,3,,,3,3,,,10,11,11,11,11,0.38,0,250,,,0,,,,,30.00,,0,,,,,,,,,,,,,,,,,0.000,,,0,22.3,,43,,0,3
01/22/2026 01:51:13,,81442326017,8144,2,Indoor 03,,,true,false,13,3,3,3,,,3,3,,,10,11,11,11,11,0.39,0,252,,,0,,,,,30.00,,0,,,,,,,,,,,,,,,,,0.000,,,0,22.3,,43,,0,2
01/22/2026 02:14:02,,81442326017,8144,2,Indoor 03,,,true,false,13,3,3,3,,,3,3,,,10,11,11,11,11,0.38,0,248,,,0,,,,,30.00,,0,,,,,,,,,,,,,,,,,0.000,,,0,22.3,,43,,0,3
01/22/2026 02:29:02,,81442326017,8144,2,Indoor 03,,,true,false,13,3,3,3,,,3,3,,,10,11,11,11,11,0.38,0,253,,,0,,,,,29.99,,0,,,,,,,,,,,,,,,,,0.000,,,0,22.3,,43,,0,2
01/22/2026 02:51:50,,81442326017,8144,2,Indoor 03,,,true,false,13,3,3,3,,,3,3,,,11,12,12,12,12,0.39,0,251,,,0,,,,,29.99,,0,,,,,,,,,,,,,,,,,0.000,,,0,22.3,,43,,0,3
01/22/2026 03:06:50,,81442326017,8144,2,Indoor 03,,,true,false,13,3,3,3,,,3,3,,,11,12,12,12,12,0.39,0,251,,,0,,,,,29.98,,0,,,,,,,,,,,,,,,,,0.000,,,0,22.3,,42,,0,2
01/22/2026 03:29:36,,81442326017,8144,2,Indoor 03,,,true,false,13,3,3,3,,,3,3,,,11,12,12,12,12,0.42,0,252,,,0,,,,,29.97,,0,,,,,,,,,,,,,,,,,0.000,,,0,22.3,,42,,0,3
01/22/2026 03:44:36,,81442326017,8144,2,Indoor 03,,,true,false,13,3,3,3,,,3,3,,,11,12,12,12,12,0.38,0,255,,,0,,,,,29.97,,0,,,,,,,,,,,,,,,,,0.000,,,0,22.3,,43,,0,2
01/22/2026 04:07:10,,81442326017,8144,2,Indoor 03,,,true,false,13,3,3,3,,,3,3,,,11,12,12,12,12,0.39,0,250,,,0,,,,,29.96,,0,,,,,,,,,,,,,,,,,0.000,,,0,22.3,,44,,0,3
01/22/2026 04:22:10,,81442326017,8144,2,Indoor 03,,,true,false,13,3,3,3,,,3,3,,,11,12,12,12,12,0.39,0,256,,,0,,,,,29.96,,0,,,,,,,,,,,,,,,,,0.000,,,0,22.3,,44,,0,2
01/22/2026 04:44:43,,81442326017,8144,2,Indoor 03,,,true,false,13,3,3,3,,,3,3,,,11,12,12,12,12,0.38,0,250,,,0,,,,,29.96,,0,,,,,,,,,,,,,,,,,0.000,,,0,22.3,,44,,0,3
01/22/2026 04:59:43,,81442326017,8144,2,Indoor 03,,,true,false,13,3,3,3,,,3,3,,,9,11,11,11,11,0.38,0,255,,,0,,,,,29.96,,0,,,,,,,,,,,,,,,,,0.000,,,0,22.2,,43,,0,2
01/22/2026 05:22:29,,81442326017,8144,2,Indoor 03,,,true,false,13,3,3,3,,,3,3,,,10,11,11,11,11,0.37,0,252,,,0,,,,,29.95,,0,,,,,,,,,,,,,,,,,0.000,,,0,22.2,,42,,0,3
01/22/2026 05:37:29,,81442326017,8144,2,Indoor 03,,,true,false,13,3,3,3,,,3,3,,,10,11,11,11,11,0.38,0,257,,,0,,,,,29.95,,0,,,,,,,,,,,,,,,,,0.000,,,0,22.2,,42,,0,2
01/22/2026 05:58:17,,81442326017,8144,2,Indoor 03,,,true,false,13,3,3,3,,,3,3,,,10,11,11,11,11,0.39,0,246,,,0,,,,,29.94,,0,,,,,,,,,,,,,,,,,0.000,,,0,22.2,,42,,0,3
01/22/2026 06:13:17,,81442326017,8144,2,Indoor 03,,,true,false,13,3,3,3,,,3,3,,,10,11,11,11,11,0.39,0,252,,,0,,,,,29.94,,0,,,,,,,,,,,,,,,,,0.000,,,0,22.2,,42,,0,2
01/22/2026 06:35:51,,81442326017,8144,2,Indoor 03,,,true,false,13,3,3,3,,,3,3,,,10,11,11,11,11,0.39,0,246,,,0,,,,,29.93,,0,,,,,,,,,,,,,,,,,0.000,,,0,22.2,,42,,0,3
01/22/2026 06:50:51,,81442326017,8144,2,Indoor 03,,,true,false,13,3,3,3,,,3,3,,,11,12,12,12,12,0.38,0,248,,,0,,,,,29.93,,0,,,,,,,,,,,,,,,,,0.000,,,0,22.2,,42,,0,2
01/22/2026 07:12:52,,81442326017,8144,2,Indoor 03,,,true,false,13,3,3,3,,,3,3,,,10,11,11,11,11,0.40,0,244,,,0,,,,,29.93,,0,,,,,,,,,,,,,,,,,0.000,,,0,22.2,,42,,0,3
01/22/2026 07:27:52,,81442326017,8144,2,Indoor 03,,,true,false,13,3,3,3,,,3,3,,,10,11,11,11,11,0.39,0,246,,,0,,,,,29.93,,0,,,,,,,,,,,,,,,,,0.000,,,0,22.2,,42,,0,2
01/22/2026 07:49:26,,81442326017,8144,2,Indoor 03,,,true,false,13,3,3,3,,,3,3,,,10,11,11,11,11,0.40,0,243,,,0,,,,,29.93,,0,,,,,,,,,,,,,,,,,0.000,,,0,22.2,,42,,0,3
01/22/2026 08:04:26,,81442326017,8144,2,Indoor 03,,,true,false,13,3,3,3,,,3,3,,,10,11,11,11,11,0.39,0,243,,,0,,,,,29.93,,0,,,,,,,,,,,,,,,,,0.000,,,0,22.2,,42,,0,2
01/22/2026 08:26:43,,81442326017,8144,2,Indoor 03,,,true,false,13,3,3,3,,,3,3,,,10,11,11,11,11,0.39,0,245,,,0,,,,,29.93,,0,,,,,,,,,,,,,,,,,0.000,,,0,22.2,,41,,0,3
01/22/2026 08:41:43,,81442326017,8144,2,Indoor 03,,,true,false,13,3,3,3,,,3,3,,,10,11,11,11,11,0.38,0,254,,,0,,,,,29.92,,0,,,,,,,,,,,,,,,,,0.000,,,0,22.2,,41,,0,2
01/22/2026 09:04:01,,81442326017,8144,2,Indoor 03,,,true,false,13,3,3,3,,,3,3,,,10,11,11,11,11,0.38,0,247,,,0,,,,,29.92,,0,,,,,,,,,,,,,,,,,0.000,,,0,22.2,,42,,0,3
01/22/2026 09:19:01,,81442326017,8144,2,Indoor 03,,,true,false,13,3,3,3,,,3,3,,,10,11,11,11,11,0.39,0,245,,,0,,,,,29.91,,0,,,,,,,,,,,,,,,,,0.000,,,0,22.2,,42,,0,2
01/22/2026 09:39:19,,81442326017,8144,2,Indoor 03,,,true,false,13,3,3,3,,,3,3,,,11,12,12,12,12,0.36,0,246,,,0,,,,,29.92,,0,,,,,,,,,,,,,,,,,0.000,,,0,22.2,,42,,0,3
01/22/2026 09:54:19,,81442326017,8144,2,Indoor 03,,,true,false,13,3,3,3,,,3,3,,,11,13,13,13,13,0.37,0,246,,,0,,,,,29.92,,0,,,,,,,,,,,,,,,,,0.000,,,0,22.1,,42,,0,2
01/22/2026 10:17:07,,81442326017,8144,2,Indoor 03,,,true,false,13,3,3,3,,,3,3,,,10,12,12,12,12,0.38,0,251,,,0,,,,,29.92,,0,,,,,,,,,,,,,,,,,0.000,,,0,22.2,,42,,0,3
01/22/2026 10:32:07,,81442326017,8144,2,Indoor 03,,,true,false,17,4,3,4,,,4,4,,,12,13,13,13,13,0.38,0,253,,,0,,,,,29.91,,0,,,,,,,,,,,,,,,,,0.000,,,0,22.2,,41,,0,2
01/22/2026 10:54:24,,81442326017,8144,2,Indoor 03,,,true,false,17,4,3,4,,,4,4,,,12,13,13,13,13,0.37,0,248,,,0,,,,,29.91,,0,,,,,,,,,,,,,,,,,0.000,,,0,22.2,,41,,0,3
01/22/2026 11:09:24,,81442326017,8144,2,Indoor 03,,,true,false,17,4,4,4,,,4,4,,,13,14,14,14,14,0.38,0,254,,,0,,,,,29.91,,0,,,,,,,,,,,,,,,,,0.000,,,0,22.2,,41,,0,2
01/22/2026 11:31:57,,81442326017,8144,2,Indoor 03,,,true,false,17,4,4,4,,,4,4,,,13,14,14,14,14,0.38,0,249,,,0,,,,,29.92,,0,,,,,,,,,,,,,,,,,0.000,,,0,22.3,,42,,0,3
01/22/2026 11:46:57,,81442326017,8144,2,Indoor 03,,,true,false,17,4,4,4,,,4,4,,,13,14,14,14,14,0.36,0,252,,,0,,,,,29.92,,0,,,,,,,,,,,,,,,,,0.002,,,0,22.3,,42,,0,2
01/22/2026 12:09:45,,81442326017,8144,2,Indoor 03,,,true,false,17,4,3,4,,,4,4,,,12,14,14,14,14,0.38,0,246,,,0,,,,,29.92,,0,,,,,,,,,,,,,,,,,0.000,,,0,22.2,,44,,0,3
01/22/2026 12:24:45,,81442326017,8144,2,Indoor 03,,,true,false,17,4,4,4,,,4,4,,,14,15,15,15,15,0.37,0,249,,,0,,,,,29.92,,0,,,,,,,,,,,,,,,,,0.000,,,0,22.2,,44,,0,2
01/22/2026 12:47:02,,81442326017,8144,2,Indoor 03,,,true,false,17,4,4,4,,,4,4,,,14,16,16,16,16,0.39,0,254,,,0,,,,,29.92,,0,,,,,,,,,,,,,,,,,0.000,,,0,22.2,,44,,0,3
01/22/2026 13:02:02,,81442326017,8144,2,Indoor 03,,,true,false,17,4,4,4,,,4,4,,,14,15,15,15,15,0.39,0,258,,,0,,,,,29.92,,0,,,,,,,,,,,,,,,,,0.000,,,0,22.2,,44,,0,2
01/22/2026 13:24:49,,81442326017,8144,2,Indoor 03,,,true,false,21,5,5,5,,,5,5,,,16,18,18,18,18,0.38,0,258,,,0,,,,,29.92,,0,,,,,,,,,,,,,,,,,0.000,,,0,22.1,,43,,0,3
01/22/2026 13:39:49,,81442326017,8144,2,Indoor 03,,,true,false,25,6,6,6,,,6,6,,,20,22,22,22,22,0.39,0,262,,,0,,,,,29.92,,0,,,,,,,,,,,,,,,,,0.000,,,0,22.1,,43,,0,2
01/22/2026 14:02:22,,81442326017,8144,2,Indoor 03,,,true,false,29,6,7,7,,,7,7,,,24,27,27,27,27,0.37,0,255,,,0,,,,,29.92,,0,,,,,,,,,,,,,,,,,0.000,,,0,22.1,,42,,0,3
01/22/2026 14:17:22,,81442326017,8144,2,Indoor 03,,,true,false,33,7,7,8,,,8,8,,,25,28,28,28,28,0.38,0,249,,,0,,,,,29.92,,0,,,,,,,,,,,,,,,,,0.000,,,0,22.1,,42,,0,2
01/22/2026 14:38:26,,81442326017,8144,2,Indoor 03,,,true,false,29,6,7,7,,,7,7,,,24,27,27,27,27,0.40,0,247,,,0,,,,,29.93,,0,,,,,,,,,,,,,,,,,0.000,,,0,22.2,,43,,0,3
01/22/2026 14:53:26,,81442326017,8144,2,Indoor 03,,,true,false,33,7,7,8,,,8,8,,,25,28,28,28,28,0.38,0,253,,,0,,,,,29.92,,0,,,,,,,,,,,,,,,,,0.000,,,0,22.2,,44,,0,2
01/22/2026 15:16:12,,81442326017,8144,2,Indoor 03,,,true,false,29,6,7,7,,,7,7,,,23,26,26,26,26,0.38,0,242,,,0,,,,,29.92,,0,,,,,,,,,,,,,,,,,0.000,,,0,22.2,,44,,0,3
01/22/2026 15:31:12,,81442326017,8144,2,Indoor 03,,,true,false,25,6,6,6,,,6,6,,,21,24,24,24,24,0.38,0,244,,,0,,,,,29.92,,0,,,,,,,,,,,,,,,,,0.000,,,0,22.3,,44,,0,2
01/22/2026 15:53:30,,81442326017,8144,2,Indoor 03,,,true,false,25,6,6,6,,,6,6,,,19,21,21,22,22,0.38,0,245,,,0,,,,,29.92,,0,,,,,,,,,,,,,,,,,0.012,,,0,22.3,,44,,0,3
01/22/2026 16:08:30,,81442326017,8144,2,Indoor 03,,,true,false,25,6,6,6,,,6,6,,,19,22,22,22,22,0.38,0,250,,,0,,,,,29.91,,0,,,,,,,,,,,,,,,,,0.044,,,0,22.3,,43,,0,2
01/22/2026 16:31:03,,81442326017,8144,2,Indoor 03,,,true,false,25,6,6,6,,,6,6,,,20,23,23,23,23,0.38,0,248,,,0,,,,,29.90,,0,,,,,,,,,,,,,,,,,0.000,,,0,22.2,,42,,0,3
01/22/2026 16:46:03,,81442326017,8144,2,Indoor 03,,,true,false,25,6,6,6,,,6,6,,,20,22,22,22,22,0.38,0,252,,,0,,,,,29.90,,0,,,,,,,,,,,,,,,,,0.000,,,0,22.2,,42,,0,2
01/22/2026 17:08:20,,81442326017,8144,2,Indoor 03,,,true,false,25,6,6,6,,,6,6,,,21,24,24,24,24,0.37,0,244,,,0,,,,,29.89,,0,,,,,,,,,,,,,,,,,0.000,,,0,22.2,,43,,0,3
01/22/2026 17:23:20,,81442326017,8144,2,Indoor 03,,,true,false,25,6,6,6,,,6,6,,,21,23,23,23,23,0.39,0,248,,,0,,,,,29.88,,0,,,,,,,,,,,,,,,,,0.000,,,0,22.2,,43,,0,2
01/22/2026 17:45:38,,81442326017,8144,2,Indoor 03,,,true,false,25,6,6,6,,,6,6,,,20,23,23,23,23,0.38,0,247,,,0,,,,,29.86,,0,,,,,,,,,,,,,,,,,0.000,,,0,22.2,,43,,0,3
01/22/2026 18:00:38,,81442326017,8144,2,Indoor 03,,,true,false,25,6,6,6,,,6,6,,,20,23,23,23,23,0.38,0,243,,,0,,,,,29.86,,0,,,,,,,,,,,,,,,,,0.000,,,0,22.2,,43,,0,2
01/22/2026 18:23:11,,81442326017,8144,2,Indoor 03,,,true,false,25,6,5,6,,,6,6,,,19,21,21,21,21,0.37,0,244,,,0,,,,,29.86,,0,,,,,,,,,,,,,,,,,0.000,,,0,22.2,,43,,0,3
01/22/2026 18:38:11,,81442326017,8144,2,Indoor 03,,,true,false,21,5,5,5,,,5,5,,,18,20,20,20,20,0.38,0,245,,,0,,,,,29.86,,0,,,,,,,,,,,,,,,,,0.000,,,0,22.2,,43,,0,2
01/22/2026 19:00:43,,81442326017,8144,2,Indoor 03,,,true,false,25,6,6,6,,,6,6,,,19,21,21,21,21,0.37,0,249,,,0,,,,,29.86,,0,,,,,,,,,,,,,,,,,0.000,,,0,22.2,,42,,0,3
01/22/2026 19:15:43,,81442326017,8144,2,Indoor 03,,,true,false,25,6,6,6,,,6,6,,,19,22,22,22,22,0.38,0,251,,,0,,,,,29.85,,0,,,,,,,,,,,,,,,,,0.000,,,0,22.2,,42,,0,2
01/22/2026 19:38:01,,81442326017,8144,2,Indoor 03,,,true,false,25,6,6,6,,,6,6,,,20,22,22,22,22,0.38,0,247,,,0,,,,,29.86,,0,,,,,,,,,,,,,,,,,0.000,,,0,22.2,,43,,0,3
01/22/2026 19:53:01,,81442326017,8144,2,Indoor 03,,,true,false,29,6,6,7,,,7,7,,,22,25,25,25,25,0.39,0,252,,,0,,,,,29.85,,0,,,,,,,,,,,,,,,,,0.000,,,0,22.2,,43,,0,2
01/22/2026 20:15:19,,81442326017,8144,2,Indoor 03,,,true,false,29,6,7,7,,,7,7,,,24,27,27,27,27,0.39,0,243,,,0,,,,,29.85,,0,,,,,,,,,,,,,,,,,0.000,,,0,22.2,,43,,0,3
01/22/2026 20:30:19,,81442326017,8144,2,Indoor 03,,,true,false,29,6,7,7,,,7,7,,,23,25,26,26,26,0.38,0,248,,,0,,,,,29.85,,0,,,,,,,,,,,,,,,,,0.000,,,0,22.2,,43,,0,2
01/22/2026 20:52:52,,81442326017,8144,2,Indoor 03,,,true,false,29,6,7,7,,,7,7,,,24,26,26,26,26,0.38,0,237,,,0,,,,,29.86,,0,,,,,,,,,,,,,,,,,0.000,,,0,22.2,,43,,0,3
01/22/2026 21:07:52,,81442326017,8144,2,Indoor 03,,,true,false,29,6,7,7,,,7,7,,,23,25,25,25,25,0.38,0,245,,,0,,,,,29.86,,0,,,,,,,,,,,,,,,,,0.000,,,0,22.2,,43,,0,2
01/22/2026 21:30:40,,81442326017,8144,2,Indoor 03,,,true,false,25,6,6,6,,,6,6,,,21,24,24,24,24,0.38,0,246,,,0,,,,,29.86,,0,,,,,,,,,,,,,,,,,0.000,,,0,22.2,,43,,0,3
01/22/2026 21:45:40,,81442326017,8144,2,Indoor 03,,,true,false,25,6,6,6,,,6,6,,,20,23,23,23,23,0.39,0,258,,,0,,,,,29.87,,0,,,,,,,,,,,,,,,,,0.000,,,0,22.2,,42,,0,2
01/22/2026 22:08:27,,81442326017,8144,2,Indoor 03,,,true,false,25,6,5,6,,,6,6,,,18,21,21,21,21,0.39,0,250,,,0,,,,,29.86,,0,,,,,,,,,,,,,,,,,0.000,,,0,22.2,,42,,0,3
01/22/2026 22:23:27,,81442326017,8144,2,Indoor 03,,,true,false,25,6,6,6,,,6,6,,,20,23,23,23,23,0.39,0,293,,,0,,,,,29.86,,0,,,,,,,,,,,,,,,,,0.011,,,0,22.3,,43,,0,2
01/22/2026 22:45:59,,81442326017,8144,2,Indoor 03,,,true,false,21,5,5,5,,,5,5,,,18,20,20,20,20,0.37,0,248,,,0,,,,,29.87,,0,,,,,,,,,,,,,,,,,0.000,,,0,22.0,,44,,0,3
01/22/2026 23:00:59,,81442326017,8144,2,Indoor 03,,,true,false,21,5,5,5,,,5,5,,,17,19,19,19,19,0.38,0,247,,,0,,,,,29.88,,0,,,,,,,,,,,,,,,,,0.000,,,0,22.0,,44,,0,2
01/22/2026 23:23:47,,81442326017,8144,2,Indoor 03,,,true,false,21,5,5,5,,,5,5,,,17,19,19,19,19,0.39,0,245,,,0,,,,,29.88,,0,,,,,,,,,,,,,,,,,0.000,,,0,22.0,,44,,0,3
01/22/2026 23:38:47,,81442326017,8144,2,Indoor 03,,,true,false,21,5,4,5,,,5,5,,,16,17,17,17,17,0.37,0,248,,,0,,,,,29.89,,0,,,,,,,,,,,,,,,,,0.000,,,0,22.0,,43,,0,2
01/23/2026 00:01:20,,81442326017,8144,2,Indoor 03,,,true,false,21,5,4,5,,,5,5,,,15,17,17,17,17,0.39,0,241,,,0,,,,,29.89,,0,,,,,,,,,,,,,,,,,0.000,,,0,22.0,,43,,0,3
01/23/2026 00:16:20,,81442326017,8144,2,Indoor 03,,,true,false,21,5,4,5,,,5,5,,,16,17,18,18,18,0.39,0,244,,,0,,,,,29.89,,0,,,,,,,,,,,,,,,,,0.000,,,0,22.0,,43,,0,2
01/23/2026 00:38:38,,81442326017,8144,2,Indoor 03,,,true,false,21,5,5,5,,,5,5,,,16,18,18,18,18,0.37,0,245,,,0,,,,,29.89,,0,,,,,,,,,,,,,,,,,0.000,,,0,22.1,,43,,0,3
01/23/2026 00:53:38,,81442326017,8144,2,Indoor 03,,,true,false,21,5,5,5,,,5,5,,,16,18,18,18,18,0.38,0,244,,,0,,,,,29.89,,0,,,,,,,,,,,,,,,,,0.000,,,0,22.1,,43,,0,2
01/23/2026 01:16:25,,81442326017,8144,2,Indoor 03,,,true,false,17,4,4,4,,,4,4,,,14,16,16,16,16,0.38,0,248,,,0,,,,,29.89,,0,,,,,,,,,,,,,,,,,0.000,,,0,22.1,,43,,0,3
01/23/2026 01:31:25,,81442326017,8144,2,Indoor 03,,,true,false,21,5,5,5,,,5,5,,,16,18,18,18,18,0.38,0,257,,,0,,,,,29.90,,0,,,,,,,,,,,,,,,,,0.002,,,0,22.2,,43,,0,2
01/23/2026 01:54:14,,81442326017,8144,2,Indoor 03,,,true,false,25,6,5,6,,,6,6,,,18,20,21,21,21,0.38,0,252,,,0,,,,,29.90,,0,,,,,,,,,,,,,,,,,0.000,,,0,22.2,,43,,0,3
01/23/2026 02:09:14,,81442326017,8144,2,Indoor 03,,,true,false,21,5,5,5,,,5,5,,,16,18,18,18,18,0.38,0,255,,,0,,,,,29.91,,0,,,,,,,,,,,,,,,,,0.000,,,0,22.2,,43,,0,2
01/23/2026 02:31:30,,81442326017,8144,2,Indoor 03,,,true,false,21,5,5,5,,,5,5,,,17,19,19,19,19,0.36,0,256,,,0,,,,,29.91,,0,,,,,,,,,,,,,,,,,0.000,,,0,22.1,,43,,0,3
01/23/2026 02:46:30,,81442326017,8144,2,Indoor 03,,,true,false,21,5,5,5,,,5,5,,,17,19,19,19,19,0.37,0,254,,,0,,,,,29.91,,0,,,,,,,,,,,,,,,,,0.000,,,0,22.1,,44,,0,2
01/23/2026 03:09:03,,81442326017,8144,2,Indoor 03,,,true,false,21,5,5,5,,,5,5,,,17,19,19,19,20,0.40,0,247,,,0,,,,,29.92,,0,,,,,,,,,,,,,,,,,0.000,,,0,22.1,,43,,0,3
01/23/2026 03:24:03,,81442326017,8144,2,Indoor 03,,,true,false,25,6,5,6,,,6,6,,,18,21,21,21,21,0.38,0,246,,,0,,,,,29.92,,0,,,,,,,,,,,,,,,,,0.000,,,0,22.1,,43,,0,2
01/23/2026 03:46:51,,81442326017,8144,2,Indoor 03,,,true,false,21,5,5,5,,,5,5,,,17,19,19,19,19,0.37,0,250,,,0,,,,,29.92,,0,,,,,,,,,,,,,,,,,0.000,,,0,22.1,,43,,0,3
01/23/2026 04:01:51,,81442326017,8144,2,Indoor 03,,,true,false,21,5,5,5,,,5,5,,,16,18,18,18,18,0.38,0,251,,,0,,,,,29.93,,0,,,,,,,,,,,,,,,,,0.000,,,0,22.1,,43,,0,2
01/23/2026 04:23:23,,81442326017,8144,2,Indoor 03,,,true,false,21,5,5,5,,,5,5,,,16,18,18,18,18,0.37,0,245,,,0,,,,,29.93,,0,,,,,,,,,,,,,,,,,0.000,,,0,22.1,,43,,0,3
01/23/2026 04:38:23,,81442326017,8144,2,Indoor 03,,,true,false,21,5,5,5,,,5,5,,,16,19,19,19,19,0.38,0,247,,,0,,,,,29.92,,0,,,,,,,,,,,,,,,,,0.000,,,0,22.1,,43,,0,2
01/23/2026 05:00:56,,81442326017,8144,2,Indoor 03,,,true,false,21,5,4,5,,,5,5,,,15,17,17,17,17,0.39,0,245,,,0,,,,,29.92,,0,,,,,,,,,,,,,,,,,0.000,,,0,22.2,,43,,0,3
01/23/2026 05:15:56,,81442326017,8144,2,Indoor 03,,,true,false,21,5,4,5,,,5,5,,,15,17,17,17,17,0.40,0,248,,,0,,,,,29.93,,0,,,,,,,,,,,,,,,,,0.000,,,0,22.2,,42,,0,2
01/23/2026 05:38:44,,81442326017,8144,2,Indoor 03,,,true,false,21,5,4,5,,,5,5,,,15,17,17,17,17,0.38,0,252,,,0,,,,,29.92,,0,,,,,,,,,,,,,,,,,0.000,,,0,22.1,,42,,0,3
01/23/2026 05:53:44,,81442326017,8144,2,Indoor 03,,,true,false,21,5,5,5,,,5,5,,,16,18,18,18,18,0.38,0,253,,,0,,,,,29.92,,0,,,,,,,,,,,,,,,,,0.000,,,0,22.1,,42,,0,2
01/23/2026 06:16:18,,81442326017,8144,2,Indoor 03,,,true,false,21,5,5,5,,,5,5,,,16,18,18,18,18,0.37,0,261,,,0,,,,,29.91,,0,,,,,,,,,,,,,,,,,0.000,,,0,22.1,,42,,0,3
01/23/2026 06:31:18,,81442326017,8144,2,Indoor 03,,,true,false,21,5,5,5,,,5,5,,,16,18,18,18,18,0.38,0,253,,,0,,,,,29.92,,0,,,,,,,,,,,,,,,,,0.000,,,0,22.1,,42,,0,2
01/23/2026 06:52:49,,81442326017,8144,2,Indoor 03,,,true,false,21,5,5,5,,,5,5,,,16,18,18,18,18,0.40,0,244,,,0,,,,,29.92,,0,,,,,,,,,,,,,,,,,0.000,,,0,22.1,,42,,0,3
01/23/2026 07:07:49,,81442326017,8144,2,Indoor 03,,,true,false,17,4,4,4,,,4,4,,,14,16,16,16,16,0.38,0,248,,,0,,,,,29.92,,0,,,,,,,,,,,,,,,,,0.000,,,0,22.1,,42,,0,2
01/23/2026 07:30:07,,81442326017,8144,2,Indoor 03,,,true,false,17,4,4,4,,,4,4,,,15,17,17,17,17,0.39,0,246,,,0,,,,,29.92,,0,,,,,,,,,,,,,,,,,0.000,,,0,22.1,,41,,0,3
01/23/2026 07:45:07,,81442326017,8144,2,Indoor 03,,,true,false,17,4,4,4,,,4,4,,,14,16,16,16,16,0.38,0,264,,,0,,,,,29.91,,0,,,,,,,,,,,,,,,,,0.000,,,0,22.1,,42,,0,2
01/23/2026 08:07:40,,81442326017,8144,2,Indoor 03,,,true,false,17,4,4,4,,,4,4,,,13,14,14,14,14,0.40,0,269,,,0,,,,,29.92,,0,,,,,,,,,,,,,,,,,0.000,,,0,22.1,,42,,0,3
01/23/2026 08:22:40,,81442326017,8144,2,Indoor 03,,,true,false,17,4,4,4,,,4,4,,,13,15,15,15,15,0.38,0,271,,,0,,,,,29.91,,0,,,,,,,,,,,,,,,,,0.000,,,0,22.1,,42,,0,2
01/23/2026 08:45:13,,81442326017,8144,2,Indoor 03,,,true,false,17,4,4,4,,,4,4,,,13,14,14,14,14,0.36,0,262,,,0,,,,,29.90,,0,,,,,,,,,,,,,,,,,0.000,,,0,22.1,,41,,0,3
01/23/2026 09:00:13,,81442326017,8144,2,Indoor 03,,,true,false,17,4,4,4,,,4,4,,,12,14,14,14,14,0.38,0,267,,,0,,,,,29.90,,0,,,,,,,,,,,,,,,,,0.000,,,0,22.1,,41,,0,2
01/23/2026 09:21:30,,81442326017,8144,2,Indoor 03,,,true,false,13,3,3,3,,,3,3,,,11,13,13,13,13,0.36,0,262,,,0,,,,,29.91,,0,,,,,,,,,,,,,,,,,0.000,,,0,22.2,,41,,0,3
01/23/2026 09:36:30,,81442326017,8144,2,Indoor 03,,,true,false,13,3,3,3,,,3,3,,,11,13,13,13,13,0.39,0,259,,,0,,,,,29.91,,0,,,,,,,,,,,,,,,,,0.000,,,0,22.2,,42,,0,2
01/23/2026 09:59:03,,81442326017,8144,2,Indoor 03,,,true,false,13,3,3,3,,,3,3,,,11,12,12,12,12,0.40,0,250,,,0,,,,,29.92,,0,,,,,,,,,,,,,,,,,0.000,,,0,22.2,,42,,0,3
01/23/2026 10:14:03,,81442326017,8144,2,Indoor 03,,,true,false,13,3,3,3,,,3,3,,,9,11,11,11,11,0.39,0,252,,,0,,,,,29.92,,0,,,,,,,,,,,,,,,,,0.000,,,0,22.2,,42,,0,2
01/23/2026 10:36:20,,81442326017,8144,2,Indoor 03,,,true,false,13,3,2,3,,,3,3,,,9,10,10,10,10,0.40,0,244,,,0,,,,,29.92,,0,,,,,,,,,,,,,,,,,0.000,,,0,22.2,,42,,0,3
01/23/2026 10:51:20,,81442326017,8144,2,Indoor 03,,,true,false,8,2,2,2,,,2,2,,,8,9,9,9,9,0.38,0,249,,,0,,,,,29.93,,0,,,,,,,,,,,,,,,,,0.000,,,0,22.2,,41,,0,2
01/23/2026 11:13:53,,81442326017,8144,2,Indoor 03,,,true,false,8,2,2,2,,,2,2,,,7,8,8,8,8,0.37,0,253,,,0,,,,,29.94,,0,,,,,,,,,,,,,,,,,0.000,,,0,22.2,,41,,0,3
01/23/2026 11:28:53,,81442326017,8144,2,Indoor 03,,,true,false,8,2,2,2,,,2,2,,,7,8,8,8,8,0.37,0,253,,,0,,,,,29.94,,0,,,,,,,,,,,,,,,,,0.000,,,0,22.2,,42,,0,2
01/23/2026 11:51:26,,81442326017,8144,2,Indoor 03,,,true,false,8,2,2,2,,,2,2,,,7,8,8,8,8,0.38,0,250,,,0,,,,,29.95,,0,,,,,,,,,,,,,,,,,0.000,,,0,22.1,,43,,0,3
01/23/2026 12:06:26,,81442326017,8144,2,Indoor 03,,,true,false,8,2,2,2,,,2,2,,,8,8,8,8,8,0.37,0,254,,,0,,,,,29.95,,0,,,,,,,,,,,,,,,,,0.004,,,0,22.1,,44,,0,2
01/23/2026 12:28:58,,81442326017,8144,2,Indoor 03,,,true,false,8,2,2,2,,,2,2,,,8,9,9,9,9,0.37,0,278,,,0,,,,,29.96,,0,,,,,,,,,,,,,,,,,0.000,,,0,22.1,,45,,0,3
01/23/2026 12:43:58,,81442326017,8144,2,Indoor 03,,,true,false,8,2,2,2,,,2,2,,,8,9,9,9,9,0.37,0,293,,,0,,,,,29.97,,0,,,,,,,,,,,,,,,,,0.000,,,0,22.1,,45,,0,2
01/23/2026 13:06:32,,81442326017,8144,2,Indoor 03,,,true,false,8,2,2,2,,,2,2,,,8,9,9,9,9,0.41,0,280,,,0,,,,,29.97,,0,,,,,,,,,,,,,,,,,0.000,,,0,22.1,,44,,0,3
01/23/2026 13:21:32,,81442326017,8144,2,Indoor 03,,,true,false,8,2,2,2,,,2,2,,,7,8,8,8,8,0.38,0,277,,,0,,,,,29.98,,0,,,,,,,,,,,,,,,,,0.000,,,0,22.1,,44,,0,2
01/23/2026 13:44:04,,81442326017,8144,2,Indoor 03,,,true,false,13,3,2,3,,,3,3,,,8,10,10,10,10,0.39,0,285,,,0,,,,,29.98,,0,,,,,,,,,,,,,,,,,0.000,,,0,22.1,,44,,0,3
01/23/2026 13:59:04,,81442326017,8144,2,Indoor 03,,,true,false,8,2,2,2,,,2,2,,,7,8,8,8,8,0.40,0,296,,,0,,,,,29.98,,0,,,,,,,,,,,,,,,,,0.000,,,0,22.1,,44,,0,2
01/23/2026 14:21:37,,81442326017,8144,2,Indoor 03,,,true,false,8,2,2,2,,,2,2,,,7,7,7,7,7,0.37,0,284,,,0,,,,,29.99,,0,,,,,,,,,,,,,,,,,0.000,,,0,22.1,,44,,0,3
01/23/2026 14:36:37,,81442326017,8144,2,Indoor 03,,,true,false,8,2,2,2,,,2,2,,,7,8,8,8,8,0.38,0,289,,,0,,,,,29.99,,0,,,,,,,,,,,,,,,,,0.000,,,0,22.1,,44,,0,2
01/23/2026 14:59:09,,81442326017,8144,2,Indoor 03,,,true,false,8,2,2,2,,,2,2,,,6,7,7,7,7,0.38,0,279,,,0,,,,,29.99,,0,,,,,,,,,,,,,,,,,0.000,,,0,22.1,,43,,0,3
01/23/2026 15:14:09,,81442326017,8144,2,Indoor 03,,,true,false,8,2,2,2,,,2,2,,,6,7,7,7,7,0.37,0,276,,,0,,,,,29.98,,0,,,,,,,,,,,,,,,,,0.000,,,0,22.1,,43,,0,2
01/23/2026 15:36:58,,81442326017,8144,2,Indoor 03,,,true,false,8,2,2,2,,,2,2,,,6,7,7,7,7,0.38,0,259,,,0,,,,,29.98,,0,,,,,,,,,,,,,,,,,0.000,,,0,22.1,,43,,0,3
01/23/2026 15:51:58,,81442326017,8144,2,Indoor 03,,,true,false,8,2,2,2,,,2,2,,,6,7,7,7,7,0.37,0,278,,,0,,,,,29.98,,0,,,,,,,,,,,,,,,,,0.000,,,0,22.1,,43,,0,2
01/23/2026 16:14:29,,81442326017,8144,2,Indoor 03,,,true,false,8,2,2,2,,,2,2,,,6,6,6,6,6,0.37,0,272,,,0,,,,,29.97,,0,,,,,,,,,,,,,,,,,0.000,,,0,22.1,,42,,0,3
01/23/2026 16:29:29,,81442326017,8144,2,Indoor 03,,,true,false,8,2,2,2,,,2,2,,,6,6,6,6,6,0.37,0,266,,,0,,,,,29.97,,0,,,,,,,,,,,,,,,,,0.000,,,0,22.1,,43,,0,2
01/23/2026 16:52:17,,81442326017,8144,2,Indoor 03,,,true,false,8,2,2,2,,,2,2,,,6,7,7,7,7,0.37,0,258,,,0,,,,,29.97,,0,,,,,,,,,,,,,,,,,0.000,,,0,22.1,,43,,0,3
01/23/2026 17:07:17,,81442326017,8144,2,Indoor 03,,,true,false,8,2,2,2,,,2,2,,,6,7,7,7,7,0.38,0,261,,,0,,,,,29.96,,0,,,,,,,,,,,,,,,,,0.000,,,0,22.2,,43,,0,2
01/23/2026 17:30:06,,81442326017,8144,2,Indoor 03,,,true,false,8,2,2,2,,,2,2,,,5,6,6,6,6,0.47,0,253,,,0,,,,,29.95,,0,,,,,,,,,,,,,,,,,0.000,,,0,22.2,,43,,0,3
01/23/2026 17:45:06,,81442326017,8144,2,Indoor 03,,,true,false,8,2,1,2,,,2,2,,,5,6,6,6,6,0.41,0,256,,,0,,,,,29.94,,0,,,,,,,,,,,,,,,,,0.000,,,0,22.2,,43,,0,2
01/23/2026 18:07:07,,81442326017,8144,2,Indoor 03,,,true,false,8,2,1,2,,,2,2,,,5,5,5,5,5,0.44,0,259,,,0,,,,,29.94,,0,,,,,,,,,,,,,,,,,0.000,,,0,22.1,,42,,0,3
01/23/2026 18:22:07,,81442326017,8144,2,Indoor 03,,,true,false,8,2,2,2,,,2,2,,,5,6,6,6,6,0.39,0,258,,,0,,,,,29.93,,0,,,,,,,,,,,,,,,,,0.000,,,0,22.0,,42,,0,2
01/23/2026 18:44:25,,81442326017,8144,2,Indoor 03,,,true,false,8,2,2,2,,,2,2,,,6,7,7,7,7,0.35,0,260,,,0,,,,,29.92,,0,,,,,,,,,,,,,,,,,0.000,,,0,22.1,,42,,0,3
01/23/2026 18:59:25,,81442326017,8144,2,Indoor 03,,,true,false,8,2,2,2,,,2,2,,,6,6,6,6,6,0.37,0,264,,,0,,,,,29.92,,0,,,,,,,,,,,,,,,,,0.000,,,0,22.1,,43,,0,2
01/23/2026 19:21:58,,81442326017,8144,2,Indoor 03,,,true,false,8,2,2,2,,,2,2,,,6,6,6,6,6,0.40,0,251,,,0,,,,,29.91,,0,,,,,,,,,,,,,,,,,0.000,,,0,22.2,,43,,0,3
01/23/2026 19:36:58,,81442326017,8144,2,Indoor 03,,,true,false,8,2,2,2,,,2,2,,,6,6,6,6,6,0.39,0,257,,,0,,,,,29.91,,0,,,,,,,,,,,,,,,,,0.000,,,0,22.2,,43,,0,2
01/23/2026 19:59:15,,81442326017,8144,2,Indoor 03,,,true,false,8,2,2,2,,,2,2,,,6,7,7,7,7,0.36,0,261,,,0,,,,,29.91,,0,,,,,,,,,,,,,,,,,0.000,,,0,22.2,,43,,0,3
01/23/2026 20:14:15,,81442326017,8144,2,Indoor 03,,,true,false,8,2,2,2,,,2,2,,,6,6,6,6,6,0.38,0,258,,,0,,,,,29.91,,0,,,,,,,,,,,,,,,,,0.000,,,0,22.2,,43,,0,2
01/23/2026 20:36:48,,81442326017,8144,2,Indoor 03,,,true,false,8,2,2,2,,,2,2,,,6,7,7,7,7,0.48,0,256,,,0,,,,,29.91,,0,,,,,,,,,,,,,,,,,0.000,,,0,22.1,,43,,0,3
01/23/2026 20:51:48,,81442326017,8144,2,Indoor 03,,,true,false,8,2,2,2,,,2,2,,,6,7,7,7,7,0.42,0,258,,,0,,,,,29.92,,0,,,,,,,,,,,,,,,,,0.000,,,0,22.2,,43,,0,2
01/23/2026 21:14:37,,81442326017,8144,2,Indoor 03,,,true,false,8,2,2,2,,,2,2,,,6,7,7,7,7,0.38,0,267,,,0,,,,,29.92,,0,,,,,,,,,,,,,,,,,0.000,,,0,22.1,,43,,0,3
01/23/2026 21:29:37,,81442326017,8144,2,Indoor 03,,,true,false,8,2,2,2,,,2,2,,,6,7,7,7,7,0.38,0,269,,,0,,,,,29.92,,0,,,,,,,,,,,,,,,,,0.000,,,0,22.1,,44,,0,2
01/23/2026 21:51:38,,81442326017,8144,2,Indoor 03,,,true,false,8,2,2,2,,,2,2,,,6,6,6,6,6,0.38,0,265,,,0,,,,,29.92,,0,,,,,,,,,,,,,,,,,0.000,,,0,22.1,,44,,0,3
01/23/2026 22:06:38,,81442326017,8144,2,Indoor 03,,,true,false,8,2,2,2,,,2,2,,,5,6,6,6,6,0.38,0,261,,,0,,,,,29.92,,0,,,,,,,,,,,,,,,,,0.000,,,0,22.1,,44,,0,2
01/23/2026 22:28:11,,81442326017,8144,2,Indoor 03,,,true,false,8,2,2,2,,,2,2,,,6,7,7,7,7,0.40,0,255,,,0,,,,,29.93,,0,,,,,,,,,,,,,,,,,0.000,,,0,22.1,,43,,0,3
01/23/2026 22:43:11,,81442326017,8144,2,Indoor 03,,,true,false,8,2,2,2,,,2,2,,,6,7,7,7,7,0.39,0,261,,,0,,,,,29.93,,0,,,,,,,,,,,,,,,,,0.000,,,0,22.1,,44,,0,2
01/23/2026 23:05:44,,81442326017,8144,2,Indoor 03,,,true,false,8,2,2,2,,,2,2,,,5,6,6,6,6,0.46,0,260,,,0,,,,,29.93,,0,,,,,,,,,,,,,,,,,0.000,,,0,22.1,,44,,0,3
01/23/2026 23:20:44,,81442326017,8144,2,Indoor 03,,,true,false,8,2,2,2,,,2,2,,,6,7,7,7,7,0.41,0,263,,,0,,,,,29.94,,0,,,,,,,,,,,,,,,,,0.000,,,0,22.1,,44,,0,2
01/23/2026 23:43:31,,81442326017,8144,2,Indoor 03,,,true,false,8,2,2,2,,,2,2,,,6,7,7,7,7,0.36,0,262,,,0,,,,,29.94,,0,,,,,,,,,,,,,,,,,0.000,,,0,22.2,,43,,0,3
01/23/2026 23:58:31,,81442326017,8144,2,Indoor 03,,,true,false,8,2,2,2,,,2,2,,,6,7,7,7,7,0.39,0,260,,,0,,,,,29.95,,0,,,,,,,,,,,,,,,,,0.000,,,0,22.1,,43,,0,2
01/24/2026 00:20:49,,81442326017,8144,2,Indoor 03,,,true,false,8,2,2,2,,,2,2,,,7,8,8,8,8,0.37,0,260,,,0,,,,,29.96,,0,,,,,,,,,,,,,,,,,0.000,,,0,22.1,,43,,0,3
01/24/2026 00:35:49,,81442326017,8144,2,Indoor 03,,,true,false,8,2,2,2,,,2,2,,,7,8,8,8,8,0.40,0,259,,,0,,,,,29.97,,0,,,,,,,,,,,,,,,,,0.000,,,0,22.1,,43,,0,2
01/24/2026 00:58:22,,81442326017,8144,2,Indoor 03,,,true,false,8,2,2,2,,,2,2,,,7,8,8,8,8,0.40,0,277,,,0,,,,,29.98,,0,,,,,,,,,,,,,,,,,0.000,,,0,22.1,,43,,0,3
01/24/2026 01:13:22,,81442326017,8144,2,Indoor 03,,,true,false,8,2,2,2,,,2,2,,,6,7,7,7,7,0.39,0,279,,,0,,,,,29.98,,0,,,,,,,,,,,,,,,,,0.000,,,0,22.1,,43,,0,2
01/24/2026 01:35:54,,81442326017,8144,2,Indoor 03,,,true,false,8,2,2,2,,,2,2,,,6,6,6,6,6,0.36,0,300,,,0,,,,,29.99,,0,,,,,,,,,,,,,,,,,0.000,,,0,22.1,,42,,0,3
01/24/2026 01:50:54,,81442326017,8144,2,Indoor 03,,,true,false,8,2,1,2,,,2,2,,,5,6,6,6,6,0.37,0,308,,,0,,,,,30.00,,0,,,,,,,,,,,,,,,,,0.000,,,0,22.1,,42,,0,2
01/24/2026 02:13:13,,81442326017,8144,2,Indoor 03,,,true,false,4,1,1,1,,,1,1,,,5,5,5,5,5,0.41,0,297,,,0,,,,,30.01,,0,,,,,,,,,,,,,,,,,0.000,,,0,22.1,,42,,0,3
01/24/2026 02:28:13,,81442326017,8144,2,Indoor 03,,,true,false,4,1,1,1,,,1,1,,,4,5,5,5,5,0.39,0,290,,,0,,,,,30.01,,0,,,,,,,,,,,,,,,,,0.000,,,0,22.1,,43,,0,2
01/24/2026 02:50:30,,81442326017,8144,2,Indoor 03,,,true,false,4,1,1,1,,,1,1,,,4,4,4,4,4,0.38,0,274,,,0,,,,,30.01,,0,,,,,,,,,,,,,,,,,0.000,,,0,22.1,,43,,0,3
01/24/2026 03:05:30,,81442326017,8144,2,Indoor 03,,,true,false,4,1,1,1,,,1,1,,,4,4,4,4,4,0.39,0,272,,,0,,,,,30.01,,0,,,,,,,,,,,,,,,,,0.000,,,0,22.1,,43,,0,2
01/24/2026 03:27:49,,81442326017,8144,2,Indoor 03,,,true,false,4,1,1,1,,,1,1,,,4,5,5,5,5,0.41,0,259,,,0,,,,,30.02,,0,,,,,,,,,,,,,,,,,0.000,,,0,22.1,,44,,0,3
01/24/2026 03:42:49,,81442326017,8144,2,Indoor 03,,,true,false,4,1,1,1,,,1,1,,,4,5,5,5,5,0.40,0,258,,,0,,,,,30.02,,0,,,,,,,,,,,,,,,,,0.000,,,0,22.1,,44,,0,2
01/24/2026 04:05:35,,81442326017,8144,2,Indoor 03,,,true,false,4,1,1,1,,,1,1,,,4,4,4,4,4,0.38,0,282,,,0,,,,,30.02,,0,,,,,,,,,,,,,,,,,0.000,,,0,22.1,,44,,0,3
01/24/2026 04:20:35,,81442326017,8144,2,Indoor 03,,,true,false,4,1,1,1,,,1,1,,,4,4,4,4,4,0.38,0,287,,,0,,,,,30.02,,0,,,,,,,,,,,,,,,,,0.000,,,0,22.1,,44,,0,2
01/24/2026 04:42:53,,81442326017,8144,2,Indoor 03,,,true,false,4,1,1,1,,,1,1,,,3,4,4,4,4,0.42,0,294,,,0,,,,,30.02,,0,,,,,,,,,,,,,,,,,0.000,,,0,22.1,,43,,0,3
01/24/2026 04:57:53,,81442326017,8144,2,Indoor 03,,,true,false,4,1,1,1,,,1,1,,,3,4,4,4,4,0.40,0,286,,,0,,,,,30.03,,0,,,,,,,,,,,,,,,,,0.000,,,0,22.1,,43,,0,2
01/24/2026 05:20:41,,81442326017,8144,2,Indoor 03,,,true,false,4,1,1,1,,,1,1,,,4,4,4,4,4,0.37,0,280,,,0,,,,,30.04,,0,,,,,,,,,,,,,,,,,0.000,,,0,22.1,,42,,0,3
01/24/2026 05:35:41,,81442326017,8144,2,Indoor 03,,,true,false,4,1,1,1,,,1,1,,,5,5,5,5,5,0.38,0,292,,,0,,,,,30.04,,0,,,,,,,,,,,,,,,,,0.000,,,0,22.1,,42,,0,2
01/24/2026 05:57:58,,81442326017,8144,2,Indoor 03,,,true,false,8,2,2,2,,,2,2,,,5,6,6,6,6,0.46,0,286,,,0,,,,,30.04,,0,,,,,,,,,,,,,,,,,0.000,,,0,22.1,,42,,0,3
01/24/2026 06:12:58,,81442326017,8144,2,Indoor 03,,,true,false,8,2,2,2,,,2,2,,,6,7,7,7,7,0.42,0,287,,,0,,,,,30.04,,0,,,,,,,,,,,,,,,,,0.000,,,0,22.1,,42,,0,2
01/24/2026 06:35:46,,81442326017,8144,2,Indoor 03,,,true,false,4,1,1,1,,,1,1,,,5,5,5,5,5,0.36,0,280,,,0,,,,,30.05,,0,,,,,,,,,,,,,,,,,0.000,,,0,22.1,,42,,0,3
01/24/2026 06:50:46,,81442326017,8144,2,Indoor 03,,,true,false,4,1,1,1,,,1,1,,,4,4,4,4,4,0.37,0,274,,,0,,,,,30.05,,0,,,,,,,,,,,,,,,,,0.000,,,0,22.1,,42,,0,2
01/24/2026 07:13:19,,81442326017,8144,2,Indoor 03,,,true,false,4,1,1,1,,,1,1,,,3,3,3,3,3,0.42,0,273,,,0,,,,,30.06,,0,,,,,,,,,,,,,,,,,0.000,,,0,22.1,,42,,0,3
01/24/2026 07:28:19,,81442326017,8144,2,Indoor 03,,,true,false,4,1,1,1,,,1,1,,,3,3,3,3,3,0.39,0,284,,,0,,,,,30.07,,0,,,,,,,,,,,,,,,,,0.000,,,0,22.1,,42,,0,2
01/24/2026 07:50:51,,81442326017,8144,2,Indoor 03,,,true,false,4,1,1,1,,,1,1,,,2,3,3,3,3,0.38,0,297,,,0,,,,,30.07,,0,,,,,,,,,,,,,,,,,0.000,,,0,22.1,,41,,0,3
01/24/2026 08:05:51,,81442326017,8144,2,Indoor 03,,,true,false,4,1,1,1,,,1,1,,,2,3,3,3,3,0.39,0,304,,,0,,,,,30.07,,0,,,,,,,,,,,,,,,,,0.000,,,0,22.1,,42,,0,2
01/24/2026 08:28:24,,81442326017,8144,2,Indoor 03,,,true,false,4,1,1,1,,,1,1,,,3,3,3,3,3,0.37,0,282,,,0,,,,,30.07,,0,,,,,,,,,,,,,,,,,0.000,,,0,22.1,,42,,0,3
01/24/2026 08:43:24,,81442326017,8144,2,Indoor 03,,,true,false,4,1,1,1,,,1,1,,,3,3,3,3,3,0.35,0,276,,,0,,,,,30.08,,0,,,,,,,,,,,,,,,,,0.000,,,0,22.1,,42,,0,2
01/24/2026 09:05:57,,81442326017,8144,2,Indoor 03,,,true,false,4,1,1,1,,,1,1,,,3,3,3,3,3,0.43,0,268,,,0,,,,,30.09,,0,,,,,,,,,,,,,,,,,0.000,,,0,22.1,,42,,0,3
01/24/2026 09:20:57,,81442326017,8144,2,Indoor 03,,,true,false,4,1,1,1,,,1,1,,,3,3,3,3,3,0.42,0,258,,,0,,,,,30.11,,0,,,,,,,,,,,,,,,,,0.000,,,0,22.1,,42,,0,2
01/24/2026 09:43:44,,81442326017,8144,2,Indoor 03,,,true,false,4,1,1,1,,,1,1,,,3,3,3,3,3,0.37,0,254,,,0,,,,,30.12,,0,,,,,,,,,,,,,,,,,0.000,,,0,22.1,,42,,0,3
01/24/2026 09:58:44,,81442326017,8144,2,Indoor 03,,,true,false,4,1,1,1,,,1,1,,,2,3,3,3,3,0.39,0,258,,,0,,,,,30.13,,0,,,,,,,,,,,,,,,,,0.000,,,0,22.1,,42,,0,2
01/24/2026 10:20:47,,81442326017,8144,2,Indoor 03,,,true,false,4,1,1,1,,,1,1,,,3,3,3,3,3,0.37,0,246,,,0,,,,,30.15,,0,,,,,,,,,,,,,,,,,0.000,,,0,22.1,,42,,0,3
01/24/2026 10:35:47,,81442326017,8144,2,Indoor 03,,,true,false,4,1,1,1,,,1,1,,,2,3,3,3,3,0.37,0,243,,,0,,,,,30.17,,0,,,,,,,,,,,,,,,,,0.000,,,0,22.0,,41,,0,2
01/24/2026 10:58:20,,81442326017,8144,2,Indoor 03,,,true,false,4,1,1,1,,,1,1,,,2,3,3,3,3,0.39,0,239,,,0,,,,,30.18,,0,,,,,,,,,,,,,,,,,0.000,,,0,22.0,,41,,0,3
01/24/2026 11:13:20,,81442326017,8144,2,Indoor 03,,,true,false,4,1,1,1,,,1,1,,,3,3,3,3,3,0.39,0,245,,,0,,,,,30.20,,0,,,,,,,,,,,,,,,,,0.000,,,0,22.0,,41,,0,2
01/24/2026 11:35:52,,81442326017,8144,2,Indoor 03,,,true,false,4,1,1,1,,,1,1,,,3,3,3,3,3,0.41,0,247,,,0,,,,,30.20,,0,,,,,,,,,,,,,,,,,0.000,,,0,22.0,,42,,0,3
01/24/2026 11:50:52,,81442326017,8144,2,Indoor 03,,,true,false,4,1,1,1,,,1,1,,,3,3,3,3,3,0.41,0,253,,,0,,,,,30.21,,0,,,,,,,,,,,,,,,,,0.000,,,0,22.0,,42,,0,2
01/24/2026 12:13:25,,81442326017,8144,2,Indoor 03,,,true,false,4,1,1,1,,,1,1,,,3,3,3,3,3,0.43,0,250,,,0,,,,,30.23,,0,,,,,,,,,,,,,,,,,0.000,,,0,22.0,,42,,0,3
01/24/2026 12:28:25,,81442326017,8144,2,Indoor 03,,,true,false,4,1,1,1,,,1,1,,,3,3,3,3,3,0.40,0,252,,,0,,,,,30.24,,0,,,,,,,,,,,,,,,,,0.000,,,0,22.0,,42,,0,2
01/24/2026 12:51:13,,81442326017,8144,2,Indoor 03,,,true,false,4,1,1,1,,,1,1,,,3,3,3,3,3,0.45,0,256,,,0,,,,,30.25,,0,,,,,,,,,,,,,,,,,0.000,,,0,22.0,,42,,0,3
01/24/2026 13:06:13,,81442326017,8144,2,Indoor 03,,,true,false,4,1,1,1,,,1,1,,,3,3,4,4,4,0.40,0,254,,,0,,,,,30.25,,0,,,,,,,,,,,,,,,,,0.000,,,0,22.0,,42,,0,2
01/24/2026 13:28:45,,81442326017,8144,2,Indoor 03,,,true,false,4,1,1,1,,,1,1,,,3,3,3,3,3,0.43,0,243,,,0,,,,,30.26,,0,,,,,,,,,,,,,,,,,0.000,,,0,22.0,,42,,0,3
01/24/2026 13:43:45,,81442326017,8144,2,Indoor 03,,,true,false,4,1,1,1,,,1,1,,,3,3,3,3,3,0.41,0,249,,,0,,,,,30.27,,0,,,,,,,,,,,,,,,,,0.000,,,0,22.0,,42,,0,2
01/24/2026 14:06:33,,81442326017,8144,2,Indoor 03,,,true,false,4,1,1,1,,,1,1,,,3,3,3,3,3,0.38,0,249,,,0,,,,,30.29,,0,,,,,,,,,,,,,,,,,0.000,,,0,22.0,,42,,0,3
01/24/2026 14:21:33,,81442326017,8144,2,Indoor 03,,,true,false,4,1,1,1,,,1,1,,,3,3,3,3,3,0.40,0,257,,,0,,,,,30.30,,0,,,,,,,,,,,,,,,,,0.000,,,0,22.0,,41,,0,2
01/24/2026 14:44:07,,81442326017,8144,2,Indoor 03,,,true,false,4,1,1,1,,,1,1,,,3,3,3,3,3,0.33,0,247,,,0,,,,,30.30,,0,,,,,,,,,,,,,,,,,0.000,,,0,22.0,,41,,0,3
01/24/2026 14:59:07,,81442326017,8144,2,Indoor 03,,,true,false,4,1,1,1,,,1,1,,,3,3,3,3,3,0.35,0,254,,,0,,,,,30.30,,0,,,,,,,,,,,,,,,,,0.000,,,0,22.0,,41,,0,2
01/24/2026 15:21:23,,81442326017,8144,2,Indoor 03,,,true,false,4,1,1,1,,,1,1,,,3,3,3,3,3,0.41,0,253,,,0,,,,,30.31,,0,,,,,,,,,,,,,,,,,0.000,,,0,22.0,,41,,0,3
01/24/2026 15:36:23,,81442326017,8144,2,Indoor 03,,,true,false,4,1,1,1,,,1,1,,,3,3,3,3,3,0.41,0,255,,,0,,,,,30.31,,0,,,,,,,,,,,,,,,,,0.000,,,0,22.0,,41,,0,2
01/24/2026 15:58:56,,81442326017,8144,2,Indoor 03,,,true,false,4,1,1,1,,,1,1,,,2,3,3,3,3,0.36,0,256,,,0,,,,,30.31,,0,,,,,,,,,,,,,,,,,0.000,,,0,22.0,,41,,0,3
01/24/2026 16:13:56,,81442326017,8144,2,Indoor 03,,,true,false,4,1,1,1,,,1,1,,,2,2,2,2,2,0.36,0,261,,,0,,,,,30.31,,0,,,,,,,,,,,,,,,,,0.000,,,0,22.0,,41,,0,2
01/24/2026 16:36:44,,81442326017,8144,2,Indoor 03,,,true,false,4,1,1,1,,,1,1,,,2,2,2,2,2,0.51,0,255,,,0,,,,,30.30,,0,,,,,,,,,,,,,,,,,0.000,,,0,22.0,,40,,0,3
01/24/2026 16:51:44,,81442326017,8144,2,Indoor 03,,,true,false,4,1,1,1,,,1,1,,,2,3,3,3,3,0.44,0,248,,,0,,,,,30.29,,0,,,,,,,,,,,,,,,,,0.000,,,0,22.0,,40,,0,2
01/24/2026 17:14:01,,81442326017,8144,2,Indoor 03,,,true,false,4,1,1,1,,,1,1,,,2,3,3,3,3,0.40,0,253,,,0,,,,,30.28,,0,,,,,,,,,,,,,,,,,0.000,,,0,22.0,,40,,0,3
01/24/2026 17:29:01,,81442326017,8144,2,Indoor 03,,,true,false,4,1,1,1,,,1,1,,,3,3,3,3,3,0.40,0,244,,,0,,,,,30.27,,0,,,,,,,,,,,,,,,,,0.000,,,0,22.0,,40,,0,2
01/24/2026 17:51:19,,81442326017,8144,2,Indoor 03,,,true,false,4,1,1,1,,,1,1,,,4,4,4,4,4,0.42,0,240,,,0,,,,,30.27,,0,,,,,,,,,,,,,,,,,0.000,,,0,22.0,,40,,0,3
01/24/2026 18:06:19,,81442326017,8144,2,Indoor 03,,,true,false,4,1,1,1,,,1,1,,,3,3,3,3,3,0.42,0,243,,,0,,,,,30.26,,0,,,,,,,,,,,,,,,,,0.000,,,0,22.0,,40,,0,2
01/24/2026 18:28:52,,81442326017,8144,2,Indoor 03,,,true,false,4,1,1,1,,,1,1,,,3,3,3,3,3,0.39,0,252,,,0,,,,,30.25,,0,,,,,,,,,,,,,,,,,0.000,,,0,22.0,,40,,0,3
01/24/2026 18:43:52,,81442326017,8144,2,Indoor 03,,,true,false,4,1,1,1,,,1,1,,,3,3,3,3,3,0.40,0,262,,,0,,,,,30.24,,0,,,,,,,,,,,,,,,,,0.000,,,0,22.0,,40,,0,2
01/24/2026 19:06:39,,81442326017,8144,2,Indoor 03,,,true,false,4,1,1,1,,,1,1,,,3,3,3,3,3,0.43,0,252,,,0,,,,,30.24,,0,,,,,,,,,,,,,,,,,0.000,,,0,22.1,,39,,0,3
01/24/2026 19:21:39,,81442326017,8144,2,Indoor 03,,,true,false,4,1,1,1,,,1,1,,,3,3,3,3,3,0.42,0,256,,,0,,,,,30.24,,0,,,,,,,,,,,,,,,,,0.000,,,0,22.1,,39,,0,2
01/24/2026 19:44:28,,81442326017,8144,2,Indoor 03,,,true,false,4,1,1,1,,,1,1,,,3,3,3,3,3,0.42,0,252,,,0,,,,,30.24,,0,,,,,,,,,,,,,,,,,0.000,,,0,22.1,,39,,0,3
01/24/2026 19:59:28,,81442326017,8144,2,Indoor 03,,,true,false,4,1,1,1,,,1,1,,,3,3,3,3,3,0.42,0,253,,,0,,,,,30.23,,0,,,,,,,,,,,,,,,,,0.000,,,0,22.1,,39,,0,2
01/24/2026 20:22:15,,81442326017,8144,2,Indoor 03,,,true,false,4,1,1,1,,,1,1,,,3,3,3,3,3,0.43,0,248,,,0,,,,,30.23,,0,,,,,,,,,,,,,,,,,0.000,,,0,22.1,,39,,0,3
01/24/2026 20:37:15,,81442326017,8144,2,Indoor 03,,,true,false,4,1,1,1,,,1,1,,,2,3,3,3,3,0.41,0,253,,,0,,,,,30.24,,0,,,,,,,,,,,,,,,,,0.000,,,0,22.1,,39,,0,2
01/24/2026 20:59:47,,81442326017,8144,2,Indoor 03,,,true,false,4,1,1,1,,,1,1,,,2,3,3,3,3,0.40,0,257,,,0,,,,,30.25,,0,,,,,,,,,,,,,,,,,0.000,,,0,22.1,,39,,0,3
01/24/2026 21:14:47,,81442326017,8144,2,Indoor 03,,,true,false,4,1,1,1,,,1,1,,,2,2,2,2,2,0.41,0,256,,,0,,,,,30.25,,0,,,,,,,,,,,,,,,,,0.000,,,0,22.1,,39,,0,2
01/24/2026 21:37:35,,81442326017,8144,2,Indoor 03,,,true,false,4,1,1,1,,,1,1,,,2,3,3,3,3,0.48,0,247,,,0,,,,,30.26,,0,,,,,,,,,,,,,,,,,0.000,,,0,22.1,,38,,0,3
01/24/2026 21:52:35,,81442326017,8144,2,Indoor 03,,,true,false,4,1,1,1,,,1,1,,,2,2,2,2,2,0.45,0,249,,,0,,,,,30.26,,0,,,,,,,,,,,,,,,,,0.000,,,0,22.1,,38,,0,2
01/24/2026 22:14:53,,81442326017,8144,2,Indoor 03,,,true,false,4,1,1,1,,,1,1,,,2,3,3,3,3,0.43,0,242,,,0,,,,,30.27,,0,,,,,,,,,,,,,,,,,0.000,,,0,22.1,,38,,0,3
01/24/2026 22:29:53,,81442326017,8144,2,Indoor 03,,,true,false,4,1,1,1,,,1,1,,,2,2,2,2,2,0.41,0,243,,,0,,,,,30.28,,0,,,,,,,,,,,,,,,,,0.000,,,0,22.1,,39,,0,2
01/24/2026 22:51:55,,81442326017,8144,2,Indoor 03,,,true,false,4,1,1,1,,,1,1,,,2,2,2,2,2,0.42,0,239,,,0,,,,,30.27,,0,,,,,,,,,,,,,,,,,0.000,,,0,22.0,,39,,0,3
01/24/2026 23:06:55,,81442326017,8144,2,Indoor 03,,,true,false,4,1,1,1,,,1,1,,,2,3,3,3,3,0.40,0,243,,,0,,,,,30.27,,0,,,,,,,,,,,,,,,,,0.000,,,0,22.0,,39,,0,2
01/24/2026 23:29:43,,81442326017,8144,2,Indoor 03,,,true,false,4,1,1,1,,,1,1,,,2,2,2,2,2,0.41,0,245,,,0,,,,,30.27,,0,,,,,,,,,,,,,,,,,0.000,,,0,22.0,,39,,0,3
01/24/2026 23:44:43,,81442326017,8144,2,Indoor 03,,,true,false,4,1,1,1,,,1,1,,,2,2,2,2,2,0.41,0,251,,,0,,,,,30.28,,0,,,,,,,,,,,,,,,,,0.000,,,0,22.0,,39,,0,2
01/25/2026 00:07:16,,81442326017,8144,2,Indoor 03,,,true,false,4,1,1,1,,,1,1,,,2,2,2,2,2,0.49,0,242,,,0,,,,,30.28,,0,,,,,,,,,,,,,,,,,0.000,,,0,22.0,,39,,0,3
01/25/2026 00:22:16,,81442326017,8144,2,Indoor 03,,,true,false,4,1,1,1,,,1,1,,,2,2,2,2,2,0.44,0,245,,,0,,,,,30.28,,0,,,,,,,,,,,,,,,,,0.000,,,0,22.0,,39,,0,2
01/25/2026 00:44:34,,81442326017,8144,2,Indoor 03,,,true,false,4,1,1,1,,,1,1,,,2,2,2,2,2,0.41,0,248,,,0,,,,,30.28,,0,,,,,,,,,,,,,,,,,0.000,,,0,22.0,,39,,0,3
01/25/2026 00:59:34,,81442326017,8144,2,Indoor 03,,,true,false,4,1,1,1,,,1,1,,,2,3,3,3,3,0.37,0,249,,,0,,,,,30.28,,0,,,,,,,,,,,,,,,,,0.000,,,0,22.0,,39,,0,2
01/25/2026 01:22:21,,81442326017,8144,2,Indoor 03,,,true,false,4,1,1,1,,,1,1,,,2,2,2,2,2,0.43,0,246,,,0,,,,,30.27,,0,,,,,,,,,,,,,,,,,0.002,,,0,22.0,,39,,0,3
01/25/2026 01:37:21,,81442326017,8144,2,Indoor 03,,,true,false,4,1,1,1,,,1,1,,,2,2,2,2,2,0.40,0,243,,,0,,,,,30.26,,0,,,,,,,,,,,,,,,,,0.022,,,0,22.0,,39,,0,2
01/25/2026 02:00:10,,81442326017,8144,2,Indoor 03,,,true,false,4,1,1,1,,,1,1,,,2,2,2,2,2,0.44,0,241,,,0,,,,,30.25,,0,,,,,,,,,,,,,,,,,0.000,,,0,22.1,,40,,0,3
01/25/2026 02:15:10,,81442326017,8144,2,Indoor 03,,,true,false,4,1,1,1,,,1,1,,,2,2,2,2,2,0.43,0,250,,,0,,,,,30.25,,0,,,,,,,,,,,,,,,,,0.000,,,0,22.1,,41,,0,2
01/25/2026 02:38:12,,81442326017,8144,2,Indoor 03,,,true,false,4,1,1,1,,,1,1,,,2,2,2,2,2,0.34,0,245,,,0,,,,,30.24,,0,,,,,,,,,,,,,,,,,0.000,,,0,22.1,,41,,0,3
01/25/2026 02:53:12,,81442326017,8144,2,Indoor 03,,,true,false,4,1,1,1,,,1,1,,,2,2,2,2,2,0.35,0,244,,,0,,,,,30.23,,0,,,,,,,,,,,,,,,,,0.000,,,0,22.1,,41,,0,2
01/25/2026 03:15:44,,81442326017,8144,2,Indoor 03,,,true,false,4,1,1,1,,,1,1,,,2,2,2,2,2,0.42,0,246,,,0,,,,,30.23,,0,,,,,,,,,,,,,,,,,0.000,,,0,22.1,,42,,0,3
01/25/2026 03:30:44,,81442326017,8144,2,Indoor 03,,,true,false,4,1,1,1,,,1,1,,,2,2,2,2,2,0.41,0,246,,,0,,,,,30.24,,0,,,,,,,,,,,,,,,,,0.000,,,0,22.0,,42,,0,2
01/25/2026 03:53:17,,81442326017,8144,2,Indoor 03,,,true,false,4,1,1,1,,,1,1,,,2,2,2,2,2,0.49,0,253,,,0,,,,,30.22,,0,,,,,,,,,,,,,,,,,0.000,,,0,22.0,,42,,0,3
01/25/2026 04:08:17,,81442326017,8144,2,Indoor 03,,,true,false,4,1,1,1,,,1,1,,,2,2,2,2,2,0.41,0,252,,,0,,,,,30.21,,0,,,,,,,,,,,,,,,,,0.000,,,0,22.0,,42,,0,2
01/25/2026 04:31:05,,81442326017,8144,2,Indoor 03,,,true,false,4,1,1,1,,,1,1,,,2,2,2,2,2,0.44,0,241,,,0,,,,,30.19,,0,,,,,,,,,,,,,,,,,0.000,,,0,22.0,,42,,0,3
01/25/2026 04:46:05,,81442326017,8144,2,Indoor 03,,,true,false,4,1,1,1,,,1,1,,,2,3,3,3,3,0.43,0,242,,,0,,,,,30.18,,0,,,,,,,,,,,,,,,,,0.000,,,0,22.0,,42,,0,2
01/25/2026 05:08:52,,81442326017,8144,2,Indoor 03,,,true,false,4,1,1,1,,,1,1,,,2,2,2,2,2,0.42,0,256,,,0,,,,,30.19,,0,,,,,,,,,,,,,,,,,0.000,,,0,22.0,,43,,0,3
01/25/2026 05:23:52,,81442326017,8144,2,Indoor 03,,,true,false,4,1,1,1,,,1,1,,,2,2,2,2,2,0.42,0,256,,,0,,,,,30.18,,0,,,,,,,,,,,,,,,,,0.000,,,0,21.9,,43,,0,2
01/25/2026 05:46:55,,81442326017,8144,2,Indoor 03,,,true,false,4,1,1,1,,,1,1,,,2,3,3,3,3,0.39,0,250,,,0,,,,,30.17,,0,,,,,,,,,,,,,,,,,0.000,,,0,22.0,,42,,0,3
01/25/2026 06:01:55,,81442326017,8144,2,Indoor 03,,,true,false,4,1,1,1,,,1,1,,,2,2,2,2,2,0.40,0,251,,,0,,,,,30.17,,0,,,,,,,,,,,,,,,,,0.000,,,0,22.0,,41,,0,2
01/25/2026 06:24:43,,81442326017,8144,2,Indoor 03,,,true,false,4,1,1,1,,,1,1,,,2,3,3,3,3,0.36,0,250,,,0,,,,,30.15,,0,,,,,,,,,,,,,,,,,0.000,,,0,22.0,,41,,0,3
01/25/2026 06:39:43,,81442326017,8144,2,Indoor 03,,,true,false,4,1,1,1,,,1,1,,,2,2,2,2,2,0.37,0,244,,,0,,,,,30.13,,0,,,,,,,,,,,,,,,,,0.000,,,0,22.0,,41,,0,2
01/25/2026 07:02:15,,81442326017,8144,2,Indoor 03,,,true,false,4,1,1,1,,,1,1,,,2,2,2,2,2,0.39,0,249,,,0,,,,,30.11,,0,,,,,,,,,,,,,,,,,0.000,,,0,22.1,,41,,0,3
01/25/2026 07:17:15,,81442326017,8144,2,Indoor 03,,,true,false,4,1,1,1,,,1,1,,,2,2,2,2,2,0.42,0,245,,,0,,,,,30.11,,0,,,,,,,,,,,,,,,,,0.000,,,0,22.1,,41,,0,2
01/25/2026 07:38:18,,81442326017,8144,2,Indoor 03,,,true,false,4,1,1,1,,,1,1,,,2,2,2,2,2,0.49,0,244,,,0,,,,,30.09,,0,,,,,,,,,,,,,,,,,0.000,,,0,22.1,,41,,0,3
01/25/2026 07:53:18,,81442326017,8144,2,Indoor 03,,,true,false,4,1,1,1,,,1,1,,,2,2,2,2,2,0.46,0,247,,,0,,,,,30.08,,0,,,,,,,,,,,,,,,,,0.000,,,0,22.1,,41,,0,2
01/25/2026 08:15:51,,81442326017,8144,2,Indoor 03,,,true,false,4,1,1,1,,,1,1,,,2,2,2,2,2,0.37,0,254,,,0,,,,,30.07,,0,,,,,,,,,,,,,,,,,0.000,,,0,22.1,,41,,0,3
01/25/2026 08:30:51,,81442326017,8144,2,Indoor 03,,,true,false,4,1,1,1,,,1,1,,,2,2,2,2,2,0.40,0,256,,,0,,,,,30.06,,0,,,,,,,,,,,,,,,,,0.000,,,0,22.0,,41,,0,2
01/25/2026 08:53:23,,81442326017,8144,2,Indoor 03,,,true,false,4,1,1,1,,,1,1,,,2,2,2,2,2,0.56,0,249,,,0,,,,,30.04,,0,,,,,,,,,,,,,,,,,0.000,,,0,22.0,,41,,0,3
01/25/2026 09:08:23,,81442326017,8144,2,Indoor 03,,,true,false,4,1,1,1,,,1,1,,,2,2,2,2,2,0.45,0,253,,,0,,,,,30.03,,0,,,,,,,,,,,,,,,,,0.000,,,0,22.0,,41,,0,2
01/25/2026 09:30:56,,81442326017,8144,2,Indoor 03,,,true,false,4,1,0,1,,,1,1,,,2,2,2,2,2,0.43,0,260,,,0,,,,,30.01,,0,,,,,,,,,,,,,,,,,0.000,,,0,22.0,,41,,0,3
01/25/2026 09:45:56,,81442326017,8144,2,Indoor 03,,,true,false,4,1,0,1,,,1,1,,,2,2,2,2,2,0.40,0,258,,,0,,,,,30.01,,0,,,,,,,,,,,,,,,,,0.000,,,0,22.0,,41,,0,2
01/25/2026 10:08:14,,81442326017,8144,2,Indoor 03,,,true,false,0,0,0,0,,,0,0,,,2,2,2,2,2,0.34,0,270,,,0,,,,,29.99,,0,,,,,,,,,,,,,,,,,0.000,,,0,22.0,,41,,0,3
01/25/2026 10:23:14,,81442326017,8144,2,Indoor 03,,,true,false,0,0,0,0,,,0,0,,,2,2,2,2,2,0.37,0,275,,,0,,,,,29.99,,0,,,,,,,,,,,,,,,,,0.000,,,0,22.0,,41,,0,2
01/25/2026 10:45:46,,81442326017,8144,2,Indoor 03,,,true,false,4,1,1,1,,,1,1,,,2,2,2,2,2,0.46,0,273,,,0,,,,,29.98,,0,,,,,,,,,,,,,,,,,0.000,,,0,22.0,,41,,0,3
01/25/2026 11:00:46,,81442326017,8144,2,Indoor 03,,,true,false,4,1,1,1,,,1,1,,,2,2,2,2,2,0.44,0,272,,,0,,,,,29.98,,0,,,,,,,,,,,,,,,,,0.000,,,0,22.0,,41,,0,2
01/25/2026 11:23:04,,81442326017,8144,2,Indoor 03,,,true,false,4,1,1,1,,,1,1,,,2,2,2,2,2,0.50,0,267,,,0,,,,,29.96,,0,,,,,,,,,,,,,,,,,0.000,,,0,22.0,,41,,0,3
01/25/2026 11:38:04,,81442326017,8144,2,Indoor 03,,,true,false,0,1,0,0,,,0,1,,,2,2,2,2,2,0.44,0,287,,,0,,,,,29.95,,0,,,,,,,,,,,,,,,,,0.000,,,0,22.0,,41,,0,2
01/25/2026 12:00:37,,81442326017,8144,2,Indoor 03,,,true,false,4,1,1,1,,,1,1,,,2,2,2,2,2,0.37,0,283,,,0,,,,,29.93,,0,,,,,,,,,,,,,,,,,0.000,,,0,22.0,,41,,0,3
01/25/2026 12:15:37,,81442326017,8144,2,Indoor 03,,,true,false,4,1,1,1,,,1,1,,,2,2,2,2,2,0.37,0,287,,,0,,,,,29.93,,0,,,,,,,,,,,,,,,,,0.000,,,0,22.1,,41,,0,2
01/25/2026 12:37:09,,81442326017,8144,2,Indoor 03,,,true,false,4,1,1,1,,,1,1,,,2,2,2,2,2,0.42,0,272,,,0,,,,,29.92,,0,,,,,,,,,,,,,,,,,0.000,,,0,22.1,,41,,0,3
01/25/2026 12:52:09,,81442326017,8144,2,Indoor 03,,,true,false,4,1,1,1,,,1,1,,,2,2,2,2,2,0.44,0,277,,,0,,,,,29.90,,0,,,,,,,,,,,,,,,,,0.000,,,0,22.1,,41,,0,2
01/25/2026 13:14:42,,81442326017,8144,2,Indoor 03,,,true,false,4,1,1,1,,,1,1,,,3,3,3,3,3,0.38,0,283,,,0,,,,,29.89,,0,,,,,,,,,,,,,,,,,0.000,,,0,22.1,,41,,0,3
01/25/2026 13:29:42,,81442326017,8144,2,Indoor 03,,,true,false,4,1,1,1,,,1,1,,,3,3,3,3,3,0.37,0,283,,,0,,,,,29.89,,0,,,,,,,,,,,,,,,,,0.000,,,0,22.1,,41,,0,2
01/25/2026 13:52:45,,81442326017,8144,2,Indoor 03,,,true,false,4,1,1,1,,,1,1,,,3,3,3,3,3,0.42,0,269,,,0,,,,,29.87,,0,,,,,,,,,,,,,,,,,0.000,,,0,22.0,,41,,0,3
01/25/2026 14:07:45,,81442326017,8144,2,Indoor 03,,,true,false,4,1,1,1,,,1,1,,,3,3,3,3,3,0.40,0,273,,,0,,,,,29.87,,0,,,,,,,,,,,,,,,,,0.000,,,0,22.0,,41,,0,2
01/25/2026 14:30:32,,81442326017,8144,2,Indoor 03,,,true,false,4,1,1,1,,,1,1,,,3,3,3,3,3,0.45,0,277,,,0,,,,,29.87,,0,,,,,,,,,,,,,,,,,0.000,,,0,22.0,,41,,0,3
01/25/2026 14:45:32,,81442326017,8144,2,Indoor 03,,,true,false,4,1,1,1,,,1,1,,,3,3,3,3,3,0.42,0,264,,,0,,,,,29.87,,0,,,,,,,,,,,,,,,,,0.000,,,0,22.0,,42,,0,2
01/25/2026 15:07:05,,81442326017,8144,2,Indoor 03,,,true,false,4,1,1,1,,,1,1,,,3,3,3,3,3,0.37,0,265,,,0,,,,,29.86,,0,,,,,,,,,,,,,,,,,0.000,,,0,22.0,,42,,0,3
01/25/2026 15:22:05,,81442326017,8144,2,Indoor 03,,,true,false,4,1,1,1,,,1,1,,,3,3,3,3,3,0.39,0,272,,,0,,,,,29.85,,0,,,,,,,,,,,,,,,,,0.000,,,0,22.0,,42,,0,2
01/25/2026 15:44:39,,81442326017,8144,2,Indoor 03,,,true,false,4,1,1,1,,,1,1,,,3,3,3,4,4,0.38,0,257,,,0,,,,,29.83,,0,,,,,,,,,,,,,,,,,0.000,,,0,21.9,,41,,0,3
01/25/2026 15:59:39,,81442326017,8144,2,Indoor 03,,,true,false,4,1,1,1,,,1,1,,,3,4,4,4,4,0.40,0,273,,,0,,,,,29.81,,0,,,,,,,,,,,,,,,,,0.000,,,0,21.9,,41,,0,2
01/25/2026 16:21:10,,81442326017,8144,2,Indoor 03,,,true,false,4,1,1,1,,,1,1,,,3,4,4,4,4,0.39,0,279,,,0,,,,,29.79,,0,,,,,,,,,,,,,,,,,0.000,,,0,22.0,,41,,0,3
01/25/2026 16:36:10,,81442326017,8144,2,Indoor 03,,,true,false,4,1,1,1,,,1,1,,,4,4,4,4,4,0.41,0,267,,,0,,,,,29.78,,0,,,,,,,,,,,,,,,,,0.000,,,0,22.0,,41,,0,2
01/25/2026 16:57:58,,81442326017,8144,2,Indoor 03,,,true,false,4,1,1,1,,,1,1,,,4,4,4,4,4,0.36,0,260,,,0,,,,,29.76,,0,,,,,,,,,,,,,,,,,0.000,,,0,22.0,,41,,0,3
01/25/2026 17:12:58,,81442326017,8144,2,Indoor 03,,,true,false,4,1,1,1,,,1,1,,,4,4,4,4,4,0.38,0,259,,,0,,,,,29.75,,0,,,,,,,,,,,,,,,,,0.000,,,0,22.1,,41,,0,2
01/25/2026 17:35:16,,81442326017,8144,2,Indoor 03,,,true,false,4,1,1,1,,,1,1,,,4,4,4,4,4,0.44,0,250,,,0,,,,,29.72,,0,,,,,,,,,,,,,,,,,0.000,,,0,22.1,,41,,0,3
01/25/2026 17:50:16,,81442326017,8144,2,Indoor 03,,,true,false,4,1,1,1,,,1,1,,,4,4,4,4,4,0.40,0,259,,,0,,,,,29.72,,0,,,,,,,,,,,,,,,,,0.000,,,0,22.1,,41,,0,2
01/25/2026 18:13:03,,81442326017,8144,2,Indoor 03,,,true,false,4,1,1,1,,,1,1,,,4,4,4,4,4,0.41,0,255,,,0,,,,,29.70,,0,,,,,,,,,,,,,,,,,0.000,,,0,22.1,,41,,0,3
01/25/2026 18:28:03,,81442326017,8144,2,Indoor 03,,,true,false,4,1,1,1,,,1,1,,,4,4,4,4,4,0.40,0,253,,,0,,,,,29.68,,0,,,,,,,,,,,,,,,,,0.000,,,0,22.1,,41,,0,2
01/25/2026 18:48:21,,81442326017,8144,2,Indoor 03,,,true,false,4,1,1,1,,,1,1,,,4,4,4,4,4,0.50,0,255,,,0,,,,,29.68,,0,,,,,,,,,,,,,,,,,0.000,,,0,22.1,,41,,0,3
01/25/2026 19:03:21,,81442326017,8144,2,Indoor 03,,,true,false,4,1,1,1,,,1,1,,,4,4,4,4,4,0.43,0,255,,,0,,,,,29.66,,0,,,,,,,,,,,,,,,,,0.000,,,0,22.1,,41,,0,2
01/25/2026 19:25:39,,81442326017,8144,2,Indoor 03,,,true,false,4,1,1,1,,,1,1,,,4,4,4,4,4,0.43,0,247,,,0,,,,,29.65,,0,,,,,,,,,,,,,,,,,0.000,,,0,22.0,,42,,0,3
01/25/2026 19:40:39,,81442326017,8144,2,Indoor 03,,,true,false,4,1,1,1,,,1,1,,,4,4,4,4,4,0.41,0,247,,,0,,,,,29.65,,0,,,,,,,,,,,,,,,,,0.000,,,0,22.0,,42,,0,2
01/25/2026 20:03:26,,81442326017,8144,2,Indoor 03,,,true,false,4,1,1,1,,,1,1,,,3,4,4,4,4,0.44,0,240,,,0,,,,,29.64,,0,,,,,,,,,,,,,,,,,0.000,,,0,22.0,,42,,0,3
01/25/2026 20:18:26,,81442326017,8144,2,Indoor 03,,,true,false,4,1,1,1,,,1,1,,,4,4,4,4,4,0.41,0,240,,,0,,,,,29.63,,0,,,,,,,,,,,,,,,,,0.000,,,0,22.0,,41,,0,2
01/25/2026 20:40:59,,81442326017,8144,2,Indoor 03,,,true,false,4,1,1,1,,,1,1,,,4,5,5,5,5,0.44,0,246,,,0,,,,,29.63,,0,,,,,,,,,,,,,,,,,0.000,,,0,22.0,,41,,0,3
01/25/2026 20:55:59,,81442326017,8144,2,Indoor 03,,,true,false,4,1,1,1,,,1,1,,,4,5,5,5,5,0.41,0,247,,,0,,,,,29.62,,0,,,,,,,,,,,,,,,,,0.000,,,0,22.0,,41,,0,2
01/25/2026 21:17:17,,81442326017,8144,2,Indoor 03,,,true,false,4,1,1,1,,,1,1,,,4,4,4,4,4,0.39,0,252,,,0,,,,,29.62,,0,,,,,,,,,,,,,,,,,0.000,,,0,22.0,,41,,0,3
01/25/2026 21:32:17,,81442326017,8144,2,Indoor 03,,,true,false,4,1,1,1,,,1,1,,,3,4,4,4,4,0.38,0,253,,,0,,,,,29.61,,0,,,,,,,,,,,,,,,,,0.000,,,0,22.0,,41,,0,2
01/25/2026 21:54:50,,81442326017,8144,2,Indoor 03,,,true,false,4,1,1,1,,,1,1,,,4,4,4,4,4,0.40,0,246,,,0,,,,,29.61,,0,,,,,,,,,,,,,,,,,0.000,,,0,22.1,,41,,0,3
01/25/2026 22:09:50,,81442326017,8144,2,Indoor 03,,,true,false,4,1,1,1,,,1,1,,,4,4,4,4,4,0.37,0,249,,,0,,,,,29.62,,0,,,,,,,,,,,,,,,,,0.000,,,0,22.1,,42,,0,2
01/25/2026 22:30:22,,81442326017,8144,2,Indoor 03,,,true,false,4,1,1,1,,,1,1,,,5,5,5,5,5,0.44,0,246,,,0,,,,,29.61,,0,,,,,,,,,,,,,,,,,0.000,,,0,22.1,,42,,0,3
01/25/2026 22:45:22,,81442326017,8144,2,Indoor 03,,,true,false,4,1,1,1,,,1,1,,,5,5,5,5,5,0.39,0,251,,,0,,,,,29.64,,0,,,,,,,,,,,,,,,,,0.000,,,0,22.1,,41,,0,2
01/25/2026 23:08:25,,81442326017,8144,2,Indoor 03,,,true,false,8,2,1,2,,,2,2,,,5,6,6,6,6,0.39,0,249,,,0,,,,,29.69,,0,,,,,,,,,,,,,,,,,0.000,,,0,22.1,,41,,0,3
01/25/2026 23:23:25,,81442326017,8144,2,Indoor 03,,,true,false,8,2,2,2,,,2,2,,,5,6,6,6,6,0.38,0,249,,,0,,,,,29.67,,0,,,,,,,,,,,,,,,,,0.000,,,0,22.1,,41,,0,2
01/25/2026 23:46:13,,81442326017,8144,2,Indoor 03,,,true,false,8,2,2,2,,,2,2,,,5,6,6,6,6,0.42,0,250,,,0,,,,,29.60,,0,,,,,,,,,,,,,,,,,0.000,,,0,22.1,,42,,0,3
01/26/2026 00:01:13,,81442326017,8144,2,Indoor 03,,,true,false,8,2,2,2,,,2,2,,,6,6,6,6,6,0.38,0,250,,,0,,,,,29.57,,0,,,,,,,,,,,,,,,,,0.000,,,0,22.0,,42,,0,2
01/26/2026 00:24:00,,81442326017,8144,2,Indoor 03,,,true,false,8,2,2,2,,,2,2,,,6,6,6,6,6,0.37,0,245,,,0,,,,,29.47,,0,,,,,,,,,,,,,,,,,0.000,,,0,22.1,,42,,0,3
01/26/2026 00:39:00,,81442326017,8144,2,Indoor 03,,,true,false,8,2,1,2,,,2,2,,,5,6,6,6,6,0.38,0,247,,,0,,,,,29.47,,0,,,,,,,,,,,,,,,,,0.000,,,0,22.0,,42,,0,2
01/26/2026 01:01:48,,81442326017,8144,2,Indoor 03,,,true,false,8,2,2,2,,,2,2,,,6,6,6,6,6,0.39,0,248,,,0,,,,,29.51,,0,,,,,,,,,,,,,,,,,0.000,,,0,22.0,,42,,0,3
01/26/2026 01:16:48,,81442326017,8144,2,Indoor 03,,,true,false,8,2,1,2,,,2,2,,,5,6,6,6,6,0.38,0,250,,,0,,,,,29.52,,0,,,,,,,,,,,,,,,,,0.000,,,0,22.0,,42,,0,2
01/26/2026 01:39:21,,81442326017,8144,2,Indoor 03,,,true,false,8,2,2,2,,,2,2,,,6,6,6,6,6,0.40,0,241,,,0,,,,,29.55,,0,,,,,,,,,,,,,,,,,0.000,,,0,22.0,,41,,0,3
01/26/2026 01:54:21,,81442326017,8144,2,Indoor 03,,,true,false,8,2,2,2,,,2,2,,,6,6,6,6,6,0.37,0,243,,,0,,,,,29.55,,0,,,,,,,,,,,,,,,,,0.000,,,0,22.0,,41,,0,2
01/26/2026 02:16:53,,81442326017,8144,2,Indoor 03,,,true,false,8,2,2,2,,,2,2,,,6,7,7,7,7,0.43,0,239,,,0,,,,,29.56,,0,,,,,,,,,,,,,,,,,0.000,,,0,22.0,,42,,0,3
01/26/2026 02:31:53,,81442326017,8144,2,Indoor 03,,,true,false,8,2,2,2,,,2,2,,,6,6,6,6,6,0.39,0,249,,,0,,,,,29.57,,0,,,,,,,,,,,,,,,,,0.000,,,0,22.0,,42,,0,2
01/26/2026 02:53:11,,81442326017,8144,2,Indoor 03,,,true,false,8,2,1,2,,,2,2,,,5,6,6,6,6,0.40,0,243,,,0,,,,,29.56,,0,,,,,,,,,,,,,,,,,0.000,,,0,22.1,,42,,0,3
01/26/2026 03:08:11,,81442326017,8144,2,Indoor 03,,,true,false,8,2,1,2,,,2,2,,,5,6,6,6,6,0.37,0,244,,,0,,,,,29.56,,0,,,,,,,,,,,,,,,,,0.000,,,0,22.1,,41,,0,2
01/26/2026 03:30:44,,81442326017,8144,2,Indoor 03,,,true,false,8,2,2,2,,,2,2,,,6,6,6,6,6,0.37,0,248,,,0,,,,,29.57,,0,,,,,,,,,,,,,,,,,0.000,,,0,22.1,,41,,0,3
01/26/2026 03:45:44,,81442326017,8144,2,Indoor 03,,,true,false,8,2,2,2,,,2,2,,,5,6,6,6,6,0.37,0,248,,,0,,,,,29.55,,0,,,,,,,,,,,,,,,,,0.000,,,0,22.1,,41,,0,2
01/26/2026 04:08:01,,81442326017,8144,2,Indoor 03,,,true,false,8,2,1,2,,,2,2,,,5,6,6,6,6,0.46,0,246,,,0,,,,,29.55,,0,,,,,,,,,,,,,,,,,0.000,,,0,22.1,,41,,0,3
01/26/2026 04:23:01,,81442326017,8144,2,Indoor 03,,,true,false,8,2,1,2,,,2,2,,,5,6,6,6,6,0.41,0,246,,,0,,,,,29.55,,0,,,,,,,,,,,,,,,,,0.000,,,0,22.1,,41,,0,2
01/26/2026 04:45:49,,81442326017,8144,2,Indoor 03,,,true,false,8,2,2,2,,,2,2,,,6,6,6,6,6,0.36,0,246,,,0,,,,,29.54,,0,,,,,,,,,,,,,,,,,0.000,,,0,22.1,,41,,0,3
01/26/2026 05:00:49,,81442326017,8144,2,Indoor 03,,,true,false,8,2,2,2,,,2,2,,,6,7,7,7,7,0.37,0,247,,,0,,,,,29.54,,0,,,,,,,,,,,,,,,,,0.001,,,0,22.1,,41,,0,2
01/26/2026 05:21:07,,81442326017,8144,2,Indoor 03,,,true,false,8,2,2,2,,,2,2,,,6,6,6,6,6,0.37,0,243,,,0,,,,,29.53,,0,,,,,,,,,,,,,,,,,0.000,,,0,22.1,,41,,0,3
01/26/2026 05:36:07,,81442326017,8144,2,Indoor 03,,,true,false,8,2,2,2,,,2,2,,,6,6,6,6,6,0.37,0,243,,,0,,,,,29.53,,0,,,,,,,,,,,,,,,,,0.000,,,0,22.1,,41,,0,2
01/26/2026 05:58:09,,81442326017,8144,2,Indoor 03,,,true,false,8,2,2,2,,,2,2,,,5,6,6,6,6,0.34,0,249,,,0,,,,,29.52,,0,,,,,,,,,,,,,,,,,0.000,,,0,22.0,,41,,0,3
01/26/2026 06:13:09,,81442326017,8144,2,Indoor 03,,,true,false,8,2,2,2,,,2,2,,,6,6,6,6,6,0.37,0,256,,,0,,,,,29.51,,0,,,,,,,,,,,,,,,,,0.000,,,0,22.0,,41,,0,2
01/26/2026 06:35:27,,81442326017,8144,2,Indoor 03,,,true,false,8,2,2,2,,,2,2,,,6,6,6,6,6,0.36,0,244,,,0,,,,,29.51,,0,,,,,,,,,,,,,,,,,0.000,,,0,22.0,,40,,0,3
01/26/2026 06:50:27,,81442326017,8144,2,Indoor 03,,,true,false,8,2,2,2,,,2,2,,,6,6,6,6,6,0.38,0,247,,,0,,,,,29.52,,0,,,,,,,,,,,,,,,,,0.000,,,0,22.0,,41,,0,2
01/26/2026 07:13:00,,81442326017,8144,2,Indoor 03,,,true,false,8,2,2,2,,,2,2,,,6,6,6,6,6,0.35,0,249,,,0,,,,,29.52,,0,,,,,,,,,,,,,,,,,0.000,,,0,22.0,,41,,0,3
01/26/2026 07:28:00,,81442326017,8144,2,Indoor 03,,,true,false,8,2,2,2,,,2,2,,,6,6,6,6,6,0.36,0,247,,,0,,,,,29.51,,0,,,,,,,,,,,,,,,,,0.000,,,0,22.1,,41,,0,2
01/26/2026 07:50:32,,81442326017,8144,2,Indoor 03,,,true,false,8,2,2,2,,,2,2,,,5,6,6,6,6,0.39,0,245,,,0,,,,,29.52,,0,,,,,,,,,,,,,,,,,0.000,,,0,22.1,,41,,0,3
01/26/2026 08:05:32,,81442326017,8144,2,Indoor 03,,,true,false,8,2,2,2,,,2,2,,,6,6,6,6,6,0.37,0,249,,,0,,,,,29.52,,0,,,,,,,,,,,,,,,,,0.000,,,0,22.1,,41,,0,2
01/26/2026 08:27:35,,81442326017,8144,2,Indoor 03,,,true,false,8,2,2,2,,,2,2,,,6,7,7,7,7,0.44,0,247,,,0,,,,,29.51,,0,,,,,,,,,,,,,,,,,0.000,,,0,22.1,,40,,0,3
01/26/2026 08:42:35,,81442326017,8144,2,Indoor 03,,,true,false,8,2,2,2,,,2,2,,,6,7,7,7,7,0.39,0,244,,,0,,,,,29.49,,0,,,,,,,,,,,,,,,,,0.000,,,0,22.1,,40,,0,2
01/26/2026 09:04:23,,81442326017,8144,2,Indoor 03,,,true,false,8,2,2,2,,,2,2,,,7,8,8,8,8,0.42,0,241,,,0,,,,,29.50,,0,,,,,,,,,,,,,,,,,0.000,,,0,22.1,,41,,0,3
01/26/2026 09:19:23,,81442326017,8144,2,Indoor 03,,,true,false,8,2,2,2,,,2,2,,,7,8,8,8,8,0.40,0,241,,,0,,,,,29.50,,0,,,,,,,,,,,,,,,,,0.000,,,0,22.1,,41,,0,2
01/26/2026 09:41:55,,81442326017,8144,2,Indoor 03,,,true,false,8,2,2,2,,,2,2,,,7,8,8,8,8,0.37,0,245,,,0,,,,,29.50,,0,,,,,,,,,,,,,,,,,0.000,,,0,22.1,,41,,0,3
01/26/2026 09:56:55,,81442326017,8144,2,Indoor 03,,,true,false,8,2,2,2,,,2,2,,,7,8,8,8,8,0.36,0,248,,,0,,,,,29.51,,0,,,,,,,,,,,,,,,,,0.000,,,0,22.1,,41,,0,2
01/26/2026 10:19:13,,81442326017,8144,2,Indoor 03,,,true,false,8,2,2,2,,,2,2,,,7,8,8,8,8,0.37,0,247,,,0,,,,,29.52,,0,,,,,,,,,,,,,,,,,0.000,,,0,22.1,,40,,0,3
01/26/2026 10:34:13,,81442326017,8144,2,Indoor 03,,,true,false,8,2,2,2,,,2,2,,,7,8,8,8,8,0.36,0,248,,,0,,,,,29.52,,0,,,,,,,,,,,,,,,,,0.000,,,0,22.1,,40,,0,2
01/26/2026 10:56:46,,81442326017,8144,2,Indoor 03,,,true,false,8,2,2,2,,,2,2,,,8,9,9,9,9,0.36,0,246,,,0,,,,,29.52,,0,,,,,,,,,,,,,,,,,0.000,,,0,22.1,,41,,0,3
01/26/2026 11:11:46,,81442326017,8144,2,Indoor 03,,,true,false,13,3,2,3,,,3,3,,,8,9,9,9,9,0.38,0,246,,,0,,,,,29.53,,0,,,,,,,,,,,,,,,,,0.000,,,0,22.1,,41,,0,2
01/26/2026 11:33:48,,81442326017,8144,2,Indoor 03,,,true,false,8,2,2,2,,,2,2,,,8,9,9,9,9,0.38,0,247,,,0,,,,,29.54,,0,,,,,,,,,,,,,,,,,0.000,,,0,22.1,,42,,0,3
01/26/2026 11:48:48,,81442326017,8144,2,Indoor 03,,,true,false,13,3,3,3,,,3,3,,,9,10,10,10,10,0.38,0,247,,,0,,,,,29.55,,0,,,,,,,,,,,,,,,,,0.008,,,0,22.1,,43,,0,2
01/26/2026 12:10:36,,81442326017,8144,2,Indoor 03,,,true,false,13,3,3,3,,,3,3,,,11,12,12,12,12,0.38,0,245,,,0,,,,,29.56,,0,,,,,,,,,,,,,,,,,0.000,,,0,22.1,,44,,0,3
01/26/2026 12:25:36,,81442326017,8144,2,Indoor 03,,,true,false,13,3,3,3,,,3,3,,,10,12,12,12,12,0.38,0,246,,,0,,,,,29.57,,0,,,,,,,,,,,,,,,,,0.000,,,0,22.1,,44,,0,2
01/26/2026 12:48:24,,81442326017,8144,2,Indoor 03,,,true,false,13,3,3,3,,,3,3,,,11,12,12,12,12,0.41,0,247,,,0,,,,,29.57,,0,,,,,,,,,,,,,,,,,0.000,,,0,22.1,,44,,0,3
01/26/2026 13:03:24,,81442326017,8144,2,Indoor 03,,,true,false,13,3,3,3,,,3,3,,,11,12,12,12,12,0.39,0,246,,,0,,,,,29.58,,0,,,,,,,,,,,,,,,,,0.000,,,0,22.1,,44,,0,2
01/26/2026 13:26:26,,81442326017,8144,2,Indoor 03,,,true,false,13,3,3,3,,,3,3,,,11,12,12,12,12,0.37,0,247,,,0,,,,,29.60,,0,,,,,,,,,,,,,,,,,0.000,,,0,22.1,,44,,0,3
01/26/2026 13:41:26,,81442326017,8144,2,Indoor 03,,,true,false,13,3,3,3,,,3,3,,,10,11,11,11,11,0.38,0,247,,,0,,,,,29.61,,0,,,,,,,,,,,,,,,,,0.000,,,0,22.0,,43,,0,2
01/26/2026 14:04:14,,81442326017,8144,2,Indoor 03,,,true,false,8,2,2,2,,,2,2,,,8,9,9,9,9,0.38,0,240,,,0,,,,,29.62,,0,,,,,,,,,,,,,,,,,0.000,,,0,22.0,,43,,0,3
01/26/2026 14:19:14,,81442326017,8144,2,Indoor 03,,,true,false,8,2,2,2,,,2,2,,,7,8,8,8,8,0.41,0,242,,,0,,,,,29.63,,0,,,,,,,,,,,,,,,,,0.000,,,0,22.0,,43,,0,2
01/26/2026 14:41:47,,81442326017,8144,2,Indoor 03,,,true,false,4,1,1,1,,,1,1,,,5,5,5,5,5,0.41,0,241,,,0,,,,,29.64,,0,,,,,,,,,,,,,,,,,0.000,,,0,22.0,,44,,0,3
01/26/2026 14:56:47,,81442326017,8144,2,Indoor 03,,,true,false,4,1,1,1,,,1,1,,,5,5,5,5,5,0.39,0,244,,,0,,,,,29.65,,0,,,,,,,,,,,,,,,,,0.000,,,0,22.0,,44,,0,2
01/26/2026 15:19:34,,81442326017,8144,2,Indoor 03,,,true,false,4,1,1,1,,,1,1,,,4,5,5,5,5,0.38,0,246,,,0,,,,,29.66,,0,,,,,,,,,,,,,,,,,0.000,,,0,22.0,,44,,0,3
01/26/2026 15:34:34,,81442326017,8144,2,Indoor 03,,,true,false,4,1,1,1,,,1,1,,,4,4,4,4,4,0.38,0,243,,,0,,,,,29.67,,0,,,,,,,,,,,,,,,,,0.000,,,0,22.0,,43,,0,2
01/26/2026 15:57:07,,81442326017,8144,2,Indoor 03,,,true,false,4,1,1,1,,,1,1,,,4,4,4,4,4,0.42,0,244,,,0,,,,,29.67,,0,,,,,,,,,,,,,,,,,0.000,,,0,22.0,,43,,0,3
01/26/2026 16:12:07,,81442326017,8144,2,Indoor 03,,,true,false,4,1,1,1,,,1,1,,,3,4,4,4,4,0.40,0,245,,,0,,,,,29.68,,0,,,,,,,,,,,,,,,,,0.000,,,0,22.0,,43,,0,2
01/26/2026 16:35:10,,81442326017,8144,2,Indoor 03,,,true,false,4,1,1,1,,,1,1,,,4,4,4,4,4,0.39,0,238,,,0,,,,,29.68,,0,,,,,,,,,,,,,,,,,0.000,,,0,22.1,,43,,0,3
01/26/2026 16:50:10,,81442326017,8144,2,Indoor 03,,,true,false,4,1,1,1,,,1,1,,,4,4,4,4,4,0.38,0,239,,,0,,,,,29.68,,0,,,,,,,,,,,,,,,,,0.000,,,0,22.1,,44,,0,2
01/26/2026 17:13:12,,81442326017,8144,2,Indoor 03,,,true,false,4,1,1,1,,,1,1,,,4,5,5,5,5,0.39,0,235,,,0,,,,,29.68,,0,,,,,,,,,,,,,,,,,0.000,,,0,22.1,,43,,0,3
01/26/2026 17:28:12,,81442326017,8144,2,Indoor 03,,,true,false,4,1,1,1,,,1,1,,,4,5,5,5,5,0.39,0,238,,,0,,,,,29.68,,0,,,,,,,,,,,,,,,,,0.000,,,0,22.1,,43,,0,2
01/26/2026 17:49:45,,81442326017,8144,2,Indoor 03,,,true,false,4,1,1,1,,,1,1,,,4,5,5,5,5,0.36,0,237,,,0,,,,,29.69,,0,,,,,,,,,,,,,,,,,0.000,,,0,22.1,,43,,0,3
01/26/2026 18:04:45,,81442326017,8144,2,Indoor 03,,,true,false,4,1,1,1,,,1,1,,,4,5,5,5,5,0.37,0,238,,,0,,,,,29.70,,0,,,,,,,,,,,,,,,,,0.000,,,0,22.1,,43,,0,2
01/26/2026 18:27:33,,81442326017,8144,2,Indoor 03,,,true,false,8,2,1,2,,,2,2,,,5,6,6,6,6,0.38,0,238,,,0,,,,,29.69,,0,,,,,,,,,,,,,,,,,0.000,,,0,22.1,,43,,0,3
01/26/2026 18:42:33,,81442326017,8144,2,Indoor 03,,,true,false,8,2,2,2,,,2,2,,,5,6,6,6,6,0.38,0,238,,,0,,,,,29.70,,0,,,,,,,,,,,,,,,,,0.000,,,0,22.1,,42,,0,2
01/26/2026 19:05:21,,81442326017,8144,2,Indoor 03,,,true,false,4,1,1,1,,,1,1,,,5,5,5,5,5,0.39,0,233,,,0,,,,,29.71,,0,,,,,,,,,,,,,,,,,0.000,,,0,22.1,,42,,0,3
01/26/2026 19:20:21,,81442326017,8144,2,Indoor 03,,,true,false,4,1,1,1,,,1,1,,,5,6,6,6,6,0.39,0,232,,,0,,,,,29.71,,0,,,,,,,,,,,,,,,,,0.000,,,0,22.1,,42,,0,2
01/26/2026 19:42:38,,81442326017,8144,2,Indoor 03,,,true,false,8,2,1,2,,,2,2,,,5,6,6,6,6,0.38,0,232,,,0,,,,,29.72,,0,,,,,,,,,,,,,,,,,0.000,,,0,22.1,,42,,0,3
01/26/2026 19:57:38,,81442326017,8144,2,Indoor 03,,,true,false,4,1,1,1,,,1,1,,,4,5,5,5,5,0.37,0,235,,,0,,,,,29.72,,0,,,,,,,,,,,,,,,,,0.000,,,0,22.1,,42,,0,2
01/26/2026 20:20:11,,81442326017,8144,2,Indoor 03,,,true,false,4,1,1,1,,,1,1,,,5,5,5,5,5,0.40,0,235,,,0,,,,,29.74,,0,,,,,,,,,,,,,,,,,0.000,,,0,22.1,,42,,0,3
01/26/2026 20:35:11,,81442326017,8144,2,Indoor 03,,,true,false,4,1,1,1,,,1,1,,,4,5,5,5,5,0.40,0,238,,,0,,,,,29.75,,0,,,,,,,,,,,,,,,,,0.000,,,0,22.1,,43,,0,2
01/26/2026 20:57:14,,81442326017,8144,2,Indoor 03,,,true,false,4,1,1,1,,,1,1,,,5,5,5,5,5,0.37,0,241,,,0,,,,,29.76,,0,,,,,,,,,,,,,,,,,0.000,,,0,22.1,,43,,0,3
01/26/2026 21:12:14,,81442326017,8144,2,Indoor 03,,,true,false,4,1,1,1,,,1,1,,,4,5,5,5,5,0.36,0,239,,,0,,,,,29.77,,0,,,,,,,,,,,,,,,,,0.000,,,0,22.0,,43,,0,2
01/26/2026 21:34:46,,81442326017,8144,2,Indoor 03,,,true,false,4,1,1,1,,,1,1,,,4,4,4,4,4,0.40,0,242,,,0,,,,,29.78,,0,,,,,,,,,,,,,,,,,0.000,,,0,22.0,,42,,0,3
01/26/2026 21:49:46,,81442326017,8144,2,Indoor 03,,,true,false,4,1,1,1,,,1,1,,,4,4,4,4,4,0.38,0,240,,,0,,,,,29.79,,0,,,,,,,,,,,,,,,,,0.000,,,0,22.0,,42,,0,2
01/26/2026 22:12:34,,81442326017,8144,2,Indoor 03,,,true,false,4,1,1,1,,,1,1,,,4,4,4,4,4,0.36,0,241,,,0,,,,,29.81,,0,,,,,,,,,,,,,,,,,0.000,,,0,22.1,,42,,0,3
01/26/2026 22:27:34,,81442326017,8144,2,Indoor 03,,,true,false,4,1,1,1,,,1,1,,,4,4,4,4,4,0.38,0,242,,,0,,,,,29.82,,0,,,,,,,,,,,,,,,,,0.000,,,0,22.1,,42,,0,2
01/26/2026 22:50:07,,81442326017,8144,2,Indoor 03,,,true,false,4,1,1,1,,,1,1,,,4,4,4,4,4,0.35,0,236,,,0,,,,,29.83,,0,,,,,,,,,,,,,,,,,0.000,,,0,22.1,,42,,0,3
01/26/2026 23:05:07,,81442326017,8144,2,Indoor 03,,,true,false,4,1,1,1,,,1,1,,,4,5,5,5,5,0.37,0,237,,,0,,,,,29.84,,0,,,,,,,,,,,,,,,,,0.000,,,0,22.1,,42,,0,2
01/26/2026 23:27:09,,81442326017,8144,2,Indoor 03,,,true,false,4,1,1,1,,,1,1,,,4,4,4,4,4,0.36,0,241,,,0,,,,,29.87,,0,,,,,,,,,,,,,,,,,0.000,,,0,22.1,,41,,0,3
01/26/2026 23:42:09,,81442326017,8144,2,Indoor 03,,,true,false,4,1,1,1,,,1,1,,,3,4,4,4,4,0.38,0,243,,,0,,,,,29.88,,0,,,,,,,,,,,,,,,,,0.000,,,0,22.1,,41,,0,2
01/27/2026 00:04:27,,81442326017,8144,2,Indoor 03,,,true,false,4,1,1,1,,,1,1,,,2,3,3,3,3,0.41,0,232,,,0,,,,,29.90,,0,,,,,,,,,,,,,,,,,0.000,,,0,22.1,,41,,0,3
01/27/2026 00:19:27,,81442326017,8144,2,Indoor 03,,,true,false,4,1,1,1,,,1,1,,,3,3,3,3,3,0.38,0,235,,,0,,,,,29.91,,0,,,,,,,,,,,,,,,,,0.000,,,0,22.1,,41,,0,2
01/27/2026 00:42:30,,81442326017,8144,2,Indoor 03,,,true,false,4,1,1,1,,,1,1,,,2,3,3,3,3,0.42,0,238,,,0,,,,,29.93,,0,,,,,,,,,,,,,,,,,0.000,,,0,22.1,,40,,0,3
01/27/2026 00:57:30,,81442326017,8144,2,Indoor 03,,,true,false,4,1,1,1,,,1,1,,,3,3,3,3,3,0.43,0,243,,,0,,,,,29.94,,0,,,,,,,,,,,,,,,,,0.000,,,0,22.1,,40,,0,2
01/27/2026 01:20:17,,81442326017,8144,2,Indoor 03,,,true,false,4,1,1,1,,,1,1,,,3,3,3,3,3,0.46,0,236,,,0,,,,,29.96,,0,,,,,,,,,,,,,,,,,0.000,,,0,22.1,,40,,0,3
01/27/2026 01:35:17,,81442326017,8144,2,Indoor 03,,,true,false,4,1,1,1,,,1,1,,,3,3,3,3,3,0.42,0,244,,,0,,,,,29.97,,0,,,,,,,,,,,,,,,,,0.000,,,0,22.1,,40,,0,2
01/27/2026 01:58:05,,81442326017,8144,2,Indoor 03,,,true,false,4,1,1,1,,,1,1,,,2,3,3,3,3,0.58,0,236,,,0,,,,,29.98,,0,,,,,,,,,,,,,,,,,0.000,,,0,22.1,,40,,0,3
01/27/2026 02:13:05,,81442326017,8144,2,Indoor 03,,,true,false,4,1,1,1,,,1,1,,,3,3,3,3,3,0.45,0,234,,,0,,,,,29.98,,0,,,,,,,,,,,,,,,,,0.000,,,0,22.1,,40,,0,2
01/27/2026 02:35:23,,81442326017,8144,2,Indoor 03,,,true,false,4,1,1,1,,,1,1,,,2,3,3,3,3,0.36,0,237,,,0,,,,,29.99,,0,,,,,,,,,,,,,,,,,0.000,,,0,22.1,,40,,0,3
01/27/2026 02:50:23,,81442326017,8144,2,Indoor 03,,,true,false,4,1,1,1,,,1,1,,,3,3,3,3,3,0.38,0,238,,,0,,,,,29.99,,0,,,,,,,,,,,,,,,,,0.000,,,0,22.1,,40,,0,2
01/27/2026 03:12:10,,81442326017,8144,2,Indoor 03,,,true,false,4,1,1,1,,,1,1,,,3,3,3,3,3,0.44,0,241,,,0,,,,,30.00,,0,,,,,,,,,,,,,,,,,0.000,,,0,22.1,,40,,0,3
01/27/2026 03:27:10,,81442326017,8144,2,Indoor 03,,,true,false,4,1,1,1,,,1,1,,,3,3,3,3,3,0.42,0,245,,,0,,,,,30.01,,0,,,,,,,,,,,,,,,,,0.000,,,0,22.1,,40,,0,2
01/27/2026 03:49:43,,81442326017,8144,2,Indoor 03,,,true,false,4,1,1,1,,,1,1,,,3,3,3,3,3,0.35,0,237,,,0,,,,,30.01,,0,,,,,,,,,,,,,,,,,0.000,,,0,22.1,,40,,0,3
01/27/2026 04:04:43,,81442326017,8144,2,Indoor 03,,,true,false,4,1,1,1,,,1,1,,,3,4,4,4,4,0.37,0,237,,,0,,,,,30.01,,0,,,,,,,,,,,,,,,,,0.000,,,0,22.1,,40,,0,2
01/27/2026 04:27:16,,81442326017,8144,2,Indoor 03,,,true,false,4,1,1,1,,,1,1,,,3,4,4,4,4,0.37,0,241,,,0,,,,,30.02,,0,,,,,,,,,,,,,,,,,0.000,,,0,22.1,,41,,0,3
01/27/2026 04:42:16,,81442326017,8144,2,Indoor 03,,,true,false,4,1,1,1,,,1,1,,,3,4,4,4,4,0.38,0,244,,,0,,,,,30.02,,0,,,,,,,,,,,,,,,,,0.000,,,0,22.1,,41,,0,2
01/27/2026 05:03:32,,81442326017,8144,2,Indoor 03,,,true,false,4,1,1,1,,,1,1,,,3,3,3,3,3,0.42,0,240,,,0,,,,,30.02,,0,,,,,,,,,,,,,,,,,0.000,,,0,22.1,,41,,0,3
01/27/2026 05:18:32,,81442326017,8144,2,Indoor 03,,,true,false,4,1,1,1,,,1,1,,,3,3,3,3,3,0.39,0,242,,,0,,,,,30.03,,0,,,,,,,,,,,,,,,,,0.000,,,0,22.1,,41,,0,2
01/27/2026 05:40:51,,81442326017,8144,2,Indoor 03,,,true,false,4,1,1,1,,,1,1,,,3,3,3,3,3,0.42,0,243,,,0,,,,,30.03,,0,,,,,,,,,,,,,,,,,0.000,,,0,22.1,,41,,0,3
01/27/2026 05:55:51,,81442326017,8144,2,Indoor 03,,,true,false,4,1,1,1,,,1,1,,,3,3,3,3,3,0.40,0,245,,,0,,,,,30.03,,0,,,,,,,,,,,,,,,,,0.000,,,0,22.1,,41,,0,2
01/27/2026 06:18:39,,81442326017,8144,2,Indoor 03,,,true,false,4,1,1,1,,,1,1,,,3,3,3,3,3,0.45,0,240,,,0,,,,,30.03,,0,,,,,,,,,,,,,,,,,0.000,,,0,22.1,,41,,0,3
01/27/2026 06:33:39,,81442326017,8144,2,Indoor 03,,,true,false,4,1,1,1,,,1,1,,,3,3,3,3,3,0.41,0,241,,,0,,,,,30.03,,0,,,,,,,,,,,,,,,,,0.000,,,0,22.1,,41,,0,2
01/27/2026 06:56:26,,81442326017,8144,2,Indoor 03,,,true,false,4,1,1,1,,,1,1,,,3,3,3,3,3,0.37,0,236,,,0,,,,,30.04,,0,,,,,,,,,,,,,,,,,0.000,,,0,22.1,,41,,0,3
01/27/2026 07:11:26,,81442326017,8144,2,Indoor 03,,,true,false,4,1,1,1,,,1,1,,,3,3,3,3,3,0.39,0,239,,,0,,,,,30.04,,0,,,,,,,,,,,,,,,,,0.000,,,0,22.1,,41,,0,2
01/27/2026 07:34:29,,81442326017,8144,2,Indoor 03,,,true,false,4,1,1,1,,,1,1,,,3,3,3,3,3,0.38,0,239,,,0,,,,,30.04,,0,,,,,,,,,,,,,,,,,0.000,,,0,22.1,,41,,0,3
01/27/2026 07:49:29,,81442326017,8144,2,Indoor 03,,,true,false,4,1,1,1,,,1,1,,,3,3,3,3,3,0.38,0,243,,,0,,,,,30.05,,0,,,,,,,,,,,,,,,,,0.000,,,0,22.1,,41,,0,2
01/27/2026 08:11:47,,81442326017,8144,2,Indoor 03,,,true,false,4,1,1,1,,,1,1,,,3,3,3,3,3,0.33,0,234,,,0,,,,,30.05,,0,,,,,,,,,,,,,,,,,0.000,,,0,22.1,,41,,0,3
01/27/2026 08:26:47,,81442326017,8144,2,Indoor 03,,,true,false,4,1,1,1,,,1,1,,,3,3,3,3,3,0.35,0,232,,,0,,,,,30.05,,0,,,,,,,,,,,,,,,,,0.000,,,0,22.1,,41,,0,2
01/27/2026 08:49:49,,81442326017,8144,2,Indoor 03,,,true,false,4,1,1,1,,,1,1,,,3,3,3,3,3,0.39,0,232,,,0,,,,,30.05,,0,,,,,,,,,,,,,,,,,0.000,,,0,22.1,,41,,0,3
01/27/2026 09:04:49,,81442326017,8144,2,Indoor 03,,,true,false,4,1,1,1,,,1,1,,,3,3,3,3,3,0.38,0,238,,,0,,,,,30.05,,0,,,,,,,,,,,,,,,,,0.000,,,0,22.1,,41,,0,2
01/27/2026 09:27:22,,81442326017,8144,2,Indoor 03,,,true,false,4,1,1,1,,,1,1,,,3,3,3,3,3,0.38,0,236,,,0,,,,,30.06,,0,,,,,,,,,,,,,,,,,0.000,,,0,22.1,,41,,0,3
01/27/2026 09:42:22,,81442326017,8144,2,Indoor 03,,,true,false,4,1,1,1,,,1,1,,,3,3,3,3,3,0.38,0,237,,,0,,,,,30.06,,0,,,,,,,,,,,,,,,,,0.000,,,0,22.1,,41,,0,2
01/27/2026 10:03:55,,81442326017,8144,2,Indoor 03,,,true,false,4,1,1,1,,,1,1,,,2,3,3,3,3,0.40,0,232,,,0,,,,,30.05,,0,,,,,,,,,,,,,,,,,0.000,,,0,22.1,,41,,0,3
01/27/2026 10:18:55,,81442326017,8144,2,Indoor 03,,,true,false,4,1,1,1,,,1,1,,,3,3,3,3,3,0.38,0,234,,,0,,,,,30.05,,0,,,,,,,,,,,,,,,,,0.000,,,0,21.9,,41,,0,2
01/27/2026 10:42:12,,81442326017,8144,2,Indoor 03,,,true,false,4,1,1,1,,,1,1,,,3,3,3,3,3,0.40,0,230,,,0,,,,,30.05,,0,,,,,,,,,,,,,,,,,0.000,,,0,21.8,,41,,0,3
01/27/2026 10:57:12,,81442326017,8144,2,Indoor 03,,,true,false,4,1,1,1,,,1,1,,,3,3,3,3,3,0.39,0,230,,,0,,,,,30.05,,0,,,,,,,,,,,,,,,,,0.000,,,0,21.7,,41,,0,2
01/27/2026 11:20:00,,81442326017,8144,2,Indoor 03,,,true,false,4,1,1,1,,,1,1,,,3,3,3,3,3,0.41,0,227,,,0,,,,,30.06,,0,,,,,,,,,,,,,,,,,0.000,,,0,21.6,,41,,0,3
01/27/2026 11:35:00,,81442326017,8144,2,Indoor 03,,,true,false,4,1,1,1,,,1,1,,,3,3,3,3,3,0.39,0,229,,,0,,,,,30.06,,0,,,,,,,,,,,,,,,,,0.000,,,0,21.5,,41,,0,2
01/27/2026 11:57:48,,81442326017,8144,2,Indoor 03,,,true,false,4,1,1,1,,,1,1,,,3,3,3,3,3,0.53,0,232,,,0,,,,,30.06,,0,,,,,,,,,,,,,,,,,0.000,,,0,21.4,,41,,0,3
01/27/2026 12:12:48,,81442326017,8144,2,Indoor 03,,,true,false,4,1,1,1,,,1,1,,,3,4,4,4,4,0.44,0,229,,,0,,,,,30.05,,0,,,,,,,,,,,,,,,,,0.000,,,0,21.3,,41,,0,2
01/27/2026 12:34:05,,81442326017,8144,2,Indoor 03,,,true,false,4,1,1,1,,,1,1,,,3,3,3,3,3,0.45,0,230,,,0,,,,,30.06,,0,,,,,,,,,,,,,,,,,0.000,,,0,21.4,,41,,0,3
01/27/2026 12:49:05,,81442326017,8144,2,Indoor 03,,,true,false,4,1,1,1,,,1,1,,,3,3,3,3,3,0.41,0,233,,,0,,,,,30.06,,0,,,,,,,,,,,,,,,,,0.000,,,0,21.4,,41,,0,2
01/27/2026 13:11:53,,81442326017,8144,2,Indoor 03,,,true,false,4,1,1,1,,,1,1,,,3,3,4,4,4,0.35,0,237,,,0,,,,,30.05,,0,,,,,,,,,,,,,,,,,0.000,,,0,21.4,,41,,0,3
01/27/2026 13:26:53,,81442326017,8144,2,Indoor 03,,,true,false,4,1,1,1,,,1,1,,,3,4,4,4,4,0.38,0,238,,,0,,,,,30.05,,0,,,,,,,,,,,,,,,,,0.000,,,0,21.4,,41,,0,2
01/27/2026 13:49:40,,81442326017,8144,2,Indoor 03,,,true,false,4,1,1,1,,,1,1,,,3,4,4,4,4,0.43,0,232,,,0,,,,,30.06,,0,,,,,,,,,,,,,,,,,0.000,,,0,21.4,,41,,0,3
01/27/2026 14:04:40,,81442326017,8144,2,Indoor 03,,,true,false,4,1,1,1,,,1,1,,,4,4,4,4,4,0.40,0,236,,,0,,,,,30.05,,0,,,,,,,,,,,,,,,,,0.000,,,0,21.4,,41,,0,2
01/27/2026 14:27:13,,81442326017,8144,2,Indoor 03,,,true,false,4,1,1,1,,,1,1,,,4,4,4,4,4,0.42,0,235,,,0,,,,,30.06,,0,,,,,,,,,,,,,,,,,0.000,,,0,21.7,,41,,0,3
01/27/2026 14:42:13,,81442326017,8144,2,Indoor 03,,,true,false,4,1,1,1,,,1,1,,,4,4,4,4,4,0.40,0,239,,,0,,,,,30.05,,0,,,,,,,,,,,,,,,,,0.000,,,0,21.8,,40,,0,2
01/27/2026 15:04:46,,81442326017,8144,2,Indoor 03,,,true,false,4,1,1,1,,,1,1,,,4,5,5,5,5,0.37,0,237,,,0,,,,,30.05,,0,,,,,,,,,,,,,,,,,0.000,,,0,22.0,,40,,0,3
01/27/2026 15:19:46,,81442326017,8144,2,Indoor 03,,,true,false,4,1,1,1,,,1,1,,,4,5,5,5,5,0.38,0,236,,,0,,,,,30.04,,0,,,,,,,,,,,,,,,,,0.000,,,0,21.9,,40,,0,2
01/27/2026 15:42:33,,81442326017,8144,2,Indoor 03,,,true,false,4,1,1,1,,,1,1,,,3,4,4,4,4,0.36,0,237,,,0,,,,,30.04,,0,,,,,,,,,,,,,,,,,0.000,,,0,21.9,,40,,0,3
01/27/2026 15:57:33,,81442326017,8144,2,Indoor 03,,,true,false,4,1,1,1,,,1,1,,,3,4,4,4,4,0.36,0,240,,,0,,,,,30.02,,0,,,,,,,,,,,,,,,,,0.000,,,0,21.9,,40,,0,2
01/27/2026 16:19:52,,81442326017,8144,2,Indoor 03,,,true,false,4,1,1,1,,,1,1,,,3,3,3,3,3,0.40,0,234,,,0,,,,,30.00,,0,,,,,,,,,,,,,,,,,0.000,,,0,21.8,,40,,0,3
01/27/2026 16:34:52,,81442326017,8144,2,Indoor 03,,,true,false,4,1,1,1,,,1,1,,,4,4,4,4,4,0.39,0,234,,,0,,,,,29.99,,0,,,,,,,,,,,,,,,,,0.000,,,0,21.8,,40,,0,2
01/27/2026 16:57:39,,81442326017,8144,2,Indoor 03,,,true,false,4,1,1,1,,,1,1,,,4,4,4,4,4,0.46,0,234,,,0,,,,,29.97,,0,,,,,,,,,,,,,,,,,0.000,,,0,21.9,,40,,0,3
01/27/2026 17:12:39,,81442326017,8144,2,Indoor 03,,,true,false,4,1,1,1,,,1,1,,,3,4,4,4,4,0.41,0,236,,,0,,,,,29.96,,0,,,,,,,,,,,,,,,,,0.000,,,0,21.9,,40,,0,2
01/27/2026 17:35:11,,81442326017,8144,2,Indoor 03,,,true,false,4,1,1,1,,,1,1,,,3,3,3,3,3,0.46,0,231,,,0,,,,,29.94,,0,,,,,,,,,,,,,,,,,0.000,,,0,21.8,,40,,0,3
01/27/2026 17:50:11,,81442326017,8144,2,Indoor 03,,,true,false,4,1,1,1,,,1,1,,,3,4,4,4,4,0.44,0,230,,,0,,,,,29.92,,0,,,,,,,,,,,,,,,,,0.000,,,0,21.8,,40,,0,2
01/27/2026 18:11:59,,81442326017,8144,2,Indoor 03,,,true,false,4,1,1,1,,,1,1,,,3,4,4,4,4,0.40,0,232,,,0,,,,,29.91,,0,,,,,,,,,,,,,,,,,0.000,,,0,21.8,,40,,0,3
01/27/2026 18:26:59,,81442326017,8144,2,Indoor 03,,,true,false,4,1,1,1,,,1,1,,,3,4,4,4,4,0.40,0,236,,,0,,,,,29.90,,0,,,,,,,,,,,,,,,,,0.000,,,0,21.9,,40,,0,2
01/27/2026 18:49:17,,81442326017,8144,2,Indoor 03,,,true,false,4,1,1,1,,,1,1,,,3,3,3,3,3,0.42,0,234,,,0,,,,,29.88,,0,,,,,,,,,,,,,,,,,0.000,,,0,21.9,,40,,0,3
01/27/2026 19:04:17,,81442326017,8144,2,Indoor 03,,,true,false,4,1,1,1,,,1,1,,,3,3,3,4,4,0.41,0,235,,,0,,,,,29.88,,0,,,,,,,,,,,,,,,,,0.000,,,0,21.8,,40,,0,2
01/27/2026 19:27:20,,81442326017,8144,2,Indoor 03,,,true,false,4,1,1,1,,,1,1,,,3,3,3,3,3,0.41,0,232,,,0,,,,,29.86,,0,,,,,,,,,,,,,,,,,0.000,,,0,21.6,,40,,0,3
01/27/2026 19:42:20,,81442326017,8144,2,Indoor 03,,,true,false,4,1,1,1,,,1,1,,,3,3,3,3,3,0.41,0,237,,,0,,,,,29.86,,0,,,,,,,,,,,,,,,,,0.000,,,0,21.7,,40,,0,2
01/27/2026 20:04:53,,81442326017,8144,2,Indoor 03,,,true,false,4,1,1,1,,,1,1,,,3,3,3,3,3,0.37,0,232,,,0,,,,,29.86,,0,,,,,,,,,,,,,,,,,0.000,,,0,21.6,,40,,0,3
01/27/2026 20:19:53,,81442326017,8144,2,Indoor 03,,,true,false,4,1,1,1,,,1,1,,,3,4,4,4,4,0.37,0,235,,,0,,,,,29.86,,0,,,,,,,,,,,,,,,,,0.000,,,0,21.6,,40,,0,2
01/27/2026 20:42:40,,81442326017,8144,2,Indoor 03,,,true,false,4,1,1,1,,,1,1,,,3,3,3,3,3,0.44,0,232,,,0,,,,,29.85,,0,,,,,,,,,,,,,,,,,0.000,,,0,21.5,,41,,0,3
01/27/2026 20:57:40,,81442326017,8144,2,Indoor 03,,,true,false,4,1,1,1,,,1,1,,,3,4,4,4,4,0.39,0,232,,,0,,,,,29.85,,0,,,,,,,,,,,,,,,,,0.000,,,0,21.5,,41,,0,2
01/27/2026 21:19:58,,81442326017,8144,2,Indoor 03,,,true,false,4,1,1,1,,,1,1,,,3,4,4,4,4,0.36,0,237,,,0,,,,,29.83,,0,,,,,,,,,,,,,,,,,0.000,,,0,21.5,,41,,0,3
01/27/2026 21:34:58,,81442326017,8144,2,Indoor 03,,,true,false,4,1,1,1,,,1,1,,,4,4,4,4,4,0.37,0,242,,,0,,,,,29.83,,0,,,,,,,,,,,,,,,,,0.000,,,0,21.4,,41,,0,2
01/27/2026 21:57:31,,81442326017,8144,2,Indoor 03,,,true,false,4,1,1,1,,,1,1,,,3,4,4,4,4,0.50,0,235,,,0,,,,,29.83,,0,,,,,,,,,,,,,,,,,0.000,,,0,21.4,,41,,0,3
01/27/2026 22:12:31,,81442326017,8144,2,Indoor 03,,,true,false,4,1,1,1,,,1,1,,,3,4,4,4,4,0.42,0,237,,,0,,,,,29.83,,0,,,,,,,,,,,,,,,,,0.000,,,0,21.4,,41,,0,2
01/27/2026 22:35:18,,81442326017,8144,2,Indoor 03,,,true,false,4,1,1,1,,,1,1,,,3,4,4,4,4,0.35,0,237,,,0,,,,,29.83,,0,,,,,,,,,,,,,,,,,0.000,,,0,21.7,,41,,0,3
01/27/2026 22:50:18,,81442326017,8144,2,Indoor 03,,,true,false,4,1,1,1,,,1,1,,,3,4,4,4,4,0.36,0,238,,,0,,,,,29.83,,0,,,,,,,,,,,,,,,,,0.000,,,0,21.8,,41,,0,2
01/27/2026 23:12:06,,81442326017,8144,2,Indoor 03,,,true,false,4,1,1,1,,,1,1,,,4,4,4,4,4,0.46,0,233,,,0,,,,,29.84,,0,,,,,,,,,,,,,,,,,0.000,,,0,21.9,,41,,0,3
01/27/2026 23:27:06,,81442326017,8144,2,Indoor 03,,,true,false,4,1,1,1,,,1,1,,,4,4,4,4,4,0.43,0,236,,,0,,,,,29.84,,0,,,,,,,,,,,,,,,,,0.000,,,0,21.8,,41,,0,2
01/27/2026 23:50:09,,81442326017,8144,2,Indoor 03,,,true,false,4,1,1,1,,,1,1,,,5,5,5,5,5,0.39,0,235,,,0,,,,,29.85,,0,,,,,,,,,,,,,,,,,0.000,,,0,21.7,,41,,0,3
01/28/2026 00:05:09,,81442326017,8144,2,Indoor 03,,,true,false,4,1,1,1,,,1,1,,,5,5,5,5,5,0.38,0,244,,,0,,,,,29.85,,0,,,,,,,,,,,,,,,,,0.000,,,0,21.6,,42,,0,2
01/28/2026 00:28:11,,81442326017,8144,2,Indoor 03,,,true,false,8,2,2,2,,,2,2,,,5,6,6,6,6,0.38,0,242,,,0,,,,,29.85,,0,,,,,,,,,,,,,,,,,0.000,,,0,21.5,,42,,0,3
01/28/2026 00:43:11,,81442326017,8144,2,Indoor 03,,,true,false,8,2,2,2,,,2,2,,,5,6,6,6,6,0.38,0,242,,,0,,,,,29.85,,0,,,,,,,,,,,,,,,,,0.000,,,0,21.5,,42,,0,2
01/28/2026 01:05:14,,81442326017,8144,2,Indoor 03,,,true,false,4,1,1,1,,,1,1,,,5,6,6,6,6,0.40,0,235,,,0,,,,,29.86,,0,,,,,,,,,,,,,,,,,0.000,,,0,21.4,,42,,0,3
01/28/2026 01:20:14,,81442326017,8144,2,Indoor 03,,,true,false,8,2,1,2,,,2,2,,,5,6,6,6,6,0.38,0,238,,,0,,,,,29.86,,0,,,,,,,,,,,,,,,,,0.000,,,0,21.4,,42,,0,2
01/28/2026 01:42:32,,81442326017,8144,2,Indoor 03,,,true,false,4,1,1,1,,,1,1,,,4,5,5,5,5,0.43,0,235,,,0,,,,,29.86,,0,,,,,,,,,,,,,,,,,0.000,,,0,21.3,,42,,0,3
01/28/2026 01:57:32,,81442326017,8144,2,Indoor 03,,,true,false,4,1,1,1,,,1,1,,,5,5,5,5,5,0.39,0,239,,,0,,,,,29.86,,0,,,,,,,,,,,,,,,,,0.000,,,0,21.3,,42,,0,2
01/28/2026 02:20:34,,81442326017,8144,2,Indoor 03,,,true,false,4,1,1,1,,,1,1,,,4,5,5,5,5,0.44,0,239,,,0,,,,,29.86,,0,,,,,,,,,,,,,,,,,0.000,,,0,21.4,,42,,0,3
01/28/2026 02:35:34,,81442326017,8144,2,Indoor 03,,,true,false,4,1,1,1,,,1,1,,,4,5,5,5,5,0.39,0,237,,,0,,,,,29.86,,0,,,,,,,,,,,,,,,,,0.000,,,0,21.4,,42,,0,2
01/28/2026 02:57:51,,81442326017,8144,2,Indoor 03,,,true,false,4,1,1,1,,,1,1,,,4,4,4,4,4,0.40,0,239,,,0,,,,,29.87,,0,,,,,,,,,,,,,,,,,0.000,,,0,21.4,,42,,0,3
01/28/2026 03:12:51,,81442326017,8144,2,Indoor 03,,,true,false,4,1,1,1,,,1,1,,,4,4,4,4,4,0.39,0,234,,,0,,,,,29.87,,0,,,,,,,,,,,,,,,,,0.000,,,0,21.4,,43,,0,2
01/28/2026 03:35:25,,81442326017,8144,2,Indoor 03,,,true,false,4,1,1,1,,,1,1,,,4,4,4,4,4,0.41,0,234,,,0,,,,,29.87,,0,,,,,,,,,,,,,,,,,0.000,,,0,21.5,,43,,0,3
01/28/2026 03:50:25,,81442326017,8144,2,Indoor 03,,,true,false,4,1,1,1,,,1,1,,,5,5,5,5,5,0.40,0,236,,,0,,,,,29.88,,0,,,,,,,,,,,,,,,,,0.000,,,0,21.4,,43,,0,2
01/28/2026 04:13:12,,81442326017,8144,2,Indoor 03,,,true,false,8,2,1,2,,,2,2,,,5,6,6,6,6,0.36,0,236,,,0,,,,,29.89,,0,,,,,,,,,,,,,,,,,0.000,,,0,21.4,,44,,0,3
01/28/2026 04:28:12,,81442326017,8144,2,Indoor 03,,,true,false,8,2,1,2,,,2,2,,,5,6,6,6,6,0.36,0,236,,,0,,,,,29.89,,0,,,,,,,,,,,,,,,,,0.000,,,0,21.3,,44,,0,2
01/28/2026 04:50:30,,81442326017,8144,2,Indoor 03,,,true,false,4,1,1,1,,,1,1,,,5,5,5,5,5,0.38,0,236,,,0,,,,,29.90,,0,,,,,,,,,,,,,,,,,0.000,,,0,21.3,,44,,0,3
01/28/2026 05:05:30,,81442326017,8144,2,Indoor 03,,,true,false,8,2,1,2,,,2,2,,,5,6,6,6,6,0.39,0,237,,,0,,,,,29.90,,0,,,,,,,,,,,,,,,,,0.000,,,0,21.2,,45,,0,2
01/28/2026 05:28:03,,81442326017,8144,2,Indoor 03,,,true,false,8,2,2,2,,,2,2,,,5,6,6,6,6,0.39,0,236,,,0,,,,,29.90,,0,,,,,,,,,,,,,,,,,0.000,,,0,21.2,,44,,0,3
01/28/2026 05:43:03,,81442326017,8144,2,Indoor 03,,,true,false,8,2,1,2,,,2,2,,,5,6,6,6,6,0.38,0,236,,,0,,,,,29.90,,0,,,,,,,,,,,,,,,,,0.000,,,0,21.1,,44,,0,2
01/28/2026 06:05:35,,81442326017,8144,2,Indoor 03,,,true,false,8,2,2,2,,,2,2,,,5,6,6,6,6,0.40,0,231,,,0,,,,,29.91,,0,,,,,,,,,,,,,,,,,0.000,,,0,21.1,,43,,0,3
01/28/2026 06:20:35,,81442326017,8144,2,Indoor 03,,,true,false,8,2,2,2,,,2,2,,,6,6,6,6,6,0.39,0,230,,,0,,,,,29.91,,0,,,,,,,,,,,,,,,,,0.000,,,0,21.1,,43,,0,2
01/28/2026 06:43:08,,81442326017,8144,2,Indoor 03,,,true,false,8,2,2,2,,,2,2,,,5,6,6,6,6,0.45,0,232,,,0,,,,,29.92,,0,,,,,,,,,,,,,,,,,0.000,,,0,21.0,,43,,0,3
01/28/2026 06:58:08,,81442326017,8144,2,Indoor 03,,,true,false,8,2,2,2,,,2,2,,,6,6,6,6,6,0.41,0,231,,,0,,,,,29.92,,0,,,,,,,,,,,,,,,,,0.000,,,0,21.0,,43,,0,2
01/28/2026 07:20:41,,81442326017,8144,2,Indoor 03,,,true,false,8,2,2,2,,,2,2,,,5,6,6,6,6,0.39,0,236,,,0,,,,,29.92,,0,,,,,,,,,,,,,,,,,0.000,,,0,20.9,,43,,0,3
01/28/2026 07:35:41,,81442326017,8144,2,Indoor 03,,,true,false,8,2,2,2,,,2,2,,,5,6,6,6,6,0.40,0,230,,,0,,,,,29.92,,0,,,,,,,,,,,,,,,,,0.000,,,0,20.9,,43,,0,2
01/28/2026 07:58:13,,81442326017,8144,2,Indoor 03,,,true,false,8,2,2,2,,,2,2,,,6,7,7,7,7,0.38,0,233,,,0,,,,,29.93,,0,,,,,,,,,,,,,,,,,0.000,,,0,20.8,,44,,0,3
01/28/2026 08:13:13,,81442326017,8144,2,Indoor 03,,,true,false,8,2,2,2,,,2,2,,,6,7,7,7,7,0.37,0,239,,,0,,,,,29.93,,0,,,,,,,,,,,,,,,,,0.000,,,0,20.7,,44,,0,2
01/28/2026 08:35:46,,81442326017,8144,2,Indoor 03,,,true,false,8,2,2,2,,,2,2,,,6,7,7,7,7,0.38,0,242,,,0,,,,,29.92,,0,,,,,,,,,,,,,,,,,0.000,,,0,20.7,,44,,0,3
01/28/2026 08:50:46,,81442326017,8144,2,Indoor 03,,,true,false,8,2,2,2,,,2,2,,,6,7,7,7,7,0.38,0,245,,,0,,,,,29.92,,0,,,,,,,,,,,,,,,,,0.000,,,0,20.7,,44,,0,2
01/28/2026 09:13:19,,81442326017,8144,2,Indoor 03,,,true,false,8,2,2,2,,,2,2,,,6,7,7,7,7,0.39,0,243,,,0,,,,,29.92,,0,,,,,,,,,,,,,,,,,0.000,,,0,20.7,,44,,0,3
01/28/2026 09:28:19,,81442326017,8144,2,Indoor 03,,,true,false,8,2,2,2,,,2,2,,,6,7,7,7,7,0.39,0,242,,,0,,,,,29.92,,0,,,,,,,,,,,,,,,,,0.000,,,0,20.6,,43,,0,2
01/28/2026 09:50:51,,81442326017,8144,2,Indoor 03,,,true,false,8,2,2,2,,,2,2,,,6,7,7,7,7,0.37,0,241,,,0,,,,,29.93,,0,,,,,,,,,,,,,,,,,0.000,,,0,20.6,,43,,0,3
01/28/2026 10:05:51,,81442326017,8144,2,Indoor 03,,,true,false,8,2,2,2,,,2,2,,,7,8,8,8,8,0.38,0,246,,,0,,,,,29.94,,0,,,,,,,,,,,,,,,,,0.000,,,0,20.6,,44,,0,2
01/28/2026 10:28:39,,81442326017,8144,2,Indoor 03,,,true,false,8,2,2,2,,,2,2,,,7,7,7,7,8,0.38,0,234,,,0,,,,,29.95,,0,,,,,,,,,,,,,,,,,0.000,,,0,20.5,,44,,0,3
01/28/2026 10:43:39,,81442326017,8144,2,Indoor 03,,,true,false,8,2,2,2,,,2,2,,,7,7,7,7,7,0.37,0,232,,,0,,,,,29.95,,0,,,,,,,,,,,,,,,,,0.000,,,0,20.5,,44,,0,2
01/28/2026 11:06:26,,81442326017,8144,2,Indoor 03,,,true,false,8,2,2,2,,,2,2,,,8,9,9,9,9,0.38,0,228,,,0,,,,,29.95,,0,,,,,,,,,,,,,,,,,0.000,,,0,20.6,,44,,0,3
01/28/2026 11:21:26,,81442326017,8144,2,Indoor 03,,,true,false,13,3,3,3,,,3,3,,,9,10,10,10,10,0.38,0,235,,,0,,,,,29.95,,0,,,,,,,,,,,,,,,,,0.000,,,0,20.9,,44,,0,2
01/28/2026 11:44:14,,81442326017,8144,2,Indoor 03,,,true,false,13,3,3,3,,,3,3,,,9,10,10,10,10,0.39,0,239,,,0,,,,,29.96,,0,,,,,,,,,,,,,,,,,0.000,,,0,21.1,,44,,0,3
01/28/2026 11:59:14,,81442326017,8144,2,Indoor 03,,,true,false,13,3,2,3,,,3,3,,,8,9,9,9,9,0.37,0,251,,,0,,,,,29.96,,0,,,,,,,,,,,,,,,,,0.000,,,0,21.2,,44,,0,2
01/28/2026 12:22:02,,81442326017,8144,2,Indoor 03,,,true,false,13,3,3,3,,,3,3,,,9,10,10,10,10,0.40,0,273,,,0,,,,,29.96,,0,,,,,,,,,,,,,,,,,0.000,,,0,21.2,,44,,0,3
01/28/2026 12:37:02,,81442326017,8144,2,Indoor 03,,,true,false,13,3,3,3,,,3,3,,,9,10,10,10,10,0.38,0,265,,,0,,,,,29.96,,0,,,,,,,,,,,,,,,,,0.000,,,0,21.1,,44,,0,2
01/28/2026 12:59:50,,81442326017,8144,2,Indoor 03,,,true,false,13,3,3,3,,,3,3,,,9,10,10,10,10,0.40,0,273,,,0,,,,,29.97,,0,,,,,,,,,,,,,,,,,0.000,,,0,21.1,,44,,0,3
01/28/2026 13:14:50,,81442326017,8144,2,Indoor 03,,,true,false,13,3,3,3,,,3,3,,,9,10,10,10,10,0.38,0,262,,,0,,,,,29.97,,0,,,,,,,,,,,,,,,,,0.000,,,0,21.1,,44,,0,2
01/28/2026 13:37:07,,81442326017,8144,2,Indoor 03,,,true,false,13,3,3,3,,,3,3,,,9,10,10,10,11,0.35,0,252,,,0,,,,,29.98,,0,,,,,,,,,,,,,,,,,0.004,,,0,21.3,,44,,0,3
01/28/2026 13:52:07,,81442326017,8144,2,Indoor 03,,,true,false,13,3,2,3,,,3,3,,,9,10,10,10,10,0.37,0,248,,,0,,,,,29.98,,0,,,,,,,,,,,,,,,,,0.020,,,0,21.6,,43,,0,2
01/28/2026 14:14:55,,81442326017,8144,2,Indoor 03,,,true,false,8,2,2,2,,,2,2,,,8,9,9,9,9,0.35,0,240,,,0,,,,,29.98,,0,,,,,,,,,,,,,,,,,0.000,,,0,21.8,,42,,0,3
01/28/2026 14:29:55,,81442326017,8144,2,Indoor 03,,,true,false,13,3,2,3,,,3,3,,,8,9,9,9,9,0.37,0,245,,,0,,,,,29.98,,0,,,,,,,,,,,,,,,,,0.000,,,0,21.9,,42,,0,2
01/28/2026 14:52:12,,81442326017,8144,2,Indoor 03,,,true,false,8,2,2,2,,,2,2,,,8,9,9,9,9,0.35,0,238,,,0,,,,,29.98,,0,,,,,,,,,,,,,,,,,0.001,,,0,22.0,,42,,0,3
01/28/2026 15:07:12,,81442326017,8144,2,Indoor 03,,,true,false,8,2,2,2,,,2,2,,,8,8,8,8,8,0.36,0,295,,,0,,,,,29.98,,0,,,,,,,,,,,,,,,,,0.020,,,0,22.0,,43,,0,2
01/28/2026 15:29:45,,81442326017,8144,2,Indoor 03,,,true,false,8,2,2,2,,,2,2,,,7,8,8,8,8,0.40,0,256,,,0,,,,,29.97,,0,,,,,,,,,,,,,,,,,0.002,,,0,21.8,,42,,0,3
01/28/2026 15:44:45,,81442326017,8144,2,Indoor 03,,,true,false,8,2,2,2,,,2,2,,,7,8,8,8,8,0.37,0,246,,,0,,,,,29.97,,0,,,,,,,,,,,,,,,,,0.018,,,0,21.8,,42,,0,2
01/28/2026 16:07:33,,81442326017,8144,2,Indoor 03,,,true,false,8,2,2,2,,,2,2,,,8,9,9,9,9,0.40,0,243,,,0,,,,,29.95,,0,,,,,,,,,,,,,,,,,0.000,,,0,21.9,,42,,0,3
01/28/2026 16:22:33,,81442326017,8144,2,Indoor 03,,,true,false,8,2,2,2,,,2,2,,,7,8,8,8,8,0.36,0,246,,,0,,,,,29.94,,0,,,,,,,,,,,,,,,,,0.005,,,0,22.0,,42,,0,2
01/28/2026 16:45:21,,81442326017,8144,2,Indoor 03,,,true,false,8,2,2,2,,,2,2,,,7,7,7,7,7,0.36,0,245,,,0,,,,,29.93,,0,,,,,,,,,,,,,,,,,0.000,,,0,22.0,,42,,0,3
01/28/2026 17:00:21,,81442326017,8144,2,Indoor 03,,,true,false,8,2,2,2,,,2,2,,,6,7,7,7,7,0.37,0,244,,,0,,,,,29.92,,0,,,,,,,,,,,,,,,,,0.000,,,0,22.1,,42,,0,2
01/28/2026 17:23:08,,81442326017,8144,2,Indoor 03,,,true,false,8,2,2,2,,,2,2,,,7,7,7,7,7,0.37,0,246,,,0,,,,,29.90,,0,,,,,,,,,,,,,,,,,0.000,,,0,22.1,,42,,0,3
01/28/2026 17:38:08,,81442326017,8144,2,Indoor 03,,,true,false,8,2,2,2,,,2,2,,,7,7,7,7,7,0.37,0,246,,,0,,,,,29.89,,0,,,,,,,,,,,,,,,,,0.020,,,0,22.1,,42,,0,2
01/28/2026 18:00:11,,81442326017,8144,2,Indoor 03,,,true,false,8,2,2,2,,,2,2,,,7,8,8,8,8,0.35,0,255,,,0,,,,,29.88,,0,,,,,,,,,,,,,,,,,0.000,,,0,22.1,,42,,0,3
01/28/2026 18:15:11,,81442326017,8144,2,Indoor 03,,,true,false,8,2,2,2,,,2,2,,,8,9,9,9,9,0.36,0,252,,,0,,,,,29.86,,0,,,,,,,,,,,,,,,,,0.000,,,0,22.1,,42,,0,2
01/28/2026 18:37:58,,81442326017,8144,2,Indoor 03,,,true,false,8,2,2,2,,,2,2,,,7,7,8,8,8,0.39,0,244,,,0,,,,,29.84,,0,,,,,,,,,,,,,,,,,0.007,,,0,22.1,,42,,0,3
01/28/2026 18:52:58,,81442326017,8144,2,Indoor 03,,,true,false,8,2,2,2,,,2,2,,,6,7,7,7,7,0.37,0,248,,,0,,,,,29.83,,0,,,,,,,,,,,,,,,,,0.006,,,0,22.1,,41,,0,2
01/28/2026 19:15:17,,81442326017,8144,2,Indoor 03,,,true,false,8,2,2,2,,,2,2,,,7,8,8,8,8,0.40,0,252,,,0,,,,,29.82,,0,,,,,,,,,,,,,,,,,0.000,,,0,22.2,,41,,0,3
01/28/2026 19:30:17,,81442326017,8144,2,Indoor 03,,,true,false,8,2,2,2,,,2,2,,,7,7,7,7,7,0.39,0,259,,,0,,,,,29.81,,0,,,,,,,,,,,,,,,,,0.000,,,0,22.2,,41,,0,2
01/28/2026 19:52:48,,81442326017,8144,2,Indoor 03,,,true,false,8,2,2,2,,,2,2,,,6,6,6,6,6,0.37,0,244,,,0,,,,,29.81,,0,,,,,,,,,,,,,,,,,0.000,,,0,22.1,,41,,0,3
01/28/2026 20:07:48,,81442326017,8144,2,Indoor 03,,,true,false,8,2,2,2,,,2,2,,,6,6,6,6,6,0.36,0,252,,,0,,,,,29.81,,0,,,,,,,,,,,,,,,,,0.000,,,0,22.2,,41,,0,2
01/28/2026 20:30:53,,81442326017,8144,2,Indoor 03,,,true,false,8,2,2,2,,,2,2,,,6,6,6,6,6,0.37,0,241,,,0,,,,,29.79,,0,,,,,,,,,,,,,,,,,0.000,,,0,22.2,,41,,0,3
01/28/2026 20:45:53,,81442326017,8144,2,Indoor 03,,,true,false,8,2,2,2,,,2,2,,,5,6,6,6,6,0.37,0,242,,,0,,,,,29.79,,0,,,,,,,,,,,,,,,,,0.000,,,0,22.2,,41,,0,2
01/28/2026 21:07:56,,81442326017,8144,2,Indoor 03,,,true,false,8,2,2,2,,,2,2,,,6,7,7,7,7,0.46,0,245,,,0,,,,,29.79,,0,,,,,,,,,,,,,,,,,0.024,,,0,22.2,,41,,0,3
01/28/2026 21:22:56,,81442326017,8144,2,Indoor 03,,,true,false,8,2,2,2,,,2,2,,,6,7,7,7,7,0.40,0,267,,,0,,,,,29.79,,0,,,,,,,,,,,,,,,,,0.040,,,0,22.3,,41,,0,2
01/28/2026 21:45:13,,81442326017,8144,2,Indoor 03,,,true,false,8,2,1,2,,,2,2,,,5,6,6,6,6,0.37,0,275,,,0,,,,,29.79,,0,,,,,,,,,,,,,,,,,0.005,,,0,22.5,,41,,0,3
01/28/2026 22:00:13,,81442326017,8144,2,Indoor 03,,,true,false,8,2,1,2,,,2,2,,,5,6,6,6,6,0.37,0,244,,,0,,,,,29.79,,0,,,,,,,,,,,,,,,,,0.000,,,0,22.3,,41,,0,2
01/28/2026 22:22:46,,81442326017,8144,2,Indoor 03,,,true,false,8,2,2,2,,,2,2,,,5,6,6,6,6,0.37,0,247,,,0,,,,,29.79,,0,,,,,,,,,,,,,,,,,0.000,,,0,22.3,,41,,0,3
01/28/2026 22:37:46,,81442326017,8144,2,Indoor 03,,,true,false,8,2,2,2,,,2,2,,,5,6,6,6,6,0.37,0,256,,,0,,,,,29.79,,0,,,,,,,,,,,,,,,,,0.000,,,0,22.4,,41,,0,2
01/28/2026 23:00:04,,81442326017,8144,2,Indoor 03,,,true,false,8,2,2,2,,,2,2,,,6,6,6,6,6,0.34,0,246,,,0,,,,,29.79,,0,,,,,,,,,,,,,,,,,0.000,,,0,22.4,,41,,0,3
01/28/2026 23:15:04,,81442326017,8144,2,Indoor 03,,,true,false,8,2,2,2,,,2,2,,,6,6,6,6,6,0.36,0,248,,,0,,,,,29.79,,0,,,,,,,,,,,,,,,,,0.000,,,0,22.4,,41,,0,2
01/28/2026 23:37:51,,81442326017,8144,2,Indoor 03,,,true,false,8,2,2,2,,,2,2,,,5,6,6,6,6,0.42,0,250,,,0,,,,,29.79,,0,,,,,,,,,,,,,,,,,0.000,,,0,22.4,,41,,0,3
01/28/2026 23:52:51,,81442326017,8144,2,Indoor 03,,,true,false,4,1,1,1,,,1,1,,,5,5,5,5,5,0.39,0,252,,,0,,,,,29.78,,0,,,,,,,,,,,,,,,,,0.000,,,0,22.3,,41,,0,2
01/29/2026 00:15:24,,81442326017,8144,2,Indoor 03,,,true,false,8,2,2,2,,,2,2,,,5,6,6,6,6,0.38,0,246,,,0,,,,,29.78,,0,,,,,,,,,,,,,,,,,0.000,,,0,22.3,,41,,0,3
01/29/2026 00:30:24,,81442326017,8144,2,Indoor 03,,,true,false,8,2,2,2,,,2,2,,,6,7,7,7,7,0.38,0,250,,,0,,,,,29.78,,0,,,,,,,,,,,,,,,,,0.000,,,0,22.3,,41,,0,2
01/29/2026 00:52:41,,81442326017,8144,2,Indoor 03,,,true,false,8,2,2,2,,,2,2,,,6,7,7,7,7,0.39,0,247,,,0,,,,,29.78,,0,,,,,,,,,,,,,,,,,0.000,,,0,22.3,,41,,0,3
01/29/2026 01:07:41,,81442326017,8144,2,Indoor 03,,,true,false,8,2,2,2,,,2,2,,,7,7,7,7,7,0.37,0,251,,,0,,,,,29.79,,0,,,,,,,,,,,,,,,,,0.000,,,0,22.4,,42,,0,2
01/29/2026 01:30:44,,81442326017,8144,2,Indoor 03,,,true,false,8,2,2,2,,,2,2,,,7,8,8,8,8,0.40,0,244,,,0,,,,,29.79,,0,,,,,,,,,,,,,,,,,0.000,,,0,22.4,,42,,0,3
01/29/2026 01:45:44,,81442326017,8144,2,Indoor 03,,,true,false,8,2,2,2,,,2,2,,,8,8,8,9,9,0.38,0,248,,,0,,,,,29.79,,0,,,,,,,,,,,,,,,,,0.000,,,0,22.4,,42,,0,2
01/29/2026 02:08:02,,81442326017,8144,2,Indoor 03,,,true,false,8,2,2,2,,,2,2,,,7,8,8,8,8,0.43,0,245,,,0,,,,,29.79,,0,,,,,,,,,,,,,,,,,0.000,,,0,22.4,,42,,0,3
01/29/2026 02:23:02,,81442326017,8144,2,Indoor 03,,,true,false,8,2,2,2,,,2,2,,,8,9,9,9,9,0.38,0,249,,,0,,,,,29.79,,0,,,,,,,,,,,,,,,,,0.000,,,0,22.3,,42,,0,2
01/29/2026 02:45:20,,81442326017,8144,2,Indoor 03,,,true,false,8,2,2,2,,,2,2,,,7,8,8,8,8,0.39,0,242,,,0,,,,,29.80,,0,,,,,,,,,,,,,,,,,0.000,,,0,22.3,,42,,0,3
01/29/2026 03:00:20,,81442326017,8144,2,Indoor 03,,,true,false,8,2,2,2,,,2,2,,,7,8,8,8,8,0.39,0,246,,,0,,,,,29.80,,0,,,,,,,,,,,,,,,,,0.000,,,0,22.3,,42,,0,2
01/29/2026 03:23:06,,81442326017,8144,2,Indoor 03,,,true,false,8,2,2,2,,,2,2,,,6,7,7,7,7,0.41,0,244,,,0,,,,,29.80,,0,,,,,,,,,,,,,,,,,0.000,,,0,22.3,,42,,0,3
01/29/2026 03:38:06,,81442326017,8144,2,Indoor 03,,,true,false,8,2,2,2,,,2,2,,,5,6,6,6,6,0.40,0,245,,,0,,,,,29.81,,0,,,,,,,,,,,,,,,,,0.000,,,0,22.4,,42,,0,2
01/29/2026 03:58:25,,81442326017,8144,2,Indoor 03,,,true,false,8,2,1,2,,,2,2,,,5,6,6,6,6,0.37,0,246,,,0,,,,,29.81,,0,,,,,,,,,,,,,,,,,0.000,,,0,22.4,,41,,0,3
01/29/2026 04:13:25,,81442326017,8144,2,Indoor 03,,,true,false,4,1,1,1,,,1,1,,,5,5,5,5,5,0.37,0,244,,,0,,,,,29.82,,0,,,,,,,,,,,,,,,,,0.000,,,0,22.4,,42,,0,2
01/29/2026 04:35:58,,81442326017,8144,2,Indoor 03,,,true,false,4,1,1,1,,,1,1,,,4,5,5,5,5,0.38,0,244,,,0,,,,,29.82,,0,,,,,,,,,,,,,,,,,0.000,,,0,22.4,,42,,0,3
01/29/2026 04:50:58,,81442326017,8144,2,Indoor 03,,,true,false,4,1,1,1,,,1,1,,,5,5,5,5,5,0.37,0,245,,,0,,,,,29.83,,0,,,,,,,,,,,,,,,,,0.000,,,0,22.4,,42,,0,2
01/29/2026 05:13:44,,81442326017,8144,2,Indoor 03,,,true,false,4,1,1,1,,,1,1,,,5,5,5,5,5,0.39,0,239,,,0,,,,,29.83,,0,,,,,,,,,,,,,,,,,0.000,,,0,22.4,,42,,0,3
01/29/2026 05:28:44,,81442326017,8144,2,Indoor 03,,,true,false,4,1,1,1,,,1,1,,,4,4,4,4,4,0.38,0,239,,,0,,,,,29.83,,0,,,,,,,,,,,,,,,,,0.000,,,0,22.4,,41,,0,2
01/29/2026 05:51:48,,81442326017,8144,2,Indoor 03,,,true,false,4,1,1,1,,,1,1,,,3,3,3,3,3,0.52,0,236,,,0,,,,,29.84,,0,,,,,,,,,,,,,,,,,0.000,,,0,22.3,,41,,0,3
01/29/2026 06:06:48,,81442326017,8144,2,Indoor 03,,,true,false,4,1,1,1,,,1,1,,,3,3,3,3,3,0.43,0,240,,,0,,,,,29.84,,0,,,,,,,,,,,,,,,,,0.000,,,0,22.3,,41,,0,2
01/29/2026 06:28:51,,81442326017,8144,2,Indoor 03,,,true,false,4,1,1,1,,,1,1,,,2,2,2,2,2,0.35,0,238,,,0,,,,,29.85,,0,,,,,,,,,,,,,,,,,0.000,,,0,22.3,,41,,0,3
01/29/2026 06:43:51,,81442326017,8144,2,Indoor 03,,,true,false,4,1,1,1,,,1,1,,,2,2,2,2,2,0.37,0,241,,,0,,,,,29.86,,0,,,,,,,,,,,,,,,,,0.000,,,0,22.3,,41,,0,2
01/29/2026 07:06:38,,81442326017,8144,2,Indoor 03,,,true,false,4,1,1,1,,,1,1,,,2,2,2,2,2,0.49,0,240,,,0,,,,,29.87,,0,,,,,,,,,,,,,,,,,0.000,,,0,22.3,,41,,0,3
01/29/2026 07:21:38,,81442326017,8144,2,Indoor 03,,,true,false,4,1,1,1,,,1,1,,,2,2,2,2,2,0.40,0,240,,,0,,,,,29.87,,0,,,,,,,,,,,,,,,,,0.000,,,0,22.3,,41,,0,2
01/29/2026 07:44:26,,81442326017,8144,2,Indoor 03,,,true,false,4,1,1,1,,,1,1,,,2,3,3,3,3,0.35,0,241,,,0,,,,,29.88,,0,,,,,,,,,,,,,,,,,0.000,,,0,22.3,,40,,0,3
01/29/2026 07:59:26,,81442326017,8144,2,Indoor 03,,,true,false,4,1,1,1,,,1,1,,,2,3,3,3,3,0.36,0,242,,,0,,,,,29.89,,0,,,,,,,,,,,,,,,,,0.000,,,0,22.3,,41,,0,2
01/29/2026 08:22:14,,81442326017,8144,2,Indoor 03,,,true,false,4,1,1,1,,,1,1,,,2,2,2,2,2,0.39,0,243,,,0,,,,,29.90,,0,,,,,,,,,,,,,,,,,0.000,,,0,22.3,,41,,0,3
01/29/2026 08:37:14,,81442326017,8144,2,Indoor 03,,,true,false,4,1,1,1,,,1,1,,,2,2,2,2,2,0.41,0,249,,,0,,,,,29.91,,0,,,,,,,,,,,,,,,,,0.000,,,0,22.4,,41,,0,2
01/29/2026 08:59:46,,81442326017,8144,2,Indoor 03,,,true,false,4,1,1,1,,,1,1,,,2,2,2,2,2,0.40,0,244,,,0,,,,,29.91,,0,,,,,,,,,,,,,,,,,0.000,,,0,22.4,,41,,0,3
01/29/2026 09:14:46,,81442326017,8144,2,Indoor 03,,,true,false,4,1,1,1,,,1,1,,,2,2,2,2,2,0.40,0,246,,,0,,,,,29.93,,0,,,,,,,,,,,,,,,,,0.000,,,0,22.3,,41,,0,2
01/29/2026 09:37:34,,81442326017,8144,2,Indoor 03,,,true,false,4,1,1,1,,,1,1,,,2,3,3,3,3,0.39,0,241,,,0,,,,,29.93,,0,,,,,,,,,,,,,,,,,0.000,,,0,22.3,,41,,0,3
01/29/2026 09:52:34,,81442326017,8144,2,Indoor 03,,,true,false,4,1,1,1,,,1,1,,,2,2,2,2,2,0.39,0,243,,,0,,,,,29.94,,0,,,,,,,,,,,,,,,,,0.000,,,0,22.3,,41,,0,2
01/29/2026 10:15:37,,81442326017,8144,2,Indoor 03,,,true,false,4,1,1,1,,,1,1,,,2,2,2,2,2,0.37,0,234,,,0,,,,,29.95,,0,,,,,,,,,,,,,,,,,0.000,,,0,22.3,,41,,0,3
01/29/2026 10:30:37,,81442326017,8144,2,Indoor 03,,,true,false,4,1,1,1,,,1,1,,,2,3,3,3,3,0.37,0,240,,,0,,,,,29.95,,0,,,,,,,,,,,,,,,,,0.000,,,0,22.3,,41,,0,2
01/29/2026 10:53:09,,81442326017,8144,2,Indoor 03,,,true,false,4,1,1,1,,,1,1,,,2,3,3,3,3,0.33,0,238,,,0,,,,,29.96,,0,,,,,,,,,,,,,,,,,0.000,,,0,22.3,,41,,0,3
01/29/2026 11:08:09,,81442326017,8144,2,Indoor 03,,,true,false,4,1,1,1,,,1,1,,,3,3,3,3,3,0.35,0,244,,,0,,,,,29.96,,0,,,,,,,,,,,,,,,,,0.000,,,0,22.3,,41,,0,2
01/29/2026 11:31:11,,81442326017,8144,2,Indoor 03,,,true,false,4,1,1,1,,,1,1,,,3,3,3,3,3,0.45,0,239,,,0,,,,,29.96,,0,,,,,,,,,,,,,,,,,0.000,,,0,22.3,,40,,0,3
01/29/2026 11:46:11,,81442326017,8144,2,Indoor 03,,,true,false,4,1,1,1,,,1,1,,,3,3,3,3,3,0.40,0,243,,,0,,,,,29.96,,0,,,,,,,,,,,,,,,,,0.000,,,0,22.3,,40,,0,2
01/29/2026 12:07:29,,81442326017,8144,2,Indoor 03,,,true,false,4,1,1,1,,,1,1,,,3,3,3,3,3,0.43,0,245,,,0,,,,,29.97,,0,,,,,,,,,,,,,,,,,0.000,,,0,22.3,,40,,0,3
01/29/2026 12:22:29,,81442326017,8144,2,Indoor 03,,,true,false,4,1,1,1,,,1,1,,,3,4,4,4,4,0.40,0,248,,,0,,,,,29.98,,0,,,,,,,,,,,,,,,,,0.000,,,0,22.3,,40,,0,2
01/29/2026 12:45:02,,81442326017,8144,2,Indoor 03,,,true,false,4,1,1,1,,,1,1,,,3,3,3,3,3,0.37,0,244,,,0,,,,,29.98,,0,,,,,,,,,,,,,,,,,0.000,,,0,22.3,,39,,0,3
01/29/2026 13:00:02,,81442326017,8144,2,Indoor 03,,,true,false,4,1,1,1,,,1,1,,,4,4,4,4,4,0.38,0,249,,,0,,,,,29.98,,0,,,,,,,,,,,,,,,,,0.000,,,0,22.4,,39,,0,2
01/29/2026 13:22:34,,81442326017,8144,2,Indoor 03,,,true,false,4,1,1,1,,,1,1,,,3,4,4,4,4,0.51,0,247,,,0,,,,,29.99,,0,,,,,,,,,,,,,,,,,0.006,,,0,22.4,,39,,0,3
01/29/2026 13:37:34,,81442326017,8144,2,Indoor 03,,,true,false,4,1,1,1,,,1,1,,,4,4,4,4,4,0.44,0,245,,,0,,,,,30.00,,0,,,,,,,,,,,,,,,,,0.021,,,0,22.4,,39,,0,2
01/29/2026 13:59:53,,81442326017,8144,2,Indoor 03,,,true,false,4,1,1,1,,,1,1,,,4,4,4,4,4,0.35,0,248,,,0,,,,,30.01,,0,,,,,,,,,,,,,,,,,0.000,,,0,22.4,,39,,0,3
01/29/2026 14:14:53,,81442326017,8144,2,Indoor 03,,,true,false,4,1,1,1,,,1,1,,,4,4,4,4,4,0.37,0,248,,,0,,,,,30.02,,0,,,,,,,,,,,,,,,,,0.000,,,0,22.4,,39,,0,2
01/29/2026 14:37:10,,81442326017,8144,2,Indoor 03,,,true,false,4,1,1,1,,,1,1,,,3,4,4,4,4,0.43,0,245,,,0,,,,,30.02,,0,,,,,,,,,,,,,,,,,0.000,,,0,22.4,,39,,0,3
01/29/2026 14:52:10,,81442326017,8144,2,Indoor 03,,,true,false,4,1,1,1,,,1,1,,,3,3,3,3,3,0.40,0,250,,,0,,,,,30.01,,0,,,,,,,,,,,,,,,,,0.000,,,0,22.4,,39,,0,2
01/29/2026 15:14:58,,81442326017,8144,2,Indoor 03,,,true,false,4,1,1,1,,,1,1,,,3,3,3,3,3,0.46,0,246,,,0,,,,,30.01,,0,,,,,,,,,,,,,,,,,0.000,,,0,22.4,,39,,0,3
01/29/2026 15:29:58,,81442326017,8144,2,Indoor 03,,,true,false,4,1,1,1,,,1,1,,,3,4,4,4,4,0.41,0,247,,,0,,,,,30.01,,0,,,,,,,,,,,,,,,,,0.000,,,0,22.4,,39,,0,2
01/29/2026 15:52:16,,81442326017,8144,2,Indoor 03,,,true,false,4,1,1,1,,,1,1,,,4,4,4,4,4,0.43,0,249,,,0,,,,,30.01,,0,,,,,,,,,,,,,,,,,0.000,,,0,22.4,,39,,0,3
01/29/2026 16:07:16,,81442326017,8144,2,Indoor 03,,,true,false,4,1,1,1,,,1,1,,,3,4,4,4,4,0.42,0,254,,,0,,,,,30.00,,0,,,,,,,,,,,,,,,,,0.000,,,0,22.4,,39,,0,2
01/29/2026 16:29:34,,81442326017,8144,2,Indoor 03,,,true,false,4,1,1,1,,,1,1,,,3,3,3,3,3,0.38,0,244,,,0,,,,,29.99,,0,,,,,,,,,,,,,,,,,0.000,,,0,22.4,,39,,0,3
01/29/2026 16:44:34,,81442326017,8144,2,Indoor 03,,,true,false,4,1,1,1,,,1,1,,,3,4,4,4,4,0.38,0,247,,,0,,,,,29.98,,0,,,,,,,,,,,,,,,,,0.000,,,0,22.4,,39,,0,2
01/29/2026 17:06:35,,81442326017,8144,2,Indoor 03,,,true,false,4,1,1,1,,,1,1,,,4,4,4,4,4,0.43,0,249,,,0,,,,,29.97,,0,,,,,,,,,,,,,,,,,0.000,,,0,22.3,,39,,0,3
01/29/2026 17:21:35,,81442326017,8144,2,Indoor 03,,,true,false,4,1,1,1,,,1,1,,,3,4,4,4,4,0.41,0,256,,,0,,,,,29.96,,0,,,,,,,,,,,,,,,,,0.000,,,0,22.3,,39,,0,2
01/29/2026 17:43:39,,81442326017,8144,2,Indoor 03,,,true,false,4,1,1,1,,,1,1,,,3,4,4,4,4,0.39,0,250,,,0,,,,,29.95,,0,,,,,,,,,,,,,,,,,0.000,,,0,22.3,,39,,0,3
01/29/2026 17:58:39,,81442326017,8144,2,Indoor 03,,,true,false,4,1,1,1,,,1,1,,,4,4,5,5,5,0.41,0,259,,,0,,,,,29.94,,0,,,,,,,,,,,,,,,,,0.000,,,0,22.4,,39,,0,2
01/29/2026 18:21:12,,81442326017,8144,2,Indoor 03,,,true,false,4,1,1,1,,,1,1,,,3,3,3,3,3,0.38,0,243,,,0,,,,,29.93,,0,,,,,,,,,,,,,,,,,0.000,,,0,22.4,,39,,0,3
01/29/2026 18:36:12,,81442326017,8144,2,Indoor 03,,,true,false,4,1,1,1,,,1,1,,,3,3,3,3,3,0.36,0,247,,,0,,,,,29.93,,0,,,,,,,,,,,,,,,,,0.000,,,0,22.4,,39,,0,2
01/29/2026 18:58:44,,81442326017,8144,2,Indoor 03,,,true,false,4,1,1,1,,,1,1,,,4,4,4,4,4,0.44,0,267,,,0,,,,,29.92,,0,,,,,,,,,,,,,,,,,0.000,,,0,22.4,,39,,0,3
01/29/2026 19:13:44,,81442326017,8144,2,Indoor 03,,,true,false,4,1,1,1,,,1,1,,,2,3,3,3,3,0.43,0,259,,,0,,,,,29.92,,0,,,,,,,,,,,,,,,,,0.000,,,0,22.5,,39,,0,2
01/29/2026 19:36:02,,81442326017,8144,2,Indoor 03,,,true,false,4,1,1,1,,,1,1,,,3,3,3,3,3,0.36,0,247,,,0,,,,,29.92,,0,,,,,,,,,,,,,,,,,0.000,,,0,22.5,,39,,0,3
01/29/2026 19:51:02,,81442326017,8144,2,Indoor 03,,,true,false,4,1,1,1,,,1,1,,,3,3,3,3,3,0.38,0,245,,,0,,,,,29.92,,0,,,,,,,,,,,,,,,,,0.000,,,0,22.4,,39,,0,2
01/29/2026 20:13:20,,81442326017,8144,2,Indoor 03,,,true,false,4,1,1,1,,,1,1,,,3,3,3,3,3,0.38,0,240,,,0,,,,,29.92,,0,,,,,,,,,,,,,,,,,0.000,,,0,22.4,,39,,0,3
01/29/2026 20:28:20,,81442326017,8144,2,Indoor 03,,,true,false,4,1,1,1,,,1,1,,,3,3,3,3,3,0.38,0,242,,,0,,,,,29.92,,0,,,,,,,,,,,,,,,,,0.000,,,0,22.4,,39,,0,2
01/29/2026 20:50:52,,81442326017,8144,2,Indoor 03,,,true,false,4,1,1,1,,,1,1,,,2,3,3,3,3,0.49,0,249,,,0,,,,,29.93,,0,,,,,,,,,,,,,,,,,0.006,,,0,22.5,,39,,0,3
01/29/2026 21:05:52,,81442326017,8144,2,Indoor 03,,,true,false,4,1,1,1,,,1,1,,,3,3,3,3,3,0.45,0,248,,,0,,,,,29.92,,0,,,,,,,,,,,,,,,,,0.040,,,0,22.5,,39,,0,2
01/29/2026 21:25:55,,81442326017,8144,2,Indoor 03,,,true,false,4,1,1,1,,,1,1,,,3,3,3,3,3,0.36,0,241,,,0,,,,,29.93,,0,,,,,,,,,,,,,,,,,0.013,,,0,22.5,,39,,0,3
01/29/2026 21:40:55,,81442326017,8144,2,Indoor 03,,,true,false,4,1,1,1,,,1,1,,,3,3,3,3,3,0.38,0,246,,,0,,,,,29.93,,0,,,,,,,,,,,,,,,,,0.002,,,0,22.4,,39,,0,2
01/29/2026 22:02:58,,81442326017,8144,2,Indoor 03,,,true,false,4,1,1,1,,,1,1,,,3,3,3,3,3,0.43,0,244,,,0,,,,,29.93,,0,,,,,,,,,,,,,,,,,0.003,,,0,22.4,,39,,0,3
01/29/2026 22:17:58,,81442326017,8144,2,Indoor 03,,,true,false,4,1,1,1,,,1,1,,,3,3,3,3,3,0.39,0,248,,,0,,,,,29.93,,0,,,,,,,,,,,,,,,,,0.000,,,0,22.4,,39,,0,2
01/29/2026 22:40:45,,81442326017,8144,2,Indoor 03,,,true,false,4,1,1,1,,,1,1,,,3,3,3,3,3,0.38,0,241,,,0,,,,,29.93,,0,,,,,,,,,,,,,,,,,0.000,,,0,22.4,,39,,0,3
01/29/2026 22:55:45,,81442326017,8144,2,Indoor 03,,,true,false,4,1,1,1,,,1,1,,,3,3,3,3,3,0.38,0,245,,,0,,,,,29.93,,0,,,,,,,,,,,,,,,,,0.000,,,0,22.4,,39,,0,2
01/29/2026 23:18:18,,81442326017,8144,2,Indoor 03,,,true,false,4,1,1,1,,,1,1,,,3,4,4,4,4,0.44,0,248,,,0,,,,,29.94,,0,,,,,,,,,,,,,,,,,0.000,,,0,22.4,,39,,0,3
01/29/2026 23:33:18,,81442326017,8144,2,Indoor 03,,,true,false,4,1,1,1,,,1,1,,,3,3,3,3,3,0.42,0,248,,,0,,,,,29.94,,0,,,,,,,,,,,,,,,,,0.000,,,0,22.5,,39,,0,2
01/29/2026 23:55:50,,81442326017,8144,2,Indoor 03,,,true,false,4,1,1,1,,,1,1,,,3,4,4,4,4,0.36,0,239,,,0,,,,,29.94,,0,,,,,,,,,,,,,,,,,0.000,,,0,22.5,,40,,0,3
01/30/2026 00:10:50,,81442326017,8144,2,Indoor 03,,,true,false,4,1,1,1,,,1,1,,,3,4,4,4,4,0.38,0,241,,,0,,,,,29.94,,0,,,,,,,,,,,,,,,,,0.000,,,0,22.5,,40,,0,2
01/30/2026 00:33:22,,81442326017,8144,2,Indoor 03,,,true,false,4,1,1,1,,,1,1,,,4,4,4,4,4,0.35,0,244,,,0,,,,,29.95,,0,,,,,,,,,,,,,,,,,0.000,,,0,22.4,,40,,0,3
01/30/2026 00:48:22,,81442326017,8144,2,Indoor 03,,,true,false,4,1,1,1,,,1,1,,,4,4,4,4,4,0.37,0,250,,,0,,,,,29.95,,0,,,,,,,,,,,,,,,,,0.000,,,0,22.4,,40,,0,2
01/30/2026 01:10:56,,81442326017,8144,2,Indoor 03,,,true,false,4,1,1,1,,,1,1,,,4,4,4,4,4,0.38,0,253,,,0,,,,,29.94,,0,,,,,,,,,,,,,,,,,0.000,,,0,22.4,,40,,0,3
01/30/2026 01:25:56,,81442326017,8144,2,Indoor 03,,,true,false,4,1,1,1,,,1,1,,,4,4,4,4,4,0.37,0,252,,,0,,,,,29.94,,0,,,,,,,,,,,,,,,,,0.000,,,0,22.4,,40,,0,2
01/30/2026 01:48:14,,81442326017,8144,2,Indoor 03,,,true,false,4,1,1,1,,,1,1,,,4,5,5,5,5,0.37,0,252,,,0,,,,,29.94,,0,,,,,,,,,,,,,,,,,0.000,,,0,22.4,,40,,0,3
01/30/2026 02:03:14,,81442326017,8144,2,Indoor 03,,,true,false,4,1,1,1,,,1,1,,,4,5,5,5,5,0.39,0,258,,,0,,,,,29.94,,0,,,,,,,,,,,,,,,,,0.004,,,0,22.4,,40,,0,2
01/30/2026 02:26:01,,81442326017,8144,2,Indoor 03,,,true,false,4,1,1,1,,,1,1,,,4,5,5,5,5,0.42,0,256,,,0,,,,,29.94,,0,,,,,,,,,,,,,,,,,0.000,,,0,22.4,,41,,0,3
01/30/2026 02:41:01,,81442326017,8144,2,Indoor 03,,,true,false,4,1,1,1,,,1,1,,,4,5,5,5,5,0.40,0,260,,,0,,,,,29.94,,0,,,,,,,,,,,,,,,,,0.001,,,0,22.4,,41,,0,2
01/30/2026 03:03:34,,81442326017,8144,2,Indoor 03,,,true,false,4,1,1,1,,,1,1,,,5,5,5,5,5,0.39,0,270,,,0,,,,,29.94,,0,,,,,,,,,,,,,,,,,0.000,,,0,22.4,,42,,0,3
01/30/2026 03:18:34,,81442326017,8144,2,Indoor 03,,,true,false,8,2,2,2,,,2,2,,,6,6,6,6,6,0.40,0,280,,,0,,,,,29.95,,0,,,,,,,,,,,,,,,,,0.002,,,0,22.4,,42,,0,2
01/30/2026 03:41:21,,81442326017,8144,2,Indoor 03,,,true,false,8,2,1,2,,,2,2,,,5,6,6,6,6,0.41,0,275,,,0,,,,,29.95,,0,,,,,,,,,,,,,,,,,0.000,,,0,22.4,,42,,0,3
01/30/2026 03:56:21,,81442326017,8144,2,Indoor 03,,,true,false,8,2,2,2,,,2,2,,,6,6,6,6,6,0.40,0,273,,,0,,,,,29.95,,0,,,,,,,,,,,,,,,,,0.000,,,0,22.4,,42,,0,2
01/30/2026 04:18:38,,81442326017,8144,2,Indoor 03,,,true,false,8,2,2,2,,,2,2,,,6,7,7,7,7,0.42,0,264,,,0,,,,,29.95,,0,,,,,,,,,,,,,,,,,0.000,,,0,22.4,,42,,0,3
01/30/2026 04:33:38,,81442326017,8144,2,Indoor 03,,,true,false,8,2,2,2,,,2,2,,,6,7,7,7,7,0.40,0,267,,,0,,,,,29.95,,0,,,,,,,,,,,,,,,,,0.000,,,0,22.4,,42,,0,2
01/30/2026 04:56:12,,81442326017,8144,2,Indoor 03,,,true,false,8,2,2,2,,,2,2,,,6,6,7,7,7,0.40,0,260,,,0,,,,,29.94,,0,,,,,,,,,,,,,,,,,0.000,,,0,22.4,,42,,0,3
01/30/2026 05:11:12,,81442326017,8144,2,Indoor 03,,,true,false,8,2,2,2,,,2,2,,,6,7,7,7,7,0.39,0,261,,,0,,,,,29.94,,0,,,,,,,,,,,,,,,,,0.000,,,0,22.4,,42,,0,2
01/30/2026 05:34:00,,81442326017,8144,2,Indoor 03,,,true,false,8,2,2,2,,,2,2,,,6,7,7,7,7,0.38,0,261,,,0,,,,,29.93,,0,,,,,,,,,,,,,,,,,0.000,,,0,22.4,,42,,0,3
01/30/2026 05:49:00,,81442326017,8144,2,Indoor 03,,,true,false,8,2,2,2,,,2,2,,,6,7,7,7,7,0.39,0,263,,,0,,,,,29.93,,0,,,,,,,,,,,,,,,,,0.000,,,0,22.3,,42,,0,2
01/30/2026 06:11:47,,81442326017,8144,2,Indoor 03,,,true,false,8,2,2,2,,,2,2,,,6,7,7,7,7,0.40,0,259,,,0,,,,,29.93,,0,,,,,,,,,,,,,,,,,0.000,,,0,22.3,,42,,0,3
01/30/2026 06:26:47,,81442326017,8144,2,Indoor 03,,,true,false,8,2,2,2,,,2,2,,,6,7,7,7,7,0.39,0,262,,,0,,,,,29.93,,0,,,,,,,,,,,,,,,,,0.000,,,0,22.3,,42,,0,2
01/30/2026 06:48:35,,81442326017,8144,2,Indoor 03,,,true,false,8,2,2,2,,,2,2,,,7,7,7,7,7,0.40,0,270,,,0,,,,,29.94,,0,,,,,,,,,,,,,,,,,0.000,,,0,22.3,,41,,0,3
01/30/2026 07:03:35,,81442326017,8144,2,Indoor 03,,,true,false,8,2,2,2,,,2,2,,,7,8,8,8,8,0.40,0,272,,,0,,,,,29.94,,0,,,,,,,,,,,,,,,,,0.000,,,0,22.4,,41,,0,2
01/30/2026 07:26:23,,81442326017,8144,2,Indoor 03,,,true,false,8,2,2,2,,,2,2,,,6,7,7,7,7,0.36,0,267,,,0,,,,,29.94,,0,,,,,,,,,,,,,,,,,0.000,,,0,22.3,,41,,0,3
01/30/2026 07:41:23,,81442326017,8144,2,Indoor 03,,,true,false,8,2,2,2,,,2,2,,,7,8,8,8,8,0.37,0,263,,,0,,,,,29.94,,0,,,,,,,,,,,,,,,,,0.000,,,0,22.3,,41,,0,2
01/30/2026 08:03:40,,81442326017,8144,2,Indoor 03,,,true,false,8,2,2,2,,,2,2,,,6,7,7,7,7,0.40,0,255,,,0,,,,,29.94,,0,,,,,,,,,,,,,,,,,0.000,,,0,22.3,,41,,0,3
01/30/2026 08:18:40,,81442326017,8144,2,Indoor 03,,,true,false,8,2,2,2,,,2,2,,,6,7,7,7,7,0.39,0,262,,,0,,,,,29.94,,0,,,,,,,,,,,,,,,,,0.001,,,0,22.3,,42,,0,2
01/30/2026 08:40:58,,81442326017,8144,2,Indoor 03,,,true,false,8,2,2,2,,,2,2,,,7,8,8,8,8,0.38,0,273,,,0,,,,,29.94,,0,,,,,,,,,,,,,,,,,0.000,,,0,22.3,,42,,0,3
01/30/2026 08:55:58,,81442326017,8144,2,Indoor 03,,,true,false,8,2,2,2,,,2,2,,,7,8,8,8,8,0.39,0,278,,,0,,,,,29.93,,0,,,,,,,,,,,,,,,,,0.000,,,0,22.3,,42,,0,2
01/30/2026 09:18:16,,81442326017,8144,2,Indoor 03,,,true,false,8,2,2,2,,,2,2,,,6,7,7,7,7,0.45,0,275,,,0,,,,,29.93,,0,,,,,,,,,,,,,,,,,0.000,,,0,22.3,,41,,0,3
01/30/2026 09:33:16,,81442326017,8144,2,Indoor 03,,,true,false,8,2,2,2,,,2,2,,,7,8,8,8,8,0.41,0,278,,,0,,,,,29.93,,0,,,,,,,,,,,,,,,,,0.000,,,0,22.3,,41,,0,2
01/30/2026 09:54:48,,81442326017,8144,2,Indoor 03,,,true,false,8,2,2,2,,,2,2,,,7,8,8,8,8,0.42,0,286,,,0,,,,,29.93,,0,,,,,,,,,,,,,,,,,0.000,,,0,22.3,,41,,0,3
01/30/2026 10:09:48,,81442326017,8144,2,Indoor 03,,,true,false,8,2,2,2,,,2,2,,,8,8,9,9,9,0.39,0,292,,,0,,,,,29.93,,0,,,,,,,,,,,,,,,,,0.000,,,0,22.3,,41,,0,2
01/30/2026 10:32:20,,81442326017,8144,2,Indoor 03,,,true,false,13,3,2,3,,,3,3,,,8,9,9,9,9,0.39,0,283,,,0,,,,,29.93,,0,,,,,,,,,,,,,,,,,0.000,,,0,22.3,,41,,0,3
01/30/2026 10:47:20,,81442326017,8144,2,Indoor 03,,,true,false,13,3,2,3,,,3,3,,,9,10,10,10,10,0.37,0,289,,,0,,,,,29.94,,0,,,,,,,,,,,,,,,,,0.000,,,0,22.3,,41,,0,2
01/30/2026 11:08:53,,81442326017,8144,2,Indoor 03,,,true,false,13,3,2,3,,,3,3,,,8,9,9,9,9,0.38,0,280,,,0,,,,,29.95,,0,,,,,,,,,,,,,,,,,0.000,,,0,22.3,,41,,0,3
01/30/2026 11:23:53,,81442326017,8144,2,Indoor 03,,,true,false,13,3,2,3,,,3,3,,,9,10,10,10,10,0.39,0,276,,,0,,,,,29.96,,0,,,,,,,,,,,,,,,,,0.000,,,0,22.3,,41,,0,2
01/30/2026 11:46:41,,81442326017,8144,2,Indoor 03,,,true,false,13,3,2,3,,,3,3,,,8,10,10,10,10,0.40,0,267,,,0,,,,,29.96,,0,,,,,,,,,,,,,,,,,0.000,,,0,22.3,,41,,0,3
01/30/2026 12:01:41,,81442326017,8144,2,Indoor 03,,,true,false,8,2,2,2,,,2,2,,,7,8,8,8,8,0.40,0,268,,,0,,,,,29.96,,0,,,,,,,,,,,,,,,,,0.000,,,0,22.3,,42,,0,2
01/30/2026 12:23:58,,81442326017,8144,2,Indoor 03,,,true,false,8,2,2,2,,,2,2,,,7,8,8,8,8,0.36,0,256,,,0,,,,,29.98,,0,,,,,,,,,,,,,,,,,0.000,,,0,22.4,,42,,0,3
01/30/2026 12:38:58,,81442326017,8144,2,Indoor 03,,,true,false,8,2,2,2,,,2,2,,,7,8,8,8,8,0.38,0,266,,,0,,,,,29.98,,0,,,,,,,,,,,,,,,,,0.000,,,0,22.4,,42,,0,2
01/30/2026 13:01:47,,81442326017,8144,2,Indoor 03,,,true,false,8,2,2,2,,,2,2,,,7,8,8,8,8,0.39,0,262,,,0,,,,,29.98,,0,,,,,,,,,,,,,,,,,0.000,,,0,22.4,,42,,0,3
01/30/2026 13:16:47,,81442326017,8144,2,Indoor 03,,,true,false,8,2,2,2,,,2,2,,,7,8,8,8,8,0.38,0,265,,,0,,,,,29.98,,0,,,,,,,,,,,,,,,,,0.000,,,0,22.4,,42,,0,2
01/30/2026 13:39:35,,81442326017,8144,2,Indoor 03,,,true,false,8,2,2,2,,,2,2,,,6,7,7,7,7,0.36,0,270,,,0,,,,,29.99,,0,,,,,,,,,,,,,,,,,0.000,,,0,22.4,,42,,0,3
01/30/2026 13:54:35,,81442326017,8144,2,Indoor 03,,,true,false,8,2,2,2,,,2,2,,,5,6,6,6,6,0.38,0,265,,,0,,,,,29.98,,0,,,,,,,,,,,,,,,,,0.000,,,0,22.4,,42,,0,2
01/30/2026 14:17:06,,81442326017,8144,2,Indoor 03,,,true,false,8,2,2,2,,,2,2,,,5,6,6,6,6,0.38,0,255,,,0,,,,,29.99,,0,,,,,,,,,,,,,,,,,0.000,,,0,22.4,,42,,0,3
01/30/2026 14:32:06,,81442326017,8144,2,Indoor 03,,,true,false,8,2,2,2,,,2,2,,,5,6,6,6,6,0.39,0,258,,,0,,,,,30.00,,0,,,,,,,,,,,,,,,,,0.000,,,0,22.4,,42,,0,2
01/30/2026 14:54:55,,81442326017,8144,2,Indoor 03,,,true,false,4,1,1,1,,,1,1,,,5,5,5,5,5,0.36,0,250,,,0,,,,,29.99,,0,,,,,,,,,,,,,,,,,0.000,,,0,22.4,,41,,0,3
01/30/2026 15:09:55,,81442326017,8144,2,Indoor 03,,,true,false,8,2,2,2,,,2,2,,,5,6,6,6,6,0.37,0,256,,,0,,,,,29.99,,0,,,,,,,,,,,,,,,,,0.000,,,0,22.4,,41,,0,2
01/30/2026 15:32:28,,81442326017,8144,2,Indoor 03,,,true,false,4,1,1,1,,,1,1,,,5,5,5,5,5,0.38,0,253,,,0,,,,,29.99,,0,,,,,,,,,,,,,,,,,0.000,,,0,22.4,,41,,0,3
01/30/2026 15:47:28,,81442326017,8144,2,Indoor 03,,,true,false,4,1,1,1,,,1,1,,,5,5,5,5,5,0.38,0,258,,,0,,,,,29.99,,0,,,,,,,,,,,,,,,,,0.000,,,0,22.4,,41,,0,2
01/30/2026 16:10:15,,81442326017,8144,2,Indoor 03,,,true,false,4,1,1,1,,,1,1,,,5,5,5,5,5,0.40,0,252,,,0,,,,,29.98,,0,,,,,,,,,,,,,,,,,0.000,,,0,22.5,,41,,0,3
01/30/2026 16:25:15,,81442326017,8144,2,Indoor 03,,,true,false,8,2,1,2,,,2,2,,,5,6,6,6,6,0.39,0,256,,,0,,,,,29.97,,0,,,,,,,,,,,,,,,,,0.000,,,0,22.4,,41,,0,2
01/30/2026 16:47:47,,81442326017,8144,2,Indoor 03,,,true,false,4,1,1,1,,,1,1,,,4,5,5,5,5,0.41,0,254,,,0,,,,,29.96,,0,,,,,,,,,,,,,,,,,0.000,,,0,22.5,,41,,0,3
01/30/2026 17:02:47,,81442326017,8144,2,Indoor 03,,,true,false,4,1,1,1,,,1,1,,,4,5,5,5,5,0.40,0,254,,,0,,,,,29.95,,0,,,,,,,,,,,,,,,,,0.000,,,0,22.4,,41,,0,2
01/30/2026 17:25:36,,81442326017,8144,2,Indoor 03,,,true,false,4,1,1,1,,,1,1,,,4,5,5,5,5,0.37,0,256,,,0,,,,,29.94,,0,,,,,,,,,,,,,,,,,0.000,,,0,22.4,,41,,0,3
01/30/2026 17:40:36,,81442326017,8144,2,Indoor 03,,,true,false,4,1,1,1,,,1,1,,,4,4,4,4,4,0.37,0,263,,,0,,,,,29.93,,0,,,,,,,,,,,,,,,,,0.000,,,0,22.4,,41,,0,2
01/30/2026 18:03:08,,81442326017,8144,2,Indoor 03,,,true,false,4,1,1,1,,,1,1,,,4,4,4,4,4,0.37,0,266,,,0,,,,,29.92,,0,,,,,,,,,,,,,,,,,0.000,,,0,22.4,,41,,0,3
01/30/2026 18:18:08,,81442326017,8144,2,Indoor 03,,,true,false,4,1,1,1,,,1,1,,,4,4,4,4,4,0.37,0,271,,,0,,,,,29.91,,0,,,,,,,,,,,,,,,,,0.000,,,0,22.4,,41,,0,2
01/30/2026 18:40:40,,81442326017,8144,2,Indoor 03,,,true,false,4,1,1,1,,,1,1,,,4,4,5,5,5,0.45,0,289,,,0,,,,,29.90,,0,,,,,,,,,,,,,,,,,0.000,,,0,22.5,,41,,0,3
01/30/2026 18:55:40,,81442326017,8144,2,Indoor 03,,,true,false,4,1,1,1,,,1,1,,,4,5,5,5,5,0.42,0,299,,,0,,,,,29.89,,0,,,,,,,,,,,,,,,,,0.000,,,0,22.5,,41,,0,2
01/30/2026 19:17:59,,81442326017,8144,2,Indoor 03,,,true,false,4,1,1,1,,,1,1,,,4,4,4,4,4,0.45,0,260,,,0,,,,,29.88,,0,,,,,,,,,,,,,,,,,0.000,,,0,22.3,,41,,0,3
01/30/2026 19:32:59,,81442326017,8144,2,Indoor 03,,,true,false,4,1,1,1,,,1,1,,,4,4,4,4,4,0.41,0,254,,,0,,,,,29.88,,0,,,,,,,,,,,,,,,,,0.000,,,0,22.3,,41,,0,2
01/30/2026 19:54:45,,81442326017,8144,2,Indoor 03,,,true,false,8,2,2,2,,,2,2,,,5,6,6,6,6,0.49,0,257,,,0,,,,,29.88,,0,,,,,,,,,,,,,,,,,0.000,,,0,22.3,,41,,0,3
01/30/2026 20:09:45,,81442326017,8144,2,Indoor 03,,,true,false,4,1,1,1,,,1,1,,,4,4,4,4,4,0.44,0,254,,,0,,,,,29.88,,0,,,,,,,,,,,,,,,,,0.000,,,0,22.3,,41,,0,2
01/30/2026 20:32:19,,81442326017,8144,2,Indoor 03,,,true,false,4,1,1,1,,,1,1,,,3,4,4,4,4,0.39,0,250,,,0,,,,,29.88,,0,,,,,,,,,,,,,,,,,0.000,,,0,22.3,,41,,0,3
01/30/2026 20:47:19,,81442326017,8144,2,Indoor 03,,,true,false,4,1,1,1,,,1,1,,,4,4,4,4,4,0.39,0,261,,,0,,,,,29.88,,0,,,,,,,,,,,,,,,,,0.005,,,0,22.3,,41,,0,2
01/30/2026 21:10:07,,81442326017,8144,2,Indoor 03,,,true,false,4,1,1,1,,,1,1,,,4,4,4,4,4,0.42,0,259,,,0,,,,,29.88,,0,,,,,,,,,,,,,,,,,0.000,,,0,22.3,,41,,0,3
01/30/2026 21:25:07,,81442326017,8144,2,Indoor 03,,,true,false,4,1,1,1,,,1,1,,,4,4,4,4,4,0.40,0,259,,,0,,,,,29.88,,0,,,,,,,,,,,,,,,,,0.006,,,0,22.3,,41,,0,2
01/30/2026 21:47:54,,81442326017,8144,2,Indoor 03,,,true,false,4,1,1,1,,,1,1,,,4,5,5,5,5,0.42,0,259,,,0,,,,,29.87,,0,,,,,,,,,,,,,,,,,0.016,,,0,22.3,,41,,0,3
01/30/2026 22:02:54,,81442326017,8144,2,Indoor 03,,,true,false,4,1,1,1,,,1,1,,,4,4,4,4,4,0.40,0,263,,,0,,,,,29.87,,0,,,,,,,,,,,,,,,,,0.007,,,0,22.3,,41,,0,2
01/30/2026 22:25:41,,81442326017,8144,2,Indoor 03,,,true,false,4,1,1,1,,,1,1,,,4,4,4,4,4,0.41,0,254,,,0,,,,,29.88,,0,,,,,,,,,,,,,,,,,0.000,,,0,22.2,,41,,0,3
01/30/2026 22:40:41,,81442326017,8144,2,Indoor 03,,,true,false,4,1,1,1,,,1,1,,,4,4,4,4,4,0.40,0,255,,,0,,,,,29.89,,0,,,,,,,,,,,,,,,,,0.000,,,0,22.2,,41,,0,2
01/30/2026 23:03:14,,81442326017,8144,2,Indoor 03,,,true,false,4,1,1,1,,,1,1,,,4,4,4,4,4,0.35,0,253,,,0,,,,,29.88,,0,,,,,,,,,,,,,,,,,0.000,,,0,22.3,,41,,0,3
01/30/2026 23:18:14,,81442326017,8144,2,Indoor 03,,,true,false,4,1,1,1,,,1,1,,,4,4,4,4,4,0.36,0,255,,,0,,,,,29.88,,0,,,,,,,,,,,,,,,,,0.000,,,0,22.3,,41,,0,2
01/30/2026 23:40:47,,81442326017,8144,2,Indoor 03,,,true,false,4,1,1,1,,,1,1,,,4,5,5,5,5,0.36,0,242,,,0,,,,,29.89,,0,,,,,,,,,,,,,,,,,0.000,,,0,22.3,,42,,0,3
01/30/2026 23:55:47,,81442326017,8144,2,Indoor 03,,,true,false,4,1,1,1,,,1,1,,,4,5,5,5,5,0.37,0,245,,,0,,,,,29.89,,0,,,,,,,,,,,,,,,,,0.000,,,0,22.3,,42,,0,2
01/31/2026 00:17:50,,81442326017,8144,2,Indoor 03,,,true,false,4,1,1,1,,,1,1,,,4,4,5,5,5,0.37,0,244,,,0,,,,,29.89,,0,,,,,,,,,,,,,,,,,0.000,,,0,22.3,,42,,0,3
01/31/2026 00:32:50,,81442326017,8144,2,Indoor 03,,,true,false,4,1,1,1,,,1,1,,,4,4,4,4,4,0.38,0,249,,,0,,,,,29.90,,0,,,,,,,,,,,,,,,,,0.000,,,0,22.3,,42,,0,2
01/31/2026 00:55:38,,81442326017,8144,2,Indoor 03,,,true,false,4,1,1,1,,,1,1,,,4,4,4,4,4,0.35,0,243,,,0,,,,,29.90,,0,,,,,,,,,,,,,,,,,0.000,,,0,22.2,,43,,0,3
01/31/2026 01:10:38,,81442326017,8144,2,Indoor 03,,,true,false,4,1,1,1,,,1,1,,,4,4,4,4,4,0.37,0,248,,,0,,,,,29.90,,0,,,,,,,,,,,,,,,,,0.000,,,0,22.2,,43,,0,2
01/31/2026 01:33:25,,81442326017,8144,2,Indoor 03,,,true,false,4,1,1,1,,,1,1,,,4,4,4,4,4,0.40,0,241,,,0,,,,,29.90,,0,,,,,,,,,,,,,,,,,0.000,,,0,22.2,,43,,0,3
01/31/2026 01:48:25,,81442326017,8144,2,Indoor 03,,,true,false,4,1,1,1,,,1,1,,,4,4,4,4,4,0.38,0,246,,,0,,,,,29.90,,0,,,,,,,,,,,,,,,,,0.000,,,0,22.3,,44,,0,2
01/31/2026 02:11:13,,81442326017,8144,2,Indoor 03,,,true,false,4,1,1,1,,,1,1,,,4,4,4,4,4,0.40,0,247,,,0,,,,,29.89,,0,,,,,,,,,,,,,,,,,0.000,,,0,22.3,,44,,0,3
01/31/2026 02:26:13,,81442326017,8144,2,Indoor 03,,,true,false,4,1,1,1,,,1,1,,,4,4,4,4,4,0.39,0,247,,,0,,,,,29.89,,0,,,,,,,,,,,,,,,,,0.000,,,0,22.3,,44,,0,2
01/31/2026 02:48:46,,81442326017,8144,2,Indoor 03,,,true,false,4,1,1,1,,,1,1,,,4,5,5,5,5,0.36,0,252,,,0,,,,,29.88,,0,,,,,,,,,,,,,,,,,0.000,,,0,22.3,,44,,0,3
01/31/2026 03:03:46,,81442326017,8144,2,Indoor 03,,,true,false,4,1,1,1,,,1,1,,,4,5,5,5,5,0.37,0,246,,,0,,,,,29.88,,0,,,,,,,,,,,,,,,,,0.000,,,0,22.3,,44,,0,2
01/31/2026 03:26:03,,81442326017,8144,2,Indoor 03,,,true,false,4,1,1,1,,,1,1,,,4,5,5,5,5,0.40,0,254,,,0,,,,,29.88,,0,,,,,,,,,,,,,,,,,0.000,,,0,22.2,,44,,0,3
01/31/2026 03:41:03,,81442326017,8144,2,Indoor 03,,,true,false,4,1,1,1,,,1,1,,,4,5,5,5,5,0.38,0,253,,,0,,,,,29.88,,0,,,,,,,,,,,,,,,,,0.000,,,0,22.2,,44,,0,2
01/31/2026 04:03:20,,81442326017,8144,2,Indoor 03,,,true,false,4,1,1,1,,,1,1,,,4,4,4,4,4,0.39,0,243,,,0,,,,,29.88,,0,,,,,,,,,,,,,,,,,0.000,,,0,22.2,,43,,0,3
01/31/2026 04:18:20,,81442326017,8144,2,Indoor 03,,,true,false,4,1,1,1,,,1,1,,,4,5,5,5,5,0.39,0,241,,,0,,,,,29.88,,0,,,,,,,,,,,,,,,,,0.000,,,0,22.2,,43,,0,2
01/31/2026 04:41:09,,81442326017,8144,2,Indoor 03,,,true,false,4,1,1,1,,,1,1,,,4,4,4,4,4,0.36,0,241,,,0,,,,,29.87,,0,,,,,,,,,,,,,,,,,0.000,,,0,22.2,,41,,0,3
01/31/2026 04:56:09,,81442326017,8144,2,Indoor 03,,,true,false,4,1,1,1,,,1,1,,,4,4,4,4,4,0.36,0,244,,,0,,,,,29.87,,0,,,,,,,,,,,,,,,,,0.000,,,0,22.2,,41,,0,2
01/31/2026 05:18:55,,81442326017,8144,2,Indoor 03,,,true,false,4,1,1,1,,,1,1,,,4,5,5,5,5,0.43,0,244,,,0,,,,,29.86,,0,,,,,,,,,,,,,,,,,0.000,,,0,22.2,,42,,0,3
01/31/2026 05:33:54,,81442326017,8144,2,Indoor 03,,,true,false,4,1,1,1,,,1,1,,,4,5,5,5,5,0.39,0,243,,,0,,,,,29.86,,0,,,,,,,,,,,,,,,,,0.000,,,0,22.2,,42,,0,2
01/31/2026 05:56:14,,81442326017,8144,2,Indoor 03,,,true,false,4,1,1,1,,,1,1,,,4,5,5,5,5,0.40,0,259,,,0,,,,,29.85,,0,,,,,,,,,,,,,,,,,0.000,,,0,22.2,,42,,0,3
01/31/2026 06:11:14,,81442326017,8144,2,Indoor 03,,,true,false,4,1,1,1,,,1,1,,,4,4,5,5,5,0.40,0,254,,,0,,,,,29.85,,0,,,,,,,,,,,,,,,,,0.000,,,0,22.2,,41,,0,2
01/31/2026 06:33:47,,81442326017,8144,2,Indoor 03,,,true,false,4,1,1,1,,,1,1,,,4,5,5,5,5,0.43,0,252,,,0,,,,,29.84,,0,,,,,,,,,,,,,,,,,0.000,,,0,22.2,,41,,0,3
01/31/2026 06:48:47,,81442326017,8144,2,Indoor 03,,,true,false,4,1,1,1,,,1,1,,,4,5,5,5,5,0.40,0,253,,,0,,,,,29.84,,0,,,,,,,,,,,,,,,,,0.000,,,0,22.2,,41,,0,2
01/31/2026 07:11:18,,81442326017,8144,2,Indoor 03,,,true,false,4,1,1,1,,,1,1,,,5,5,5,5,5,0.45,0,250,,,0,,,,,29.84,,0,,,,,,,,,,,,,,,,,0.000,,,0,22.2,,42,,0,3
01/31/2026 07:26:18,,81442326017,8144,2,Indoor 03,,,true,false,4,1,1,1,,,1,1,,,4,5,5,5,5,0.39,0,247,,,0,,,,,29.83,,0,,,,,,,,,,,,,,,,,0.000,,,0,22.2,,42,,0,2
01/31/2026 07:48:52,,81442326017,8144,2,Indoor 03,,,true,false,8,2,1,2,,,2,2,,,5,6,6,6,6,0.43,0,248,,,0,,,,,29.83,,0,,,,,,,,,,,,,,,,,0.000,,,0,22.2,,42,,0,3
01/31/2026 08:03:52,,81442326017,8144,2,Indoor 03,,,true,false,4,1,1,1,,,1,1,,,5,5,5,5,5,0.39,0,249,,,0,,,,,29.83,,0,,,,,,,,,,,,,,,,,0.000,,,0,22.2,,41,,0,2
01/31/2026 08:26:40,,81442326017,8144,2,Indoor 03,,,true,false,8,2,2,2,,,2,2,,,6,7,7,7,7,0.40,0,249,,,0,,,,,29.83,,0,,,,,,,,,,,,,,,,,0.000,,,0,22.2,,41,,0,3
01/31/2026 08:41:40,,81442326017,8144,2,Indoor 03,,,true,false,8,2,2,2,,,2,2,,,6,7,7,7,7,0.38,0,250,,,0,,,,,29.82,,0,,,,,,,,,,,,,,,,,0.000,,,0,22.2,,41,,0,2
01/31/2026 09:04:12,,81442326017,8144,2,Indoor 03,,,true,false,8,2,2,2,,,2,2,,,6,7,7,7,7,0.40,0,247,,,0,,,,,29.82,,0,,,,,,,,,,,,,,,,,0.000,,,0,22.2,,42,,0,3
01/31/2026 09:19:12,,81442326017,8144,2,Indoor 03,,,true,false,8,2,2,2,,,2,2,,,6,7,7,7,7,0.39,0,246,,,0,,,,,29.82,,0,,,,,,,,,,,,,,,,,0.000,,,0,22.2,,42,,0,2
01/31/2026 09:42:14,,81442326017,8144,2,Indoor 03,,,true,false,8,2,2,2,,,2,2,,,5,6,6,6,6,0.35,0,262,,,0,,,,,29.82,,0,,,,,,,,,,,,,,,,,0.000,,,0,22.2,,41,,0,3
01/31/2026 09:57:14,,81442326017,8144,2,Indoor 03,,,true,false,8,2,1,2,,,2,2,,,5,6,6,6,6,0.37,0,258,,,0,,,,,29.81,,0,,,,,,,,,,,,,,,,,0.000,,,0,22.2,,41,,0,2
01/31/2026 10:20:02,,81442326017,8144,2,Indoor 03,,,true,false,8,2,2,2,,,2,2,,,5,6,6,6,6,0.41,0,256,,,0,,,,,29.82,,0,,,,,,,,,,,,,,,,,0.000,,,0,22.2,,41,,0,3
01/31/2026 10:35:02,,81442326017,8144,2,Indoor 03,,,true,false,8,2,1,2,,,2,2,,,5,6,6,6,6,0.39,0,262,,,0,,,,,29.82,,0,,,,,,,,,,,,,,,,,0.000,,,0,22.2,,41,,0,2
01/31/2026 10:57:06,,81442326017,8144,2,Indoor 03,,,true,false,4,1,1,1,,,1,1,,,5,5,5,5,5,0.42,0,257,,,0,,,,,29.82,,0,,,,,,,,,,,,,,,,,0.000,,,0,22.2,,42,,0,3
01/31/2026 11:12:06,,81442326017,8144,2,Indoor 03,,,true,false,8,2,1,2,,,2,2,,,5,6,6,6,6,0.38,0,256,,,0,,,,,29.82,,0,,,,,,,,,,,,,,,,,0.000,,,0,22.2,,42,,0,2
01/31/2026 11:34:38,,81442326017,8144,2,Indoor 03,,,true,false,8,2,2,2,,,2,2,,,5,6,6,6,6,0.34,0,263,,,0,,,,,29.81,,0,,,,,,,,,,,,,,,,,0.000,,,0,22.2,,42,,0,3
01/31/2026 11:49:38,,81442326017,8144,2,Indoor 03,,,true,false,8,2,1,2,,,2,2,,,5,6,6,6,6,0.36,0,272,,,0,,,,,29.82,,0,,,,,,,,,,,,,,,,,0.000,,,0,22.2,,42,,0,2
01/31/2026 12:12:25,,81442326017,8144,2,Indoor 03,,,true,false,4,1,1,1,,,1,1,,,4,5,5,5,5,0.39,0,262,,,0,,,,,29.81,,0,,,,,,,,,,,,,,,,,0.000,,,0,22.2,,41,,0,3
01/31/2026 12:27:25,,81442326017,8144,2,Indoor 03,,,true,false,4,1,1,1,,,1,1,,,4,5,5,5,5,0.38,0,261,,,0,,,,,29.82,,0,,,,,,,,,,,,,,,,,0.000,,,0,22.2,,41,,0,2
01/31/2026 12:49:58,,81442326017,8144,2,Indoor 03,,,true,false,4,1,1,1,,,1,1,,,4,4,4,4,4,0.44,0,250,,,0,,,,,29.82,,0,,,,,,,,,,,,,,,,,0.000,,,0,22.1,,41,,0,3
01/31/2026 13:04:58,,81442326017,8144,2,Indoor 03,,,true,false,4,1,1,1,,,1,1,,,3,4,4,4,4,0.41,0,252,,,0,,,,,29.82,,0,,,,,,,,,,,,,,,,,0.000,,,0,22.2,,40,,0,2
01/31/2026 13:27:46,,81442326017,8144,2,Indoor 03,,,true,false,4,1,1,1,,,1,1,,,3,4,4,4,4,0.40,0,258,,,0,,,,,29.82,,0,,,,,,,,,,,,,,,,,0.000,,,0,22.2,,41,,0,3
01/31/2026 13:42:46,,81442326017,8144,2,Indoor 03,,,true,false,4,1,1,1,,,1,1,,,3,4,4,4,4,0.40,0,260,,,0,,,,,29.82,,0,,,,,,,,,,,,,,,,,0.000,,,0,22.2,,41,,0,2
01/31/2026 14:05:19,,81442326017,8144,2,Indoor 03,,,true,false,4,1,1,1,,,1,1,,,3,4,4,4,4,0.42,0,260,,,0,,,,,29.81,,0,,,,,,,,,,,,,,,,,0.000,,,0,22.2,,41,,0,3
01/31/2026 14:20:19,,81442326017,8144,2,Indoor 03,,,true,false,4,1,1,1,,,1,1,,,4,4,4,4,4,0.40,0,269,,,0,,,,,29.81,,0,,,,,,,,,,,,,,,,,0.000,,,0,22.2,,41,,0,2
01/31/2026 14:43:06,,81442326017,8144,2,Indoor 03,,,true,false,4,1,1,1,,,1,1,,,4,4,4,4,4,0.39,0,269,,,0,,,,,29.82,,0,,,,,,,,,,,,,,,,,0.000,,,0,22.2,,42,,0,3
01/31/2026 14:58:06,,81442326017,8144,2,Indoor 03,,,true,false,4,1,1,1,,,1,1,,,4,4,4,4,4,0.40,0,280,,,0,,,,,29.81,,0,,,,,,,,,,,,,,,,,0.000,,,0,22.2,,41,,0,2
01/31/2026 15:20:39,,81442326017,8144,2,Indoor 03,,,true,false,4,1,1,1,,,1,1,,,3,3,3,3,3,0.35,0,259,,,0,,,,,29.80,,0,,,,,,,,,,,,,,,,,0.000,,,0,22.1,,41,,0,3
01/31/2026 15:35:39,,81442326017,8144,2,Indoor 03,,,true,false,4,1,1,1,,,1,1,,,3,3,3,3,3,0.37,0,260,,,0,,,,,29.79,,0,,,,,,,,,,,,,,,,,0.000,,,0,22.1,,41,,0,2
01/31/2026 15:58:12,,81442326017,8144,2,Indoor 03,,,true,false,4,1,1,1,,,1,1,,,2,3,3,3,3,0.62,0,259,,,0,,,,,29.78,,0,,,,,,,,,,,,,,,,,0.000,,,0,22.2,,41,,0,3
01/31/2026 16:13:12,,81442326017,8144,2,Indoor 03,,,true,false,4,1,1,1,,,1,1,,,3,3,3,4,4,0.49,0,268,,,0,,,,,29.79,,0,,,,,,,,,,,,,,,,,0.000,,,0,22.2,,41,,0,2
01/31/2026 16:35:45,,81442326017,8144,2,Indoor 03,,,true,false,4,1,1,1,,,1,1,,,3,3,3,3,3,0.38,0,257,,,0,,,,,29.77,,0,,,,,,,,,,,,,,,,,0.000,,,0,22.2,,40,,0,3
01/31/2026 16:50:45,,81442326017,8144,2,Indoor 03,,,true,false,4,1,1,1,,,1,1,,,3,4,4,4,4,0.39,0,259,,,0,,,,,29.75,,0,,,,,,,,,,,,,,,,,0.000,,,0,22.2,,41,,0,2
01/31/2026 17:13:16,,81442326017,8144,2,Indoor 03,,,true,false,4,1,1,1,,,1,1,,,3,3,3,3,3,0.47,0,266,,,0,,,,,29.74,,0,,,,,,,,,,,,,,,,,0.000,,,0,22.2,,41,,0,3
01/31/2026 17:28:16,,81442326017,8144,2,Indoor 03,,,true,false,4,1,1,1,,,1,1,,,4,4,4,4,4,0.42,0,278,,,0,,,,,29.73,,0,,,,,,,,,,,,,,,,,0.000,,,0,22.2,,41,,0,2
01/31/2026 17:51:05,,81442326017,8144,2,Indoor 03,,,true,false,4,1,1,1,,,1,1,,,3,4,4,4,4,0.37,0,275,,,0,,,,,29.72,,0,,,,,,,,,,,,,,,,,0.000,,,0,22.1,,41,,0,3
01/31/2026 18:06:05,,81442326017,8144,2,Indoor 03,,,true,false,4,1,1,1,,,1,1,,,3,3,3,3,3,0.39,0,265,,,0,,,,,29.72,,0,,,,,,,,,,,,,,,,,0.000,,,0,22.1,,42,,0,2
01/31/2026 18:28:38,,81442326017,8144,2,Indoor 03,,,true,false,4,1,1,1,,,1,1,,,3,4,4,4,4,0.41,0,265,,,0,,,,,29.71,,0,,,,,,,,,,,,,,,,,0.000,,,0,22.2,,42,,0,3
01/31/2026 18:43:38,,81442326017,8144,2,Indoor 03,,,true,false,4,1,1,1,,,1,1,,,4,5,5,5,5,0.40,0,281,,,0,,,,,29.71,,0,,,,,,,,,,,,,,,,,0.000,,,0,22.2,,43,,0,2
01/31/2026 19:06:09,,81442326017,8144,2,Indoor 03,,,true,false,4,1,1,1,,,1,1,,,4,4,4,4,4,0.41,0,281,,,0,,,,,29.69,,0,,,,,,,,,,,,,,,,,0.000,,,0,22.2,,42,,0,3
01/31/2026 19:21:09,,81442326017,8144,2,Indoor 03,,,true,false,4,1,1,1,,,1,1,,,4,5,5,5,5,0.40,0,284,,,0,,,,,29.69,,0,,,,,,,,,,,,,,,,,0.000,,,0,22.2,,42,,0,2
01/31/2026 19:43:42,,81442326017,8144,2,Indoor 03,,,true,false,4,1,1,1,,,1,1,,,4,5,5,5,5,0.40,0,288,,,0,,,,,29.69,,0,,,,,,,,,,,,,,,,,0.000,,,0,22.2,,41,,0,3
01/31/2026 19:58:42,,81442326017,8144,2,Indoor 03,,,true,false,4,1,1,1,,,1,1,,,3,4,4,4,4,0.39,0,278,,,0,,,,,29.68,,0,,,,,,,,,,,,,,,,,0.000,,,0,22.2,,41,,0,2
01/31/2026 20:21:00,,81442326017,8144,2,Indoor 03,,,true,false,4,1,1,1,,,1,1,,,3,4,4,4,4,0.37,0,269,,,0,,,,,29.67,,0,,,,,,,,,,,,,,,,,0.000,,,0,22.1,,41,,0,3
01/31/2026 20:36:00,,81442326017,8144,2,Indoor 03,,,true,false,4,1,1,1,,,1,1,,,3,4,4,4,4,0.37,0,269,,,0,,,,,29.67,,0,,,,,,,,,,,,,,,,,0.000,,,0,22.1,,41,,0,2
01/31/2026 20:58:47,,81442326017,8144,2,Indoor 03,,,true,false,4,1,1,1,,,1,1,,,4,5,5,5,5,0.48,0,284,,,0,,,,,29.67,,0,,,,,,,,,,,,,,,,,0.000,,,0,22.1,,41,,0,3
01/31/2026 21:13:47,,81442326017,8144,2,Indoor 03,,,true,false,4,1,1,1,,,1,1,,,4,5,5,5,5,0.44,0,277,,,0,,,,,29.66,,0,,,,,,,,,,,,,,,,,0.000,,,0,22.2,,41,,0,2
01/31/2026 21:36:36,,81442326017,8144,2,Indoor 03,,,true,false,4,1,1,1,,,1,1,,,4,5,5,5,5,0.39,0,271,,,0,,,,,29.67,,0,,,,,,,,,,,,,,,,,0.000,,,0,22.2,,41,,0,3
01/31/2026 21:51:36,,81442326017,8144,2,Indoor 03,,,true,false,4,1,1,1,,,1,1,,,3,4,4,4,4,0.39,0,262,,,0,,,,,29.67,,0,,,,,,,,,,,,,,,,,0.000,,,0,22.2,,41,,0,2
01/31/2026 22:14:24,,81442326017,8144,2,Indoor 03,,,true,false,4,1,1,1,,,1,1,,,4,5,5,5,5,0.40,0,264,,,0,,,,,29.67,,0,,,,,,,,,,,,,,,,,0.000,,,0,22.2,,41,,0,3
01/31/2026 22:29:24,,81442326017,8144,2,Indoor 03,,,true,false,4,1,1,1,,,1,1,,,5,5,5,5,5,0.39,0,283,,,0,,,,,29.67,,0,,,,,,,,,,,,,,,,,0.000,,,0,22.2,,41,,0,2
01/31/2026 22:51:41,,81442326017,8144,2,Indoor 03,,,true,false,4,1,1,1,,,1,1,,,4,4,4,4,4,0.44,0,281,,,0,,,,,29.67,,0,,,,,,,,,,,,,,,,,0.000,,,0,22.2,,41,,0,3
01/31/2026 23:06:41,,81442326017,8144,2,Indoor 03,,,true,false,4,1,1,1,,,1,1,,,4,4,4,4,4,0.41,0,279,,,0,,,,,29.66,,0,,,,,,,,,,,,,,,,,0.000,,,0,22.1,,41,,0,2
01/31/2026 23:28:58,,81442326017,8144,2,Indoor 03,,,true,false,4,1,1,1,,,1,1,,,3,4,4,4,4,0.47,0,269,,,0,,,,,29.67,,0,,,,,,,,,,,,,,,,,0.000,,,0,22.1,,41,,0,3
01/31/2026 23:43:58,,81442326017,8144,2,Indoor 03,,,true,false,4,1,1,1,,,1,1,,,4,4,4,4,4,0.42,0,270,,,0,,,,,29.66,,0,,,,,,,,,,,,,,,,,0.000,,,0,22.1,,41,,0,2
02/01/2026 00:06:31,,81442326017,8144,2,Indoor 03,,,true,false,4,1,1,1,,,1,1,,,4,4,4,4,4,0.39,0,262,,,0,,,,,29.66,,0,,,,,,,,,,,,,,,,,0.000,,,0,22.1,,42,,0,3
02/01/2026 00:21:31,,81442326017,8144,2,Indoor 03,,,true,false,4,1,1,1,,,1,1,,,4,4,4,4,4,0.38,0,260,,,0,,,,,29.66,,0,,,,,,,,,,,,,,,,,0.001,,,0,22.2,,42,,0,2
02/01/2026 00:44:19,,81442326017,8144,2,Indoor 03,,,true,false,4,1,1,1,,,1,1,,,4,4,4,4,4,0.43,0,259,,,0,,,,,29.65,,0,,,,,,,,,,,,,,,,,0.000,,,0,22.2,,42,,0,3
02/01/2026 00:59:19,,81442326017,8144,2,Indoor 03,,,true,false,4,1,1,1,,,1,1,,,5,5,5,5,5,0.43,0,270,,,0,,,,,29.65,,0,,,,,,,,,,,,,,,,,0.000,,,0,22.2,,42,,0,2
02/01/2026 01:21:52,,81442326017,8144,2,Indoor 03,,,true,false,4,1,1,1,,,1,1,,,4,5,5,5,5,0.40,0,276,,,0,,,,,29.65,,0,,,,,,,,,,,,,,,,,0.000,,,0,22.1,,42,,0,3
02/01/2026 01:36:52,,81442326017,8144,2,Indoor 03,,,true,false,4,1,1,1,,,1,1,,,4,5,5,5,5,0.38,0,283,,,0,,,,,29.65,,0,,,,,,,,,,,,,,,,,0.000,,,0,22.1,,41,,0,2
02/01/2026 01:59:24,,81442326017,8144,2,Indoor 03,,,true,false,4,1,1,1,,,1,1,,,4,5,5,5,5,0.41,0,276,,,0,,,,,29.64,,0,,,,,,,,,,,,,,,,,0.000,,,0,22.1,,41,,0,3
02/01/2026 02:14:24,,81442326017,8144,2,Indoor 03,,,true,false,4,1,1,1,,,1,1,,,4,4,4,4,4,0.39,0,272,,,0,,,,,29.64,,0,,,,,,,,,,,,,,,,,0.000,,,0,22.1,,41,,0,2
02/01/2026 02:36:56,,81442326017,8144,2,Indoor 03,,,true,false,4,1,1,1,,,1,1,,,3,4,4,4,4,0.43,0,260,,,0,,,,,29.62,,0,,,,,,,,,,,,,,,,,0.000,,,0,22.1,,41,,0,3
02/01/2026 02:51:56,,81442326017,8144,2,Indoor 03,,,true,false,4,1,1,1,,,1,1,,,3,4,4,4,4,0.40,0,263,,,0,,,,,29.63,,0,,,,,,,,,,,,,,,,,0.000,,,0,22.1,,41,,0,2
02/01/2026 03:14:45,,81442326017,8144,2,Indoor 03,,,true,false,4,1,1,1,,,1,1,,,3,4,4,4,4,0.38,0,267,,,0,,,,,29.64,,0,,,,,,,,,,,,,,,,,0.000,,,0,22.1,,41,,0,3
02/01/2026 03:29:45,,81442326017,8144,2,Indoor 03,,,true,false,4,1,1,1,,,1,1,,,4,4,4,4,4,0.38,0,270,,,0,,,,,29.63,,0,,,,,,,,,,,,,,,,,0.000,,,0,22.1,,41,,0,2
02/01/2026 03:52:18,,81442326017,8144,2,Indoor 03,,,true,false,4,1,1,1,,,1,1,,,3,4,4,4,4,0.58,0,264,,,0,,,,,29.61,,0,,,,,,,,,,,,,,,,,0.000,,,0,22.1,,41,,0,3
02/01/2026 04:07:18,,81442326017,8144,2,Indoor 03,,,true,false,4,1,1,1,,,1,1,,,4,4,5,5,5,0.45,0,272,,,0,,,,,29.61,,0,,,,,,,,,,,,,,,,,0.000,,,0,22.1,,42,,0,2
02/01/2026 04:29:50,,81442326017,8144,2,Indoor 03,,,true,false,4,1,1,1,,,1,1,,,4,5,5,5,5,0.37,0,268,,,0,,,,,29.62,,0,,,,,,,,,,,,,,,,,0.000,,,0,22.1,,41,,0,3
02/01/2026 04:44:50,,81442326017,8144,2,Indoor 03,,,true,false,4,1,1,1,,,1,1,,,4,4,4,4,4,0.39,0,266,,,0,,,,,29.61,,0,,,,,,,,,,,,,,,,,0.000,,,0,22.1,,41,,0,2
02/01/2026 05:07:23,,81442326017,8144,2,Indoor 03,,,true,false,4,1,1,1,,,1,1,,,3,4,4,4,4,0.42,0,251,,,0,,,,,29.61,,0,,,,,,,,,,,,,,,,,0.000,,,0,22.1,,41,,0,3
02/01/2026 05:22:23,,81442326017,8144,2,Indoor 03,,,true,false,4,1,1,1,,,1,1,,,4,4,4,4,4,0.40,0,249,,,0,,,,,29.60,,0,,,,,,,,,,,,,,,,,0.000,,,0,22.0,,41,,0,2
02/01/2026 05:44:55,,81442326017,8144,2,Indoor 03,,,true,false,4,1,1,1,,,1,1,,,3,4,4,4,4,0.40,0,243,,,0,,,,,29.59,,0,,,,,,,,,,,,,,,,,0.000,,,0,22.0,,40,,0,3
02/01/2026 05:59:55,,81442326017,8144,2,Indoor 03,,,true,false,4,1,1,1,,,1,1,,,4,4,4,4,4,0.40,0,247,,,0,,,,,29.59,,0,,,,,,,,,,,,,,,,,0.000,,,0,22.0,,40,,0,2
02/01/2026 06:22:43,,81442326017,8144,2,Indoor 03,,,true,false,4,1,1,1,,,1,1,,,4,4,4,4,4,0.50,0,253,,,0,,,,,29.59,,0,,,,,,,,,,,,,,,,,0.000,,,0,22.1,,41,,0,3
02/01/2026 06:37:43,,81442326017,8144,2,Indoor 03,,,true,false,4,1,1,1,,,1,1,,,4,4,4,4,4,0.44,0,246,,,0,,,,,29.59,,0,,,,,,,,,,,,,,,,,0.000,,,0,22.1,,41,,0,2
02/01/2026 06:59:31,,81442326017,8144,2,Indoor 03,,,true,false,4,1,1,1,,,1,1,,,3,4,4,4,4,0.39,0,240,,,0,,,,,29.60,,0,,,,,,,,,,,,,,,,,0.000,,,0,22.1,,41,,0,3
02/01/2026 07:14:31,,81442326017,8144,2,Indoor 03,,,true,false,4,1,1,1,,,1,1,,,4,4,4,4,4,0.38,0,243,,,0,,,,,29.60,,0,,,,,,,,,,,,,,,,,0.000,,,0,22.1,,41,,0,2
02/01/2026 07:36:34,,81442326017,8144,2,Indoor 03,,,true,false,4,1,1,1,,,1,1,,,4,4,4,4,4,0.41,0,240,,,0,,,,,29.60,,0,,,,,,,,,,,,,,,,,0.000,,,0,22.1,,41,,0,3
02/01/2026 07:51:34,,81442326017,8144,2,Indoor 03,,,true,false,4,1,1,1,,,1,1,,,3,4,4,4,4,0.40,0,246,,,0,,,,,29.61,,0,,,,,,,,,,,,,,,,,0.000,,,0,22.1,,41,,0,2
02/01/2026 08:14:22,,81442326017,8144,2,Indoor 03,,,true,false,4,1,1,1,,,1,1,,,3,3,3,3,3,0.47,0,237,,,0,,,,,29.62,,0,,,,,,,,,,,,,,,,,0.000,,,0,22.1,,40,,0,3
02/01/2026 08:29:22,,81442326017,8144,2,Indoor 03,,,true,false,4,1,1,1,,,1,1,,,3,3,3,3,3,0.44,0,240,,,0,,,,,29.62,,0,,,,,,,,,,,,,,,,,0.000,,,0,22.1,,40,,0,2
02/01/2026 08:51:53,,81442326017,8144,2,Indoor 03,,,true,false,4,1,1,1,,,1,1,,,3,4,4,4,4,0.39,0,237,,,0,,,,,29.62,,0,,,,,,,,,,,,,,,,,0.000,,,0,22.1,,40,,0,3
02/01/2026 09:06:53,,81442326017,8144,2,Indoor 03,,,true,false,4,1,1,1,,,1,1,,,3,3,3,3,3,0.41,0,240,,,0,,,,,29.63,,0,,,,,,,,,,,,,,,,,0.000,,,0,22.1,,41,,0,2
02/01/2026 09:29:27,,81442326017,8144,2,Indoor 03,,,true,false,4,1,1,1,,,1,1,,,3,3,3,3,3,0.38,0,237,,,0,,,,,29.64,,0,,,,,,,,,,,,,,,,,0.000,,,0,22.0,,41,,0,3
02/01/2026 09:44:27,,81442326017,8144,2,Indoor 03,,,true,false,4,1,1,1,,,1,1,,,3,3,3,3,3,0.37,0,241,,,0,,,,,29.64,,0,,,,,,,,,,,,,,,,,0.000,,,0,22.0,,41,,0,2
02/01/2026 10:07:00,,81442326017,8144,2,Indoor 03,,,true,false,4,1,1,1,,,1,1,,,4,4,4,4,4,0.40,0,240,,,0,,,,,29.65,,0,,,,,,,,,,,,,,,,,0.000,,,0,22.0,,41,,0,3
02/01/2026 10:22:00,,81442326017,8144,2,Indoor 03,,,true,false,4,1,1,1,,,1,1,,,3,4,4,4,4,0.40,0,241,,,0,,,,,29.66,,0,,,,,,,,,,,,,,,,,0.000,,,0,22.0,,41,,0,2
02/01/2026 10:44:17,,81442326017,8144,2,Indoor 03,,,true,false,4,1,1,1,,,1,1,,,3,4,4,4,4,0.41,0,239,,,0,,,,,29.67,,0,,,,,,,,,,,,,,,,,0.000,,,0,22.1,,40,,0,3
02/01/2026 10:59:17,,81442326017,8144,2,Indoor 03,,,true,false,4,1,1,1,,,1,1,,,3,4,4,4,4,0.40,0,245,,,0,,,,,29.67,,0,,,,,,,,,,,,,,,,,0.000,,,0,22.1,,40,,0,2
02/01/2026 11:21:49,,81442326017,8144,2,Indoor 03,,,true,false,4,1,1,1,,,1,1,,,4,4,4,4,4,0.39,0,230,,,0,,,,,29.68,,0,,,,,,,,,,,,,,,,,0.000,,,0,22.1,,40,,0,3
02/01/2026 11:36:49,,81442326017,8144,2,Indoor 03,,,true,false,4,1,1,1,,,1,1,,,4,5,5,5,5,0.39,0,235,,,0,,,,,29.69,,0,,,,,,,,,,,,,,,,,0.000,,,0,22.1,,40,,0,2
02/01/2026 11:59:22,,81442326017,8144,2,Indoor 03,,,true,false,4,1,1,1,,,1,1,,,4,4,4,4,4,0.45,0,240,,,0,,,,,29.69,,0,,,,,,,,,,,,,,,,,0.000,,,0,22.1,,40,,0,3
02/01/2026 12:14:22,,81442326017,8144,2,Indoor 03,,,true,false,4,1,1,1,,,1,1,,,4,4,4,4,4,0.42,0,244,,,0,,,,,29.70,,0,,,,,,,,,,,,,,,,,0.000,,,0,22.1,,40,,0,2
02/01/2026 12:37:24,,81442326017,8144,2,Indoor 03,,,true,false,4,1,1,1,,,1,1,,,4,4,4,4,4,0.36,0,236,,,0,,,,,29.71,,0,,,,,,,,,,,,,,,,,0.000,,,0,22.1,,40,,0,3
02/01/2026 12:52:24,,81442326017,8144,2,Indoor 03,,,true,false,4,1,1,1,,,1,1,,,4,5,5,5,5,0.39,0,239,,,0,,,,,29.72,,0,,,,,,,,,,,,,,,,,0.000,,,0,22.1,,41,,0,2
02/01/2026 13:14:28,,81442326017,8144,2,Indoor 03,,,true,false,4,1,1,1,,,1,1,,,4,4,4,4,4,0.43,0,237,,,0,,,,,29.74,,0,,,,,,,,,,,,,,,,,0.000,,,0,22.1,,41,,0,3
02/01/2026 13:29:28,,81442326017,8144,2,Indoor 03,,,true,false,4,1,1,1,,,1,1,,,4,4,4,4,4,0.41,0,237,,,0,,,,,29.74,,0,,,,,,,,,,,,,,,,,0.000,,,0,22.0,,41,,0,2
02/01/2026 13:52:16,,81442326017,8144,2,Indoor 03,,,true,false,4,1,1,1,,,1,1,,,4,4,4,4,4,0.43,0,241,,,0,,,,,29.75,,0,,,,,,,,,,,,,,,,,0.000,,,0,22.0,,41,,0,3
02/01/2026 14:07:16,,81442326017,8144,2,Indoor 03,,,true,false,4,1,1,1,,,1,1,,,4,4,4,4,4,0.39,0,245,,,0,,,,,29.75,,0,,,,,,,,,,,,,,,,,0.000,,,0,22.0,,41,,0,2
02/01/2026 14:30:02,,81442326017,8144,2,Indoor 03,,,true,false,4,1,1,1,,,1,1,,,4,4,4,4,4,0.40,0,240,,,0,,,,,29.76,,0,,,,,,,,,,,,,,,,,0.000,,,0,22.1,,41,,0,3
02/01/2026 14:45:02,,81442326017,8144,2,Indoor 03,,,true,false,4,1,1,1,,,1,1,,,4,4,4,4,4,0.39,0,244,,,0,,,,,29.76,,0,,,,,,,,,,,,,,,,,0.000,,,0,22.1,,41,,0,2
02/01/2026 15:07:50,,81442326017,8144,2,Indoor 03,,,true,false,4,1,1,1,,,1,1,,,4,4,4,4,4,0.34,0,241,,,0,,,,,29.77,,0,,,,,,,,,,,,,,,,,0.000,,,0,22.1,,41,,0,3
02/01/2026 15:22:50,,81442326017,8144,2,Indoor 03,,,true,false,4,1,1,1,,,1,1,,,4,4,4,4,4,0.37,0,248,,,0,,,,,29.77,,0,,,,,,,,,,,,,,,,,0.000,,,0,22.1,,41,,0,2
02/01/2026 15:45:24,,81442326017,8144,2,Indoor 03,,,true,false,4,1,1,1,,,1,1,,,4,4,4,4,4,0.38,0,248,,,0,,,,,29.77,,0,,,,,,,,,,,,,,,,,0.000,,,0,22.1,,41,,0,3
02/01/2026 16:00:24,,81442326017,8144,2,Indoor 03,,,true,false,4,1,1,1,,,1,1,,,4,4,4,4,4,0.38,0,249,,,0,,,,,29.77,,0,,,,,,,,,,,,,,,,,0.000,,,0,22.1,,41,,0,2
02/01/2026 16:22:40,,81442326017,8144,2,Indoor 03,,,true,false,4,1,1,1,,,1,1,,,4,4,4,4,4,0.39,0,242,,,0,,,,,29.76,,0,,,,,,,,,,,,,,,,,0.000,,,0,22.1,,41,,0,3
02/01/2026 16:37:40,,81442326017,8144,2,Indoor 03,,,true,false,4,1,1,1,,,1,1,,,4,4,4,4,4,0.38,0,243,,,0,,,,,29.76,,0,,,,,,,,,,,,,,,,,0.000,,,0,22.1,,41,,0,2
02/01/2026 16:59:58,,81442326017,8144,2,Indoor 03,,,true,false,4,1,1,1,,,1,1,,,3,4,4,4,4,0.38,0,237,,,0,,,,,29.75,,0,,,,,,,,,,,,,,,,,0.000,,,0,22.0,,41,,0,3
02/01/2026 17:14:58,,81442326017,8144,2,Indoor 03,,,true,false,4,1,1,1,,,1,1,,,3,4,4,4,4,0.38,0,240,,,0,,,,,29.75,,0,,,,,,,,,,,,,,,,,0.000,,,0,22.0,,41,,0,2
02/01/2026 17:37:32,,81442326017,8144,2,Indoor 03,,,true,false,4,1,1,1,,,1,1,,,4,4,4,4,4,0.37,0,242,,,0,,,,,29.74,,0,,,,,,,,,,,,,,,,,0.000,,,0,22.0,,41,,0,3
02/01/2026 17:52:32,,81442326017,8144,2,Indoor 03,,,true,false,4,1,1,1,,,1,1,,,4,4,4,4,4,0.38,0,246,,,0,,,,,29.73,,0,,,,,,,,,,,,,,,,,0.000,,,0,22.1,,41,,0,2
02/01/2026 18:14:33,,81442326017,8144,2,Indoor 03,,,true,false,4,1,1,1,,,1,1,,,3,3,3,3,3,0.40,0,239,,,0,,,,,29.73,,0,,,,,,,,,,,,,,,,,0.000,,,0,22.1,,41,,0,3
02/01/2026 18:29:33,,81442326017,8144,2,Indoor 03,,,true,false,4,1,1,1,,,1,1,,,3,3,3,3,3,0.38,0,245,,,0,,,,,29.73,,0,,,,,,,,,,,,,,,,,0.000,,,0,22.1,,40,,0,2
02/01/2026 18:52:07,,81442326017,8144,2,Indoor 03,,,true,false,4,1,1,1,,,1,1,,,3,4,4,4,4,0.37,0,239,,,0,,,,,29.72,,0,,,,,,,,,,,,,,,,,0.000,,,0,22.1,,40,,0,3
02/01/2026 19:07:07,,81442326017,8144,2,Indoor 03,,,true,false,4,1,1,1,,,1,1,,,3,3,3,3,3,0.37,0,246,,,0,,,,,29.72,,0,,,,,,,,,,,,,,,,,0.000,,,0,22.1,,40,,0,2
02/01/2026 19:29:39,,81442326017,8144,2,Indoor 03,,,true,false,4,1,1,1,,,1,1,,,3,3,3,3,3,0.40,0,241,,,0,,,,,29.72,,0,,,,,,,,,,,,,,,,,0.000,,,0,22.1,,41,,0,3
02/01/2026 19:44:39,,81442326017,8144,2,Indoor 03,,,true,false,4,1,1,1,,,1,1,,,4,4,4,4,4,0.40,0,251,,,0,,,,,29.72,,0,,,,,,,,,,,,,,,,,0.000,,,0,22.1,,41,,0,2
02/01/2026 20:06:56,,81442326017,8144,2,Indoor 03,,,true,false,4,1,1,1,,,1,1,,,3,3,3,3,3,0.34,0,241,,,0,,,,,29.73,,0,,,,,,,,,,,,,,,,,0.000,,,0,22.1,,41,,0,3
02/01/2026 20:21:56,,81442326017,8144,2,Indoor 03,,,true,false,4,1,1,1,,,1,1,,,3,3,4,4,4,0.36,0,237,,,0,,,,,29.73,,0,,,,,,,,,,,,,,,,,0.000,,,0,22.1,,41,,0,2
02/01/2026 20:44:44,,81442326017,8144,2,Indoor 03,,,true,false,4,1,1,1,,,1,1,,,3,3,3,3,3,0.39,0,242,,,0,,,,,29.73,,0,,,,,,,,,,,,,,,,,0.000,,,0,22.1,,41,,0,3
02/01/2026 20:59:44,,81442326017,8144,2,Indoor 03,,,true,false,4,1,1,1,,,1,1,,,3,3,3,3,3,0.37,0,240,,,0,,,,,29.73,,0,,,,,,,,,,,,,,,,,0.000,,,0,22.1,,41,,0,2
02/01/2026 21:22:48,,81442326017,8144,2,Indoor 03,,,true,false,4,1,1,1,,,1,1,,,3,3,3,3,3,0.40,0,235,,,0,,,,,29.74,,0,,,,,,,,,,,,,,,,,0.000,,,0,22.0,,41,,0,3
02/01/2026 21:37:48,,81442326017,8144,2,Indoor 03,,,true,false,4,1,1,1,,,1,1,,,3,4,4,4,4,0.39,0,244,,,0,,,,,29.74,,0,,,,,,,,,,,,,,,,,0.000,,,0,22.0,,41,,0,2
02/01/2026 22:00:35,,81442326017,8144,2,Indoor 03,,,true,false,4,1,1,1,,,1,1,,,3,4,4,4,4,0.44,0,237,,,0,,,,,29.75,,0,,,,,,,,,,,,,,,,,0.000,,,0,22.1,,41,,0,3
02/01/2026 22:15:35,,81442326017,8144,2,Indoor 03,,,true,false,4,1,1,1,,,1,1,,,3,4,4,4,4,0.41,0,236,,,0,,,,,29.75,,0,,,,,,,,,,,,,,,,,0.000,,,0,22.1,,41,,0,2
02/01/2026 22:38:22,,81442326017,8144,2,Indoor 03,,,true,false,4,1,1,1,,,1,1,,,3,3,3,3,3,0.35,0,240,,,0,,,,,29.76,,0,,,,,,,,,,,,,,,,,0.000,,,0,22.1,,41,,0,3
02/01/2026 22:53:22,,81442326017,8144,2,Indoor 03,,,true,false,4,1,1,1,,,1,1,,,3,4,4,4,4,0.35,0,241,,,0,,,,,29.76,,0,,,,,,,,,,,,,,,,,0.000,,,0,22.1,,41,,0,2
02/01/2026 23:15:55,,81442326017,8144,2,Indoor 03,,,true,false,4,1,1,1,,,1,1,,,3,3,3,3,3,0.49,0,235,,,0,,,,,29.77,,0,,,,,,,,,,,,,,,,,0.000,,,0,22.1,,41,,0,3
02/01/2026 23:30:55,,81442326017,8144,2,Indoor 03,,,true,false,4,1,1,1,,,1,1,,,3,4,4,4,4,0.40,0,243,,,0,,,,,29.78,,0,,,,,,,,,,,,,,,,,0.000,,,0,22.1,,41,,0,2
02/01/2026 23:53:27,,81442326017,8144,2,Indoor 03,,,true,false,4,1,1,1,,,1,1,,,3,3,3,3,3,0.37,0,241,,,0,,,,,29.78,,0,,,,,,,,,,,,,,,,,0.000,,,0,22.1,,40,,0,3
02/02/2026 00:08:27,,81442326017,8144,2,Indoor 03,,,true,false,4,1,1,1,,,1,1,,,3,4,4,4,4,0.36,0,238,,,0,,,,,29.78,,0,,,,,,,,,,,,,,,,,0.000,,,0,22.1,,40,,0,2
02/02/2026 00:31:15,,81442326017,8144,2,Indoor 03,,,true,false,4,1,1,1,,,1,1,,,4,4,4,4,4,0.38,0,240,,,0,,,,,29.79,,0,,,,,,,,,,,,,,,,,0.000,,,0,22.1,,40,,0,3
02/02/2026 00:46:15,,81442326017,8144,2,Indoor 03,,,true,false,4,1,1,1,,,1,1,,,3,4,4,4,4,0.37,0,239,,,0,,,,,29.79,,0,,,,,,,,,,,,,,,,,0.000,,,0,22.1,,40,,0,2
02/02/2026 01:08:48,,81442326017,8144,2,Indoor 03,,,true,false,4,1,1,1,,,1,1,,,3,4,4,4,4,0.36,0,233,,,0,,,,,29.79,,0,,,,,,,,,,,,,,,,,0.000,,,0,21.9,,40,,0,3
02/02/2026 01:23:48,,81442326017,8144,2,Indoor 03,,,true,false,4,1,1,1,,,1,1,,,4,4,4,4,4,0.38,0,234,,,0,,,,,29.79,,0,,,,,,,,,,,,,,,,,0.000,,,0,21.7,,40,,0,2
02/02/2026 01:46:35,,81442326017,8144,2,Indoor 03,,,true,false,4,1,1,1,,,1,1,,,4,4,4,4,4,0.40,0,227,,,0,,,,,29.79,,0,,,,,,,,,,,,,,,,,0.000,,,0,21.5,,41,,0,3
02/02/2026 02:01:35,,81442326017,8144,2,Indoor 03,,,true,false,4,1,1,1,,,1,1,,,4,4,4,4,4,0.38,0,236,,,0,,,,,29.80,,0,,,,,,,,,,,,,,,,,0.000,,,0,21.4,,41,,0,2
02/02/2026 02:23:53,,81442326017,8144,2,Indoor 03,,,true,false,4,1,1,1,,,1,1,,,4,5,5,5,5,0.40,0,229,,,0,,,,,29.80,,0,,,,,,,,,,,,,,,,,0.000,,,0,21.4,,41,,0,3
02/02/2026 02:38:53,,81442326017,8144,2,Indoor 03,,,true,false,4,1,1,1,,,1,1,,,4,5,5,5,5,0.37,0,229,,,0,,,,,29.81,,0,,,,,,,,,,,,,,,,,0.000,,,0,21.3,,41,,0,2
02/02/2026 03:00:26,,81442326017,8144,2,Indoor 03,,,true,false,4,1,1,1,,,1,1,,,4,4,4,4,4,0.40,0,229,,,0,,,,,29.82,,0,,,,,,,,,,,,,,,,,0.000,,,0,21.3,,41,,0,3
02/02/2026 03:15:26,,81442326017,8144,2,Indoor 03,,,true,false,4,1,1,1,,,1,1,,,3,4,4,4,4,0.39,0,229,,,0,,,,,29.82,,0,,,,,,,,,,,,,,,,,0.000,,,0,21.2,,41,,0,2
02/02/2026 03:38:29,,81442326017,8144,2,Indoor 03,,,true,false,4,1,1,1,,,1,1,,,4,5,5,5,5,0.45,0,225,,,0,,,,,29.83,,0,,,,,,,,,,,,,,,,,0.000,,,0,21.1,,42,,0,3
02/02/2026 03:53:29,,81442326017,8144,2,Indoor 03,,,true,false,4,1,1,1,,,1,1,,,4,5,5,5,5,0.41,0,234,,,0,,,,,29.84,,0,,,,,,,,,,,,,,,,,0.000,,,0,21.1,,42,,0,2
02/02/2026 04:16:16,,81442326017,8144,2,Indoor 03,,,true,false,4,1,1,1,,,1,1,,,4,4,4,4,4,0.41,0,229,,,0,,,,,29.85,,0,,,,,,,,,,,,,,,,,0.000,,,0,21.0,,42,,0,3
02/02/2026 04:31:16,,81442326017,8144,2,Indoor 03,,,true,false,4,1,1,1,,,1,1,,,4,4,4,4,4,0.39,0,227,,,0,,,,,29.86,,0,,,,,,,,,,,,,,,,,0.000,,,0,21.0,,42,,0,2
02/02/2026 04:53:35,,81442326017,8144,2,Indoor 03,,,true,false,4,1,1,1,,,1,1,,,4,4,4,4,4,0.39,0,234,,,0,,,,,29.86,,0,,,,,,,,,,,,,,,,,0.000,,,0,20.9,,42,,0,3
02/02/2026 05:08:35,,81442326017,8144,2,Indoor 03,,,true,false,4,1,1,1,,,1,1,,,3,4,4,4,4,0.39,0,234,,,0,,,,,29.87,,0,,,,,,,,,,,,,,,,,0.000,,,0,20.9,,42,,0,2
02/02/2026 05:31:23,,81442326017,8144,2,Indoor 03,,,true,false,4,1,1,1,,,1,1,,,4,4,4,4,4,0.36,0,224,,,0,,,,,29.88,,0,,,,,,,,,,,,,,,,,0.000,,,0,20.8,,43,,0,3
02/02/2026 05:46:23,,81442326017,8144,2,Indoor 03,,,true,false,4,1,1,1,,,1,1,,,4,4,4,4,4,0.37,0,228,,,0,,,,,29.88,,0,,,,,,,,,,,,,,,,,0.000,,,0,20.8,,43,,0,2
02/02/2026 06:08:54,,81442326017,8144,2,Indoor 03,,,true,false,4,1,1,1,,,1,1,,,4,4,4,4,4,0.39,0,224,,,0,,,,,29.88,,0,,,,,,,,,,,,,,,,,0.000,,,0,20.8,,43,,0,3
02/02/2026 06:23:54,,81442326017,8144,2,Indoor 03,,,true,false,4,1,1,1,,,1,1,,,4,5,5,5,5,0.39,0,225,,,0,,,,,29.89,,0,,,,,,,,,,,,,,,,,0.000,,,0,20.7,,43,,0,2
02/02/2026 06:46:13,,81442326017,8144,2,Indoor 03,,,true,false,4,1,1,1,,,1,1,,,4,5,5,5,5,0.39,0,231,,,0,,,,,29.89,,0,,,,,,,,,,,,,,,,,0.000,,,0,20.7,,43,,0,3
02/02/2026 07:01:13,,81442326017,8144,2,Indoor 03,,,true,false,4,1,1,1,,,1,1,,,4,5,5,5,5,0.38,0,234,,,0,,,,,29.89,,0,,,,,,,,,,,,,,,,,0.000,,,0,20.7,,43,,0,2
02/02/2026 07:24:01,,81442326017,8144,2,Indoor 03,,,true,false,4,1,1,1,,,1,1,,,4,5,5,5,5,0.42,0,230,,,0,,,,,29.89,,0,,,,,,,,,,,,,,,,,0.000,,,0,20.6,,43,,0,3
02/02/2026 07:39:01,,81442326017,8144,2,Indoor 03,,,true,false,4,1,1,1,,,1,1,,,4,4,4,5,5,0.40,0,232,,,0,,,,,29.89,,0,,,,,,,,,,,,,,,,,0.000,,,0,20.7,,43,,0,2
02/02/2026 08:01:32,,81442326017,8144,2,Indoor 03,,,true,false,4,1,1,1,,,1,1,,,4,5,5,5,5,0.36,0,231,,,0,,,,,29.89,,0,,,,,,,,,,,,,,,,,0.000,,,0,20.6,,44,,0,3
02/02/2026 08:16:32,,81442326017,8144,2,Indoor 03,,,true,false,4,1,1,1,,,1,1,,,4,4,4,4,4,0.38,0,230,,,0,,,,,29.90,,0,,,,,,,,,,,,,,,,,0.000,,,0,20.6,,44,,0,2
02/02/2026 08:38:50,,81442326017,8144,2,Indoor 03,,,true,false,4,1,1,1,,,1,1,,,4,5,5,5,5,0.38,0,233,,,0,,,,,29.90,,0,,,,,,,,,,,,,,,,,0.000,,,0,20.6,,44,,0,3
02/02/2026 08:53:50,,81442326017,8144,2,Indoor 03,,,true,false,4,1,1,1,,,1,1,,,4,4,4,4,4,0.38,0,234,,,0,,,,,29.90,,0,,,,,,,,,,,,,,,,,0.000,,,0,20.6,,44,,0,2
02/02/2026 09:16:23,,81442326017,8144,2,Indoor 03,,,true,false,4,1,1,1,,,1,1,,,4,5,5,5,5,0.37,0,230,,,0,,,,,29.91,,0,,,,,,,,,,,,,,,,,0.000,,,0,20.6,,44,,0,3
02/02/2026 09:31:23,,81442326017,8144,2,Indoor 03,,,true,false,4,1,1,1,,,1,1,,,4,5,5,5,5,0.38,0,233,,,0,,,,,29.91,,0,,,,,,,,,,,,,,,,,0.000,,,0,20.6,,44,,0,2
02/02/2026 09:54:25,,81442326017,8144,2,Indoor 03,,,true,false,4,1,1,1,,,1,1,,,4,5,5,5,5,0.39,0,229,,,0,,,,,29.91,,0,,,,,,,,,,,,,,,,,0.000,,,0,20.5,,44,,0,3
02/02/2026 10:09:25,,81442326017,8144,2,Indoor 03,,,true,false,4,1,1,1,,,1,1,,,4,5,5,5,5,0.38,0,234,,,0,,,,,29.92,,0,,,,,,,,,,,,,,,,,0.000,,,0,20.5,,44,,0,2
02/02/2026 10:32:13,,81442326017,8144,2,Indoor 03,,,true,false,4,1,1,1,,,1,1,,,5,5,5,5,5,0.39,0,229,,,0,,,,,29.92,,0,,,,,,,,,,,,,,,,,0.000,,,0,20.5,,44,,0,3
02/02/2026 10:47:13,,81442326017,8144,2,Indoor 03,,,true,false,4,1,1,1,,,1,1,,,4,5,5,5,5,0.37,0,232,,,0,,,,,29.92,,0,,,,,,,,,,,,,,,,,0.000,,,0,20.5,,43,,0,2
02/02/2026 11:09:31,,81442326017,8144,2,Indoor 03,,,true,false,4,1,1,1,,,1,1,,,5,5,5,5,5,0.38,0,234,,,0,,,,,29.93,,0,,,,,,,,,,,,,,,,,0.000,,,0,20.7,,43,,0,3
02/02/2026 11:24:31,,81442326017,8144,2,Indoor 03,,,true,false,4,1,1,1,,,1,1,,,4,5,5,5,5,0.37,0,234,,,0,,,,,29.93,,0,,,,,,,,,,,,,,,,,0.000,,,0,21.0,,42,,0,2
02/02/2026 11:47:03,,81442326017,8144,2,Indoor 03,,,true,false,4,1,1,1,,,1,1,,,4,5,5,5,5,0.40,0,235,,,0,,,,,29.94,,0,,,,,,,,,,,,,,,,,0.000,,,0,21.5,,41,,0,3
02/02/2026 12:02:03,,81442326017,8144,2,Indoor 03,,,true,false,4,1,1,1,,,1,1,,,4,5,5,5,5,0.38,0,237,,,0,,,,,29.95,,0,,,,,,,,,,,,,,,,,0.000,,,0,21.6,,41,,0,2
02/02/2026 12:24:22,,81442326017,8144,2,Indoor 03,,,true,false,4,1,1,1,,,1,1,,,4,5,5,5,5,0.41,0,244,,,0,,,,,29.95,,0,,,,,,,,,,,,,,,,,0.000,,,0,21.6,,41,,0,3
02/02/2026 12:39:22,,81442326017,8144,2,Indoor 03,,,true,false,4,1,1,1,,,1,1,,,4,5,5,5,5,0.38,0,245,,,0,,,,,29.96,,0,,,,,,,,,,,,,,,,,0.000,,,0,21.5,,41,,0,2
02/02/2026 13:02:09,,81442326017,8144,2,Indoor 03,,,true,false,4,1,1,1,,,1,1,,,4,5,5,5,5,0.39,0,238,,,0,,,,,29.97,,0,,,,,,,,,,,,,,,,,0.000,,,0,21.3,,41,,0,3
02/02/2026 13:17:09,,81442326017,8144,2,Indoor 03,,,true,false,4,1,1,1,,,1,1,,,5,5,5,5,5,0.38,0,234,,,0,,,,,29.98,,0,,,,,,,,,,,,,,,,,0.000,,,0,21.3,,42,,0,2
02/02/2026 13:39:57,,81442326017,8144,2,Indoor 03,,,true,false,4,1,1,1,,,1,1,,,5,5,5,5,5,0.46,0,243,,,0,,,,,29.98,,0,,,,,,,,,,,,,,,,,0.000,,,0,21.3,,42,,0,3
02/02/2026 13:54:57,,81442326017,8144,2,Indoor 03,,,true,false,4,1,1,1,,,1,1,,,4,5,5,5,5,0.41,0,245,,,0,,,,,29.98,,0,,,,,,,,,,,,,,,,,0.000,,,0,21.3,,42,,0,2
02/02/2026 14:17:30,,81442326017,8144,2,Indoor 03,,,true,false,4,1,1,1,,,1,1,,,4,5,5,5,5,0.36,0,241,,,0,,,,,29.98,,0,,,,,,,,,,,,,,,,,0.000,,,0,21.4,,42,,0,3
02/02/2026 14:32:30,,81442326017,8144,2,Indoor 03,,,true,false,4,1,1,1,,,1,1,,,4,5,5,5,5,0.37,0,243,,,0,,,,,29.99,,0,,,,,,,,,,,,,,,,,0.000,,,0,21.3,,42,,0,2
02/02/2026 14:55:03,,81442326017,8144,2,Indoor 03,,,true,false,4,1,1,1,,,1,1,,,4,5,5,5,5,0.37,0,238,,,0,,,,,29.99,,0,,,,,,,,,,,,,,,,,0.000,,,0,21.3,,42,,0,3
02/02/2026 15:10:03,,81442326017,8144,2,Indoor 03,,,true,false,4,1,1,1,,,1,1,,,4,4,4,4,4,0.39,0,239,,,0,,,,,30.00,,0,,,,,,,,,,,,,,,,,0.000,,,0,21.3,,42,,0,2
02/02/2026 15:33:04,,81442326017,8144,2,Indoor 03,,,true,false,4,1,1,1,,,1,1,,,3,4,4,4,4,0.48,0,237,,,0,,,,,30.00,,0,,,,,,,,,,,,,,,,,0.000,,,0,21.4,,42,,0,3
02/02/2026 15:48:04,,81442326017,8144,2,Indoor 03,,,true,false,4,1,1,1,,,1,1,,,3,4,4,4,4,0.42,0,244,,,0,,,,,30.00,,0,,,,,,,,,,,,,,,,,0.000,,,0,21.7,,42,,0,2
02/02/2026 16:10:52,,81442326017,8144,2,Indoor 03,,,true,false,4,1,1,1,,,1,1,,,3,4,4,4,4,0.40,0,236,,,0,,,,,30.00,,0,,,,,,,,,,,,,,,,,0.000,,,0,21.9,,41,,0,3
02/02/2026 16:25:52,,81442326017,8144,2,Indoor 03,,,true,false,4,1,1,1,,,1,1,,,3,3,3,3,3,0.40,0,235,,,0,,,,,29.99,,0,,,,,,,,,,,,,,,,,0.000,,,0,22.0,,41,,0,2
02/02/2026 16:48:25,,81442326017,8144,2,Indoor 03,,,true,false,4,1,1,1,,,1,1,,,3,3,3,3,3,0.37,0,237,,,0,,,,,29.98,,0,,,,,,,,,,,,,,,,,0.000,,,0,22.1,,41,,0,3
02/02/2026 17:03:25,,81442326017,8144,2,Indoor 03,,,true,false,4,1,1,1,,,1,1,,,3,3,3,3,3,0.37,0,237,,,0,,,,,29.97,,0,,,,,,,,,,,,,,,,,0.000,,,0,22.1,,41,,0,2
02/02/2026 17:25:42,,81442326017,8144,2,Indoor 03,,,true,false,4,1,1,1,,,1,1,,,3,3,3,3,3,0.37,0,235,,,0,,,,,29.96,,0,,,,,,,,,,,,,,,,,0.000,,,0,22.1,,41,,0,3
02/02/2026 17:40:42,,81442326017,8144,2,Indoor 03,,,true,false,4,1,1,1,,,1,1,,,3,3,3,3,3,0.36,0,237,,,0,,,,,29.95,,0,,,,,,,,,,,,,,,,,0.000,,,0,22.1,,41,,0,2
02/02/2026 18:02:30,,81442326017,8144,2,Indoor 03,,,true,false,4,1,1,1,,,1,1,,,2,2,2,2,2,0.40,0,238,,,0,,,,,29.94,,0,,,,,,,,,,,,,,,,,0.000,,,0,22.1,,41,,0,3
02/02/2026 18:17:30,,81442326017,8144,2,Indoor 03,,,true,false,4,1,1,1,,,1,1,,,2,3,3,3,3,0.38,0,233,,,0,,,,,29.93,,0,,,,,,,,,,,,,,,,,0.000,,,0,22.0,,41,,0,2
02/02/2026 18:40:03,,81442326017,8144,2,Indoor 03,,,true,false,4,1,1,1,,,1,1,,,2,2,3,3,3,0.50,0,233,,,0,,,,,29.92,,0,,,,,,,,,,,,,,,,,0.000,,,0,22.0,,41,,0,3
02/02/2026 18:55:03,,81442326017,8144,2,Indoor 03,,,true,false,4,1,1,1,,,1,1,,,2,2,2,2,2,0.43,0,230,,,0,,,,,29.91,,0,,,,,,,,,,,,,,,,,0.000,,,0,22.0,,41,,0,2
02/02/2026 19:17:50,,81442326017,8144,2,Indoor 03,,,true,false,4,1,1,1,,,1,1,,,2,2,2,2,2,0.37,0,234,,,0,,,,,29.91,,0,,,,,,,,,,,,,,,,,0.000,,,0,21.8,,41,,0,3
02/02/2026 19:32:50,,81442326017,8144,2,Indoor 03,,,true,false,0,0,0,0,,,0,0,,,2,2,2,2,2,0.39,0,234,,,0,,,,,29.90,,0,,,,,,,,,,,,,,,,,0.000,,,0,21.7,,41,,0,2
02/02/2026 19:54:54,,81442326017,8144,2,Indoor 03,,,true,false,4,1,1,1,,,1,1,,,2,2,2,2,2,0.35,0,229,,,0,,,,,29.89,,0,,,,,,,,,,,,,,,,,0.000,,,0,21.5,,41,,0,3
02/02/2026 20:09:54,,81442326017,8144,2,Indoor 03,,,true,false,0,0,0,0,,,0,0,,,2,2,2,2,2,0.37,0,233,,,0,,,,,29.90,,0,,,,,,,,,,,,,,,,,0.000,,,0,21.4,,42,,0,2
02/02/2026 20:32:26,,81442326017,8144,2,Indoor 03,,,true,false,4,1,0,1,,,1,1,,,2,2,2,2,2,0.43,0,234,,,0,,,,,29.90,,0,,,,,,,,,,,,,,,,,0.000,,,0,21.2,,42,,0,3
02/02/2026 20:47:26,,81442326017,8144,2,Indoor 03,,,true,false,4,1,1,1,,,1,1,,,2,2,2,2,2,0.41,0,238,,,0,,,,,29.90,,0,,,,,,,,,,,,,,,,,0.000,,,0,21.2,,42,,0,2
02/02/2026 21:09:43,,81442326017,8144,2,Indoor 03,,,true,false,4,1,1,1,,,1,1,,,2,2,2,2,2,0.38,0,232,,,0,,,,,29.91,,0,,,,,,,,,,,,,,,,,0.000,,,0,21.3,,42,,0,3
02/02/2026 21:24:43,,81442326017,8144,2,Indoor 03,,,true,false,4,1,1,1,,,1,1,,,2,3,3,3,3,0.39,0,236,,,0,,,,,29.91,,0,,,,,,,,,,,,,,,,,0.000,,,0,21.3,,42,,0,2
02/02/2026 21:47:31,,81442326017,8144,2,Indoor 03,,,true,false,4,1,1,1,,,1,1,,,2,2,2,2,2,0.40,0,233,,,0,,,,,29.91,,0,,,,,,,,,,,,,,,,,0.000,,,0,21.5,,42,,0,3
02/02/2026 22:02:31,,81442326017,8144,2,Indoor 03,,,true,false,4,1,1,1,,,1,1,,,3,3,3,3,3,0.40,0,236,,,0,,,,,29.91,,0,,,,,,,,,,,,,,,,,0.000,,,0,21.7,,42,,0,2
02/02/2026 22:25:04,,81442326017,8144,2,Indoor 03,,,true,false,4,1,1,1,,,1,1,,,3,3,3,3,3,0.43,0,236,,,0,,,,,29.92,,0,,,,,,,,,,,,,,,,,0.000,,,0,21.9,,42,,0,3
02/02/2026 22:40:04,,81442326017,8144,2,Indoor 03,,,true,false,4,1,1,1,,,1,1,,,3,4,4,4,4,0.42,0,239,,,0,,,,,29.92,,0,,,,,,,,,,,,,,,,,0.000,,,0,21.8,,42,,0,2
02/02/2026 23:02:36,,81442326017,8144,2,Indoor 03,,,true,false,4,1,1,1,,,1,1,,,3,4,4,4,4,0.39,0,235,,,0,,,,,29.93,,0,,,,,,,,,,,,,,,,,0.000,,,0,21.7,,42,,0,3
02/02/2026 23:17:36,,81442326017,8144,2,Indoor 03,,,true,false,4,1,1,1,,,1,1,,,3,3,3,3,3,0.38,0,236,,,0,,,,,29.93,,0,,,,,,,,,,,,,,,,,0.000,,,0,21.5,,42,,0,2
02/02/2026 23:40:09,,81442326017,8144,2,Indoor 03,,,true,false,4,1,1,1,,,1,1,,,4,4,4,4,4,0.37,0,234,,,0,,,,,29.94,,0,,,,,,,,,,,,,,,,,0.000,,,0,21.3,,42,,0,3
02/02/2026 23:55:09,,81442326017,8144,2,Indoor 03,,,true,false,4,1,1,1,,,1,1,,,4,4,4,4,4,0.37,0,242,,,0,,,,,29.94,,0,,,,,,,,,,,,,,,,,0.000,,,0,21.3,,43,,0,2
02/03/2026 00:17:57,,81442326017,8144,2,Indoor 03,,,true,false,4,1,1,1,,,1,1,,,4,5,5,5,5,0.37,0,239,,,0,,,,,29.94,,0,,,,,,,,,,,,,,,,,0.000,,,0,21.2,,43,,0,3
02/03/2026 00:32:57,,81442326017,8144,2,Indoor 03,,,true,false,4,1,1,1,,,1,1,,,5,5,5,5,5,0.38,0,244,,,0,,,,,29.95,,0,,,,,,,,,,,,,,,,,0.000,,,0,21.1,,43,,0,2
02/03/2026 00:54:30,,81442326017,8144,2,Indoor 03,,,true,false,8,2,2,2,,,2,2,,,5,6,6,6,6,0.39,0,244,,,0,,,,,29.95,,0,,,,,,,,,,,,,,,,,0.000,,,0,21.3,,43,,0,3
02/03/2026 01:09:30,,81442326017,8144,2,Indoor 03,,,true,false,8,2,1,2,,,2,2,,,5,6,6,6,6,0.41,0,246,,,0,,,,,29.95,,0,,,,,,,,,,,,,,,,,0.000,,,0,21.4,,43,,0,2
02/03/2026 01:32:02,,81442326017,8144,2,Indoor 03,,,true,false,8,2,2,2,,,2,2,,,6,7,7,7,7,0.41,0,250,,,0,,,,,29.95,,0,,,,,,,,,,,,,,,,,0.000,,,0,21.4,,43,,0,3
02/03/2026 01:47:02,,81442326017,8144,2,Indoor 03,,,true,false,8,2,2,2,,,2,2,,,6,7,7,7,7,0.40,0,245,,,0,,,,,29.96,,0,,,,,,,,,,,,,,,,,0.000,,,0,21.5,,43,,0,2
02/03/2026 02:09:36,,81442326017,8144,2,Indoor 03,,,true,false,8,2,2,2,,,2,2,,,6,7,7,7,7,0.42,0,245,,,0,,,,,29.96,,0,,,,,,,,,,,,,,,,,0.000,,,0,21.5,,43,,0,3
02/03/2026 02:24:36,,81442326017,8144,2,Indoor 03,,,true,false,8,2,2,2,,,2,2,,,7,7,7,8,8,0.39,0,245,,,0,,,,,29.96,,0,,,,,,,,,,,,,,,,,0.000,,,0,21.5,,43,,0,2
02/03/2026 02:46:53,,81442326017,8144,2,Indoor 03,,,true,false,8,2,2,2,,,2,2,,,6,7,7,7,7,0.36,0,242,,,0,,,,,29.96,,0,,,,,,,,,,,,,,,,,0.000,,,0,21.4,,43,,0,3
02/03/2026 03:01:53,,81442326017,8144,2,Indoor 03,,,true,false,8,2,2,2,,,2,2,,,5,6,6,6,6,0.39,0,243,,,0,,,,,29.97,,0,,,,,,,,,,,,,,,,,0.000,,,0,21.4,,43,,0,2
02/03/2026 03:24:41,,81442326017,8144,2,Indoor 03,,,true,false,8,2,2,2,,,2,2,,,6,6,6,6,6,0.38,0,240,,,0,,,,,29.97,,0,,,,,,,,,,,,,,,,,0.000,,,0,21.5,,43,,0,3
02/03/2026 03:39:41,,81442326017,8144,2,Indoor 03,,,true,false,8,2,1,2,,,2,2,,,5,6,6,6,6,0.38,0,243,,,0,,,,,29.97,,0,,,,,,,,,,,,,,,,,0.000,,,0,21.5,,43,,0,2
02/03/2026 04:02:13,,81442326017,8144,2,Indoor 03,,,true,false,8,2,1,2,,,2,2,,,5,6,6,6,6,0.41,0,237,,,0,,,,,29.97,,0,,,,,,,,,,,,,,,,,0.000,,,0,21.5,,43,,0,3
02/03/2026 04:17:13,,81442326017,8144,2,Indoor 03,,,true,false,8,2,2,2,,,2,2,,,6,6,6,6,6,0.40,0,241,,,0,,,,,29.97,,0,,,,,,,,,,,,,,,,,0.000,,,0,21.3,,44,,0,2
02/03/2026 04:39:31,,81442326017,8144,2,Indoor 03,,,true,false,8,2,2,2,,,2,2,,,6,6,7,7,7,0.37,0,236,,,0,,,,,29.96,,0,,,,,,,,,,,,,,,,,0.000,,,0,21.2,,44,,0,3
02/03/2026 04:54:31,,81442326017,8144,2,Indoor 03,,,true,false,8,2,2,2,,,2,2,,,6,7,7,7,7,0.38,0,244,,,0,,,,,29.96,,0,,,,,,,,,,,,,,,,,0.000,,,0,21.1,,45,,0,2
02/03/2026 05:17:04,,81442326017,8144,2,Indoor 03,,,true,false,8,2,2,2,,,2,2,,,6,7,7,7,7,0.47,0,239,,,0,,,,,29.96,,0,,,,,,,,,,,,,,,,,0.000,,,0,21.0,,45,,0,3
02/03/2026 05:32:04,,81442326017,8144,2,Indoor 03,,,true,false,8,2,2,2,,,2,2,,,6,7,7,7,7,0.38,0,242,,,0,,,,,29.95,,0,,,,,,,,,,,,,,,,,0.000,,,0,20.9,,45,,0,2
02/03/2026 05:54:22,,81442326017,8144,2,Indoor 03,,,true,false,8,2,2,2,,,2,2,,,6,7,7,7,7,0.40,0,234,,,0,,,,,29.95,,0,,,,,,,,,,,,,,,,,0.000,,,0,20.9,,44,,0,3
02/03/2026 06:09:22,,81442326017,8144,2,Indoor 03,,,true,false,8,2,2,2,,,2,2,,,6,7,7,7,7,0.38,0,238,,,0,,,,,29.95,,0,,,,,,,,,,,,,,,,,0.000,,,0,20.8,,44,,0,2
02/03/2026 06:31:24,,81442326017,8144,2,Indoor 03,,,true,false,8,2,2,2,,,2,2,,,6,7,7,7,7,0.38,0,235,,,0,,,,,29.96,,0,,,,,,,,,,,,,,,,,0.000,,,0,20.8,,43,,0,3
02/03/2026 06:46:24,,81442326017,8144,2,Indoor 03,,,true,false,8,2,2,2,,,2,2,,,7,7,7,7,7,0.39,0,241,,,0,,,,,29.96,,0,,,,,,,,,,,,,,,,,0.000,,,0,20.7,,43,,0,2
02/03/2026 07:08:41,,81442326017,8144,2,Indoor 03,,,true,false,8,2,2,2,,,2,2,,,6,7,7,7,7,0.39,0,237,,,0,,,,,29.97,,0,,,,,,,,,,,,,,,,,0.000,,,0,20.7,,44,,0,3
02/03/2026 07:23:41,,81442326017,8144,2,Indoor 03,,,true,false,8,2,2,2,,,2,2,,,6,7,7,7,7,0.40,0,244,,,0,,,,,29.97,,0,,,,,,,,,,,,,,,,,0.000,,,0,20.7,,44,,0,2
02/03/2026 07:46:30,,81442326017,8144,2,Indoor 03,,,true,false,8,2,2,2,,,2,2,,,6,7,7,7,7,0.39,0,240,,,0,,,,,29.97,,0,,,,,,,,,,,,,,,,,0.000,,,0,20.7,,45,,0,3
02/03/2026 08:01:30,,81442326017,8144,2,Indoor 03,,,true,false,8,2,2,2,,,2,2,,,7,7,7,7,7,0.38,0,242,,,0,,,,,29.97,,0,,,,,,,,,,,,,,,,,0.000,,,0,20.6,,44,,0,2
02/03/2026 08:24:02,,81442326017,8144,2,Indoor 03,,,true,false,8,2,2,2,,,2,2,,,7,7,7,7,7,0.42,0,241,,,0,,,,,29.96,,0,,,,,,,,,,,,,,,,,0.000,,,0,20.6,,44,,0,3
02/03/2026 08:39:02,,81442326017,8144,2,Indoor 03,,,true,false,8,2,2,2,,,2,2,,,7,8,8,8,8,0.40,0,241,,,0,,,,,29.96,,0,,,,,,,,,,,,,,,,,0.000,,,0,20.6,,44,,0,2
02/03/2026 09:01:35,,81442326017,8144,2,Indoor 03,,,true,false,8,2,2,2,,,2,2,,,7,8,8,8,8,0.39,0,237,,,0,,,,,29.97,,0,,,,,,,,,,,,,,,,,0.000,,,0,20.6,,44,,0,3
02/03/2026 09:16:35,,81442326017,8144,2,Indoor 03,,,true,false,8,2,2,2,,,2,2,,,7,8,8,8,8,0.38,0,236,,,0,,,,,29.96,,0,,,,,,,,,,,,,,,,,0.000,,,0,20.6,,44,,0,2
02/03/2026 09:39:07,,81442326017,8144,2,Indoor 03,,,true,false,8,2,2,2,,,2,2,,,7,8,8,8,8,0.42,0,238,,,0,,,,,29.96,,0,,,,,,,,,,,,,,,,,0.000,,,0,20.6,,43,,0,3
02/03/2026 09:54:07,,81442326017,8144,2,Indoor 03,,,true,false,8,2,2,2,,,2,2,,,7,8,8,8,8,0.38,0,239,,,0,,,,,29.96,,0,,,,,,,,,,,,,,,,,0.000,,,0,20.6,,43,,0,2
02/03/2026 10:16:40,,81442326017,8144,2,Indoor 03,,,true,false,8,2,2,2,,,2,2,,,7,8,8,8,8,0.48,0,237,,,0,,,,,29.96,,0,,,,,,,,,,,,,,,,,0.001,,,0,20.5,,44,,0,3
02/03/2026 10:31:40,,81442326017,8144,2,Indoor 03,,,true,false,8,2,2,2,,,2,2,,,8,9,9,9,9,0.40,0,244,,,0,,,,,29.95,,0,,,,,,,,,,,,,,,,,0.011,,,0,20.5,,45,,0,2
02/03/2026 10:53:27,,81442326017,8144,2,Indoor 03,,,true,false,8,2,2,2,,,2,2,,,8,9,9,9,9,0.37,0,245,,,0,,,,,29.95,,0,,,,,,,,,,,,,,,,,0.000,,,0,20.5,,44,,0,3
02/03/2026 11:08:27,,81442326017,8144,2,Indoor 03,,,true,false,8,2,2,2,,,2,2,,,8,9,9,9,9,0.40,0,252,,,0,,,,,29.96,,0,,,,,,,,,,,,,,,,,0.000,,,0,20.6,,44,,0,2
02/03/2026 11:30:46,,81442326017,8144,2,Indoor 03,,,true,false,13,3,2,3,,,3,3,,,9,10,10,10,10,0.38,0,252,,,0,,,,,29.96,,0,,,,,,,,,,,,,,,,,0.000,,,0,21.0,,44,,0,3
02/03/2026 11:45:46,,81442326017,8144,2,Indoor 03,,,true,false,8,2,2,2,,,2,2,,,7,8,8,8,8,0.38,0,255,,,0,,,,,29.96,,0,,,,,,,,,,,,,,,,,0.002,,,0,21.2,,44,,0,2
02/03/2026 12:07:03,,81442326017,8144,2,Indoor 03,,,true,false,8,2,2,2,,,2,2,,,7,8,8,8,8,0.42,0,252,,,0,,,,,29.96,,0,,,,,,,,,,,,,,,,,0.000,,,0,21.4,,44,,0,3
02/03/2026 12:22:03,,81442326017,8144,2,Indoor 03,,,true,false,8,2,2,2,,,2,2,,,8,9,9,9,9,0.40,0,258,,,0,,,,,29.97,,0,,,,,,,,,,,,,,,,,0.000,,,0,21.5,,44,,0,2
02/03/2026 12:44:50,,81442326017,8144,2,Indoor 03,,,true,false,8,2,2,2,,,2,2,,,7,8,8,8,8,0.37,0,255,,,0,,,,,29.97,,0,,,,,,,,,,,,,,,,,0.000,,,0,21.7,,44,,0,3
02/03/2026 12:59:50,,81442326017,8144,2,Indoor 03,,,true,false,8,2,2,2,,,2,2,,,7,8,8,8,8,0.37,0,260,,,0,,,,,29.98,,0,,,,,,,,,,,,,,,,,0.000,,,0,21.9,,44,,0,2
02/03/2026 13:22:09,,81442326017,8144,2,Indoor 03,,,true,false,8,2,2,2,,,2,2,,,8,9,9,9,9,0.41,0,262,,,0,,,,,29.98,,0,,,,,,,,,,,,,,,,,0.000,,,0,22.0,,44,,0,3
02/03/2026 13:37:09,,81442326017,8144,2,Indoor 03,,,true,false,8,2,2,2,,,2,2,,,8,9,9,9,9,0.39,0,264,,,0,,,,,29.99,,0,,,,,,,,,,,,,,,,,0.000,,,0,22.0,,44,,0,2
02/03/2026 13:59:41,,81442326017,8144,2,Indoor 03,,,true,false,8,2,2,2,,,2,2,,,8,9,9,9,9,0.37,0,258,,,0,,,,,29.99,,0,,,,,,,,,,,,,,,,,0.000,,,0,22.1,,43,,0,3
02/03/2026 14:14:41,,81442326017,8144,2,Indoor 03,,,true,false,8,2,2,2,,,2,2,,,8,9,9,9,9,0.38,0,264,,,0,,,,,30.00,,0,,,,,,,,,,,,,,,,,0.000,,,0,22.0,,44,,0,2
02/03/2026 14:37:13,,81442326017,8144,2,Indoor 03,,,true,false,8,2,2,2,,,2,2,,,8,9,9,9,9,0.39,0,267,,,0,,,,,30.00,,0,,,,,,,,,,,,,,,,,0.000,,,0,22.0,,44,,0,3
02/03/2026 14:52:13,,81442326017,8144,2,Indoor 03,,,true,false,8,2,2,2,,,2,2,,,7,8,8,8,8,0.39,0,267,,,0,,,,,30.00,,0,,,,,,,,,,,,,,,,,0.000,,,0,22.0,,45,,0,2
02/03/2026 15:14:46,,81442326017,8144,2,Indoor 03,,,true,false,8,2,2,2,,,2,2,,,7,7,7,7,7,0.37,0,259,,,0,,,,,30.00,,0,,,,,,,,,,,,,,,,,0.000,,,0,22.0,,45,,0,3
02/03/2026 15:29:46,,81442326017,8144,2,Indoor 03,,,true,false,8,2,2,2,,,2,2,,,7,8,8,8,8,0.37,0,256,,,0,,,,,30.00,,0,,,,,,,,,,,,,,,,,0.000,,,0,22.1,,45,,0,2
02/03/2026 15:52:20,,81442326017,8144,2,Indoor 03,,,true,false,8,2,2,2,,,2,2,,,7,8,8,8,8,0.38,0,259,,,0,,,,,29.99,,0,,,,,,,,,,,,,,,,,0.000,,,0,22.1,,45,,0,3
02/03/2026 16:07:20,,81442326017,8144,2,Indoor 03,,,true,false,8,2,2,2,,,2,2,,,7,8,8,8,8,0.37,0,251,,,0,,,,,29.98,,0,,,,,,,,,,,,,,,,,0.000,,,0,22.1,,44,,0,2
02/03/2026 16:30:06,,81442326017,8144,2,Indoor 03,,,true,false,8,2,2,2,,,2,2,,,6,7,7,7,7,0.43,0,251,,,0,,,,,29.97,,0,,,,,,,,,,,,,,,,,0.000,,,0,22.1,,43,,0,3
02/03/2026 16:45:06,,81442326017,8144,2,Indoor 03,,,true,false,8,2,2,2,,,2,2,,,6,7,7,7,7,0.40,0,258,,,0,,,,,29.96,,0,,,,,,,,,,,,,,,,,0.000,,,0,22.1,,43,,0,2
02/03/2026 17:07:39,,81442326017,8144,2,Indoor 03,,,true,false,8,2,1,2,,,2,2,,,5,6,6,6,6,0.44,0,239,,,0,,,,,29.95,,0,,,,,,,,,,,,,,,,,0.000,,,0,22.2,,42,,0,3
02/03/2026 17:22:39,,81442326017,8144,2,Indoor 03,,,true,false,8,2,1,2,,,2,2,,,5,6,6,6,6,0.39,0,240,,,0,,,,,29.94,,0,,,,,,,,,,,,,,,,,0.000,,,0,22.2,,42,,0,2
02/03/2026 17:45:27,,81442326017,8144,2,Indoor 03,,,true,false,4,1,1,1,,,1,1,,,5,5,5,5,5,0.41,0,237,,,0,,,,,29.93,,0,,,,,,,,,,,,,,,,,0.000,,,0,22.2,,42,,0,3
02/03/2026 18:00:27,,81442326017,8144,2,Indoor 03,,,true,false,8,2,2,2,,,2,2,,,5,6,6,6,6,0.38,0,241,,,0,,,,,29.92,,0,,,,,,,,,,,,,,,,,0.000,,,0,22.1,,43,,0,2
02/03/2026 18:23:00,,81442326017,8144,2,Indoor 03,,,true,false,8,2,2,2,,,2,2,,,5,6,6,6,6,0.39,0,240,,,0,,,,,29.91,,0,,,,,,,,,,,,,,,,,0.000,,,0,22.2,,43,,0,3
02/03/2026 18:38:00,,81442326017,8144,2,Indoor 03,,,true,false,8,2,2,2,,,2,2,,,5,6,6,6,6,0.38,0,243,,,0,,,,,29.91,,0,,,,,,,,,,,,,,,,,0.000,,,0,22.2,,43,,0,2
02/03/2026 19:00:33,,81442326017,8144,2,Indoor 03,,,true,false,8,2,2,2,,,2,2,,,5,6,6,6,6,0.38,0,236,,,0,,,,,29.90,,0,,,,,,,,,,,,,,,,,0.000,,,0,22.2,,43,,0,3
02/03/2026 19:15:33,,81442326017,8144,2,Indoor 03,,,true,false,8,2,2,2,,,2,2,,,6,6,6,6,6,0.37,0,252,,,0,,,,,29.89,,0,,,,,,,,,,,,,,,,,0.000,,,0,22.2,,43,,0,2
02/03/2026 19:38:06,,81442326017,8144,2,Indoor 03,,,true,false,8,2,2,2,,,2,2,,,6,6,6,6,6,0.41,0,269,,,0,,,,,29.89,,0,,,,,,,,,,,,,,,,,0.017,,,0,22.5,,43,,0,3
02/03/2026 19:53:06,,81442326017,8144,2,Indoor 03,,,true,false,4,1,1,1,,,1,1,,,5,5,5,5,5,0.39,0,257,,,0,,,,,29.89,,0,,,,,,,,,,,,,,,,,0.027,,,0,22.5,,42,,0,2
02/03/2026 20:15:37,,81442326017,8144,2,Indoor 03,,,true,false,4,1,1,1,,,1,1,,,5,5,5,5,5,0.38,0,234,,,0,,,,,29.89,,0,,,,,,,,,,,,,,,,,0.000,,,0,22.4,,42,,0,3
02/03/2026 20:30:37,,81442326017,8144,2,Indoor 03,,,true,false,4,1,1,1,,,1,1,,,5,5,5,5,5,0.39,0,249,,,0,,,,,29.88,,0,,,,,,,,,,,,,,,,,0.000,,,0,22.5,,42,,0,2
02/03/2026 20:53:10,,81442326017,8144,2,Indoor 03,,,true,false,8,2,2,2,,,2,2,,,5,6,6,6,6,0.41,0,261,,,0,,,,,29.87,,0,,,,,,,,,,,,,,,,,0.000,,,0,22.5,,42,,0,3
02/03/2026 21:08:10,,81442326017,8144,2,Indoor 03,,,true,false,8,2,2,2,,,2,2,,,6,6,6,6,6,0.38,0,261,,,0,,,,,29.88,,0,,,,,,,,,,,,,,,,,0.000,,,0,22.5,,43,,0,2
02/03/2026 21:30:58,,81442326017,8144,2,Indoor 03,,,true,false,8,2,2,2,,,2,2,,,6,7,7,7,7,0.35,0,258,,,0,,,,,29.88,,0,,,,,,,,,,,,,,,,,0.000,,,0,22.4,,43,,0,3
02/03/2026 21:45:58,,81442326017,8144,2,Indoor 03,,,true,false,4,1,1,1,,,1,1,,,4,5,5,5,5,0.37,0,271,,,0,,,,,29.88,,0,,,,,,,,,,,,,,,,,0.013,,,0,22.4,,43,,0,2
02/03/2026 22:08:30,,81442326017,8144,2,Indoor 03,,,true,false,4,1,1,1,,,1,1,,,4,5,5,5,5,0.41,0,244,,,0,,,,,29.88,,0,,,,,,,,,,,,,,,,,0.000,,,0,22.1,,43,,0,3
02/03/2026 22:23:30,,81442326017,8144,2,Indoor 03,,,true,false,4,1,1,1,,,1,1,,,4,4,5,5,5,0.39,0,240,,,0,,,,,29.88,,0,,,,,,,,,,,,,,,,,0.000,,,0,22.1,,42,,0,2
02/03/2026 22:46:04,,81442326017,8144,2,Indoor 03,,,true,false,4,1,1,1,,,1,1,,,4,4,4,4,4,0.43,0,242,,,0,,,,,29.88,,0,,,,,,,,,,,,,,,,,0.000,,,0,22.2,,42,,0,3
02/03/2026 23:01:04,,81442326017,8144,2,Indoor 03,,,true,false,4,1,1,1,,,1,1,,,4,4,4,4,4,0.39,0,244,,,0,,,,,29.88,,0,,,,,,,,,,,,,,,,,0.000,,,0,22.2,,43,,0,2
02/03/2026 23:22:36,,81442326017,8144,2,Indoor 03,,,true,false,4,1,1,1,,,1,1,,,3,4,4,4,4,0.48,0,243,,,0,,,,,29.87,,0,,,,,,,,,,,,,,,,,0.000,,,0,22.2,,43,,0,3
02/03/2026 23:37:36,,81442326017,8144,2,Indoor 03,,,true,false,4,1,1,1,,,1,1,,,4,4,4,4,4,0.40,0,252,,,0,,,,,29.86,,0,,,,,,,,,,,,,,,,,0.000,,,0,22.2,,43,,0,2
02/03/2026 23:59:53,,81442326017,8144,2,Indoor 03,,,true,false,4,1,1,1,,,1,1,,,4,5,5,5,5,0.42,0,248,,,0,,,,,29.87,,0,,,,,,,,,,,,,,,,,0.000,,,0,22.2,,43,,0,3
02/04/2026 00:14:53,,81442326017,8144,2,Indoor 03,,,true,false,4,1,1,1,,,1,1,,,5,5,5,5,5,0.40,0,248,,,0,,,,,29.87,,0,,,,,,,,,,,,,,,,,0.000,,,0,22.2,,43,,0,2
02/04/2026 00:37:27,,81442326017,8144,2,Indoor 03,,,true,false,8,2,2,2,,,2,2,,,7,8,8,8,8,0.36,0,244,,,0,,,,,29.86,,0,,,,,,,,,,,,,,,,,0.000,,,0,22.2,,42,,0,3
02/04/2026 00:52:27,,81442326017,8144,2,Indoor 03,,,true,false,8,2,2,2,,,2,2,,,7,8,8,8,8,0.36,0,246,,,0,,,,,29.85,,0,,,,,,,,,,,,,,,,,0.000,,,0,22.2,,42,,0,2
02/04/2026 01:14:59,,81442326017,8144,2,Indoor 03,,,true,false,8,2,2,2,,,2,2,,,7,8,8,8,8,0.38,0,244,,,0,,,,,29.84,,0,,,,,,,,,,,,,,,,,0.000,,,0,22.3,,43,,0,3
02/04/2026 01:29:59,,81442326017,8144,2,Indoor 03,,,true,false,8,2,2,2,,,2,2,,,7,8,8,8,8,0.37,0,245,,,0,,,,,29.85,,0,,,,,,,,,,,,,,,,,0.000,,,0,22.3,,43,,0,2
02/04/2026 01:52:46,,81442326017,8144,2,Indoor 03,,,true,false,13,3,2,3,,,3,3,,,8,9,9,9,9,0.39,0,243,,,0,,,,,29.86,,0,,,,,,,,,,,,,,,,,0.000,,,0,22.3,,43,,0,3
02/04/2026 02:07:46,,81442326017,8144,2,Indoor 03,,,true,false,8,2,2,2,,,2,2,,,7,8,8,8,8,0.37,0,243,,,0,,,,,29.87,,0,,,,,,,,,,,,,,,,,0.000,,,0,22.3,,43,,0,2
02/04/2026 02:29:05,,81442326017,8144,2,Indoor 03,,,true,false,8,2,2,2,,,2,2,,,7,8,8,8,8,0.37,0,240,,,0,,,,,29.87,,0,,,,,,,,,,,,,,,,,0.000,,,0,22.3,,43,,0,3
02/04/2026 02:44:05,,81442326017,8144,2,Indoor 03,,,true,false,8,2,2,2,,,2,2,,,8,9,9,9,9,0.37,0,250,,,0,,,,,29.87,,0,,,,,,,,,,,,,,,,,0.000,,,0,22.2,,43,,0,2
02/04/2026 03:06:07,,81442326017,8144,2,Indoor 03,,,true,false,8,2,2,2,,,2,2,,,8,9,9,9,9,0.36,0,244,,,0,,,,,29.87,,0,,,,,,,,,,,,,,,,,0.000,,,0,22.2,,43,,0,3
02/04/2026 03:21:07,,81442326017,8144,2,Indoor 03,,,true,false,8,2,2,2,,,2,2,,,8,9,9,9,9,0.37,0,245,,,0,,,,,29.87,,0,,,,,,,,,,,,,,,,,0.000,,,0,22.2,,42,,0,2
02/04/2026 03:43:40,,81442326017,8144,2,Indoor 03,,,true,false,13,3,3,3,,,3,3,,,9,10,10,10,10,0.37,0,244,,,0,,,,,29.87,,0,,,,,,,,,,,,,,,,,0.000,,,0,22.3,,42,,0,3
02/04/2026 03:58:40,,81442326017,8144,2,Indoor 03,,,true,false,13,3,3,3,,,3,3,,,9,10,10,10,10,0.37,0,243,,,0,,,,,29.86,,0,,,,,,,,,,,,,,,,,0.000,,,0,22.3,,43,,0,2
02/04/2026 04:21:12,,81442326017,8144,2,Indoor 03,,,true,false,13,3,3,3,,,3,3,,,9,10,10,10,10,0.39,0,241,,,0,,,,,29.86,,0,,,,,,,,,,,,,,,,,0.000,,,0,22.3,,43,,0,3
02/04/2026 04:36:12,,81442326017,8144,2,Indoor 03,,,true,false,13,3,3,3,,,3,3,,,10,11,11,11,11,0.37,0,246,,,0,,,,,29.86,,0,,,,,,,,,,,,,,,,,0.000,,,0,22.3,,42,,0,2
02/04/2026 04:59:00,,81442326017,8144,2,Indoor 03,,,true,false,13,3,3,3,,,3,3,,,10,12,12,12,12,0.40,0,245,,,0,,,,,29.85,,0,,,,,,,,,,,,,,,,,0.000,,,0,22.2,,41,,0,3
02/04/2026 05:14:00,,81442326017,8144,2,Indoor 03,,,true,false,13,3,3,3,,,3,3,,,9,11,11,11,11,0.37,0,251,,,0,,,,,29.85,,0,,,,,,,,,,,,,,,,,0.000,,,0,22.2,,41,,0,2
02/04/2026 05:36:34,,81442326017,8144,2,Indoor 03,,,true,false,13,3,3,3,,,3,3,,,9,10,10,10,10,0.39,0,251,,,0,,,,,29.85,,0,,,,,,,,,,,,,,,,,0.000,,,0,22.2,,41,,0,3
02/04/2026 05:51:34,,81442326017,8144,2,Indoor 03,,,true,false,13,3,3,3,,,3,3,,,9,10,10,10,10,0.37,0,253,,,0,,,,,29.84,,0,,,,,,,,,,,,,,,,,0.000,,,0,22.2,,41,,0,2
02/04/2026 06:12:21,,81442326017,8144,2,Indoor 03,,,true,false,13,3,3,3,,,3,3,,,9,10,10,10,10,0.36,0,253,,,0,,,,,29.84,,0,,,,,,,,,,,,,,,,,0.000,,,0,22.2,,41,,0,3
02/04/2026 06:27:21,,81442326017,8144,2,Indoor 03,,,true,false,13,3,3,3,,,3,3,,,9,10,10,10,10,0.37,0,250,,,0,,,,,29.83,,0,,,,,,,,,,,,,,,,,0.000,,,0,22.2,,41,,0,2
02/04/2026 06:49:39,,81442326017,8144,2,Indoor 03,,,true,false,13,3,3,3,,,3,3,,,9,10,10,10,10,0.37,0,244,,,0,,,,,29.83,,0,,,,,,,,,,,,,,,,,0.000,,,0,22.2,,42,,0,3
02/04/2026 07:04:39,,81442326017,8144,2,Indoor 03,,,true,false,13,3,2,3,,,3,3,,,9,10,10,10,10,0.37,0,250,,,0,,,,,29.83,,0,,,,,,,,,,,,,,,,,0.000,,,0,22.2,,42,,0,2
02/04/2026 07:26:26,,81442326017,8144,2,Indoor 03,,,true,false,13,3,3,3,,,3,3,,,9,11,11,11,11,0.37,0,248,,,0,,,,,29.82,,0,,,,,,,,,,,,,,,,,0.000,,,0,22.2,,42,,0,3
02/04/2026 07:41:26,,81442326017,8144,2,Indoor 03,,,true,false,13,3,3,3,,,3,3,,,10,11,11,11,11,0.38,0,257,,,0,,,,,29.82,,0,,,,,,,,,,,,,,,,,0.008,,,0,22.2,,42,,0,2
02/04/2026 08:02:43,,81442326017,8144,2,Indoor 03,,,true,false,13,3,3,3,,,3,3,,,11,12,12,12,12,0.38,0,255,,,0,,,,,29.82,,0,,,,,,,,,,,,,,,,,0.000,,,0,22.2,,42,,0,3
02/04/2026 08:17:43,,81442326017,8144,2,Indoor 03,,,true,false,13,3,3,3,,,3,3,,,11,13,13,13,13,0.38,0,256,,,0,,,,,29.81,,0,,,,,,,,,,,,,,,,,0.000,,,0,22.2,,41,,0,2
02/04/2026 08:40:46,,81442326017,8144,2,Indoor 03,,,true,false,13,3,3,3,,,3,3,,,11,12,12,12,12,0.38,0,261,,,0,,,,,29.81,,0,,,,,,,,,,,,,,,,,0.000,,,0,22.2,,41,,0,3
02/04/2026 08:55:46,,81442326017,8144,2,Indoor 03,,,true,false,13,3,3,3,,,3,3,,,11,12,12,12,12,0.39,0,262,,,0,,,,,29.81,,0,,,,,,,,,,,,,,,,,0.000,,,0,22.2,,41,,0,2
02/04/2026 09:18:05,,81442326017,8144,2,Indoor 03,,,true,false,13,3,3,3,,,3,3,,,11,12,12,12,12,0.37,0,259,,,0,,,,,29.81,,0,,,,,,,,,,,,,,,,,0.000,,,0,22.2,,41,,0,3
02/04/2026 09:33:05,,81442326017,8144,2,Indoor 03,,,true,false,13,3,3,3,,,3,3,,,10,11,11,11,11,0.37,0,260,,,0,,,,,29.81,,0,,,,,,,,,,,,,,,,,0.000,,,0,22.2,,41,,0,2
02/04/2026 09:55:51,,81442326017,8144,2,Indoor 03,,,true,false,13,3,3,3,,,3,3,,,10,12,12,12,12,0.37,0,258,,,0,,,,,29.82,,0,,,,,,,,,,,,,,,,,0.000,,,0,22.2,,41,,0,3
02/04/2026 10:10:51,,81442326017,8144,2,Indoor 03,,,true,false,13,3,3,3,,,3,3,,,10,12,12,12,12,0.38,0,269,,,0,,,,,29.83,,0,,,,,,,,,,,,,,,,,0.001,,,0,22.2,,41,,0,2
02/04/2026 10:33:24,,81442326017,8144,2,Indoor 03,,,true,false,13,3,3,3,,,3,3,,,11,12,12,12,12,0.40,0,279,,,0,,,,,29.83,,0,,,,,,,,,,,,,,,,,0.000,,,0,22.2,,41,,0,3
02/04/2026 10:48:24,,81442326017,8144,2,Indoor 03,,,true,false,13,3,3,3,,,3,3,,,11,13,13,13,13,0.38,0,272,,,0,,,,,29.83,,0,,,,,,,,,,,,,,,,,0.000,,,0,22.2,,41,,0,2
02/04/2026 11:09:27,,81442326017,8144,2,Indoor 03,,,true,false,13,3,3,3,,,3,3,,,11,12,12,12,12,0.37,0,263,,,0,,,,,29.84,,0,,,,,,,,,,,,,,,,,0.000,,,0,22.2,,41,,0,3
02/04/2026 11:24:27,,81442326017,8144,2,Indoor 03,,,true,false,13,3,3,3,,,3,3,,,11,12,12,12,12,0.38,0,262,,,0,,,,,29.84,,0,,,,,,,,,,,,,,,,,0.000,,,0,22.2,,41,,0,2
02/04/2026 11:47:14,,81442326017,8144,2,Indoor 03,,,true,false,13,3,3,3,,,3,3,,,10,11,11,11,11,0.38,0,266,,,0,,,,,29.84,,0,,,,,,,,,,,,,,,,,0.000,,,0,22.2,,43,,0,3
02/04/2026 12:02:14,,81442326017,8144,2,Indoor 03,,,true,false,13,3,3,3,,,3,3,,,11,12,12,12,12,0.38,0,273,,,0,,,,,29.83,,0,,,,,,,,,,,,,,,,,0.012,,,0,22.2,,44,,0,2
02/04/2026 12:24:18,,81442326017,8144,2,Indoor 03,,,true,false,13,3,3,3,,,3,3,,,10,11,11,11,11,0.37,0,265,,,0,,,,,29.84,,0,,,,,,,,,,,,,,,,,0.000,,,0,22.3,,44,,0,3
02/04/2026 12:39:18,,81442326017,8144,2,Indoor 03,,,true,false,13,3,3,3,,,3,3,,,10,11,11,11,11,0.36,0,270,,,0,,,,,29.85,,0,,,,,,,,,,,,,,,,,0.000,,,0,22.2,,44,,0,2
02/04/2026 13:01:35,,81442326017,8144,2,Indoor 03,,,true,false,13,3,3,3,,,3,3,,,11,12,12,12,12,0.40,0,270,,,0,,,,,29.86,,0,,,,,,,,,,,,,,,,,0.000,,,0,22.2,,44,,0,3
02/04/2026 13:16:35,,81442326017,8144,2,Indoor 03,,,true,false,13,3,3,3,,,3,3,,,10,11,11,11,11,0.36,0,276,,,0,,,,,29.87,,0,,,,,,,,,,,,,,,,,0.000,,,0,22.2,,44,,0,2
02/04/2026 13:39:22,,81442326017,8144,2,Indoor 03,,,true,false,13,3,3,3,,,3,3,,,11,13,13,13,13,0.38,0,291,,,0,,,,,29.87,,0,,,,,,,,,,,,,,,,,0.000,,,0,22.3,,43,,0,3
02/04/2026 13:54:22,,81442326017,8144,2,Indoor 03,,,true,false,17,4,3,4,,,4,4,,,12,13,13,13,13,0.39,0,292,,,0,,,,,29.87,,0,,,,,,,,,,,,,,,,,0.000,,,0,22.3,,43,,0,2
02/04/2026 14:16:41,,81442326017,8144,2,Indoor 03,,,true,false,13,3,3,3,,,3,3,,,11,13,13,13,13,0.38,0,293,,,0,,,,,29.87,,0,,,,,,,,,,,,,,,,,0.000,,,0,22.3,,42,,0,3
02/04/2026 14:31:41,,81442326017,8144,2,Indoor 03,,,true,false,13,3,3,3,,,3,3,,,11,12,12,12,12,0.36,0,290,,,0,,,,,29.87,,0,,,,,,,,,,,,,,,,,0.000,,,0,22.3,,43,,0,2
02/04/2026 14:54:13,,81442326017,8144,2,Indoor 03,,,true,false,17,4,4,4,,,4,4,,,13,15,15,15,15,0.37,0,292,,,0,,,,,29.87,,0,,,,,,,,,,,,,,,,,0.000,,,0,22.2,,44,,0,3
02/04/2026 15:09:13,,81442326017,8144,2,Indoor 03,,,true,false,17,4,4,4,,,4,4,,,14,15,15,15,15,0.40,0,293,,,0,,,,,29.87,,0,,,,,,,,,,,,,,,,,0.000,,,0,22.2,,44,,0,2
02/04/2026 15:32:00,,81442326017,8144,2,Indoor 03,,,true,false,17,4,4,4,,,4,4,,,12,14,14,14,14,0.39,0,273,,,0,,,,,29.87,,0,,,,,,,,,,,,,,,,,0.000,,,0,22.2,,43,,0,3
02/04/2026 15:47:00,,81442326017,8144,2,Indoor 03,,,true,false,17,4,3,4,,,4,4,,,12,13,13,13,13,0.37,0,276,,,0,,,,,29.87,,0,,,,,,,,,,,,,,,,,0.000,,,0,22.2,,43,,0,2
02/04/2026 16:09:03,,81442326017,8144,2,Indoor 03,,,true,false,13,3,3,3,,,3,3,,,11,12,12,12,12,0.37,0,275,,,0,,,,,29.86,,0,,,,,,,,,,,,,,,,,0.000,,,0,22.3,,42,,0,3
02/04/2026 16:24:03,,81442326017,8144,2,Indoor 03,,,true,false,13,3,3,3,,,3,3,,,11,12,13,13,13,0.39,0,285,,,0,,,,,29.86,,0,,,,,,,,,,,,,,,,,0.000,,,0,22.3,,42,,0,2
02/04/2026 16:46:51,,81442326017,8144,2,Indoor 03,,,true,false,13,3,3,3,,,3,3,,,11,12,12,12,12,0.36,0,279,,,0,,,,,29.85,,0,,,,,,,,,,,,,,,,,0.000,,,0,22.2,,42,,0,3
02/04/2026 17:01:51,,81442326017,8144,2,Indoor 03,,,true,false,13,3,3,3,,,3,3,,,11,12,12,12,12,0.36,0,280,,,0,,,,,29.85,,0,,,,,,,,,,,,,,,,,0.000,,,0,22.2,,43,,0,2
02/04/2026 17:24:08,,81442326017,8144,2,Indoor 03,,,true,false,13,3,3,3,,,3,3,,,10,12,12,12,12,0.39,0,273,,,0,,,,,29.85,,0,,,,,,,,,,,,,,,,,0.000,,,0,22.3,,43,,0,3
02/04/2026 17:39:08,,81442326017,8144,2,Indoor 03,,,true,false,13,3,3,3,,,3,3,,,10,12,12,12,12,0.36,0,275,,,0,,,,,29.84,,0,,,,,,,,,,,,,,,,,0.000,,,0,22.3,,43,,0,2
02/04/2026 18:01:27,,81442326017,8144,2,Indoor 03,,,true,false,13,3,3,3,,,3,3,,,10,12,12,12,12,0.42,0,260,,,0,,,,,29.82,,0,,,,,,,,,,,,,,,,,0.000,,,0,22.3,,44,,0,3
02/04/2026 18:16:27,,81442326017,8144,2,Indoor 03,,,true,false,13,3,3,3,,,3,3,,,11,12,12,12,12,0.39,0,266,,,0,,,,,29.82,,0,,,,,,,,,,,,,,,,,0.000,,,0,22.3,,43,,0,2
02/04/2026 18:38:00,,81442326017,8144,2,Indoor 03,,,true,false,13,3,3,3,,,3,3,,,11,12,12,12,12,0.38,0,265,,,0,,,,,29.82,,0,,,,,,,,,,,,,,,,,0.000,,,0,22.3,,42,,0,3
02/04/2026 18:53:00,,81442326017,8144,2,Indoor 03,,,true,false,13,3,3,3,,,3,3,,,11,13,13,13,13,0.38,0,274,,,0,,,,,29.81,,0,,,,,,,,,,,,,,,,,0.000,,,0,22.3,,42,,0,2
02/04/2026 19:15:46,,81442326017,8144,2,Indoor 03,,,true,false,13,3,3,3,,,3,3,,,10,11,12,12,12,0.42,0,268,,,0,,,,,29.82,,0,,,,,,,,,,,,,,,,,0.000,,,0,22.3,,43,,0,3
02/04/2026 19:30:46,,81442326017,8144,2,Indoor 03,,,true,false,13,3,3,3,,,3,3,,,10,11,11,11,11,0.38,0,275,,,0,,,,,29.81,,0,,,,,,,,,,,,,,,,,0.000,,,0,22.3,,43,,0,2
02/04/2026 19:53:04,,81442326017,8144,2,Indoor 03,,,true,false,13,3,3,3,,,3,3,,,11,12,12,12,12,0.40,0,267,,,0,,,,,29.81,,0,,,,,,,,,,,,,,,,,0.000,,,0,22.3,,44,,0,3
02/04/2026 20:08:04,,81442326017,8144,2,Indoor 03,,,true,false,13,3,3,3,,,3,3,,,10,11,11,11,11,0.38,0,265,,,0,,,,,29.81,,0,,,,,,,,,,,,,,,,,0.000,,,0,22.3,,43,,0,2
02/04/2026 20:30:38,,81442326017,8144,2,Indoor 03,,,true,false,13,3,3,3,,,3,3,,,11,12,12,12,12,0.39,0,255,,,0,,,,,29.81,,0,,,,,,,,,,,,,,,,,0.000,,,0,22.3,,42,,0,3
02/04/2026 20:45:38,,81442326017,8144,2,Indoor 03,,,true,false,13,3,3,3,,,3,3,,,11,13,13,13,13,0.40,0,267,,,0,,,,,29.81,,0,,,,,,,,,,,,,,,,,0.000,,,0,22.3,,42,,0,2
02/04/2026 21:08:10,,81442326017,8144,2,Indoor 03,,,true,false,13,3,3,3,,,3,3,,,11,12,12,12,12,0.38,0,274,,,0,,,,,29.82,,0,,,,,,,,,,,,,,,,,0.000,,,0,22.3,,43,,0,3
02/04/2026 21:23:10,,81442326017,8144,2,Indoor 03,,,true,false,13,3,3,3,,,3,3,,,11,13,13,13,13,0.37,0,268,,,0,,,,,29.82,,0,,,,,,,,,,,,,,,,,0.000,,,0,22.3,,44,,0,2
02/04/2026 21:45:27,,81442326017,8144,2,Indoor 03,,,true,false,17,4,3,4,,,4,4,,,11,13,13,13,13,0.37,0,273,,,0,,,,,29.83,,0,,,,,,,,,,,,,,,,,0.000,,,0,22.3,,44,,0,3
02/04/2026 22:00:27,,81442326017,8144,2,Indoor 03,,,true,false,17,4,3,4,,,4,4,,,12,13,13,13,13,0.37,0,270,,,0,,,,,29.84,,0,,,,,,,,,,,,,,,,,0.000,,,0,22.2,,43,,0,2
02/04/2026 22:23:15,,81442326017,8144,2,Indoor 03,,,true,false,17,4,3,4,,,4,4,,,12,13,13,13,13,0.36,0,269,,,0,,,,,29.85,,0,,,,,,,,,,,,,,,,,0.000,,,0,22.3,,42,,0,3
02/04/2026 22:38:15,,81442326017,8144,2,Indoor 03,,,true,false,17,4,3,4,,,4,4,,,12,13,13,13,13,0.38,0,270,,,0,,,,,29.85,,0,,,,,,,,,,,,,,,,,0.009,,,0,22.3,,42,,0,2
02/04/2026 23:00:47,,81442326017,8144,2,Indoor 03,,,true,false,17,4,4,4,,,4,4,,,13,15,15,15,15,0.37,0,256,,,0,,,,,29.84,,0,,,,,,,,,,,,,,,,,0.000,,,0,22.3,,43,,0,3
02/04/2026 23:15:47,,81442326017,8144,2,Indoor 03,,,true,false,17,4,4,4,,,4,4,,,14,15,15,15,15,0.38,0,260,,,0,,,,,29.84,,0,,,,,,,,,,,,,,,,,0.000,,,0,22.3,,43,,0,2
02/04/2026 23:38:36,,81442326017,8144,2,Indoor 03,,,true,false,17,4,3,4,,,4,4,,,12,13,13,13,13,0.37,0,252,,,0,,,,,29.84,,0,,,,,,,,,,,,,,,,,0.000,,,0,22.2,,43,,0,3
02/04/2026 23:53:36,,81442326017,8144,2,Indoor 03,,,true,false,17,4,4,4,,,4,4,,,12,14,14,14,14,0.36,0,256,,,0,,,,,29.84,,0,,,,,,,,,,,,,,,,,0.000,,,0,22.2,,43,,0,2
02/05/2026 00:16:24,,81442326017,8144,2,Indoor 03,,,true,false,13,3,3,3,,,3,3,,,11,13,13,13,13,0.38,0,261,,,0,,,,,29.85,,0,,,,,,,,,,,,,,,,,0.000,,,0,22.2,,42,,0,3
02/05/2026 00:31:24,,81442326017,8144,2,Indoor 03,,,true,false,17,4,3,4,,,4,4,,,12,13,13,13,13,0.39,0,262,,,0,,,,,29.86,,0,,,,,,,,,,,,,,,,,0.000,,,0,22.2,,42,,0,2
02/05/2026 00:54:11,,81442326017,8144,2,Indoor 03,,,true,false,17,4,3,4,,,4,4,,,12,13,13,13,13,0.37,0,260,,,0,,,,,29.86,,0,,,,,,,,,,,,,,,,,0.000,,,0,22.3,,43,,0,3
02/05/2026 01:09:11,,81442326017,8144,2,Indoor 03,,,true,false,13,3,3,3,,,3,3,,,11,12,12,12,12,0.36,0,259,,,0,,,,,29.86,,0,,,,,,,,,,,,,,,,,0.000,,,0,22.3,,43,,0,2
02/05/2026 01:31:43,,81442326017,8144,2,Indoor 03,,,true,false,13,3,3,3,,,3,3,,,11,12,13,13,13,0.37,0,261,,,0,,,,,29.86,,0,,,,,,,,,,,,,,,,,0.000,,,0,22.3,,43,,0,3
02/05/2026 01:46:43,,81442326017,8144,2,Indoor 03,,,true,false,13,3,3,3,,,3,3,,,11,12,13,13,13,0.36,0,268,,,0,,,,,29.86,,0,,,,,,,,,,,,,,,,,0.000,,,0,22.2,,43,,0,2
02/05/2026 02:09:01,,81442326017,8144,2,Indoor 03,,,true,false,13,3,3,3,,,3,3,,,11,12,12,12,12,0.34,0,262,,,0,,,,,29.85,,0,,,,,,,,,,,,,,,,,0.000,,,0,22.2,,42,,0,3
02/05/2026 02:24:01,,81442326017,8144,2,Indoor 03,,,true,false,13,3,3,3,,,3,3,,,11,12,12,12,12,0.37,0,264,,,0,,,,,29.85,,0,,,,,,,,,,,,,,,,,0.000,,,0,22.2,,42,,0,2
02/05/2026 02:46:34,,81442326017,8144,2,Indoor 03,,,true,false,13,3,3,3,,,3,3,,,11,13,13,13,13,0.35,0,259,,,0,,,,,29.85,,0,,,,,,,,,,,,,,,,,0.000,,,0,22.3,,42,,0,3
02/05/2026 03:01:34,,81442326017,8144,2,Indoor 03,,,true,false,13,3,3,3,,,3,3,,,11,12,12,12,12,0.37,0,264,,,0,,,,,29.85,,0,,,,,,,,,,,,,,,,,0.000,,,0,22.3,,43,,0,2
02/05/2026 03:24:21,,81442326017,8144,2,Indoor 03,,,true,false,17,4,3,4,,,4,4,,,11,13,13,13,13,0.35,0,263,,,0,,,,,29.85,,0,,,,,,,,,,,,,,,,,0.000,,,0,22.3,,43,,0,3
02/05/2026 03:39:21,,81442326017,8144,2,Indoor 03,,,true,false,17,4,3,4,,,4,4,,,11,13,13,13,13,0.37,0,261,,,0,,,,,29.84,,0,,,,,,,,,,,,,,,,,0.000,,,0,22.3,,43,,0,2
02/05/2026 04:02:09,,81442326017,8144,2,Indoor 03,,,true,false,17,4,3,4,,,4,4,,,12,13,13,13,13,0.36,0,261,,,0,,,,,29.85,,0,,,,,,,,,,,,,,,,,0.000,,,0,22.3,,43,,0,3
02/05/2026 04:17:09,,81442326017,8144,2,Indoor 03,,,true,false,17,4,3,4,,,4,4,,,12,13,13,13,13,0.37,0,264,,,0,,,,,29.85,,0,,,,,,,,,,,,,,,,,0.000,,,0,22.3,,43,,0,2
02/05/2026 04:39:42,,81442326017,8144,2,Indoor 03,,,true,false,17,4,3,4,,,4,4,,,11,13,13,13,13,0.35,0,257,,,0,,,,,29.84,,0,,,,,,,,,,,,,,,,,0.000,,,0,22.3,,42,,0,3
02/05/2026 04:54:42,,81442326017,8144,2,Indoor 03,,,true,false,17,4,3,4,,,4,4,,,12,13,13,13,13,0.37,0,259,,,0,,,,,29.84,,0,,,,,,,,,,,,,,,,,0.000,,,0,22.2,,42,,0,2
02/05/2026 05:17:15,,81442326017,8144,2,Indoor 03,,,true,false,13,3,3,3,,,3,3,,,11,13,13,13,13,0.37,0,271,,,0,,,,,29.83,,0,,,,,,,,,,,,,,,,,0.000,,,0,22.2,,42,,0,3
02/05/2026 05:32:15,,81442326017,8144,2,Indoor 03,,,true,false,13,3,3,3,,,3,3,,,11,13,13,13,13,0.37,0,270,,,0,,,,,29.84,,0,,,,,,,,,,,,,,,,,0.000,,,0,22.2,,42,,0,2
02/05/2026 05:54:47,,81442326017,8144,2,Indoor 03,,,true,false,17,4,3,4,,,4,4,,,12,13,13,13,13,0.37,0,262,,,0,,,,,29.83,,0,,,,,,,,,,,,,,,,,0.000,,,0,22.2,,42,,0,3
02/05/2026 06:09:47,,81442326017,8144,2,Indoor 03,,,true,false,17,4,3,4,,,4,4,,,12,13,13,13,13,0.37,0,269,,,0,,,,,29.83,,0,,,,,,,,,,,,,,,,,0.000,,,0,22.2,,41,,0,2
02/05/2026 06:32:05,,81442326017,8144,2,Indoor 03,,,true,false,13,3,3,3,,,3,3,,,11,12,12,12,12,0.37,0,262,,,0,,,,,29.83,,0,,,,,,,,,,,,,,,,,0.000,,,0,22.4,,41,,0,3
02/05/2026 06:47:05,,81442326017,8144,2,Indoor 03,,,true,false,13,3,3,3,,,3,3,,,10,12,12,12,12,0.38,0,270,,,0,,,,,29.84,,0,,,,,,,,,,,,,,,,,0.000,,,0,22.5,,41,,0,2
02/05/2026 07:09:07,,81442326017,8144,2,Indoor 03,,,true,false,13,3,3,3,,,3,3,,,11,12,12,12,12,0.38,0,271,,,0,,,,,29.83,,0,,,,,,,,,,,,,,,,,0.000,,,0,22.4,,42,,0,3
02/05/2026 07:24:07,,81442326017,8144,2,Indoor 03,,,true,false,13,3,3,3,,,3,3,,,11,12,12,12,12,0.37,0,262,,,0,,,,,29.82,,0,,,,,,,,,,,,,,,,,0.000,,,0,22.4,,42,,0,2
02/05/2026 07:46:55,,81442326017,8144,2,Indoor 03,,,true,false,13,3,3,3,,,3,3,,,11,12,12,12,12,0.35,0,269,,,0,,,,,29.82,,0,,,,,,,,,,,,,,,,,0.000,,,0,22.3,,41,,0,3
02/05/2026 08:01:55,,81442326017,8144,2,Indoor 03,,,true,false,13,3,3,3,,,3,3,,,11,12,12,12,12,0.38,0,276,,,0,,,,,29.81,,0,,,,,,,,,,,,,,,,,0.000,,,0,22.3,,41,,0,2
02/05/2026 08:25:13,,81442326017,8144,2,Indoor 03,,,true,false,13,3,3,3,,,3,3,,,10,12,12,12,12,0.34,0,260,,,0,,,,,29.81,,0,,,,,,,,,,,,,,,,,0.000,,,0,22.3,,41,,0,3
02/05/2026 08:40:13,,81442326017,8144,2,Indoor 03,,,true,false,13,3,3,3,,,3,3,,,10,12,12,12,12,0.36,0,267,,,0,,,,,29.81,,0,,,,,,,,,,,,,,,,,0.000,,,0,22.2,,41,,0,2
02/05/2026 09:02:45,,81442326017,8144,2,Indoor 03,,,true,false,13,3,3,3,,,3,3,,,10,12,12,12,12,0.36,0,272,,,0,,,,,29.80,,0,,,,,,,,,,,,,,,,,0.000,,,0,22.2,,41,,0,3
02/05/2026 09:17:45,,81442326017,8144,2,Indoor 03,,,true,false,13,3,3,3,,,3,3,,,11,12,12,13,13,0.36,0,275,,,0,,,,,29.80,,0,,,,,,,,,,,,,,,,,0.000,,,0,22.2,,42,,0,2
02/05/2026 09:40:33,,81442326017,8144,2,Indoor 03,,,true,false,13,3,3,3,,,3,3,,,10,11,11,11,11,0.37,0,274,,,0,,,,,29.79,,0,,,,,,,,,,,,,,,,,0.000,,,0,22.2,,41,,0,3
02/05/2026 09:55:33,,81442326017,8144,2,Indoor 03,,,true,false,13,3,3,3,,,3,3,,,11,12,12,12,12,0.36,0,281,,,0,,,,,29.79,,0,,,,,,,,,,,,,,,,,0.000,,,0,22.3,,41,,0,2
02/05/2026 10:18:36,,81442326017,8144,2,Indoor 03,,,true,false,13,3,3,3,,,3,3,,,11,12,12,12,12,0.38,0,274,,,0,,,,,29.79,,0,,,,,,,,,,,,,,,,,0.000,,,0,22.3,,41,,0,3
02/05/2026 10:33:36,,81442326017,8144,2,Indoor 03,,,true,false,13,3,3,3,,,3,3,,,10,11,11,11,11,0.37,0,291,,,0,,,,,29.80,,0,,,,,,,,,,,,,,,,,0.000,,,0,22.2,,40,,0,2
02/05/2026 10:55:38,,81442326017,8144,2,Indoor 03,,,true,false,13,3,3,3,,,3,3,,,10,12,12,12,12,0.36,0,272,,,0,,,,,29.79,,0,,,,,,,,,,,,,,,,,0.000,,,0,22.2,,41,,0,3
02/05/2026 11:10:38,,81442326017,8144,2,Indoor 03,,,true,false,13,3,3,3,,,3,3,,,9,11,11,11,11,0.36,0,276,,,0,,,,,29.79,,0,,,,,,,,,,,,,,,,,0.000,,,0,22.2,,41,,0,2
02/05/2026 11:33:12,,81442326017,8144,2,Indoor 03,,,true,false,13,3,3,3,,,3,3,,,9,10,10,10,10,0.37,0,272,,,0,,,,,29.79,,0,,,,,,,,,,,,,,,,,0.000,,,0,22.3,,42,,0,3
02/05/2026 11:48:12,,81442326017,8144,2,Indoor 03,,,true,false,13,3,3,3,,,3,3,,,9,10,10,10,10,0.36,0,270,,,0,,,,,29.79,,0,,,,,,,,,,,,,,,,,0.003,,,0,22.3,,42,,0,2
02/05/2026 12:10:14,,81442326017,8144,2,Indoor 03,,,true,false,13,3,3,3,,,3,3,,,9,10,10,10,10,0.38,0,272,,,0,,,,,29.79,,0,,,,,,,,,,,,,,,,,0.000,,,0,22.3,,43,,0,3
02/05/2026 12:25:14,,81442326017,8144,2,Indoor 03,,,true,false,13,3,2,3,,,3,3,,,9,10,10,10,10,0.37,0,276,,,0,,,,,29.80,,0,,,,,,,,,,,,,,,,,0.000,,,0,22.3,,44,,0,2
02/05/2026 12:48:16,,81442326017,8144,2,Indoor 03,,,true,false,8,2,2,2,,,2,2,,,8,9,9,9,9,0.37,0,272,,,0,,,,,29.80,,0,,,,,,,,,,,,,,,,,0.000,,,0,22.2,,43,,0,3
02/05/2026 13:03:16,,81442326017,8144,2,Indoor 03,,,true,false,13,3,2,3,,,3,3,,,9,10,10,10,10,0.36,0,278,,,0,,,,,29.80,,0,,,,,,,,,,,,,,,,,0.000,,,0,22.2,,43,,0,2
02/05/2026 13:26:04,,81442326017,8144,2,Indoor 03,,,true,false,13,3,2,3,,,3,3,,,9,10,10,10,10,0.38,0,272,,,0,,,,,29.80,,0,,,,,,,,,,,,,,,,,0.000,,,0,22.2,,43,,0,3
02/05/2026 13:41:04,,81442326017,8144,2,Indoor 03,,,true,false,13,3,2,3,,,3,3,,,9,10,10,10,10,0.39,0,275,,,0,,,,,29.80,,0,,,,,,,,,,,,,,,,,0.000,,,0,22.2,,43,,0,2
02/05/2026 14:04:07,,81442326017,8144,2,Indoor 03,,,true,false,8,2,2,2,,,2,2,,,8,9,9,9,9,0.38,0,266,,,0,,,,,29.80,,0,,,,,,,,,,,,,,,,,0.000,,,0,22.3,,42,,0,3
02/05/2026 14:19:07,,81442326017,8144,2,Indoor 03,,,true,false,8,2,2,2,,,2,2,,,8,9,9,9,9,0.38,0,274,,,0,,,,,29.80,,0,,,,,,,,,,,,,,,,,0.000,,,0,22.3,,42,,0,2
02/05/2026 14:41:39,,81442326017,8144,2,Indoor 03,,,true,false,8,2,2,2,,,2,2,,,7,8,8,8,8,0.37,0,269,,,0,,,,,29.80,,0,,,,,,,,,,,,,,,,,0.000,,,0,22.3,,42,,0,3
02/05/2026 14:56:39,,81442326017,8144,2,Indoor 03,,,true,false,8,2,2,2,,,2,2,,,7,8,8,8,8,0.38,0,282,,,0,,,,,29.80,,0,,,,,,,,,,,,,,,,,0.000,,,0,22.3,,43,,0,2
02/05/2026 15:17:42,,81442326017,8144,2,Indoor 03,,,true,false,8,2,2,2,,,2,2,,,7,8,8,8,8,0.36,0,287,,,0,,,,,29.80,,0,,,,,,,,,,,,,,,,,0.000,,,0,22.3,,43,,0,3
02/05/2026 15:32:42,,81442326017,8144,2,Indoor 03,,,true,false,8,2,2,2,,,2,2,,,6,7,7,7,7,0.38,0,279,,,0,,,,,29.80,,0,,,,,,,,,,,,,,,,,0.000,,,0,22.2,,42,,0,2
02/05/2026 15:55:15,,81442326017,8144,2,Indoor 03,,,true,false,8,2,2,2,,,2,2,,,6,7,7,7,7,0.38,0,275,,,0,,,,,29.79,,0,,,,,,,,,,,,,,,,,0.000,,,0,22.3,,42,,0,3
02/05/2026 16:10:15,,81442326017,8144,2,Indoor 03,,,true,false,8,2,2,2,,,2,2,,,5,6,6,6,6,0.37,0,274,,,0,,,,,29.78,,0,,,,,,,,,,,,,,,,,0.000,,,0,22.3,,42,,0,2
02/05/2026 16:33:02,,81442326017,8144,2,Indoor 03,,,true,false,8,2,1,2,,,2,2,,,5,6,6,6,6,0.41,0,286,,,0,,,,,29.77,,0,,,,,,,,,,,,,,,,,0.000,,,0,22.3,,42,,0,3
02/05/2026 16:48:02,,81442326017,8144,2,Indoor 03,,,true,false,4,1,1,1,,,1,1,,,5,5,5,5,5,0.39,0,286,,,0,,,,,29.76,,0,,,,,,,,,,,,,,,,,0.000,,,0,22.3,,42,,0,2
02/05/2026 17:10:35,,81442326017,8144,2,Indoor 03,,,true,false,8,2,2,2,,,2,2,,,5,6,6,6,6,0.42,0,286,,,0,,,,,29.74,,0,,,,,,,,,,,,,,,,,0.000,,,0,22.3,,43,,0,3
02/05/2026 17:25:35,,81442326017,8144,2,Indoor 03,,,true,false,8,2,2,2,,,2,2,,,5,6,6,6,6,0.40,0,282,,,0,,,,,29.73,,0,,,,,,,,,,,,,,,,,0.000,,,0,22.3,,43,,0,2
02/05/2026 17:47:53,,81442326017,8144,2,Indoor 03,,,true,false,8,2,2,2,,,2,2,,,6,7,7,7,7,0.40,0,281,,,0,,,,,29.72,,0,,,,,,,,,,,,,,,,,0.002,,,0,22.3,,43,,0,3
02/05/2026 18:02:53,,81442326017,8144,2,Indoor 03,,,true,false,8,2,2,2,,,2,2,,,7,8,8,8,8,0.38,0,297,,,0,,,,,29.71,,0,,,,,,,,,,,,,,,,,0.003,,,0,22.3,,43,,0,2
02/05/2026 18:25:25,,81442326017,8144,2,Indoor 03,,,true,false,8,2,2,2,,,2,2,,,7,8,8,8,8,0.36,0,284,,,0,,,,,29.69,,0,,,,,,,,,,,,,,,,,0.000,,,0,22.2,,43,,0,3
02/05/2026 18:40:25,,81442326017,8144,2,Indoor 03,,,true,false,8,2,2,2,,,2,2,,,7,7,7,7,7,0.38,0,273,,,0,,,,,29.68,,0,,,,,,,,,,,,,,,,,0.000,,,0,22.2,,43,,0,2
02/05/2026 19:02:58,,81442326017,8144,2,Indoor 03,,,true,false,8,2,2,2,,,2,2,,,6,7,7,7,7,0.37,0,282,,,0,,,,,29.68,,0,,,,,,,,,,,,,,,,,0.000,,,0,22.3,,43,,0,3
02/05/2026 19:17:58,,81442326017,8144,2,Indoor 03,,,true,false,8,2,2,2,,,2,2,,,6,7,7,7,7,0.38,0,288,,,0,,,,,29.67,,0,,,,,,,,,,,,,,,,,0.000,,,0,22.3,,43,,0,2
02/05/2026 19:40:31,,81442326017,8144,2,Indoor 03,,,true,false,8,2,2,2,,,2,2,,,6,6,7,7,7,0.40,0,281,,,0,,,,,29.67,,0,,,,,,,,,,,,,,,,,0.004,,,0,22.3,,43,,0,3
02/05/2026 19:55:31,,81442326017,8144,2,Indoor 03,,,true,false,8,2,2,2,,,2,2,,,6,7,7,7,7,0.38,0,276,,,0,,,,,29.66,,0,,,,,,,,,,,,,,,,,0.021,,,0,22.3,,43,,0,2
02/05/2026 20:18:05,,81442326017,8144,2,Indoor 03,,,true,false,8,2,2,2,,,2,2,,,6,7,7,7,7,0.37,0,266,,,0,,,,,29.65,,0,,,,,,,,,,,,,,,,,0.000,,,0,22.3,,43,,0,3
02/05/2026 20:33:05,,81442326017,8144,2,Indoor 03,,,true,false,8,2,2,2,,,2,2,,,6,6,6,6,6,0.37,0,267,,,0,,,,,29.65,,0,,,,,,,,,,,,,,,,,0.000,,,0,22.3,,42,,0,2
02/05/2026 20:55:52,,81442326017,8144,2,Indoor 03,,,true,false,8,2,2,2,,,2,2,,,6,6,6,6,6,0.41,0,266,,,0,,,,,29.64,,0,,,,,,,,,,,,,,,,,0.000,,,0,22.3,,42,,0,3
02/05/2026 21:10:52,,81442326017,8144,2,Indoor 03,,,true,false,8,2,2,2,,,2,2,,,6,7,7,7,7,0.38,0,276,,,0,,,,,29.64,,0,,,,,,,,,,,,,,,,,0.000,,,0,22.3,,42,,0,2
02/05/2026 21:33:24,,81442326017,8144,2,Indoor 03,,,true,false,8,2,2,2,,,2,2,,,6,6,6,6,6,0.37,0,262,,,0,,,,,29.64,,0,,,,,,,,,,,,,,,,,0.000,,,0,22.3,,42,,0,3
02/05/2026 21:48:24,,81442326017,8144,2,Indoor 03,,,true,false,8,2,2,2,,,2,2,,,6,7,7,7,7,0.37,0,265,,,0,,,,,29.64,,0,,,,,,,,,,,,,,,,,0.000,,,0,22.3,,43,,0,2
02/05/2026 22:10:42,,81442326017,8144,2,Indoor 03,,,true,false,8,2,2,2,,,2,2,,,6,7,7,7,7,0.41,0,280,,,0,,,,,29.64,,0,,,,,,,,,,,,,,,,,0.000,,,0,22.3,,43,,0,3
02/05/2026 22:25:42,,81442326017,8144,2,Indoor 03,,,true,false,8,2,2,2,,,2,2,,,6,7,7,7,7,0.41,0,279,,,0,,,,,29.64,,0,,,,,,,,,,,,,,,,,0.000,,,0,22.3,,43,,0,2
02/05/2026 22:48:14,,81442326017,8144,2,Indoor 03,,,true,false,8,2,2,2,,,2,2,,,6,7,7,7,7,0.37,0,266,,,0,,,,,29.64,,0,,,,,,,,,,,,,,,,,0.000,,,0,22.4,,43,,0,3
02/05/2026 23:03:14,,81442326017,8144,2,Indoor 03,,,true,false,8,2,2,2,,,2,2,,,6,7,7,7,7,0.37,0,265,,,0,,,,,29.64,,0,,,,,,,,,,,,,,,,,0.000,,,0,22.4,,43,,0,2
02/05/2026 23:24:17,,81442326017,8144,2,Indoor 03,,,true,false,8,2,2,2,,,2,2,,,7,8,8,8,8,0.38,0,257,,,0,,,,,29.65,,0,,,,,,,,,,,,,,,,,0.000,,,0,22.3,,43,,0,3
02/05/2026 23:39:17,,81442326017,8144,2,Indoor 03,,,true,false,8,2,2,2,,,2,2,,,7,8,8,8,8,0.37,0,259,,,0,,,,,29.65,,0,,,,,,,,,,,,,,,,,0.000,,,0,22.3,,43,,0,2
02/06/2026 00:01:36,,81442326017,8144,2,Indoor 03,,,true,false,8,2,2,2,,,2,2,,,7,8,8,8,8,0.37,0,257,,,0,,,,,29.64,,0,,,,,,,,,,,,,,,,,0.000,,,0,22.3,,43,,0,3
02/06/2026 00:16:36,,81442326017,8144,2,Indoor 03,,,true,false,8,2,2,2,,,2,2,,,7,8,8,8,8,0.38,0,258,,,0,,,,,29.64,,0,,,,,,,,,,,,,,,,,0.000,,,0,22.3,,43,,0,2
02/06/2026 00:39:07,,81442326017,8144,2,Indoor 03,,,true,false,8,2,2,2,,,2,2,,,7,8,8,8,8,0.36,0,249,,,0,,,,,29.65,,0,,,,,,,,,,,,,,,,,0.000,,,0,22.3,,43,,0,3
02/06/2026 00:54:07,,81442326017,8144,2,Indoor 03,,,true,false,8,2,2,2,,,2,2,,,7,8,8,8,8,0.37,0,252,,,0,,,,,29.64,,0,,,,,,,,,,,,,,,,,0.000,,,0,22.3,,43,,0,2
02/06/2026 01:16:25,,81442326017,8144,2,Indoor 03,,,true,false,8,2,2,2,,,2,2,,,7,7,7,7,7,0.38,0,269,,,0,,,,,29.64,,0,,,,,,,,,,,,,,,,,0.000,,,0,22.3,,43,,0,3
02/06/2026 01:31:25,,81442326017,8144,2,Indoor 03,,,true,false,8,2,2,2,,,2,2,,,7,8,8,8,8,0.38,0,260,,,0,,,,,29.64,,0,,,,,,,,,,,,,,,,,0.000,,,0,22.3,,42,,0,2
02/06/2026 01:53:58,,81442326017,8144,2,Indoor 03,,,true,false,8,2,2,2,,,2,2,,,7,8,8,8,8,0.37,0,256,,,0,,,,,29.64,,0,,,,,,,,,,,,,,,,,0.000,,,0,22.3,,42,,0,3
02/06/2026 02:08:58,,81442326017,8144,2,Indoor 03,,,true,false,8,2,2,2,,,2,2,,,7,8,8,8,8,0.37,0,257,,,0,,,,,29.64,,0,,,,,,,,,,,,,,,,,0.000,,,0,22.3,,42,,0,2
02/06/2026 02:31:15,,81442326017,8144,2,Indoor 03,,,true,false,8,2,2,2,,,2,2,,,7,8,8,8,8,0.39,0,262,,,0,,,,,29.63,,0,,,,,,,,,,,,,,,,,0.000,,,0,22.3,,42,,0,3
02/06/2026 02:46:15,,81442326017,8144,2,Indoor 03,,,true,false,8,2,2,2,,,2,2,,,7,8,8,8,8,0.38,0,264,,,0,,,,,29.63,,0,,,,,,,,,,,,,,,,,0.003,,,0,22.3,,43,,0,2
02/06/2026 03:08:33,,81442326017,8144,2,Indoor 03,,,true,false,8,2,2,2,,,2,2,,,8,9,9,9,9,0.38,0,265,,,0,,,,,29.64,,0,,,,,,,,,,,,,,,,,0.000,,,0,22.3,,43,,0,3
02/06/2026 03:23:33,,81442326017,8144,2,Indoor 03,,,true,false,8,2,2,2,,,2,2,,,7,8,8,8,8,0.38,0,270,,,0,,,,,29.64,,0,,,,,,,,,,,,,,,,,0.000,,,0,22.3,,43,,0,2
02/06/2026 03:45:52,,81442326017,8144,2,Indoor 03,,,true,false,8,2,2,2,,,2,2,,,7,8,8,8,8,0.42,0,268,,,0,,,,,29.64,,0,,,,,,,,,,,,,,,,,0.000,,,0,22.3,,43,,0,3
02/06/2026 04:00:52,,81442326017,8144,2,Indoor 03,,,true,false,8,2,2,2,,,2,2,,,8,9,9,9,9,0.39,0,271,,,0,,,,,29.64,,0,,,,,,,,,,,,,,,,,0.000,,,0,22.3,,44,,0,2
02/06/2026 04:23:23,,81442326017,8144,2,Indoor 03,,,true,false,13,3,2,3,,,3,3,,,9,10,10,10,10,0.36,0,266,,,0,,,,,29.64,,0,,,,,,,,,,,,,,,,,0.000,,,0,22.3,,44,,0,3
02/06/2026 04:38:23,,81442326017,8144,2,Indoor 03,,,true,false,13,3,2,3,,,3,3,,,9,10,10,10,10,0.36,0,268,,,0,,,,,29.64,,0,,,,,,,,,,,,,,,,,0.000,,,0,22.3,,43,,0,2
02/06/2026 05:01:26,,81442326017,8144,2,Indoor 03,,,true,false,13,3,3,3,,,3,3,,,9,10,10,10,10,0.38,0,269,,,0,,,,,29.64,,0,,,,,,,,,,,,,,,,,0.000,,,0,22.3,,42,,0,3
02/06/2026 05:16:26,,81442326017,8144,2,Indoor 03,,,true,false,13,3,3,3,,,3,3,,,9,10,10,10,10,0.37,0,270,,,0,,,,,29.63,,0,,,,,,,,,,,,,,,,,0.000,,,0,22.3,,42,,0,2
02/06/2026 05:38:44,,81442326017,8144,2,Indoor 03,,,true,false,13,3,3,3,,,3,3,,,9,11,11,11,11,0.35,0,277,,,0,,,,,29.63,,0,,,,,,,,,,,,,,,,,0.000,,,0,22.3,,41,,0,3
02/06/2026 05:53:44,,81442326017,8144,2,Indoor 03,,,true,false,13,3,3,3,,,3,3,,,9,10,10,10,10,0.38,0,275,,,0,,,,,29.63,,0,,,,,,,,,,,,,,,,,0.000,,,0,22.2,,41,,0,2
02/06/2026 06:16:16,,81442326017,8144,2,Indoor 03,,,true,false,8,2,2,2,,,2,2,,,8,9,9,9,9,0.40,0,265,,,0,,,,,29.63,,0,,,,,,,,,,,,,,,,,0.000,,,0,22.3,,41,,0,3
02/06/2026 06:31:16,,81442326017,8144,2,Indoor 03,,,true,false,8,2,2,2,,,2,2,,,7,8,8,8,8,0.39,0,266,,,0,,,,,29.63,,0,,,,,,,,,,,,,,,,,0.000,,,0,22.3,,42,,0,2
02/06/2026 06:54:04,,81442326017,8144,2,Indoor 03,,,true,false,8,2,2,2,,,2,2,,,7,8,8,8,8,0.39,0,259,,,0,,,,,29.62,,0,,,,,,,,,,,,,,,,,0.000,,,0,22.3,,41,,0,3
02/06/2026 07:09:04,,81442326017,8144,2,Indoor 03,,,true,false,8,2,2,2,,,2,2,,,7,8,8,8,8,0.39,0,259,,,0,,,,,29.62,,0,,,,,,,,,,,,,,,,,0.001,,,0,22.3,,42,,0,2
02/06/2026 07:29:07,,81442326017,8144,2,Indoor 03,,,true,false,8,2,2,2,,,2,2,,,7,8,8,8,8,0.36,0,260,,,0,,,,,29.61,,0,,,,,,,,,,,,,,,,,0.000,,,0,22.3,,42,,0,3
02/06/2026 07:44:07,,81442326017,8144,2,Indoor 03,,,true,false,8,2,2,2,,,2,2,,,7,8,8,8,8,0.36,0,261,,,0,,,,,29.61,,0,,,,,,,,,,,,,,,,,0.000,,,0,22.2,,42,,0,2
02/06/2026 08:06:40,,81442326017,8144,2,Indoor 03,,,true,false,8,2,2,2,,,2,2,,,7,8,8,8,8,0.38,0,262,,,0,,,,,29.60,,0,,,,,,,,,,,,,,,,,0.000,,,0,22.2,,42,,0,3
02/06/2026 08:21:40,,81442326017,8144,2,Indoor 03,,,true,false,8,2,2,2,,,2,2,,,7,8,8,8,8,0.37,0,265,,,0,,,,,29.59,,0,,,,,,,,,,,,,,,,,0.000,,,0,22.2,,42,,0,2
02/06/2026 08:44:12,,81442326017,8144,2,Indoor 03,,,true,false,8,2,2,2,,,2,2,,,8,9,9,9,9,0.38,0,265,,,0,,,,,29.58,,0,,,,,,,,,,,,,,,,,0.000,,,0,22.2,,42,,0,3
02/06/2026 08:59:12,,81442326017,8144,2,Indoor 03,,,true,false,13,3,3,3,,,3,3,,,9,10,10,10,10,0.38,0,270,,,0,,,,,29.58,,0,,,,,,,,,,,,,,,,,0.000,,,0,22.3,,41,,0,2
02/06/2026 09:21:45,,81442326017,8144,2,Indoor 03,,,true,false,13,3,3,3,,,3,3,,,10,11,11,11,11,0.38,0,267,,,0,,,,,29.59,,0,,,,,,,,,,,,,,,,,0.000,,,0,22.3,,41,,0,3
02/06/2026 09:36:45,,81442326017,8144,2,Indoor 03,,,true,false,13,3,3,3,,,3,3,,,10,12,12,12,12,0.37,0,268,,,0,,,,,29.60,,0,,,,,,,,,,,,,,,,,0.000,,,0,22.2,,41,,0,2
02/06/2026 09:59:17,,81442326017,8144,2,Indoor 03,,,true,false,13,3,3,3,,,3,3,,,10,12,12,12,12,0.42,0,260,,,0,,,,,29.60,,0,,,,,,,,,,,,,,,,,0.000,,,0,22.2,,41,,0,3
02/06/2026 10:14:17,,81442326017,8144,2,Indoor 03,,,true,false,13,3,3,3,,,3,3,,,11,12,12,12,12,0.39,0,262,,,0,,,,,29.61,,0,,,,,,,,,,,,,,,,,0.000,,,0,22.2,,41,,0,2
02/06/2026 10:37:20,,81442326017,8144,2,Indoor 03,,,true,false,13,3,3,3,,,3,3,,,11,12,12,12,12,0.37,0,258,,,0,,,,,29.60,,0,,,,,,,,,,,,,,,,,0.000,,,0,22.2,,41,,0,3
02/06/2026 10:52:20,,81442326017,8144,2,Indoor 03,,,true,false,13,3,3,3,,,3,3,,,11,12,12,12,12,0.37,0,257,,,0,,,,,29.59,,0,,,,,,,,,,,,,,,,,0.000,,,0,22.2,,41,,0,2
02/06/2026 11:15:08,,81442326017,8144,2,Indoor 03,,,true,false,13,3,3,3,,,3,3,,,10,12,12,12,12,0.38,0,258,,,0,,,,,29.59,,0,,,,,,,,,,,,,,,,,0.000,,,0,22.3,,41,,0,3
02/06/2026 11:30:08,,81442326017,8144,2,Indoor 03,,,true,false,13,3,3,3,,,3,3,,,11,12,12,12,12,0.39,0,263,,,0,,,,,29.58,,0,,,,,,,,,,,,,,,,,0.000,,,0,22.3,,42,,0,2
02/06/2026 11:52:40,,81442326017,8144,2,Indoor 03,,,true,false,13,3,3,3,,,3,3,,,11,13,13,13,13,0.37,0,266,,,0,,,,,29.58,,0,,,,,,,,,,,,,,,,,0.000,,,0,22.3,,43,,0,3
02/06/2026 12:07:40,,81442326017,8144,2,Indoor 03,,,true,false,13,3,3,3,,,3,3,,,11,12,12,12,12,0.39,0,264,,,0,,,,,29.58,,0,,,,,,,,,,,,,,,,,0.001,,,0,22.3,,43,,0,2
02/06/2026 12:30:13,,81442326017,8144,2,Indoor 03,,,true,false,13,3,3,3,,,3,3,,,10,12,12,12,12,0.38,0,259,,,0,,,,,29.57,,0,,,,,,,,,,,,,,,,,0.000,,,0,22.3,,44,,0,3
02/06/2026 12:45:13,,81442326017,8144,2,Indoor 03,,,true,false,13,3,3,3,,,3,3,,,10,12,12,12,12,0.38,0,270,,,0,,,,,29.56,,0,,,,,,,,,,,,,,,,,0.004,,,0,22.3,,44,,0,2
02/06/2026 13:07:46,,81442326017,8144,2,Indoor 03,,,true,false,17,4,3,4,,,4,4,,,11,13,13,13,13,0.37,0,271,,,0,,,,,29.55,,0,,,,,,,,,,,,,,,,,0.000,,,0,22.3,,44,,0,3
02/06/2026 13:22:46,,81442326017,8144,2,Indoor 03,,,true,false,17,4,3,4,,,4,4,,,12,14,14,14,14,0.38,0,270,,,0,,,,,29.55,,0,,,,,,,,,,,,,,,,,0.002,,,0,22.3,,44,,0,2
02/06/2026 13:45:18,,81442326017,8144,2,Indoor 03,,,true,false,17,4,4,4,,,4,4,,,13,14,14,14,14,0.37,0,277,,,0,,,,,29.56,,0,,,,,,,,,,,,,,,,,0.000,,,0,22.3,,44,,0,3
02/06/2026 14:00:18,,81442326017,8144,2,Indoor 03,,,true,false,17,4,3,4,,,4,4,,,12,13,13,14,14,0.38,0,284,,,0,,,,,29.55,,0,,,,,,,,,,,,,,,,,0.000,,,0,22.3,,44,,0,2
02/06/2026 14:23:06,,81442326017,8144,2,Indoor 03,,,true,false,17,4,4,4,,,4,4,,,13,14,14,14,14,0.36,0,282,,,0,,,,,29.55,,0,,,,,,,,,,,,,,,,,0.000,,,0,22.2,,44,,0,3
02/06/2026 14:38:06,,81442326017,8144,2,Indoor 03,,,true,false,17,4,4,4,,,4,4,,,14,15,15,15,15,0.38,0,285,,,0,,,,,29.55,,0,,,,,,,,,,,,,,,,,0.000,,,0,22.2,,44,,0,2
02/06/2026 15:00:39,,81442326017,8144,2,Indoor 03,,,true,false,17,4,4,4,,,4,4,,,13,15,15,15,15,0.39,0,279,,,0,,,,,29.55,,0,,,,,,,,,,,,,,,,,0.000,,,0,22.3,,44,,0,3
02/06/2026 15:15:39,,81442326017,8144,2,Indoor 03,,,true,false,17,4,4,4,,,4,4,,,13,15,15,15,15,0.38,0,278,,,0,,,,,29.53,,0,,,,,,,,,,,,,,,,,0.000,,,0,22.3,,44,,0,2
02/06/2026 15:36:42,,81442326017,8144,2,Indoor 03,,,true,false,17,4,3,4,,,4,4,,,12,13,14,14,14,0.37,0,265,,,0,,,,,29.52,,0,,,,,,,,,,,,,,,,,0.000,,,0,22.3,,43,,0,3
02/06/2026 15:51:42,,81442326017,8144,2,Indoor 03,,,true,false,17,4,3,4,,,4,4,,,12,13,13,13,13,0.37,0,258,,,0,,,,,29.50,,0,,,,,,,,,,,,,,,,,0.000,,,0,22.3,,42,,0,2
02/06/2026 16:14:14,,81442326017,8144,2,Indoor 03,,,true,false,13,3,3,3,,,3,3,,,10,11,11,11,11,0.36,0,248,,,0,,,,,29.49,,0,,,,,,,,,,,,,,,,,0.000,,,0,22.3,,42,,0,3
02/06/2026 16:29:14,,81442326017,8144,2,Indoor 03,,,true,false,13,3,3,3,,,3,3,,,9,10,10,10,10,0.37,0,249,,,0,,,,,29.48,,0,,,,,,,,,,,,,,,,,0.000,,,0,22.3,,41,,0,2
02/06/2026 16:51:47,,81442326017,8144,2,Indoor 03,,,true,false,8,2,2,2,,,2,2,,,8,9,9,9,9,0.39,0,253,,,0,,,,,29.47,,0,,,,,,,,,,,,,,,,,0.000,,,0,22.3,,42,,0,3
02/06/2026 17:06:47,,81442326017,8144,2,Indoor 03,,,true,false,8,2,2,2,,,2,2,,,8,8,9,9,9,0.37,0,252,,,0,,,,,29.46,,0,,,,,,,,,,,,,,,,,0.000,,,0,22.3,,42,,0,2
02/06/2026 17:29:05,,81442326017,8144,2,Indoor 03,,,true,false,8,2,2,2,,,2,2,,,7,8,8,8,8,0.42,0,248,,,0,,,,,29.44,,0,,,,,,,,,,,,,,,,,0.000,,,0,22.2,,43,,0,3
02/06/2026 17:44:05,,81442326017,8144,2,Indoor 03,,,true,false,8,2,2,2,,,2,2,,,7,8,8,8,8,0.39,0,243,,,0,,,,,29.43,,0,,,,,,,,,,,,,,,,,0.000,,,0,22.3,,43,,0,2
02/06/2026 18:06:52,,81442326017,8144,2,Indoor 03,,,true,false,8,2,2,2,,,2,2,,,7,8,8,8,8,0.38,0,251,,,0,,,,,29.41,,0,,,,,,,,,,,,,,,,,0.000,,,0,22.3,,43,,0,3
02/06/2026 18:21:52,,81442326017,8144,2,Indoor 03,,,true,false,8,2,2,2,,,2,2,,,7,8,8,8,8,0.38,0,252,,,0,,,,,29.40,,0,,,,,,,,,,,,,,,,,0.000,,,0,22.3,,44,,0,2
02/06/2026 18:44:55,,81442326017,8144,2,Indoor 03,,,true,false,8,2,2,2,,,2,2,,,7,8,8,8,8,0.39,0,263,,,0,,,,,29.40,,0,,,,,,,,,,,,,,,,,0.000,,,0,22.7,,43,,0,3
02/06/2026 18:59:55,,81442326017,8144,2,Indoor 03,,,true,false,8,2,2,2,,,2,2,,,7,8,8,8,8,0.39,0,261,,,0,,,,,29.40,,0,,,,,,,,,,,,,,,,,0.000,,,0,22.6,,43,,0,2
02/06/2026 19:22:28,,81442326017,8144,2,Indoor 03,,,true,false,8,2,2,2,,,2,2,,,8,9,9,9,9,0.43,0,249,,,0,,,,,29.40,,0,,,,,,,,,,,,,,,,,0.000,,,0,22.5,,42,,0,3
02/06/2026 19:37:28,,81442326017,8144,2,Indoor 03,,,true,false,13,3,2,3,,,3,3,,,8,9,9,9,9,0.38,0,256,,,0,,,,,29.39,,0,,,,,,,,,,,,,,,,,0.000,,,0,22.5,,42,,0,2
02/06/2026 20:00:00,,81442326017,8144,2,Indoor 03,,,true,false,13,3,3,3,,,3,3,,,9,10,10,10,10,0.37,0,248,,,0,,,,,29.37,,0,,,,,,,,,,,,,,,,,0.000,,,0,22.4,,42,,0,3
02/06/2026 20:15:00,,81442326017,8144,2,Indoor 03,,,true,false,13,3,3,3,,,3,3,,,9,10,10,10,10,0.38,0,247,,,0,,,,,29.37,,0,,,,,,,,,,,,,,,,,0.000,,,0,22.4,,42,,0,2
02/06/2026 20:37:18,,81442326017,8144,2,Indoor 03,,,true,false,8,2,2,2,,,2,2,,,8,9,9,9,9,0.38,0,254,,,0,,,,,29.37,,0,,,,,,,,,,,,,,,,,0.000,,,0,22.4,,43,,0,3
02/06/2026 20:52:18,,81442326017,8144,2,Indoor 03,,,true,false,13,3,2,3,,,3,3,,,8,9,9,9,9,0.38,0,259,,,0,,,,,29.37,,0,,,,,,,,,,,,,,,,,0.000,,,0,22.4,,43,,0,2
02/06/2026 21:15:06,,81442326017,8144,2,Indoor 03,,,true,false,8,2,2,2,,,2,2,,,8,9,9,9,9,0.36,0,248,,,0,,,,,29.37,,0,,,,,,,,,,,,,,,,,0.000,,,0,22.5,,44,,0,3
02/06/2026 21:30:06,,81442326017,8144,2,Indoor 03,,,true,false,13,3,2,3,,,3,3,,,8,9,9,9,9,0.37,0,248,,,0,,,,,29.37,,0,,,,,,,,,,,,,,,,,0.000,,,0,22.4,,44,,0,2
02/06/2026 21:52:53,,81442326017,8144,2,Indoor 03,,,true,false,8,2,2,2,,,2,2,,,8,9,9,9,9,0.37,0,243,,,0,,,,,29.38,,0,,,,,,,,,,,,,,,,,0.000,,,0,22.4,,44,,0,3
02/06/2026 22:07:53,,81442326017,8144,2,Indoor 03,,,true,false,13,3,2,3,,,3,3,,,8,9,9,9,9,0.38,0,246,,,0,,,,,29.37,,0,,,,,,,,,,,,,,,,,0.000,,,0,22.4,,43,,0,2
02/06/2026 22:30:41,,81442326017,8144,2,Indoor 03,,,true,false,13,3,2,3,,,3,3,,,8,9,10,10,10,0.41,0,245,,,0,,,,,29.38,,0,,,,,,,,,,,,,,,,,0.000,,,0,22.4,,42,,0,3
02/06/2026 22:45:41,,81442326017,8144,2,Indoor 03,,,true,false,8,2,2,2,,,2,2,,,8,9,9,9,9,0.39,0,246,,,0,,,,,29.39,,0,,,,,,,,,,,,,,,,,0.000,,,0,22.4,,42,,0,2
02/12/2026 08:19:58,,81442326017,8144,2,Indoor 03,,,true,false,4,1,1,1,,,1,1,,,4,5,5,5,5,0.37,0,416,,,0,,,,,29.79,,0,,,,,,,,,,,,,,,,,0.000,,,0,22.0,,43,,0,3
02/12/2026 08:34:58,,81442326017,8144,2,Indoor 03,,,true,false,4,1,1,1,,,1,1,,,4,4,5,5,5,0.37,0,422,,,0,,,,,29.79,,0,,,,,,,,,,,,,,,,,0.000,,,0,22.0,,43,,0,2
02/12/2026 08:57:30,,81442326017,8144,2,Indoor 03,,,true,false,4,1,1,1,,,1,1,,,4,5,5,5,5,0.36,0,417,,,0,,,,,29.80,,0,,,,,,,,,,,,,,,,,0.000,,,0,22.0,,43,,0,3
02/12/2026 09:12:30,,81442326017,8144,2,Indoor 03,,,true,false,4,1,1,1,,,1,1,,,4,5,5,5,5,0.38,0,416,,,0,,,,,29.81,,0,,,,,,,,,,,,,,,,,0.000,,,0,22.0,,43,,0,2
02/12/2026 09:35:03,,81442326017,8144,2,Indoor 03,,,true,false,4,1,1,1,,,1,1,,,4,5,5,5,5,0.36,0,414,,,0,,,,,29.81,,0,,,,,,,,,,,,,,,,,0.000,,,0,22.0,,42,,0,3
02/12/2026 09:50:03,,81442326017,8144,2,Indoor 03,,,true,false,4,1,1,1,,,1,1,,,4,5,5,5,5,0.36,0,420,,,0,,,,,29.81,,0,,,,,,,,,,,,,,,,,0.000,,,0,22.0,,42,,0,2
02/12/2026 10:12:36,,81442326017,8144,2,Indoor 03,,,true,false,4,1,1,1,,,1,1,,,4,4,4,4,4,0.37,0,413,,,0,,,,,29.81,,0,,,,,,,,,,,,,,,,,0.000,,,0,22.0,,42,,0,3
02/12/2026 10:27:36,,81442326017,8144,2,Indoor 03,,,true,false,4,1,1,1,,,1,1,,,4,5,5,5,5,0.38,0,415,,,0,,,,,29.81,,0,,,,,,,,,,,,,,,,,0.000,,,0,22.0,,42,,0,2
02/12/2026 10:50:23,,81442326017,8144,2,Indoor 03,,,true,false,4,1,1,1,,,1,1,,,4,5,5,5,5,0.35,0,415,,,0,,,,,29.82,,0,,,,,,,,,,,,,,,,,0.000,,,0,22.0,,42,,0,3
02/12/2026 11:05:23,,81442326017,8144,2,Indoor 03,,,true,false,4,1,1,1,,,1,1,,,4,4,4,4,4,0.35,0,420,,,0,,,,,29.82,,0,,,,,,,,,,,,,,,,,0.001,,,0,22.0,,42,,0,2
02/12/2026 11:27:11,,81442326017,8144,2,Indoor 03,,,true,false,4,1,1,1,,,1,1,,,4,4,4,4,4,0.40,0,410,,,0,,,,,29.83,,0,,,,,,,,,,,,,,,,,0.000,,,0,22.0,,43,,0,3
02/12/2026 11:42:11,,81442326017,8144,2,Indoor 03,,,true,false,4,1,1,1,,,1,1,,,3,4,4,4,4,0.39,0,414,,,0,,,,,29.84,,0,,,,,,,,,,,,,,,,,0.000,,,0,22.0,,43,,0,2
02/12/2026 12:04:59,,81442326017,8144,2,Indoor 03,,,true,false,4,1,1,1,,,1,1,,,3,4,4,4,4,0.40,0,420,,,0,,,,,29.85,,0,,,,,,,,,,,,,,,,,0.000,,,0,22.0,,44,,0,3
02/12/2026 12:19:59,,81442326017,8144,2,Indoor 03,,,true,false,4,1,1,1,,,1,1,,,3,4,4,4,4,0.38,0,426,,,0,,,,,29.85,,0,,,,,,,,,,,,,,,,,0.001,,,0,22.0,,44,,0,2
02/12/2026 12:42:30,,81442326017,8144,2,Indoor 03,,,true,false,4,1,1,1,,,1,1,,,4,4,4,4,4,0.39,0,423,,,0,,,,,29.86,,0,,,,,,,,,,,,,,,,,0.000,,,0,22.1,,44,,0,3
02/12/2026 12:57:30,,81442326017,8144,2,Indoor 03,,,true,false,4,1,1,1,,,1,1,,,3,4,4,4,4,0.39,0,417,,,0,,,,,29.86,,0,,,,,,,,,,,,,,,,,0.000,,,0,22.0,,44,,0,2
02/12/2026 13:20:18,,81442326017,8144,2,Indoor 03,,,true,false,4,1,1,1,,,1,1,,,3,4,4,4,4,0.36,0,417,,,0,,,,,29.87,,0,,,,,,,,,,,,,,,,,0.000,,,0,22.0,,44,,0,3
02/12/2026 13:35:18,,81442326017,8144,2,Indoor 03,,,true,false,4,1,1,1,,,1,1,,,3,3,3,3,3,0.38,0,417,,,0,,,,,29.87,,0,,,,,,,,,,,,,,,,,0.000,,,0,22.0,,44,,0,2
02/12/2026 13:57:37,,81442326017,8144,2,Indoor 03,,,true,false,4,1,1,1,,,1,1,,,3,4,4,4,4,0.38,0,414,,,0,,,,,29.87,,0,,,,,,,,,,,,,,,,,0.000,,,0,22.0,,44,,0,3
02/12/2026 14:12:37,,81442326017,8144,2,Indoor 03,,,true,false,4,1,1,1,,,1,1,,,4,4,4,4,4,0.38,0,424,,,0,,,,,29.87,,0,,,,,,,,,,,,,,,,,0.000,,,0,22.0,,44,,0,2
02/12/2026 14:35:09,,81442326017,8144,2,Indoor 03,,,true,false,4,1,1,1,,,1,1,,,3,4,4,4,4,0.34,0,413,,,0,,,,,29.87,,0,,,,,,,,,,,,,,,,,0.000,,,0,22.0,,43,,0,3
02/12/2026 14:50:09,,81442326017,8144,2,Indoor 03,,,true,false,4,1,1,1,,,1,1,,,3,4,4,4,4,0.35,0,420,,,0,,,,,29.87,,0,,,,,,,,,,,,,,,,,0.000,,,0,22.1,,43,,0,2
02/12/2026 15:12:42,,81442326017,8144,2,Indoor 03,,,true,false,4,1,1,1,,,1,1,,,3,3,3,3,3,0.37,0,412,,,0,,,,,29.87,,0,,,,,,,,,,,,,,,,,0.000,,,0,22.1,,43,,0,3
02/12/2026 15:27:42,,81442326017,8144,2,Indoor 03,,,true,false,4,1,1,1,,,1,1,,,3,3,3,3,3,0.38,0,418,,,0,,,,,29.87,,0,,,,,,,,,,,,,,,,,0.000,,,0,22.1,,43,,0,2
02/12/2026 15:50:15,,81442326017,8144,2,Indoor 03,,,true,false,4,1,1,1,,,1,1,,,3,3,3,3,3,0.39,0,414,,,0,,,,,29.87,,0,,,,,,,,,,,,,,,,,0.000,,,0,22.2,,44,,0,3
02/12/2026 16:05:15,,81442326017,8144,2,Indoor 03,,,true,false,4,1,1,1,,,1,1,,,3,3,3,3,3,0.39,0,413,,,0,,,,,29.87,,0,,,,,,,,,,,,,,,,,0.000,,,0,22.2,,43,,0,2
02/12/2026 16:27:47,,81442326017,8144,2,Indoor 03,,,true,false,4,1,1,1,,,1,1,,,3,3,3,3,3,0.39,0,412,,,0,,,,,29.87,,0,,,,,,,,,,,,,,,,,0.000,,,0,22.2,,43,,0,3
02/12/2026 16:42:47,,81442326017,8144,2,Indoor 03,,,true,false,4,1,1,1,,,1,1,,,3,3,3,3,3,0.39,0,412,,,0,,,,,29.86,,0,,,,,,,,,,,,,,,,,0.000,,,0,22.3,,43,,0,2
02/12/2026 17:05:35,,81442326017,8144,2,Indoor 03,,,true,false,4,1,1,1,,,1,1,,,2,3,3,3,3,0.43,0,409,,,0,,,,,29.86,,0,,,,,,,,,,,,,,,,,0.000,,,0,22.3,,43,,0,3
02/12/2026 17:20:35,,81442326017,8144,2,Indoor 03,,,true,false,4,1,1,1,,,1,1,,,2,3,3,3,3,0.37,0,414,,,0,,,,,29.85,,0,,,,,,,,,,,,,,,,,0.000,,,0,22.2,,43,,0,2
02/12/2026 17:42:52,,81442326017,8144,2,Indoor 03,,,true,false,4,1,1,1,,,1,1,,,3,3,3,3,3,0.38,0,411,,,0,,,,,29.84,,0,,,,,,,,,,,,,,,,,0.000,,,0,22.2,,43,,0,3
02/12/2026 17:57:52,,81442326017,8144,2,Indoor 03,,,true,false,4,1,1,1,,,1,1,,,3,3,3,3,3,0.38,0,418,,,0,,,,,29.84,,0,,,,,,,,,,,,,,,,,0.000,,,0,22.2,,43,,0,2
02/12/2026 18:20:40,,81442326017,8144,2,Indoor 03,,,true,false,4,1,1,1,,,1,1,,,3,3,3,3,3,0.38,0,425,,,0,,,,,29.84,,0,,,,,,,,,,,,,,,,,0.000,,,0,22.2,,43,,0,3
02/12/2026 18:35:40,,81442326017,8144,2,Indoor 03,,,true,false,4,1,1,1,,,1,1,,,3,3,3,3,3,0.37,0,430,,,0,,,,,29.83,,0,,,,,,,,,,,,,,,,,0.000,,,0,22.2,,43,,0,2
02/12/2026 18:58:13,,81442326017,8144,2,Indoor 03,,,true,false,4,1,1,1,,,1,1,,,3,4,4,4,4,0.39,0,429,,,0,,,,,29.82,,0,,,,,,,,,,,,,,,,,0.000,,,0,22.3,,43,,0,3
02/12/2026 19:13:13,,81442326017,8144,2,Indoor 03,,,true,false,4,1,1,1,,,1,1,,,3,3,3,3,3,0.39,0,431,,,0,,,,,29.82,,0,,,,,,,,,,,,,,,,,0.000,,,0,22.3,,43,,0,2
02/12/2026 19:35:45,,81442326017,8144,2,Indoor 03,,,true,false,4,1,1,1,,,1,1,,,3,4,4,4,4,0.49,0,418,,,0,,,,,29.81,,0,,,,,,,,,,,,,,,,,0.000,,,0,22.3,,43,,0,3
02/12/2026 19:50:45,,81442326017,8144,2,Indoor 03,,,true,false,4,1,1,1,,,1,1,,,3,4,4,4,4,0.44,0,415,,,0,,,,,29.80,,0,,,,,,,,,,,,,,,,,0.014,,,0,22.3,,42,,0,2
02/12/2026 20:13:03,,81442326017,8144,2,Indoor 03,,,true,false,4,1,1,1,,,1,1,,,3,3,3,3,3,0.51,0,421,,,0,,,,,29.79,,0,,,,,,,,,,,,,,,,,0.000,,,0,22.2,,42,,0,3
02/12/2026 20:28:03,,81442326017,8144,2,Indoor 03,,,true,false,4,1,1,1,,,1,1,,,2,3,3,3,3,0.44,0,423,,,0,,,,,29.79,,0,,,,,,,,,,,,,,,,,0.007,,,0,22.2,,42,,0,2
02/12/2026 20:50:36,,81442326017,8144,2,Indoor 03,,,true,false,4,1,1,1,,,1,1,,,3,3,3,3,3,0.43,0,421,,,0,,,,,29.79,,0,,,,,,,,,,,,,,,,,0.000,,,0,22.2,,42,,0,3
02/12/2026 21:05:36,,81442326017,8144,2,Indoor 03,,,true,false,4,1,1,1,,,1,1,,,2,3,3,3,3,0.41,0,425,,,0,,,,,29.79,,0,,,,,,,,,,,,,,,,,0.000,,,0,22.2,,42,,0,2
02/12/2026 21:28:23,,81442326017,8144,2,Indoor 03,,,true,false,4,1,1,1,,,1,1,,,3,4,4,4,4,0.38,0,431,,,0,,,,,29.80,,0,,,,,,,,,,,,,,,,,0.000,,,0,22.2,,43,,0,3
02/12/2026 21:43:23,,81442326017,8144,2,Indoor 03,,,true,false,4,1,1,1,,,1,1,,,3,3,3,3,3,0.37,0,424,,,0,,,,,29.80,,0,,,,,,,,,,,,,,,,,0.000,,,0,22.2,,43,,0,2
02/12/2026 22:05:41,,81442326017,8144,2,Indoor 03,,,true,false,4,1,1,1,,,1,1,,,2,3,3,3,3,0.38,0,421,,,0,,,,,29.80,,0,,,,,,,,,,,,,,,,,0.000,,,0,22.2,,43,,0,3
02/12/2026 22:20:41,,81442326017,8144,2,Indoor 03,,,true,false,4,1,1,1,,,1,1,,,2,3,3,3,3,0.38,0,421,,,0,,,,,29.81,,0,,,,,,,,,,,,,,,,,0.000,,,0,22.2,,43,,0,2
02/12/2026 22:43:14,,81442326017,8144,2,Indoor 03,,,true,false,4,1,1,1,,,1,1,,,2,3,3,3,3,0.36,0,415,,,0,,,,,29.82,,0,,,,,,,,,,,,,,,,,0.000,,,0,22.2,,44,,0,3
02/12/2026 22:58:14,,81442326017,8144,2,Indoor 03,,,true,false,4,1,1,1,,,1,1,,,2,3,3,3,3,0.37,0,419,,,0,,,,,29.82,,0,,,,,,,,,,,,,,,,,0.000,,,0,22.2,,44,,0,2
02/12/2026 23:20:46,,81442326017,8144,2,Indoor 03,,,true,false,4,1,1,1,,,1,1,,,2,3,3,3,3,0.46,0,413,,,0,,,,,29.83,,0,,,,,,,,,,,,,,,,,0.000,,,0,22.2,,44,,0,3
02/12/2026 23:35:46,,81442326017,8144,2,Indoor 03,,,true,false,4,1,1,1,,,1,1,,,3,3,3,3,3,0.41,0,413,,,0,,,,,29.83,,0,,,,,,,,,,,,,,,,,0.000,,,0,22.2,,44,,0,2
02/12/2026 23:57:34,,81442326017,8144,2,Indoor 03,,,true,false,4,1,1,1,,,1,1,,,2,3,3,3,3,0.37,0,418,,,0,,,,,29.84,,0,,,,,,,,,,,,,,,,,0.000,,,0,22.2,,44,,0,3
02/13/2026 00:12:34,,81442326017,8144,2,Indoor 03,,,true,false,4,1,1,1,,,1,1,,,3,3,4,4,4,0.38,0,418,,,0,,,,,29.84,,0,,,,,,,,,,,,,,,,,0.000,,,0,22.2,,44,,0,2
02/13/2026 00:35:07,,81442326017,8144,2,Indoor 03,,,true,false,4,1,1,1,,,1,1,,,3,3,3,3,3,0.35,0,415,,,0,,,,,29.84,,0,,,,,,,,,,,,,,,,,0.000,,,0,22.2,,43,,0,3
02/13/2026 00:50:07,,81442326017,8144,2,Indoor 03,,,true,false,4,1,1,1,,,1,1,,,3,3,3,3,3,0.37,0,411,,,0,,,,,29.84,,0,,,,,,,,,,,,,,,,,0.000,,,0,22.2,,43,,0,2
02/13/2026 01:12:24,,81442326017,8144,2,Indoor 03,,,true,false,4,1,1,1,,,1,1,,,3,4,4,4,4,0.48,0,415,,,0,,,,,29.84,,0,,,,,,,,,,,,,,,,,0.000,,,0,22.2,,43,,0,3
02/13/2026 01:27:24,,81442326017,8144,2,Indoor 03,,,true,false,4,1,1,1,,,1,1,,,3,3,3,3,3,0.42,0,418,,,0,,,,,29.85,,0,,,,,,,,,,,,,,,,,0.000,,,0,22.2,,42,,0,2
02/13/2026 01:49:57,,81442326017,8144,2,Indoor 03,,,true,false,4,1,1,1,,,1,1,,,3,3,3,3,3,0.37,0,421,,,0,,,,,29.85,,0,,,,,,,,,,,,,,,,,0.000,,,0,22.2,,42,,0,3
02/13/2026 02:04:57,,81442326017,8144,2,Indoor 03,,,true,false,4,1,1,1,,,1,1,,,3,3,3,3,3,0.38,0,422,,,0,,,,,29.85,,0,,,,,,,,,,,,,,,,,0.000,,,0,22.2,,42,,0,2
02/13/2026 02:27:29,,81442326017,8144,2,Indoor 03,,,true,false,4,1,1,1,,,1,1,,,3,4,4,4,4,0.42,0,413,,,0,,,,,29.85,,0,,,,,,,,,,,,,,,,,0.000,,,0,22.2,,43,,0,3
02/13/2026 02:42:29,,81442326017,8144,2,Indoor 03,,,true,false,4,1,1,1,,,1,1,,,3,4,4,4,4,0.42,0,416,,,0,,,,,29.85,,0,,,,,,,,,,,,,,,,,0.000,,,0,22.2,,43,,0,2
02/13/2026 03:04:48,,81442326017,8144,2,Indoor 03,,,true,false,4,1,1,1,,,1,1,,,3,4,4,4,4,0.44,0,418,,,0,,,,,29.85,,0,,,,,,,,,,,,,,,,,0.000,,,0,22.2,,43,,0,3
02/13/2026 03:19:48,,81442326017,8144,2,Indoor 03,,,true,false,4,1,1,1,,,1,1,,,3,3,3,3,3,0.41,0,427,,,0,,,,,29.85,,0,,,,,,,,,,,,,,,,,0.000,,,0,22.2,,43,,0,2
02/13/2026 03:42:36,,81442326017,8144,2,Indoor 03,,,true,false,4,1,1,1,,,1,1,,,3,4,4,4,4,0.37,0,461,,,0,,,,,29.85,,0,,,,,,,,,,,,,,,,,0.000,,,0,22.2,,44,,0,3
02/13/2026 03:57:36,,81442326017,8144,2,Indoor 03,,,true,false,4,1,1,1,,,1,1,,,3,3,3,3,3,0.38,0,468,,,0,,,,,29.86,,0,,,,,,,,,,,,,,,,,0.000,,,0,22.2,,44,,0,2
02/13/2026 04:20:08,,81442326017,8144,2,Indoor 03,,,true,false,4,1,1,1,,,1,1,,,3,3,3,3,3,0.39,0,428,,,0,,,,,29.86,,0,,,,,,,,,,,,,,,,,0.000,,,0,22.2,,44,,0,3
02/13/2026 04:35:08,,81442326017,8144,2,Indoor 03,,,true,false,4,1,1,1,,,1,1,,,3,3,3,3,3,0.38,0,418,,,0,,,,,29.87,,0,,,,,,,,,,,,,,,,,0.000,,,0,22.2,,44,,0,2
02/13/2026 04:57:56,,81442326017,8144,2,Indoor 03,,,true,false,4,1,1,1,,,1,1,,,3,3,3,3,3,0.34,0,423,,,0,,,,,29.87,,0,,,,,,,,,,,,,,,,,0.000,,,0,22.2,,44,,0,3
02/13/2026 05:12:56,,81442326017,8144,2,Indoor 03,,,true,false,4,1,1,1,,,1,1,,,3,3,3,3,3,0.37,0,442,,,0,,,,,29.88,,0,,,,,,,,,,,,,,,,,0.000,,,0,22.2,,43,,0,2
02/13/2026 05:35:29,,81442326017,8144,2,Indoor 03,,,true,false,4,1,1,1,,,1,1,,,3,3,3,3,3,0.40,0,444,,,0,,,,,29.88,,0,,,,,,,,,,,,,,,,,0.000,,,0,22.2,,42,,0,3
02/13/2026 05:50:29,,81442326017,8144,2,Indoor 03,,,true,false,4,1,1,1,,,1,1,,,3,3,3,3,3,0.40,0,447,,,0,,,,,29.88,,0,,,,,,,,,,,,,,,,,0.000,,,0,22.2,,42,,0,2
02/13/2026 06:11:46,,81442326017,8144,2,Indoor 03,,,true,false,4,1,1,1,,,1,1,,,3,3,3,3,3,0.42,0,446,,,0,,,,,29.88,,0,,,,,,,,,,,,,,,,,0.000,,,0,22.2,,42,,0,3
02/13/2026 06:26:46,,81442326017,8144,2,Indoor 03,,,true,false,4,1,1,1,,,1,1,,,3,3,3,3,3,0.41,0,456,,,0,,,,,29.89,,0,,,,,,,,,,,,,,,,,0.000,,,0,22.2,,42,,0,2
02/13/2026 06:49:34,,81442326017,8144,2,Indoor 03,,,true,false,4,1,1,1,,,1,1,,,3,3,3,3,3,0.40,0,462,,,0,,,,,29.89,,0,,,,,,,,,,,,,,,,,0.000,,,0,22.2,,42,,0,3
02/13/2026 07:04:34,,81442326017,8144,2,Indoor 03,,,true,false,4,1,1,1,,,1,1,,,3,3,3,3,3,0.41,0,464,,,0,,,,,29.89,,0,,,,,,,,,,,,,,,,,0.003,,,0,22.2,,42,,0,2
02/13/2026 07:27:22,,81442326017,8144,2,Indoor 03,,,true,false,4,1,1,1,,,1,1,,,3,3,3,3,3,0.38,0,466,,,0,,,,,29.88,,0,,,,,,,,,,,,,,,,,0.000,,,0,22.2,,42,,0,3
02/13/2026 07:42:22,,81442326017,8144,2,Indoor 03,,,true,false,4,1,1,1,,,1,1,,,2,3,3,3,3,0.39,0,462,,,0,,,,,29.88,,0,,,,,,,,,,,,,,,,,0.000,,,0,22.1,,43,,0,2
02/13/2026 08:04:39,,81442326017,8144,2,Indoor 03,,,true,false,4,1,1,1,,,1,1,,,2,3,3,3,3,0.50,0,478,,,0,,,,,29.89,,0,,,,,,,,,,,,,,,,,0.000,,,0,22.1,,43,,0,3
02/13/2026 08:19:39,,81442326017,8144,2,Indoor 03,,,true,false,4,1,1,1,,,1,1,,,2,3,3,3,3,0.42,0,463,,,0,,,,,29.89,,0,,,,,,,,,,,,,,,,,0.000,,,0,22.1,,42,,0,2
02/13/2026 08:41:12,,81442326017,8144,2,Indoor 03,,,true,false,4,1,1,1,,,1,1,,,2,3,3,3,3,0.36,0,459,,,0,,,,,29.89,,0,,,,,,,,,,,,,,,,,0.000,,,0,22.1,,43,,0,3
02/13/2026 08:56:12,,81442326017,8144,2,Indoor 03,,,true,false,4,1,1,1,,,1,1,,,2,2,2,2,2,0.38,0,446,,,0,,,,,29.89,,0,,,,,,,,,,,,,,,,,0.000,,,0,22.1,,42,,0,2
02/13/2026 09:18:45,,81442326017,8144,2,Indoor 03,,,true,false,4,1,1,1,,,1,1,,,2,2,3,3,3,0.38,0,429,,,0,,,,,29.90,,0,,,,,,,,,,,,,,,,,0.000,,,0,22.0,,42,,0,3
02/13/2026 09:33:45,,81442326017,8144,2,Indoor 03,,,true,false,4,1,1,1,,,1,1,,,3,3,3,3,3,0.38,0,429,,,0,,,,,29.90,,0,,,,,,,,,,,,,,,,,0.000,,,0,22.0,,42,,0,2
02/13/2026 09:56:32,,81442326017,8144,2,Indoor 03,,,true,false,4,1,1,1,,,1,1,,,4,4,4,4,4,0.41,0,420,,,0,,,,,29.91,,0,,,,,,,,,,,,,,,,,0.000,,,0,22.1,,42,,0,3
02/13/2026 10:11:32,,81442326017,8144,2,Indoor 03,,,true,false,4,1,1,1,,,1,1,,,4,5,5,5,5,0.39,0,424,,,0,,,,,29.92,,0,,,,,,,,,,,,,,,,,0.000,,,0,22.1,,43,,0,2
02/13/2026 10:34:04,,81442326017,8144,2,Indoor 03,,,true,false,8,2,1,2,,,2,2,,,5,6,6,6,6,0.36,0,421,,,0,,,,,29.93,,0,,,,,,,,,,,,,,,,,0.000,,,0,22.1,,43,,0,3
02/13/2026 10:49:04,,81442326017,8144,2,Indoor 03,,,true,false,8,2,2,2,,,2,2,,,5,6,6,6,6,0.36,0,424,,,0,,,,,29.93,,0,,,,,,,,,,,,,,,,,0.001,,,0,22.1,,43,,0,2
02/13/2026 11:11:53,,81442326017,8144,2,Indoor 03,,,true,false,8,2,2,2,,,2,2,,,5,6,6,6,6,0.36,0,421,,,0,,,,,29.94,,0,,,,,,,,,,,,,,,,,0.000,,,0,22.1,,43,,0,3
02/13/2026 11:26:53,,81442326017,8144,2,Indoor 03,,,true,false,8,2,2,2,,,2,2,,,6,6,6,6,6,0.37,0,428,,,0,,,,,29.94,,0,,,,,,,,,,,,,,,,,0.000,,,0,22.0,,43,,0,2
02/13/2026 11:49:40,,81442326017,8144,2,Indoor 03,,,true,false,8,2,2,2,,,2,2,,,7,8,8,8,8,0.35,0,425,,,0,,,,,29.95,,0,,,,,,,,,,,,,,,,,0.000,,,0,22.1,,44,,0,3
02/13/2026 12:04:40,,81442326017,8144,2,Indoor 03,,,true,false,8,2,2,2,,,2,2,,,6,7,7,7,7,0.36,0,429,,,0,,,,,29.96,,0,,,,,,,,,,,,,,,,,0.003,,,0,22.1,,44,,0,2
02/13/2026 12:27:13,,81442326017,8144,2,Indoor 03,,,true,false,8,2,2,2,,,2,2,,,6,7,7,7,7,0.41,0,439,,,0,,,,,29.97,,0,,,,,,,,,,,,,,,,,0.000,,,0,22.1,,45,,0,3
02/13/2026 12:42:13,,81442326017,8144,2,Indoor 03,,,true,false,8,2,2,2,,,2,2,,,6,7,7,7,7,0.39,0,439,,,0,,,,,29.97,,0,,,,,,,,,,,,,,,,,0.000,,,0,22.2,,45,,0,2
02/13/2026 13:05:16,,81442326017,8144,2,Indoor 03,,,true,false,13,3,2,3,,,3,3,,,8,9,9,9,9,0.35,0,435,,,0,,,,,29.98,,0,,,,,,,,,,,,,,,,,0.000,,,0,22.2,,45,,0,3
02/13/2026 13:20:16,,81442326017,8144,2,Indoor 03,,,true,false,13,3,3,3,,,3,3,,,10,11,11,11,11,0.38,0,432,,,0,,,,,29.98,,0,,,,,,,,,,,,,,,,,0.000,,,0,22.2,,45,,0,2
02/13/2026 13:43:03,,81442326017,8144,2,Indoor 03,,,true,false,13,3,3,3,,,3,3,,,9,10,10,10,10,0.38,0,437,,,0,,,,,29.99,,0,,,,,,,,,,,,,,,,,0.000,,,0,22.2,,44,,0,3
02/13/2026 13:58:03,,81442326017,8144,2,Indoor 03,,,true,false,13,3,3,3,,,3,3,,,9,10,10,10,10,0.37,0,440,,,0,,,,,29.99,,0,,,,,,,,,,,,,,,,,0.000,,,0,22.1,,44,,0,2
02/13/2026 14:20:36,,81442326017,8144,2,Indoor 03,,,true,false,13,3,3,3,,,3,3,,,10,11,11,11,11,0.42,0,433,,,0,,,,,29.99,,0,,,,,,,,,,,,,,,,,0.000,,,0,22.1,,43,,0,3
02/13/2026 14:35:36,,81442326017,8144,2,Indoor 03,,,true,false,13,3,3,3,,,3,3,,,9,11,11,11,11,0.37,0,432,,,0,,,,,29.99,,0,,,,,,,,,,,,,,,,,0.000,,,0,22.1,,43,,0,2
02/13/2026 14:58:09,,81442326017,8144,2,Indoor 03,,,true,false,13,3,2,3,,,3,3,,,8,9,9,9,9,0.38,0,425,,,0,,,,,29.98,,0,,,,,,,,,,,,,,,,,0.000,,,0,22.1,,43,,0,3
02/13/2026 15:13:09,,81442326017,8144,2,Indoor 03,,,true,false,8,2,2,2,,,2,2,,,8,9,9,9,9,0.37,0,426,,,0,,,,,29.98,,0,,,,,,,,,,,,,,,,,0.000,,,0,22.1,,43,,0,2
02/13/2026 15:35:55,,81442326017,8144,2,Indoor 03,,,true,false,8,2,2,2,,,2,2,,,8,9,9,9,9,0.39,0,428,,,0,,,,,29.98,,0,,,,,,,,,,,,,,,,,0.000,,,0,22.1,,44,,0,3
02/13/2026 15:50:55,,81442326017,8144,2,Indoor 03,,,true,false,8,2,2,2,,,2,2,,,7,8,8,8,8,0.39,0,432,,,0,,,,,29.98,,0,,,,,,,,,,,,,,,,,0.000,,,0,22.2,,44,,0,2
02/13/2026 16:13:44,,81442326017,8144,2,Indoor 03,,,true,false,8,2,2,2,,,2,2,,,7,7,7,7,7,0.38,0,429,,,0,,,,,29.97,,0,,,,,,,,,,,,,,,,,0.000,,,0,22.2,,43,,0,3
02/13/2026 16:28:44,,81442326017,8144,2,Indoor 03,,,true,false,8,2,2,2,,,2,2,,,6,6,6,6,6,0.40,0,426,,,0,,,,,29.97,,0,,,,,,,,,,,,,,,,,0.000,,,0,22.2,,43,,0,2
02/13/2026 16:51:32,,81442326017,8144,2,Indoor 03,,,true,false,4,1,1,1,,,1,1,,,4,5,5,5,5,0.38,0,427,,,0,,,,,29.96,,0,,,,,,,,,,,,,,,,,0.000,,,0,22.2,,42,,0,3
02/13/2026 17:06:32,,81442326017,8144,2,Indoor 03,,,true,false,4,1,1,1,,,1,1,,,4,5,5,5,5,0.39,0,425,,,0,,,,,29.95,,0,,,,,,,,,,,,,,,,,0.000,,,0,22.3,,42,,0,2
02/13/2026 17:28:18,,81442326017,8144,2,Indoor 03,,,true,false,4,1,1,1,,,1,1,,,3,3,3,3,3,0.51,0,416,,,0,,,,,29.94,,0,,,,,,,,,,,,,,,,,0.000,,,0,22.3,,42,,0,3
02/13/2026 17:43:18,,81442326017,8144,2,Indoor 03,,,true,false,4,1,1,1,,,1,1,,,3,3,3,3,3,0.43,0,417,,,0,,,,,29.93,,0,,,,,,,,,,,,,,,,,0.000,,,0,22.3,,42,,0,2
02/13/2026 18:05:37,,81442326017,8144,2,Indoor 03,,,true,false,4,1,1,1,,,1,1,,,2,3,3,3,3,0.44,0,416,,,0,,,,,29.92,,0,,,,,,,,,,,,,,,,,0.000,,,0,22.3,,42,,0,3
02/13/2026 18:20:37,,81442326017,8144,2,Indoor 03,,,true,false,4,1,1,1,,,1,1,,,3,4,4,4,4,0.40,0,425,,,0,,,,,29.91,,0,,,,,,,,,,,,,,,,,0.000,,,0,22.2,,42,,0,2
02/13/2026 18:43:10,,81442326017,8144,2,Indoor 03,,,true,false,4,1,1,1,,,1,1,,,3,3,3,3,3,0.48,0,415,,,0,,,,,29.91,,0,,,,,,,,,,,,,,,,,0.000,,,0,22.2,,42,,0,3
02/13/2026 18:58:10,,81442326017,8144,2,Indoor 03,,,true,false,4,1,1,1,,,1,1,,,2,3,3,3,3,0.48,0,412,,,0,,,,,29.90,,0,,,,,,,,,,,,,,,,,0.000,,,0,22.2,,42,,0,2
02/13/2026 19:20:42,,81442326017,8144,2,Indoor 03,,,true,false,4,1,1,1,,,1,1,,,2,3,3,3,3,0.41,0,432,,,0,,,,,29.90,,0,,,,,,,,,,,,,,,,,0.000,,,0,22.2,,42,,0,3
02/13/2026 19:35:42,,81442326017,8144,2,Indoor 03,,,true,false,4,1,1,1,,,1,1,,,2,3,3,3,3,0.39,0,428,,,0,,,,,29.89,,0,,,,,,,,,,,,,,,,,0.000,,,0,22.2,,42,,0,2
02/13/2026 19:57:30,,81442326017,8144,2,Indoor 03,,,true,false,4,1,1,1,,,1,1,,,2,2,2,2,2,0.43,0,417,,,0,,,,,29.89,,0,,,,,,,,,,,,,,,,,0.000,,,0,22.3,,42,,0,3
02/13/2026 20:12:30,,81442326017,8144,2,Indoor 03,,,true,false,4,1,1,1,,,1,1,,,2,2,2,2,2,0.39,0,421,,,0,,,,,29.89,,0,,,,,,,,,,,,,,,,,0.000,,,0,22.3,,42,,0,2
02/13/2026 20:35:17,,81442326017,8144,2,Indoor 03,,,true,false,4,1,1,1,,,1,1,,,2,2,2,2,2,0.37,0,419,,,0,,,,,29.88,,0,,,,,,,,,,,,,,,,,0.000,,,0,22.3,,42,,0,3
02/13/2026 20:50:17,,81442326017,8144,2,Indoor 03,,,true,false,4,1,1,1,,,1,1,,,2,2,2,2,2,0.38,0,424,,,0,,,,,29.88,,0,,,,,,,,,,,,,,,,,0.000,,,0,22.3,,42,,0,2
02/13/2026 21:12:34,,81442326017,8144,2,Indoor 03,,,true,false,4,1,1,1,,,1,1,,,2,2,2,2,2,0.34,0,417,,,0,,,,,29.88,,0,,,,,,,,,,,,,,,,,0.000,,,0,22.3,,42,,0,3
02/13/2026 21:27:34,,81442326017,8144,2,Indoor 03,,,true,false,4,1,1,1,,,1,1,,,2,2,2,2,2,0.36,0,414,,,0,,,,,29.88,,0,,,,,,,,,,,,,,,,,0.000,,,0,22.3,,42,,0,2
02/13/2026 21:50:08,,81442326017,8144,2,Indoor 03,,,true,false,4,1,1,1,,,1,1,,,2,3,3,3,3,0.40,0,405,,,0,,,,,29.88,,0,,,,,,,,,,,,,,,,,0.000,,,0,22.2,,42,,0,3
02/13/2026 22:05:08,,81442326017,8144,2,Indoor 03,,,true,false,4,1,1,1,,,1,1,,,3,3,3,3,3,0.40,0,405,,,0,,,,,29.88,,0,,,,,,,,,,,,,,,,,0.000,,,0,22.2,,42,,0,2
02/13/2026 22:27:40,,81442326017,8144,2,Indoor 03,,,true,false,4,1,1,1,,,1,1,,,2,3,3,3,3,0.46,0,404,,,0,,,,,29.89,,0,,,,,,,,,,,,,,,,,0.000,,,0,22.2,,43,,0,3
02/13/2026 22:42:40,,81442326017,8144,2,Indoor 03,,,true,false,4,1,1,1,,,1,1,,,3,3,3,3,3,0.41,0,405,,,0,,,,,29.89,,0,,,,,,,,,,,,,,,,,0.000,,,0,22.2,,43,,0,2
02/13/2026 23:05:28,,81442326017,8144,2,Indoor 03,,,true,false,4,1,1,1,,,1,1,,,3,3,3,3,3,0.37,0,407,,,0,,,,,29.90,,0,,,,,,,,,,,,,,,,,0.000,,,0,22.2,,43,,0,3
02/13/2026 23:20:28,,81442326017,8144,2,Indoor 03,,,true,false,4,1,1,1,,,1,1,,,3,3,3,3,3,0.37,0,413,,,0,,,,,29.90,,0,,,,,,,,,,,,,,,,,0.000,,,0,22.2,,43,,0,2
02/13/2026 23:43:01,,81442326017,8144,2,Indoor 03,,,true,false,4,1,1,1,,,1,1,,,3,3,3,3,3,0.39,0,405,,,0,,,,,29.91,,0,,,,,,,,,,,,,,,,,0.005,,,0,22.2,,44,,0,3
02/13/2026 23:58:01,,81442326017,8144,2,Indoor 03,,,true,false,4,1,1,1,,,1,1,,,4,5,5,5,5,0.39,0,418,,,0,,,,,29.91,,0,,,,,,,,,,,,,,,,,0.029,,,0,22.2,,44,,0,2
02/14/2026 00:20:19,,81442326017,8144,2,Indoor 03,,,true,false,8,2,2,2,,,2,2,,,5,6,6,6,6,0.39,0,413,,,0,,,,,29.92,,0,,,,,,,,,,,,,,,,,0.000,,,0,22.3,,44,,0,3
02/14/2026 00:35:19,,81442326017,8144,2,Indoor 03,,,true,false,8,2,2,2,,,2,2,,,6,6,6,6,6,0.40,0,415,,,0,,,,,29.92,,0,,,,,,,,,,,,,,,,,0.017,,,0,22.3,,44,,0,2
02/14/2026 00:58:20,,81442326017,8144,2,Indoor 03,,,true,false,8,2,2,2,,,2,2,,,6,7,7,7,7,0.42,0,427,,,0,,,,,29.93,,0,,,,,,,,,,,,,,,,,0.000,,,0,22.3,,44,,0,3
02/14/2026 01:13:20,,81442326017,8144,2,Indoor 03,,,true,false,8,2,1,2,,,2,2,,,5,6,6,6,6,0.38,0,434,,,0,,,,,29.93,,0,,,,,,,,,,,,,,,,,0.000,,,0,22.3,,44,,0,2
02/14/2026 01:35:24,,81442326017,8144,2,Indoor 03,,,true,false,4,1,1,1,,,1,1,,,4,5,5,5,5,0.44,0,432,,,0,,,,,29.93,,0,,,,,,,,,,,,,,,,,0.000,,,0,22.3,,45,,0,3
02/14/2026 01:50:24,,81442326017,8144,2,Indoor 03,,,true,false,4,1,1,1,,,1,1,,,4,5,5,5,5,0.41,0,438,,,0,,,,,29.93,,0,,,,,,,,,,,,,,,,,0.000,,,0,22.3,,44,,0,2
02/14/2026 02:12:56,,81442326017,8144,2,Indoor 03,,,true,false,4,1,1,1,,,1,1,,,5,5,5,5,5,0.42,0,440,,,0,,,,,29.94,,0,,,,,,,,,,,,,,,,,0.000,,,0,22.2,,44,,0,3
02/14/2026 02:27:56,,81442326017,8144,2,Indoor 03,,,true,false,8,2,1,2,,,2,2,,,5,6,6,6,6,0.40,0,449,,,0,,,,,29.94,,0,,,,,,,,,,,,,,,,,0.000,,,0,22.2,,43,,0,2
02/14/2026 02:50:14,,81442326017,8144,2,Indoor 03,,,true,false,8,2,2,2,,,2,2,,,7,8,8,8,8,0.36,0,444,,,0,,,,,29.94,,0,,,,,,,,,,,,,,,,,0.000,,,0,22.2,,43,,0,3
02/14/2026 03:05:14,,81442326017,8144,2,Indoor 03,,,true,false,8,2,2,2,,,2,2,,,7,8,8,8,8,0.40,0,441,,,0,,,,,29.95,,0,,,,,,,,,,,,,,,,,0.000,,,0,22.2,,43,,0,2
02/14/2026 03:28:02,,81442326017,8144,2,Indoor 03,,,true,false,8,2,2,2,,,2,2,,,6,7,7,7,7,0.42,0,444,,,0,,,,,29.94,,0,,,,,,,,,,,,,,,,,0.000,,,0,22.2,,43,,0,3
02/14/2026 03:43:02,,81442326017,8144,2,Indoor 03,,,true,false,8,2,2,2,,,2,2,,,6,7,7,7,7,0.39,0,456,,,0,,,,,29.94,,0,,,,,,,,,,,,,,,,,0.009,,,0,22.2,,44,,0,2
02/14/2026 04:05:49,,81442326017,8144,2,Indoor 03,,,true,false,8,2,2,2,,,2,2,,,6,7,7,7,7,0.40,0,454,,,0,,,,,29.94,,0,,,,,,,,,,,,,,,,,0.000,,,0,22.2,,44,,0,3
02/14/2026 04:20:49,,81442326017,8144,2,Indoor 03,,,true,false,8,2,2,2,,,2,2,,,6,6,6,6,6,0.39,0,454,,,0,,,,,29.94,,0,,,,,,,,,,,,,,,,,0.000,,,0,22.2,,44,,0,2
02/14/2026 04:43:37,,81442326017,8144,2,Indoor 03,,,true,false,8,2,2,2,,,2,2,,,8,9,9,9,9,0.37,0,459,,,0,,,,,29.95,,0,,,,,,,,,,,,,,,,,0.000,,,0,22.2,,43,,0,3
02/14/2026 04:58:37,,81442326017,8144,2,Indoor 03,,,true,false,13,3,2,3,,,3,3,,,9,10,10,10,10,0.39,0,467,,,0,,,,,29.95,,0,,,,,,,,,,,,,,,,,0.000,,,0,22.2,,42,,0,2
02/14/2026 05:20:39,,81442326017,8144,2,Indoor 03,,,true,false,13,3,2,3,,,3,3,,,8,9,9,9,9,0.40,0,463,,,0,,,,,29.95,,0,,,,,,,,,,,,,,,,,0.000,,,0,22.2,,42,,0,3
02/14/2026 05:35:39,,81442326017,8144,2,Indoor 03,,,true,false,8,2,2,2,,,2,2,,,8,9,9,9,9,0.40,0,465,,,0,,,,,29.95,,0,,,,,,,,,,,,,,,,,0.000,,,0,22.2,,42,,0,2
02/14/2026 05:57:58,,81442326017,8144,2,Indoor 03,,,true,false,8,2,2,2,,,2,2,,,7,8,8,8,8,0.40,0,447,,,0,,,,,29.95,,0,,,,,,,,,,,,,,,,,0.000,,,0,22.2,,42,,0,3
02/14/2026 06:12:58,,81442326017,8144,2,Indoor 03,,,true,false,8,2,2,2,,,2,2,,,7,8,8,8,8,0.39,0,445,,,0,,,,,29.95,,0,,,,,,,,,,,,,,,,,0.000,,,0,22.2,,42,,0,2
02/14/2026 06:36:01,,81442326017,8144,2,Indoor 03,,,true,false,8,2,2,2,,,2,2,,,7,8,8,8,8,0.37,0,441,,,0,,,,,29.95,,0,,,,,,,,,,,,,,,,,0.000,,,0,22.2,,43,,0,3
02/14/2026 06:51:01,,81442326017,8144,2,Indoor 03,,,true,false,8,2,2,2,,,2,2,,,7,8,8,8,8,0.38,0,448,,,0,,,,,29.96,,0,,,,,,,,,,,,,,,,,0.000,,,0,22.2,,43,,0,2
02/14/2026 07:12:47,,81442326017,8144,2,Indoor 03,,,true,false,13,3,2,3,,,3,3,,,8,9,9,9,9,0.40,0,470,,,0,,,,,29.96,,0,,,,,,,,,,,,,,,,,0.000,,,0,22.1,,43,,0,3
02/14/2026 07:27:47,,81442326017,8144,2,Indoor 03,,,true,false,13,3,2,3,,,3,3,,,8,9,9,9,9,0.41,0,483,,,0,,,,,29.96,,0,,,,,,,,,,,,,,,,,0.000,,,0,22.1,,43,,0,2
02/14/2026 07:49:05,,81442326017,8144,2,Indoor 03,,,true,false,13,3,3,3,,,3,3,,,9,10,10,10,10,0.37,0,492,,,0,,,,,29.95,,0,,,,,,,,,,,,,,,,,0.006,,,0,22.1,,43,,0,3
02/14/2026 08:04:05,,81442326017,8144,2,Indoor 03,,,true,false,13,3,2,3,,,3,3,,,9,10,10,10,10,0.38,0,499,,,0,,,,,29.95,,0,,,,,,,,,,,,,,,,,0.020,,,0,22.1,,43,,0,2
02/14/2026 08:26:39,,81442326017,8144,2,Indoor 03,,,true,false,13,3,2,3,,,3,3,,,8,9,9,9,9,0.39,0,488,,,0,,,,,29.95,,0,,,,,,,,,,,,,,,,,0.000,,,0,22.1,,43,,0,3
02/14/2026 08:41:39,,81442326017,8144,2,Indoor 03,,,true,false,8,2,2,2,,,2,2,,,8,9,9,9,9,0.39,0,479,,,0,,,,,29.95,,0,,,,,,,,,,,,,,,,,0.000,,,0,22.1,,42,,0,2
02/14/2026 09:04:25,,81442326017,8144,2,Indoor 03,,,true,false,8,2,2,2,,,2,2,,,8,9,9,9,9,0.40,0,463,,,0,,,,,29.95,,0,,,,,,,,,,,,,,,,,0.000,,,0,22.1,,42,,0,3
02/14/2026 09:19:25,,81442326017,8144,2,Indoor 03,,,true,false,13,3,2,3,,,3,3,,,8,9,9,9,9,0.40,0,462,,,0,,,,,29.95,,0,,,,,,,,,,,,,,,,,0.000,,,0,22.1,,41,,0,2
02/14/2026 09:42:14,,81442326017,8144,2,Indoor 03,,,true,false,13,3,2,3,,,3,3,,,8,9,9,9,9,0.40,0,445,,,0,,,,,29.95,,0,,,,,,,,,,,,,,,,,0.000,,,0,22.1,,42,,0,3
02/14/2026 09:57:14,,81442326017,8144,2,Indoor 03,,,true,false,13,3,3,3,,,3,3,,,9,10,10,10,10,0.41,0,446,,,0,,,,,29.95,,0,,,,,,,,,,,,,,,,,0.000,,,0,22.1,,42,,0,2
02/14/2026 10:19:32,,81442326017,8144,2,Indoor 03,,,true,false,8,2,2,2,,,2,2,,,8,9,9,9,9,0.39,0,444,,,0,,,,,29.96,,0,,,,,,,,,,,,,,,,,0.000,,,0,22.1,,42,,0,3
02/14/2026 10:34:32,,81442326017,8144,2,Indoor 03,,,true,false,13,3,2,3,,,3,3,,,9,10,10,10,10,0.40,0,442,,,0,,,,,29.96,,0,,,,,,,,,,,,,,,,,0.000,,,0,22.1,,42,,0,2
02/14/2026 10:57:19,,81442326017,8144,2,Indoor 03,,,true,false,8,2,2,2,,,2,2,,,7,8,8,8,8,0.38,0,438,,,0,,,,,29.96,,0,,,,,,,,,,,,,,,,,0.000,,,0,22.1,,42,,0,3
02/14/2026 11:12:19,,81442326017,8144,2,Indoor 03,,,true,false,8,2,2,2,,,2,2,,,8,9,9,9,9,0.38,0,455,,,0,,,,,29.97,,0,,,,,,,,,,,,,,,,,0.000,,,0,22.1,,42,,0,2
02/14/2026 11:34:52,,81442326017,8144,2,Indoor 03,,,true,false,8,2,2,2,,,2,2,,,7,8,8,8,8,0.39,0,455,,,0,,,,,29.97,,0,,,,,,,,,,,,,,,,,0.000,,,0,22.1,,42,,0,3
02/14/2026 11:49:52,,81442326017,8144,2,Indoor 03,,,true,false,8,2,2,2,,,2,2,,,6,7,7,7,7,0.40,0,468,,,0,,,,,29.97,,0,,,,,,,,,,,,,,,,,0.000,,,0,22.1,,42,,0,2
02/14/2026 12:12:25,,81442326017,8144,2,Indoor 03,,,true,false,8,2,2,2,,,2,2,,,7,7,7,7,7,0.36,0,461,,,0,,,,,29.97,,0,,,,,,,,,,,,,,,,,0.000,,,0,22.1,,42,,0,3
02/14/2026 12:27:25,,81442326017,8144,2,Indoor 03,,,true,false,8,2,2,2,,,2,2,,,7,8,8,8,8,0.38,0,461,,,0,,,,,29.98,,0,,,,,,,,,,,,,,,,,0.000,,,0,22.1,,41,,0,2
02/14/2026 12:50:12,,81442326017,8144,2,Indoor 03,,,true,false,8,2,2,2,,,2,2,,,7,8,8,8,8,0.45,0,451,,,0,,,,,29.99,,0,,,,,,,,,,,,,,,,,0.000,,,0,22.0,,41,,0,3
02/14/2026 13:05:12,,81442326017,8144,2,Indoor 03,,,true,false,8,2,2,2,,,2,2,,,7,8,8,8,8,0.40,0,458,,,0,,,,,29.99,,0,,,,,,,,,,,,,,,,,0.000,,,0,22.0,,42,,0,2
02/14/2026 13:26:59,,81442326017,8144,2,Indoor 03,,,true,false,8,2,2,2,,,2,2,,,8,9,9,9,9,0.38,0,465,,,0,,,,,29.99,,0,,,,,,,,,,,,,,,,,0.000,,,0,22.1,,42,,0,3
02/14/2026 13:41:59,,81442326017,8144,2,Indoor 03,,,true,false,8,2,2,2,,,2,2,,,8,9,9,9,9,0.40,0,456,,,0,,,,,29.99,,0,,,,,,,,,,,,,,,,,0.000,,,0,22.0,,42,,0,2
02/14/2026 14:04:33,,81442326017,8144,2,Indoor 03,,,true,false,13,3,3,3,,,3,3,,,9,10,10,10,10,0.39,0,438,,,0,,,,,29.99,,0,,,,,,,,,,,,,,,,,0.000,,,0,22.0,,42,,0,3
02/14/2026 14:19:33,,81442326017,8144,2,Indoor 03,,,true,false,13,3,3,3,,,3,3,,,9,10,10,10,10,0.39,0,433,,,0,,,,,29.99,,0,,,,,,,,,,,,,,,,,0.000,,,0,22.0,,42,,0,2
02/14/2026 14:42:19,,81442326017,8144,2,Indoor 03,,,true,false,13,3,2,3,,,3,3,,,8,9,9,9,9,0.38,0,430,,,0,,,,,29.98,,0,,,,,,,,,,,,,,,,,0.000,,,0,22.0,,41,,0,3
02/14/2026 14:57:19,,81442326017,8144,2,Indoor 03,,,true,false,8,2,2,2,,,2,2,,,8,9,9,9,9,0.39,0,430,,,0,,,,,29.98,,0,,,,,,,,,,,,,,,,,0.000,,,0,22.0,,41,,0,2
02/14/2026 15:19:53,,81442326017,8144,2,Indoor 03,,,true,false,8,2,2,2,,,2,2,,,8,8,8,8,8,0.39,0,427,,,0,,,,,29.98,,0,,,,,,,,,,,,,,,,,0.000,,,0,22.0,,41,,0,3
02/14/2026 15:34:53,,81442326017,8144,2,Indoor 03,,,true,false,8,2,2,2,,,2,2,,,6,7,7,7,7,0.37,0,430,,,0,,,,,29.98,,0,,,,,,,,,,,,,,,,,0.000,,,0,22.0,,41,,0,2
02/14/2026 15:56:26,,81442326017,8144,2,Indoor 03,,,true,false,4,1,1,1,,,1,1,,,5,5,5,5,5,0.41,0,415,,,0,,,,,29.97,,0,,,,,,,,,,,,,,,,,0.000,,,0,22.0,,42,,0,3
02/14/2026 16:11:26,,81442326017,8144,2,Indoor 03,,,true,false,4,1,1,1,,,1,1,,,5,5,5,5,5,0.40,0,416,,,0,,,,,29.96,,0,,,,,,,,,,,,,,,,,0.000,,,0,22.0,,42,,0,2
02/14/2026 16:33:58,,81442326017,8144,2,Indoor 03,,,true,false,8,2,1,2,,,2,2,,,5,5,5,5,5,0.49,0,421,,,0,,,,,29.95,,0,,,,,,,,,,,,,,,,,0.000,,,0,22.1,,42,,0,3
02/14/2026 16:48:58,,81442326017,8144,2,Indoor 03,,,true,false,8,2,1,2,,,2,2,,,5,6,6,6,6,0.41,0,427,,,0,,,,,29.94,,0,,,,,,,,,,,,,,,,,0.000,,,0,22.1,,42,,0,2
02/14/2026 17:11:16,,81442326017,8144,2,Indoor 03,,,true,false,8,2,1,2,,,2,2,,,5,6,6,6,6,0.41,0,412,,,0,,,,,29.93,,0,,,,,,,,,,,,,,,,,0.000,,,0,22.1,,43,,0,3
02/14/2026 17:26:16,,81442326017,8144,2,Indoor 03,,,true,false,8,2,1,2,,,2,2,,,5,6,6,6,6,0.40,0,415,,,0,,,,,29.92,,0,,,,,,,,,,,,,,,,,0.000,,,0,22.1,,42,,0,2
02/14/2026 17:49:03,,81442326017,8144,2,Indoor 03,,,true,false,8,2,2,2,,,2,2,,,6,6,6,6,7,0.38,0,413,,,0,,,,,29.90,,0,,,,,,,,,,,,,,,,,0.000,,,0,22.1,,43,,0,3
02/14/2026 18:04:03,,81442326017,8144,2,Indoor 03,,,true,false,8,2,2,2,,,2,2,,,6,7,7,7,7,0.40,0,409,,,0,,,,,29.89,,0,,,,,,,,,,,,,,,,,0.000,,,0,22.1,,42,,0,2
02/14/2026 18:26:35,,81442326017,8144,2,Indoor 03,,,true,false,8,2,2,2,,,2,2,,,6,7,7,7,7,0.36,0,405,,,0,,,,,29.88,,0,,,,,,,,,,,,,,,,,0.000,,,0,22.1,,43,,0,3
02/14/2026 18:41:35,,81442326017,8144,2,Indoor 03,,,true,false,13,3,2,3,,,3,3,,,8,9,9,9,9,0.38,0,404,,,0,,,,,29.86,,0,,,,,,,,,,,,,,,,,0.000,,,0,22.1,,43,,0,2
02/14/2026 19:04:24,,81442326017,8144,2,Indoor 03,,,true,false,13,3,3,3,,,3,3,,,10,12,12,12,12,0.37,0,413,,,0,,,,,29.85,,0,,,,,,,,,,,,,,,,,0.000,,,0,22.1,,42,,0,3
02/14/2026 19:19:24,,81442326017,8144,2,Indoor 03,,,true,false,17,4,3,4,,,4,4,,,11,13,13,13,13,0.38,0,414,,,0,,,,,29.85,,0,,,,,,,,,,,,,,,,,0.000,,,0,22.1,,42,,0,2
02/14/2026 19:41:41,,81442326017,8144,2,Indoor 03,,,true,false,13,3,3,3,,,3,3,,,11,12,12,12,12,0.41,0,412,,,0,,,,,29.84,,0,,,,,,,,,,,,,,,,,0.000,,,0,22.1,,42,,0,3
02/14/2026 19:56:41,,81442326017,8144,2,Indoor 03,,,true,false,13,3,3,3,,,3,3,,,10,11,11,11,11,0.41,0,407,,,0,,,,,29.84,,0,,,,,,,,,,,,,,,,,0.000,,,0,22.1,,42,,0,2
02/14/2026 20:19:29,,81442326017,8144,2,Indoor 03,,,true,false,13,3,3,3,,,3,3,,,9,10,10,10,10,0.37,0,410,,,0,,,,,29.84,,0,,,,,,,,,,,,,,,,,0.000,,,0,22.1,,42,,0,3
02/14/2026 20:34:29,,81442326017,8144,2,Indoor 03,,,true,false,13,3,3,3,,,3,3,,,9,10,10,10,10,0.38,0,412,,,0,,,,,29.84,,0,,,,,,,,,,,,,,,,,0.000,,,0,22.0,,35,,0,2
02/14/2026 20:57:01,,81442326017,8144,2,Indoor 03,,,true,false,13,3,3,3,,,3,3,,,9,10,10,10,10,0.38,0,412,,,0,,,,,29.83,,0,,,,,,,,,,,,,,,,,0.000,,,0,22.0,,29,,0,3
02/14/2026 21:12:01,,81442326017,8144,2,Indoor 03,,,true,false,13,3,3,3,,,3,3,,,9,11,11,11,11,0.40,0,412,,,0,,,,,29.83,,0,,,,,,,,,,,,,,,,,0.000,,,0,22.0,,27,,0,2
02/14/2026 21:34:35,,81442326017,8144,2,Indoor 03,,,true,false,13,3,3,3,,,3,3,,,9,10,10,10,10,0.38,0,411,,,0,,,,,29.83,,0,,,,,,,,,,,,,,,,,0.000,,,0,22.0,,26,,0,3
02/14/2026 21:49:35,,81442326017,8144,2,Indoor 03,,,true,false,13,3,3,3,,,3,3,,,9,11,11,11,11,0.40,0,414,,,0,,,,,29.83,,0,,,,,,,,,,,,,,,,,0.000,,,0,22.0,,26,,0,2
02/14/2026 22:12:37,,81442326017,8144,2,Indoor 03,,,true,false,13,3,3,3,,,3,3,,,10,11,11,11,11,0.39,0,415,,,0,,,,,29.84,,0,,,,,,,,,,,,,,,,,0.009,,,0,22.1,,27,,0,3
02/14/2026 22:27:37,,81442326017,8144,2,Indoor 03,,,true,false,17,4,3,4,,,4,4,,,12,13,13,13,13,0.38,0,410,,,0,,,,,29.84,,0,,,,,,,,,,,,,,,,,0.118,,,0,22.3,,36,,0,2
02/14/2026 22:50:09,,81442326017,8144,2,Indoor 03,,,true,false,38,8,9,9,,,9,9,,,30,34,34,34,34,0.38,0,410,,,0,,,,,29.84,,0,,,,,,,,,,,,,,,,,0.009,,,0,22.3,,42,,0,3
02/14/2026 23:05:09,,81442326017,8144,2,Indoor 03,,,true,false,57,14,14,15,,,15,15,,,48,54,54,54,54,0.38,0,419,,,0,,,,,29.85,,0,,,,,,,,,,,,,,,,,0.032,,,0,22.3,,44,,0,2
02/14/2026 23:26:57,,81442326017,8144,2,Indoor 03,,,true,false,72,20,20,22,,,22,22,,,71,79,79,79,79,0.38,0,418,,,0,,,,,29.85,,0,,,,,,,,,,,,,,,,,0.000,,,0,22.3,,45,,0,3
02/14/2026 23:41:57,,81442326017,8144,2,Indoor 03,,,true,false,72,20,20,22,,,22,22,,,71,79,80,80,80,0.39,0,422,,,0,,,,,29.85,,0,,,,,,,,,,,,,,,,,0.000,,,0,22.1,,45,,0,2
02/15/2026 00:02:01,,81442326017,8144,2,Indoor 03,,,true,false,70,19,20,21,,,21,21,,,70,79,79,79,79,0.38,0,416,,,0,,,,,29.86,,0,,,,,,,,,,,,,,,,,0.000,,,0,22.0,,44,,0,3
02/15/2026 00:17:01,,81442326017,8144,2,Indoor 03,,,true,false,68,19,19,20,,,20,20,,,66,74,74,74,74,0.38,0,422,,,0,,,,,29.86,,0,,,,,,,,,,,,,,,,,0.000,,,0,22.0,,42,,0,2
02/15/2026 00:39:32,,81442326017,8144,2,Indoor 03,,,true,false,66,18,18,19,,,19,19,,,61,69,69,69,69,0.39,0,418,,,0,,,,,29.86,,0,,,,,,,,,,,,,,,,,0.000,,,0,22.0,,42,,0,3
02/15/2026 00:54:32,,81442326017,8144,2,Indoor 03,,,true,false,63,17,17,18,,,18,18,,,58,65,65,65,65,0.39,0,419,,,0,,,,,29.86,,0,,,,,,,,,,,,,,,,,0.000,,,0,22.0,,42,,0,2
02/15/2026 01:16:51,,81442326017,8144,2,Indoor 03,,,true,false,57,14,14,15,,,15,15,,,50,56,56,56,56,0.38,0,419,,,0,,,,,29.86,,0,,,,,,,,,,,,,,,,,0.000,,,0,21.9,,42,,0,3
02/15/2026 01:31:51,,81442326017,8144,2,Indoor 03,,,true,false,55,13,13,14,,,14,14,,,46,51,52,52,52,0.38,0,417,,,0,,,,,29.86,,0,,,,,,,,,,,,,,,,,0.000,,,0,21.9,,43,,0,2
02/15/2026 01:53:08,,81442326017,8144,2,Indoor 03,,,true,false,53,12,12,13,,,13,13,,,43,48,48,48,48,0.39,0,413,,,0,,,,,29.87,,0,,,,,,,,,,,,,,,,,0.000,,,0,22.1,,43,,0,3
02/15/2026 02:08:08,,81442326017,8144,2,Indoor 03,,,true,false,50,11,12,12,,,12,12,,,40,45,46,46,46,0.39,0,416,,,0,,,,,29.87,,0,,,,,,,,,,,,,,,,,0.000,,,0,22.1,,42,,0,2
02/15/2026 02:30:56,,81442326017,8144,2,Indoor 03,,,true,false,46,10,11,11,,,11,11,,,37,41,41,41,41,0.39,0,415,,,0,,,,,29.86,,0,,,,,,,,,,,,,,,,,0.000,,,0,22.0,,42,,0,3
02/15/2026 02:45:56,,81442326017,8144,2,Indoor 03,,,true,false,46,10,10,11,,,11,11,,,36,40,40,40,40,0.37,0,418,,,0,,,,,29.86,,0,,,,,,,,,,,,,,,,,0.000,,,0,21.9,,42,,0,2
02/15/2026 03:08:44,,81442326017,8144,2,Indoor 03,,,true,false,42,9,10,10,,,10,10,,,34,38,38,38,38,0.37,0,419,,,0,,,,,29.86,,0,,,,,,,,,,,,,,,,,0.000,,,0,22.0,,42,,0,3
02/15/2026 03:23:44,,81442326017,8144,2,Indoor 03,,,true,false,42,9,9,10,,,10,10,,,32,36,36,36,36,0.39,0,425,,,0,,,,,29.86,,0,,,,,,,,,,,,,,,,,0.000,,,0,22.1,,42,,0,2
02/15/2026 03:46:17,,81442326017,8144,2,Indoor 03,,,true,false,38,8,9,9,,,9,9,,,30,34,34,34,34,0.38,0,420,,,0,,,,,29.86,,0,,,,,,,,,,,,,,,,,0.000,,,0,22.2,,42,,0,3
02/15/2026 04:01:17,,81442326017,8144,2,Indoor 03,,,true,false,42,9,9,10,,,10,10,,,31,35,35,35,35,0.38,0,426,,,0,,,,,29.85,,0,,,,,,,,,,,,,,,,,0.000,,,0,22.1,,43,,0,2
02/15/2026 04:23:34,,81442326017,8144,2,Indoor 03,,,true,false,46,10,11,11,,,11,11,,,37,41,41,41,41,0.39,0,416,,,0,,,,,29.85,,0,,,,,,,,,,,,,,,,,0.000,,,0,22.0,,43,,0,3
02/15/2026 04:38:34,,81442326017,8144,2,Indoor 03,,,true,false,50,11,12,12,,,12,12,,,40,45,45,45,45,0.38,0,413,,,0,,,,,29.85,,0,,,,,,,,,,,,,,,,,0.000,,,0,22.0,,42,,0,2
02/15/2026 05:00:51,,81442326017,8144,2,Indoor 03,,,true,false,46,10,11,11,,,11,11,,,37,41,42,42,42,0.39,0,417,,,0,,,,,29.84,,0,,,,,,,,,,,,,,,,,0.000,,,0,22.1,,42,,0,3
02/15/2026 05:15:51,,81442326017,8144,2,Indoor 03,,,true,false,46,10,10,11,,,11,11,,,35,40,40,40,40,0.39,0,418,,,0,,,,,29.84,,0,,,,,,,,,,,,,,,,,0.000,,,0,22.1,,42,,0,2
02/15/2026 05:37:55,,81442326017,8144,2,Indoor 03,,,true,false,42,9,10,10,,,10,10,,,34,38,38,38,38,0.39,0,413,,,0,,,,,29.83,,0,,,,,,,,,,,,,,,,,0.000,,,0,22.1,,41,,0,3
02/15/2026 05:52:55,,81442326017,8144,2,Indoor 03,,,true,false,42,9,9,10,,,10,10,,,32,36,36,36,36,0.39,0,419,,,0,,,,,29.83,,0,,,,,,,,,,,,,,,,,0.000,,,0,22.2,,41,,0,2
02/15/2026 06:15:42,,81442326017,8144,2,Indoor 03,,,true,false,38,8,9,9,,,9,9,,,29,33,33,33,33,0.39,0,414,,,0,,,,,29.83,,0,,,,,,,,,,,,,,,,,0.000,,,0,22.2,,42,,0,3
02/15/2026 06:30:42,,81442326017,8144,2,Indoor 03,,,true,false,38,8,8,9,,,9,9,,,28,31,32,32,32,0.38,0,419,,,0,,,,,29.84,,0,,,,,,,,,,,,,,,,,0.000,,,0,22.2,,42,,0,2
02/15/2026 06:53:14,,81442326017,8144,2,Indoor 03,,,true,false,33,7,7,8,,,8,8,,,25,28,28,28,28,0.38,0,410,,,0,,,,,29.84,,0,,,,,,,,,,,,,,,,,0.000,,,0,22.2,,42,,0,3
02/15/2026 07:08:14,,81442326017,8144,2,Indoor 03,,,true,false,29,6,7,7,,,7,7,,,23,26,26,26,26,0.38,0,416,,,0,,,,,29.84,,0,,,,,,,,,,,,,,,,,0.000,,,0,22.2,,42,,0,2
02/15/2026 07:30:17,,81442326017,8144,2,Indoor 03,,,true,false,29,6,6,7,,,7,7,,,22,25,25,25,25,0.37,0,417,,,0,,,,,29.84,,0,,,,,,,,,,,,,,,,,0.000,,,0,22.1,,42,,0,3
02/15/2026 07:45:17,,81442326017,8144,2,Indoor 03,,,true,false,25,6,6,6,,,6,6,,,21,23,23,23,23,0.40,0,423,,,0,,,,,29.83,,0,,,,,,,,,,,,,,,,,0.000,,,0,22.1,,42,,0,2
02/15/2026 08:07:34,,81442326017,8144,2,Indoor 03,,,true,false,25,6,6,6,,,6,6,,,19,22,22,22,22,0.40,0,416,,,0,,,,,29.83,,0,,,,,,,,,,,,,,,,,0.000,,,0,22.0,,42,,0,3
02/15/2026 08:22:34,,81442326017,8144,2,Indoor 03,,,true,false,25,6,5,6,,,6,6,,,19,21,21,21,21,0.39,0,416,,,0,,,,,29.83,,0,,,,,,,,,,,,,,,,,0.000,,,0,22.0,,42,,0,2
02/15/2026 08:45:08,,81442326017,8144,2,Indoor 03,,,true,false,21,5,5,5,,,5,5,,,17,19,19,19,19,0.39,0,420,,,0,,,,,29.82,,0,,,,,,,,,,,,,,,,,0.000,,,0,22.1,,41,,0,3
02/15/2026 09:00:08,,81442326017,8144,2,Indoor 03,,,true,false,21,5,5,5,,,5,5,,,17,19,19,19,19,0.38,0,428,,,0,,,,,29.82,,0,,,,,,,,,,,,,,,,,0.000,,,0,22.1,,42,,0,2
02/15/2026 09:22:40,,81442326017,8144,2,Indoor 03,,,true,false,21,5,5,5,,,5,5,,,16,18,18,18,18,0.39,0,415,,,0,,,,,29.82,,0,,,,,,,,,,,,,,,,,0.000,,,0,22.1,,42,,0,3
02/15/2026 09:37:40,,81442326017,8144,2,Indoor 03,,,true,false,21,5,5,5,,,5,5,,,16,18,18,18,18,0.40,0,421,,,0,,,,,29.82,,0,,,,,,,,,,,,,,,,,0.000,,,0,22.1,,42,,0,2
02/15/2026 09:59:42,,81442326017,8144,2,Indoor 03,,,true,false,17,4,4,4,,,4,4,,,14,15,16,16,16,0.40,0,419,,,0,,,,,29.81,,0,,,,,,,,,,,,,,,,,0.000,,,0,22.0,,42,,0,3
02/15/2026 10:14:42,,81442326017,8144,2,Indoor 03,,,true,false,17,4,4,4,,,4,4,,,13,15,15,15,15,0.39,0,418,,,0,,,,,29.81,,0,,,,,,,,,,,,,,,,,0.000,,,0,22.0,,42,,0,2
02/15/2026 10:37:46,,81442326017,8144,2,Indoor 03,,,true,false,17,4,4,4,,,4,4,,,12,14,14,14,14,0.37,0,418,,,0,,,,,29.81,,0,,,,,,,,,,,,,,,,,0.000,,,0,22.1,,42,,0,3
02/15/2026 10:52:46,,81442326017,8144,2,Indoor 03,,,true,false,17,4,4,4,,,4,4,,,13,14,14,14,14,0.40,0,426,,,0,,,,,29.81,,0,,,,,,,,,,,,,,,,,0.000,,,0,22.1,,42,,0,2
02/15/2026 11:14:34,,81442326017,8144,2,Indoor 03,,,true,false,17,4,3,4,,,4,4,,,12,13,13,13,13,0.39,0,417,,,0,,,,,29.80,,0,,,,,,,,,,,,,,,,,0.000,,,0,22.0,,42,,0,3
02/15/2026 11:29:34,,81442326017,8144,2,Indoor 03,,,true,false,13,3,3,3,,,3,3,,,11,13,13,13,13,0.38,0,423,,,0,,,,,29.81,,0,,,,,,,,,,,,,,,,,0.000,,,0,22.0,,42,,0,2
02/15/2026 11:52:20,,81442326017,8144,2,Indoor 03,,,true,false,17,4,4,4,,,4,4,,,12,14,14,14,14,0.39,0,428,,,0,,,,,29.80,,0,,,,,,,,,,,,,,,,,0.000,,,0,22.0,,43,,0,3
02/15/2026 12:07:20,,81442326017,8144,2,Indoor 03,,,true,false,17,4,3,4,,,4,4,,,12,13,13,13,13,0.37,0,426,,,0,,,,,29.80,,0,,,,,,,,,,,,,,,,,0.000,,,0,22.0,,43,,0,2
02/15/2026 12:29:38,,81442326017,8144,2,Indoor 03,,,true,false,17,4,3,4,,,4,4,,,12,14,14,14,14,0.39,0,425,,,0,,,,,29.81,,0,,,,,,,,,,,,,,,,,0.000,,,0,22.0,,42,,0,3
02/15/2026 12:44:38,,81442326017,8144,2,Indoor 03,,,true,false,17,4,3,4,,,4,4,,,12,13,13,13,13,0.38,0,424,,,0,,,,,29.81,,0,,,,,,,,,,,,,,,,,0.000,,,0,22.0,,41,,0,2
02/15/2026 13:07:12,,81442326017,8144,2,Indoor 03,,,true,false,13,3,3,3,,,3,3,,,11,13,13,13,13,0.36,0,423,,,0,,,,,29.82,,0,,,,,,,,,,,,,,,,,0.000,,,0,22.0,,42,,0,3
02/15/2026 13:22:12,,81442326017,8144,2,Indoor 03,,,true,false,13,3,3,3,,,3,3,,,10,12,12,12,12,0.38,0,428,,,0,,,,,29.81,,0,,,,,,,,,,,,,,,,,0.000,,,0,22.0,,42,,0,2
02/15/2026 13:44:59,,81442326017,8144,2,Indoor 03,,,true,false,13,3,3,3,,,3,3,,,10,11,11,11,11,0.36,0,419,,,0,,,,,29.80,,0,,,,,,,,,,,,,,,,,0.000,,,0,22.0,,42,,0,3
02/15/2026 13:59:59,,81442326017,8144,2,Indoor 03,,,true,false,13,3,3,3,,,3,3,,,10,11,11,11,11,0.37,0,420,,,0,,,,,29.80,,0,,,,,,,,,,,,,,,,,0.000,,,0,22.0,,42,,0,2
02/15/2026 14:22:16,,81442326017,8144,2,Indoor 03,,,true,false,13,3,3,3,,,3,3,,,10,12,12,12,12,0.39,0,422,,,0,,,,,29.79,,0,,,,,,,,,,,,,,,,,0.000,,,0,22.1,,41,,0,3
02/15/2026 14:37:16,,81442326017,8144,2,Indoor 03,,,true,false,13,3,3,3,,,3,3,,,11,13,13,13,13,0.38,0,424,,,0,,,,,29.79,,0,,,,,,,,,,,,,,,,,0.003,,,0,22.1,,41,,0,2
02/15/2026 14:58:35,,81442326017,8144,2,Indoor 03,,,true,false,13,3,3,3,,,3,3,,,11,12,12,12,12,0.42,0,428,,,0,,,,,29.79,,0,,,,,,,,,,,,,,,,,0.000,,,0,22.2,,42,,0,3
02/15/2026 15:13:35,,81442326017,8144,2,Indoor 03,,,true,false,13,3,3,3,,,3,3,,,10,11,11,11,11,0.39,0,425,,,0,,,,,29.78,,0,,,,,,,,,,,,,,,,,0.000,,,0,22.1,,42,,0,2
02/15/2026 15:36:06,,81442326017,8144,2,Indoor 03,,,true,false,13,3,3,3,,,3,3,,,10,12,12,12,12,0.37,0,420,,,0,,,,,29.77,,0,,,,,,,,,,,,,,,,,0.000,,,0,22.1,,42,,0,3
02/15/2026 15:51:06,,81442326017,8144,2,Indoor 03,,,true,false,13,3,3,3,,,3,3,,,11,12,12,12,12,0.38,0,416,,,0,,,,,29.76,,0,,,,,,,,,,,,,,,,,0.000,,,0,22.1,,42,,0,2
02/15/2026 16:12:55,,81442326017,8144,2,Indoor 03,,,true,false,13,3,3,3,,,3,3,,,11,13,13,13,13,0.39,0,426,,,0,,,,,29.76,,0,,,,,,,,,,,,,,,,,0.000,,,0,22.2,,42,,0,3
02/15/2026 16:27:55,,81442326017,8144,2,Indoor 03,,,true,false,13,3,3,3,,,3,3,,,10,12,12,12,12,0.38,0,432,,,0,,,,,29.76,,0,,,,,,,,,,,,,,,,,0.000,,,0,22.1,,42,,0,2
02/15/2026 16:50:28,,81442326017,8144,2,Indoor 03,,,true,false,13,3,3,3,,,3,3,,,10,11,11,11,11,0.37,0,428,,,0,,,,,29.74,,0,,,,,,,,,,,,,,,,,0.000,,,0,22.1,,42,,0,3
02/15/2026 17:05:28,,81442326017,8144,2,Indoor 03,,,true,false,13,3,3,3,,,3,3,,,11,12,12,12,12,0.39,0,445,,,0,,,,,29.72,,0,,,,,,,,,,,,,,,,,0.000,,,0,22.1,,42,,0,2
02/15/2026 17:27:59,,81442326017,8144,2,Indoor 03,,,true,false,13,3,3,3,,,3,3,,,10,11,12,12,12,0.35,0,432,,,0,,,,,29.70,,0,,,,,,,,,,,,,,,,,0.000,,,0,22.1,,42,,0,3
02/15/2026 17:42:59,,81442326017,8144,2,Indoor 03,,,true,false,13,3,3,3,,,3,3,,,11,13,13,13,13,0.37,0,432,,,0,,,,,29.69,,0,,,,,,,,,,,,,,,,,0.000,,,0,22.1,,42,,0,2
02/15/2026 18:05:32,,81442326017,8144,2,Indoor 03,,,true,false,17,4,3,4,,,4,4,,,12,13,13,13,13,0.38,0,426,,,0,,,,,29.67,,0,,,,,,,,,,,,,,,,,0.000,,,0,22.1,,42,,0,3
02/15/2026 18:20:32,,81442326017,8144,2,Indoor 03,,,true,false,17,4,3,4,,,4,4,,,12,13,14,14,14,0.39,0,428,,,0,,,,,29.66,,0,,,,,,,,,,,,,,,,,0.000,,,0,22.1,,43,,0,2
02/15/2026 18:43:21,,81442326017,8144,2,Indoor 03,,,true,false,17,4,4,4,,,4,4,,,12,14,14,14,14,0.39,0,423,,,0,,,,,29.65,,0,,,,,,,,,,,,,,,,,0.000,,,0,22.1,,43,,0,3
02/15/2026 18:58:21,,81442326017,8144,2,Indoor 03,,,true,false,17,4,3,4,,,4,4,,,12,13,13,13,13,0.38,0,423,,,0,,,,,29.63,,0,,,,,,,,,,,,,,,,,0.000,,,0,22.1,,43,,0,2
02/15/2026 19:21:08,,81442326017,8144,2,Indoor 03,,,true,false,17,4,4,4,,,4,4,,,13,14,14,14,14,0.40,0,421,,,0,,,,,29.61,,0,,,,,,,,,,,,,,,,,0.000,,,0,22.1,,43,,0,3
02/15/2026 19:36:08,,81442326017,8144,2,Indoor 03,,,true,false,17,4,4,4,,,4,4,,,12,14,14,14,14,0.38,0,418,,,0,,,,,29.60,,0,,,,,,,,,,,,,,,,,0.000,,,0,22.1,,43,,0,2
02/15/2026 19:58:25,,81442326017,8144,2,Indoor 03,,,true,false,17,4,4,4,,,4,4,,,13,15,15,15,15,0.38,0,413,,,0,,,,,29.59,,0,,,,,,,,,,,,,,,,,0.000,,,0,22.1,,43,,0,3
02/15/2026 20:13:25,,81442326017,8144,2,Indoor 03,,,true,false,17,4,4,4,,,4,4,,,12,14,14,14,14,0.39,0,417,,,0,,,,,29.58,,0,,,,,,,,,,,,,,,,,0.000,,,0,22.1,,43,,0,2
02/15/2026 20:35:43,,81442326017,8144,2,Indoor 03,,,true,false,17,4,3,4,,,4,4,,,11,13,13,13,13,0.40,0,427,,,0,,,,,29.59,,0,,,,,,,,,,,,,,,,,0.000,,,0,22.1,,43,,0,3
02/15/2026 20:50:43,,81442326017,8144,2,Indoor 03,,,true,false,13,3,3,3,,,3,3,,,11,12,12,12,12,0.40,0,427,,,0,,,,,29.57,,0,,,,,,,,,,,,,,,,,0.000,,,0,22.1,,43,,0,2
02/15/2026 21:13:32,,81442326017,8144,2,Indoor 03,,,true,false,13,3,3,3,,,3,3,,,11,12,13,13,13,0.42,0,419,,,0,,,,,29.56,,0,,,,,,,,,,,,,,,,,0.000,,,0,22.1,,43,,0,3
02/15/2026 21:28:32,,81442326017,8144,2,Indoor 03,,,true,false,13,3,3,3,,,3,3,,,11,12,12,12,12,0.40,0,423,,,0,,,,,29.55,,0,,,,,,,,,,,,,,,,,0.000,,,0,22.1,,43,,0,2
02/15/2026 21:49:49,,81442326017,8144,2,Indoor 03,,,true,false,13,3,3,3,,,3,3,,,10,11,11,11,11,0.41,0,420,,,0,,,,,29.54,,0,,,,,,,,,,,,,,,,,0.000,,,0,22.1,,43,,0,3
02/15/2026 22:04:49,,81442326017,8144,2,Indoor 03,,,true,false,13,3,3,3,,,3,3,,,9,10,10,10,10,0.39,0,424,,,0,,,,,29.53,,0,,,,,,,,,,,,,,,,,0.000,,,0,22.1,,43,,0,2
02/15/2026 22:27:36,,81442326017,8144,2,Indoor 03,,,true,false,8,2,2,2,,,2,2,,,8,9,9,9,9,0.43,0,418,,,0,,,,,29.52,,0,,,,,,,,,,,,,,,,,0.000,,,0,22.1,,43,,0,3
02/15/2026 22:42:36,,81442326017,8144,2,Indoor 03,,,true,false,8,2,2,2,,,2,2,,,7,7,7,7,7,0.39,0,422,,,0,,,,,29.51,,0,,,,,,,,,,,,,,,,,0.000,,,0,22.1,,43,,0,2
02/15/2026 23:05:09,,81442326017,8144,2,Indoor 03,,,true,false,8,2,2,2,,,2,2,,,6,7,7,7,7,0.37,0,416,,,0,,,,,29.50,,0,,,,,,,,,,,,,,,,,0.000,,,0,22.1,,43,,0,3
02/15/2026 23:20:09,,81442326017,8144,2,Indoor 03,,,true,false,8,2,2,2,,,2,2,,,6,7,7,7,7,0.37,0,415,,,0,,,,,29.49,,0,,,,,,,,,,,,,,,,,0.000,,,0,22.1,,43,,0,2
02/15/2026 23:42:42,,81442326017,8144,2,Indoor 03,,,true,false,8,2,2,2,,,2,2,,,6,7,7,7,7,0.41,0,415,,,0,,,,,29.48,,0,,,,,,,,,,,,,,,,,0.000,,,0,22.0,,44,,0,3
02/15/2026 23:57:42,,81442326017,8144,2,Indoor 03,,,true,false,8,2,2,2,,,2,2,,,5,6,6,6,6,0.39,0,428,,,0,,,,,29.49,,0,,,,,,,,,,,,,,,,,0.000,,,0,22.0,,44,,0,2
02/16/2026 00:20:15,,81442326017,8144,2,Indoor 03,,,true,false,8,2,2,2,,,2,2,,,6,6,6,6,6,0.34,0,425,,,0,,,,,29.49,,0,,,,,,,,,,,,,,,,,0.000,,,0,22.0,,44,,0,3
02/16/2026 00:35:15,,81442326017,8144,2,Indoor 03,,,true,false,8,2,2,2,,,2,2,,,5,6,6,6,6,0.37,0,445,,,0,,,,,29.48,,0,,,,,,,,,,,,,,,,,0.000,,,0,22.0,,44,,0,2
02/16/2026 00:57:18,,81442326017,8144,2,Indoor 03,,,true,false,8,2,2,2,,,2,2,,,5,6,6,6,6,0.37,0,446,,,0,,,,,29.49,,0,,,,,,,,,,,,,,,,,0.000,,,0,22.1,,44,,0,3
02/16/2026 01:12:18,,81442326017,8144,2,Indoor 03,,,true,false,8,2,1,2,,,2,2,,,5,6,6,6,6,0.36,0,444,,,0,,,,,29.50,,0,,,,,,,,,,,,,,,,,0.000,,,0,22.1,,44,,0,2
02/16/2026 01:35:04,,81442326017,8144,2,Indoor 03,,,true,false,4,1,1,1,,,1,1,,,4,4,4,4,4,0.38,0,425,,,0,,,,,29.50,,0,,,,,,,,,,,,,,,,,0.000,,,0,22.1,,44,,0,3
02/16/2026 01:50:04,,81442326017,8144,2,Indoor 03,,,true,false,4,1,1,1,,,1,1,,,3,4,4,4,4,0.38,0,430,,,0,,,,,29.50,,0,,,,,,,,,,,,,,,,,0.000,,,0,22.0,,44,,0,2
02/16/2026 02:12:38,,81442326017,8144,2,Indoor 03,,,true,false,4,1,1,1,,,1,1,,,2,3,3,3,3,0.39,0,435,,,0,,,,,29.51,,0,,,,,,,,,,,,,,,,,0.000,,,0,22.1,,43,,0,3
02/16/2026 02:27:38,,81442326017,8144,2,Indoor 03,,,true,false,4,1,1,1,,,1,1,,,2,2,2,2,2,0.40,0,438,,,0,,,,,29.52,,0,,,,,,,,,,,,,,,,,0.000,,,0,22.0,,43,,0,2
02/16/2026 02:50:11,,81442326017,8144,2,Indoor 03,,,true,false,0,0,0,0,,,0,0,,,1,2,2,2,2,0.45,0,429,,,0,,,,,29.52,,0,,,,,,,,,,,,,,,,,0.000,,,0,22.1,,42,,0,3
02/16/2026 03:05:11,,81442326017,8144,2,Indoor 03,,,true,false,0,0,0,0,,,0,0,,,1,1,1,1,1,0.40,0,440,,,0,,,,,29.51,,0,,,,,,,,,,,,,,,,,0.000,,,0,22.1,,42,,0,2
02/16/2026 03:26:12,,81442326017,8144,2,Indoor 03,,,true,false,0,0,0,0,,,0,0,,,1,1,1,1,1,0.40,0,440,,,0,,,,,29.50,,0,,,,,,,,,,,,,,,,,0.000,,,0,22.1,,42,,0,3
02/16/2026 03:41:12,,81442326017,8144,2,Indoor 03,,,true,false,0,0,0,0,,,0,0,,,1,1,1,1,1,0.38,0,452,,,0,,,,,29.51,,0,,,,,,,,,,,,,,,,,0.000,,,0,22.1,,42,,0,2
02/16/2026 04:03:45,,81442326017,8144,2,Indoor 03,,,true,false,0,0,0,0,,,0,0,,,1,1,1,1,1,0.52,0,451,,,0,,,,,29.50,,0,,,,,,,,,,,,,,,,,0.000,,,0,22.1,,42,,0,3
02/16/2026 04:18:45,,81442326017,8144,2,Indoor 03,,,true,false,0,0,0,0,,,0,0,,,1,1,1,1,1,0.41,0,456,,,0,,,,,29.50,,0,,,,,,,,,,,,,,,,,0.000,,,0,22.0,,42,,0,2
02/16/2026 04:41:33,,81442326017,8144,2,Indoor 03,,,true,false,0,0,0,0,,,0,0,,,1,1,1,1,1,0.48,0,429,,,0,,,,,29.51,,0,,,,,,,,,,,,,,,,,0.000,,,0,22.0,,42,,0,3
02/16/2026 04:56:33,,81442326017,8144,2,Indoor 03,,,true,false,4,1,1,1,,,1,1,,,2,2,2,2,2,0.38,0,441,,,0,,,,,29.51,,0,,,,,,,,,,,,,,,,,0.000,,,0,22.0,,42,,0,2
02/16/2026 05:19:21,,81442326017,8144,2,Indoor 03,,,true,false,4,1,1,1,,,1,1,,,2,2,2,2,2,0.47,0,452,,,0,,,,,29.51,,0,,,,,,,,,,,,,,,,,0.000,,,0,22.1,,41,,0,3
02/16/2026 05:34:21,,81442326017,8144,2,Indoor 03,,,true,false,4,1,1,1,,,1,1,,,2,2,3,3,3,0.40,0,445,,,0,,,,,29.51,,0,,,,,,,,,,,,,,,,,0.000,,,0,22.1,,41,,0,2
02/16/2026 05:56:53,,81442326017,8144,2,Indoor 03,,,true,false,4,1,1,1,,,1,1,,,2,3,3,3,3,0.36,0,438,,,0,,,,,29.52,,0,,,,,,,,,,,,,,,,,0.000,,,0,22.1,,41,,0,3
02/16/2026 06:11:53,,81442326017,8144,2,Indoor 03,,,true,false,4,1,1,1,,,1,1,,,2,3,3,3,3,0.37,0,447,,,0,,,,,29.52,,0,,,,,,,,,,,,,,,,,0.000,,,0,22.1,,41,,0,2
02/16/2026 06:33:26,,81442326017,8144,2,Indoor 03,,,true,false,4,1,1,1,,,1,1,,,2,3,3,3,3,0.49,0,454,,,0,,,,,29.53,,0,,,,,,,,,,,,,,,,,0.000,,,0,22.1,,41,,0,3
02/16/2026 06:48:26,,81442326017,8144,2,Indoor 03,,,true,false,4,1,1,1,,,1,1,,,2,2,2,2,2,0.43,0,457,,,0,,,,,29.54,,0,,,,,,,,,,,,,,,,,0.000,,,0,22.1,,41,,0,2
02/16/2026 07:10:59,,81442326017,8144,2,Indoor 03,,,true,false,0,0,0,0,,,0,0,,,1,2,2,2,2,0.33,0,454,,,0,,,,,29.54,,0,,,,,,,,,,,,,,,,,0.000,,,0,22.1,,41,,0,3
02/16/2026 07:25:59,,81442326017,8144,2,Indoor 03,,,true,false,0,0,0,0,,,0,0,,,1,1,1,1,1,0.35,0,459,,,0,,,,,29.55,,0,,,,,,,,,,,,,,,,,0.000,,,0,22.1,,41,,0,2
02/16/2026 07:48:31,,81442326017,8144,2,Indoor 03,,,true,false,0,0,0,0,,,0,0,,,2,2,2,2,2,0.36,0,462,,,0,,,,,29.56,,0,,,,,,,,,,,,,,,,,0.000,,,0,22.1,,41,,0,3
02/16/2026 08:03:31,,81442326017,8144,2,Indoor 03,,,true,false,0,0,0,0,,,0,0,,,2,2,2,2,2,0.39,0,467,,,0,,,,,29.57,,0,,,,,,,,,,,,,,,,,0.000,,,0,22.1,,41,,0,2
02/16/2026 08:26:04,,81442326017,8144,2,Indoor 03,,,true,false,0,0,0,0,,,0,0,,,2,2,2,2,2,0.32,0,447,,,0,,,,,29.58,,0,,,,,,,,,,,,,,,,,0.000,,,0,22.1,,41,,0,3
02/16/2026 08:41:04,,81442326017,8144,2,Indoor 03,,,true,false,4,1,0,1,,,1,1,,,2,2,2,2,2,0.34,0,460,,,0,,,,,29.59,,0,,,,,,,,,,,,,,,,,0.000,,,0,22.1,,41,,0,2
02/16/2026 09:03:52,,81442326017,8144,2,Indoor 03,,,true,false,4,1,0,1,,,1,1,,,2,2,2,2,2,0.36,0,463,,,0,,,,,29.60,,0,,,,,,,,,,,,,,,,,0.000,,,0,22.1,,41,,0,3
02/16/2026 09:18:52,,81442326017,8144,2,Indoor 03,,,true,false,0,0,0,0,,,0,0,,,1,2,2,2,2,0.37,0,466,,,0,,,,,29.60,,0,,,,,,,,,,,,,,,,,0.000,,,0,22.1,,41,,0,2
02/16/2026 09:40:39,,81442326017,8144,2,Indoor 03,,,true,false,4,1,1,1,,,1,1,,,2,2,2,2,2,0.41,0,450,,,0,,,,,29.61,,0,,,,,,,,,,,,,,,,,0.000,,,0,22.1,,41,,0,3
02/16/2026 09:55:39,,81442326017,8144,2,Indoor 03,,,true,false,4,1,1,1,,,1,1,,,2,2,2,2,2,0.39,0,457,,,0,,,,,29.62,,0,,,,,,,,,,,,,,,,,0.000,,,0,22.0,,41,,0,2
02/16/2026 10:18:27,,81442326017,8144,2,Indoor 03,,,true,false,4,1,1,1,,,1,1,,,2,2,2,2,2,0.34,0,468,,,0,,,,,29.64,,0,,,,,,,,,,,,,,,,,0.000,,,0,22.1,,41,,0,3
02/16/2026 10:33:27,,81442326017,8144,2,Indoor 03,,,true,false,4,1,1,1,,,1,1,,,2,2,2,2,2,0.34,0,464,,,0,,,,,29.64,,0,,,,,,,,,,,,,,,,,0.000,,,0,22.1,,40,,0,2
02/16/2026 10:56:15,,81442326017,8144,2,Indoor 03,,,true,false,0,0,0,0,,,0,0,,,1,2,2,2,2,0.43,0,459,,,0,,,,,29.65,,0,,,,,,,,,,,,,,,,,0.000,,,0,22.1,,40,,0,3
02/16/2026 11:11:15,,81442326017,8144,2,Indoor 03,,,true,false,0,0,0,0,,,0,0,,,1,1,1,1,1,0.38,0,465,,,0,,,,,29.66,,0,,,,,,,,,,,,,,,,,0.005,,,0,22.1,,40,,0,2
02/16/2026 11:33:33,,81442326017,8144,2,Indoor 03,,,true,false,0,0,0,0,,,0,0,,,1,2,2,2,2,0.47,0,452,,,0,,,,,29.68,,0,,,,,,,,,,,,,,,,,0.002,,,0,22.2,,44,,0,3
02/16/2026 11:48:33,,81442326017,8144,2,Indoor 03,,,true,false,0,0,0,0,,,0,0,,,1,2,2,2,2,0.40,0,460,,,0,,,,,29.69,,0,,,,,,,,,,,,,,,,,0.017,,,0,22.1,,45,,0,2
02/16/2026 12:10:06,,81442326017,8144,2,Indoor 03,,,true,false,0,0,0,0,,,0,0,,,1,2,2,2,2,0.43,0,454,,,0,,,,,29.71,,0,,,,,,,,,,,,,,,,,0.000,,,0,22.1,,44,,0,3
02/16/2026 12:25:06,,81442326017,8144,2,Indoor 03,,,true,false,4,1,1,1,,,1,1,,,2,2,2,2,2,0.36,0,451,,,0,,,,,29.72,,0,,,,,,,,,,,,,,,,,0.000,,,0,22.1,,44,,0,2
02/16/2026 12:47:23,,81442326017,8144,2,Indoor 03,,,true,false,13,3,3,3,,,3,3,,,10,11,11,11,11,0.41,0,462,,,0,,,,,29.74,,0,,,,,,,,,,,,,,,,,0.000,,,0,22.1,,45,,0,3
02/16/2026 13:02:23,,81442326017,8144,2,Indoor 03,,,true,false,13,3,3,3,,,3,3,,,9,10,11,11,11,0.46,0,466,,,0,,,,,29.75,,0,,,,,,,,,,,,,,,,,0.000,,,0,22.2,,45,,0,2
02/16/2026 13:25:11,,81442326017,8144,2,Indoor 03,,,true,false,4,1,1,1,,,1,1,,,3,4,4,4,4,0.48,0,473,,,0,,,,,29.76,,0,,,,,,,,,,,,,,,,,0.000,,,0,22.2,,44,,0,3
02/16/2026 13:40:11,,81442326017,8144,2,Indoor 03,,,true,false,4,1,1,1,,,1,1,,,4,4,4,4,4,0.44,0,461,,,0,,,,,29.78,,0,,,,,,,,,,,,,,,,,0.000,,,0,22.2,,44,,0,2
02/16/2026 14:02:43,,81442326017,8144,2,Indoor 03,,,true,false,4,1,1,1,,,1,1,,,3,3,3,3,3,0.43,0,456,,,0,,,,,29.79,,0,,,,,,,,,,,,,,,,,0.000,,,0,22.3,,44,,0,3
02/16/2026 14:17:43,,81442326017,8144,2,Indoor 03,,,true,false,4,1,1,1,,,1,1,,,2,3,3,3,3,0.38,0,472,,,0,,,,,29.80,,0,,,,,,,,,,,,,,,,,0.000,,,0,22.2,,44,,0,2
02/16/2026 14:38:45,,81442326017,8144,2,Indoor 03,,,true,false,4,1,1,1,,,1,1,,,2,2,2,2,2,0.38,0,443,,,0,,,,,29.81,,0,,,,,,,,,,,,,,,,,0.000,,,0,22.2,,44,,0,3
02/16/2026 14:53:45,,81442326017,8144,2,Indoor 03,,,true,false,4,1,1,1,,,1,1,,,2,2,2,2,2,0.36,0,450,,,0,,,,,29.82,,0,,,,,,,,,,,,,,,,,0.000,,,0,22.1,,44,,0,2
02/16/2026 15:16:34,,81442326017,8144,2,Indoor 03,,,true,false,4,1,1,1,,,1,1,,,2,2,2,2,2,0.43,0,436,,,0,,,,,29.83,,0,,,,,,,,,,,,,,,,,0.000,,,0,22.1,,43,,0,3
02/16/2026 15:31:34,,81442326017,8144,2,Indoor 03,,,true,false,4,1,1,1,,,1,1,,,2,2,2,2,2,0.40,0,433,,,0,,,,,29.83,,0,,,,,,,,,,,,,,,,,0.000,,,0,22.1,,43,,0,2
02/16/2026 15:54:06,,81442326017,8144,2,Indoor 03,,,true,false,4,1,1,1,,,1,1,,,2,3,3,3,3,0.37,0,437,,,0,,,,,29.83,,0,,,,,,,,,,,,,,,,,0.000,,,0,22.2,,44,,0,3
02/16/2026 16:09:06,,81442326017,8144,2,Indoor 03,,,true,false,4,1,1,1,,,1,1,,,2,3,3,3,3,0.37,0,432,,,0,,,,,29.83,,0,,,,,,,,,,,,,,,,,0.003,,,0,22.2,,44,,0,2
02/16/2026 16:31:23,,81442326017,8144,2,Indoor 03,,,true,false,4,1,1,1,,,1,1,,,2,3,3,3,3,0.34,0,441,,,0,,,,,29.84,,0,,,,,,,,,,,,,,,,,0.000,,,0,22.2,,45,,0,3
02/16/2026 16:46:23,,81442326017,8144,2,Indoor 03,,,true,false,4,1,1,1,,,1,1,,,3,3,3,3,3,0.37,0,445,,,0,,,,,29.84,,0,,,,,,,,,,,,,,,,,0.000,,,0,22.1,,44,,0,2
02/16/2026 17:08:41,,81442326017,8144,2,Indoor 03,,,true,false,4,1,1,1,,,1,1,,,4,4,4,4,4,0.44,0,454,,,0,,,,,29.83,,0,,,,,,,,,,,,,,,,,0.000,,,0,22.1,,44,,0,3
02/16/2026 17:23:41,,81442326017,8144,2,Indoor 03,,,true,false,4,1,1,1,,,1,1,,,4,4,4,4,4,0.39,0,447,,,0,,,,,29.83,,0,,,,,,,,,,,,,,,,,0.000,,,0,22.1,,44,,0,2
02/16/2026 17:46:14,,81442326017,8144,2,Indoor 03,,,true,false,4,1,1,1,,,1,1,,,4,4,4,4,4,0.37,0,436,,,0,,,,,29.83,,0,,,,,,,,,,,,,,,,,0.000,,,0,22.0,,44,,0,3
02/16/2026 18:01:14,,81442326017,8144,2,Indoor 03,,,true,false,4,1,1,1,,,1,1,,,4,4,4,4,4,0.36,0,437,,,0,,,,,29.83,,0,,,,,,,,,,,,,,,,,0.000,,,0,22.0,,44,,0,2
02/16/2026 18:23:47,,81442326017,8144,2,Indoor 03,,,true,false,4,1,1,1,,,1,1,,,4,4,4,4,4,0.37,0,434,,,0,,,,,29.83,,0,,,,,,,,,,,,,,,,,0.000,,,0,22.1,,43,,0,3
02/16/2026 18:38:47,,81442326017,8144,2,Indoor 03,,,true,false,4,1,1,1,,,1,1,,,4,4,4,4,4,0.36,0,447,,,0,,,,,29.83,,0,,,,,,,,,,,,,,,,,0.000,,,0,22.0,,43,,0,2
02/16/2026 19:01:34,,81442326017,8144,2,Indoor 03,,,true,false,4,1,1,1,,,1,1,,,4,5,5,5,5,0.43,0,438,,,0,,,,,29.83,,0,,,,,,,,,,,,,,,,,0.000,,,0,22.0,,44,,0,3
02/16/2026 19:16:34,,81442326017,8144,2,Indoor 03,,,true,false,4,1,1,1,,,1,1,,,4,5,5,5,5,0.38,0,436,,,0,,,,,29.83,,0,,,,,,,,,,,,,,,,,0.000,,,0,22.0,,44,,0,2
02/16/2026 19:39:07,,81442326017,8144,2,Indoor 03,,,true,false,8,2,2,2,,,2,2,,,6,7,7,7,7,0.38,0,429,,,0,,,,,29.83,,0,,,,,,,,,,,,,,,,,0.009,,,0,22.1,,44,,0,3
02/16/2026 19:54:07,,81442326017,8144,2,Indoor 03,,,true,false,4,1,1,1,,,1,1,,,5,5,5,5,5,0.40,0,435,,,0,,,,,29.83,,0,,,,,,,,,,,,,,,,,0.002,,,0,22.2,,43,,0,2
02/16/2026 20:16:55,,81442326017,8144,2,Indoor 03,,,true,false,4,1,1,1,,,1,1,,,4,5,5,5,5,0.42,0,424,,,0,,,,,29.83,,0,,,,,,,,,,,,,,,,,0.000,,,0,22.2,,44,,0,3
02/16/2026 20:31:55,,81442326017,8144,2,Indoor 03,,,true,false,4,1,1,1,,,1,1,,,4,5,5,5,5,0.38,0,424,,,0,,,,,29.83,,0,,,,,,,,,,,,,,,,,0.000,,,0,22.2,,44,,0,2
02/16/2026 20:54:42,,81442326017,8144,2,Indoor 03,,,true,false,4,1,1,1,,,1,1,,,5,5,5,5,5,0.38,0,417,,,0,,,,,29.83,,0,,,,,,,,,,,,,,,,,0.000,,,0,22.2,,44,,0,3
02/16/2026 21:09:42,,81442326017,8144,2,Indoor 03,,,true,false,8,2,1,2,,,2,2,,,5,6,6,6,6,0.38,0,427,,,0,,,,,29.83,,0,,,,,,,,,,,,,,,,,0.000,,,0,22.3,,43,,0,2
02/16/2026 21:32:16,,81442326017,8144,2,Indoor 03,,,true,false,8,2,2,2,,,2,2,,,6,6,6,6,6,0.39,0,424,,,0,,,,,29.83,,0,,,,,,,,,,,,,,,,,0.000,,,0,22.2,,43,,0,3
02/16/2026 21:47:16,,81442326017,8144,2,Indoor 03,,,true,false,8,2,2,2,,,2,2,,,5,6,6,6,6,0.39,0,426,,,0,,,,,29.84,,0,,,,,,,,,,,,,,,,,0.000,,,0,22.1,,43,,0,2
02/16/2026 22:09:18,,81442326017,8144,2,Indoor 03,,,true,false,8,2,1,2,,,2,2,,,5,6,6,6,6,0.37,0,418,,,0,,,,,29.85,,0,,,,,,,,,,,,,,,,,0.000,,,0,22.2,,44,,0,3
02/16/2026 22:24:18,,81442326017,8144,2,Indoor 03,,,true,false,4,1,1,1,,,1,1,,,4,5,5,5,5,0.37,0,423,,,0,,,,,29.85,,0,,,,,,,,,,,,,,,,,0.001,,,0,22.2,,44,,0,2
02/16/2026 22:46:51,,81442326017,8144,2,Indoor 03,,,true,false,4,1,1,1,,,1,1,,,4,5,5,5,5,0.38,0,414,,,0,,,,,29.86,,0,,,,,,,,,,,,,,,,,0.000,,,0,22.1,,44,,0,3
02/16/2026 23:01:51,,81442326017,8144,2,Indoor 03,,,true,false,4,1,1,1,,,1,1,,,4,5,5,5,5,0.38,0,419,,,0,,,,,29.86,,0,,,,,,,,,,,,,,,,,0.000,,,0,22.0,,44,,0,2
02/16/2026 23:23:38,,81442326017,8144,2,Indoor 03,,,true,false,4,1,1,1,,,1,1,,,4,5,5,5,5,0.36,0,420,,,0,,,,,29.87,,0,,,,,,,,,,,,,,,,,0.000,,,0,22.0,,44,,0,3
02/16/2026 23:38:38,,81442326017,8144,2,Indoor 03,,,true,false,4,1,1,1,,,1,1,,,4,4,4,4,4,0.37,0,421,,,0,,,,,29.88,,0,,,,,,,,,,,,,,,,,0.000,,,0,22.1,,44,,0,2
02/17/2026 00:01:41,,81442326017,8144,2,Indoor 03,,,true,false,4,1,1,1,,,1,1,,,4,5,5,5,5,0.36,0,415,,,0,,,,,29.89,,0,,,,,,,,,,,,,,,,,0.000,,,0,22.1,,43,,0,3
02/17/2026 00:16:41,,81442326017,8144,2,Indoor 03,,,true,false,4,1,1,1,,,1,1,,,5,5,5,5,5,0.37,0,417,,,0,,,,,29.89,,0,,,,,,,,,,,,,,,,,0.000,,,0,22.1,,43,,0,2
02/17/2026 00:39:28,,81442326017,8144,2,Indoor 03,,,true,false,8,2,1,2,,,2,2,,,5,6,6,6,6,0.44,0,426,,,0,,,,,29.90,,0,,,,,,,,,,,,,,,,,0.000,,,0,22.0,,43,,0,3
02/17/2026 00:54:28,,81442326017,8144,2,Indoor 03,,,true,false,8,2,1,2,,,2,2,,,5,6,6,6,6,0.39,0,426,,,0,,,,,29.91,,0,,,,,,,,,,,,,,,,,0.002,,,0,22.0,,43,,0,2
02/17/2026 01:17:17,,81442326017,8144,2,Indoor 03,,,true,false,8,2,2,2,,,2,2,,,5,6,6,6,6,0.35,0,419,,,0,,,,,29.91,,0,,,,,,,,,,,,,,,,,0.000,,,0,22.2,,45,,0,3
02/17/2026 01:32:17,,81442326017,8144,2,Indoor 03,,,true,false,8,2,2,2,,,2,2,,,5,6,6,6,6,0.36,0,425,,,0,,,,,29.91,,0,,,,,,,,,,,,,,,,,0.000,,,0,22.2,,44,,0,2
02/17/2026 01:55:05,,81442326017,8144,2,Indoor 03,,,true,false,8,2,2,2,,,2,2,,,7,7,7,7,7,0.41,0,425,,,0,,,,,29.92,,0,,,,,,,,,,,,,,,,,0.000,,,0,22.0,,43,,0,3
02/17/2026 02:10:05,,81442326017,8144,2,Indoor 03,,,true,false,8,2,2,2,,,2,2,,,6,7,7,7,7,0.39,0,427,,,0,,,,,29.92,,0,,,,,,,,,,,,,,,,,0.001,,,0,22.1,,44,,0,2
02/17/2026 02:32:51,,81442326017,8144,2,Indoor 03,,,true,false,8,2,2,2,,,2,2,,,7,8,8,8,8,0.37,0,428,,,0,,,,,29.92,,0,,,,,,,,,,,,,,,,,0.000,,,0,22.2,,44,,0,3
02/17/2026 02:47:51,,81442326017,8144,2,Indoor 03,,,true,false,8,2,2,2,,,2,2,,,7,8,8,8,8,0.36,0,430,,,0,,,,,29.92,,0,,,,,,,,,,,,,,,,,0.000,,,0,22.1,,44,,0,2
02/17/2026 03:10:25,,81442326017,8144,2,Indoor 03,,,true,false,8,2,2,2,,,2,2,,,7,8,8,8,8,0.37,0,429,,,0,,,,,29.93,,0,,,,,,,,,,,,,,,,,0.000,,,0,22.0,,44,,0,3
02/17/2026 03:25:25,,81442326017,8144,2,Indoor 03,,,true,false,8,2,2,2,,,2,2,,,7,8,8,8,8,0.35,0,427,,,0,,,,,29.93,,0,,,,,,,,,,,,,,,,,0.000,,,0,22.0,,43,,0,2
02/17/2026 03:48:12,,81442326017,8144,2,Indoor 03,,,true,false,8,2,2,2,,,2,2,,,7,8,8,8,8,0.35,0,426,,,0,,,,,29.93,,0,,,,,,,,,,,,,,,,,0.000,,,0,22.2,,44,,0,3
02/17/2026 04:03:12,,81442326017,8144,2,Indoor 03,,,true,false,8,2,2,2,,,2,2,,,7,7,8,8,8,0.35,0,429,,,0,,,,,29.93,,0,,,,,,,,,,,,,,,,,0.000,,,0,22.2,,44,,0,2
02/17/2026 04:25:45,,81442326017,8144,2,Indoor 03,,,true,false,8,2,2,2,,,2,2,,,7,8,8,8,8,0.36,0,436,,,0,,,,,29.94,,0,,,,,,,,,,,,,,,,,0.000,,,0,22.2,,43,,0,3
02/17/2026 04:40:45,,81442326017,8144,2,Indoor 03,,,true,false,8,2,2,2,,,2,2,,,6,7,7,7,7,0.36,0,437,,,0,,,,,29.93,,0,,,,,,,,,,,,,,,,,0.000,,,0,22.1,,42,,0,2
02/17/2026 05:03:03,,81442326017,8144,2,Indoor 03,,,true,false,8,2,2,2,,,2,2,,,7,8,8,8,8,0.37,0,433,,,0,,,,,29.93,,0,,,,,,,,,,,,,,,,,0.000,,,0,22.0,,43,,0,3
02/17/2026 05:18:03,,81442326017,8144,2,Indoor 03,,,true,false,8,2,2,2,,,2,2,,,7,8,8,8,8,0.38,0,432,,,0,,,,,29.93,,0,,,,,,,,,,,,,,,,,0.000,,,0,22.1,,43,,0,2
02/17/2026 05:41:05,,81442326017,8144,2,Indoor 03,,,true,false,8,2,2,2,,,2,2,,,7,8,8,8,8,0.38,0,428,,,0,,,,,29.94,,0,,,,,,,,,,,,,,,,,0.000,,,0,22.1,,42,,0,3
02/17/2026 05:56:05,,81442326017,8144,2,Indoor 03,,,true,false,8,2,2,2,,,2,2,,,7,8,8,8,8,0.36,0,427,,,0,,,,,29.93,,0,,,,,,,,,,,,,,,,,0.000,,,0,22.1,,42,,0,2
02/17/2026 06:18:53,,81442326017,8144,2,Indoor 03,,,true,false,8,2,2,2,,,2,2,,,8,9,9,9,9,0.40,0,425,,,0,,,,,29.93,,0,,,,,,,,,,,,,,,,,0.000,,,0,22.0,,42,,0,3
02/17/2026 06:33:53,,81442326017,8144,2,Indoor 03,,,true,false,8,2,2,2,,,2,2,,,7,8,8,8,8,0.38,0,429,,,0,,,,,29.94,,0,,,,,,,,,,,,,,,,,0.006,,,0,22.0,,43,,0,2
02/17/2026 06:56:56,,81442326017,8144,2,Indoor 03,,,true,false,8,2,2,2,,,2,2,,,7,8,8,8,8,0.38,0,437,,,0,,,,,29.93,,0,,,,,,,,,,,,,,,,,0.000,,,0,22.1,,43,,0,3
02/17/2026 07:11:56,,81442326017,8144,2,Indoor 03,,,true,false,8,2,2,2,,,2,2,,,7,8,8,8,8,0.38,0,432,,,0,,,,,29.94,,0,,,,,,,,,,,,,,,,,0.000,,,0,22.1,,42,,0,2
02/17/2026 07:33:59,,81442326017,8144,2,Indoor 03,,,true,false,8,2,2,2,,,2,2,,,7,8,8,8,8,0.37,0,431,,,0,,,,,29.93,,0,,,,,,,,,,,,,,,,,0.000,,,0,22.1,,41,,0,3
02/17/2026 07:48:59,,81442326017,8144,2,Indoor 03,,,true,false,8,2,2,2,,,2,2,,,8,8,8,8,8,0.37,0,431,,,0,,,,,29.93,,0,,,,,,,,,,,,,,,,,0.001,,,0,22.0,,42,,0,2
02/17/2026 08:11:30,,81442326017,8144,2,Indoor 03,,,true,false,8,2,2,2,,,2,2,,,7,8,8,8,8,0.35,0,429,,,0,,,,,29.92,,0,,,,,,,,,,,,,,,,,0.000,,,0,22.1,,43,,0,3
02/17/2026 08:26:30,,81442326017,8144,2,Indoor 03,,,true,false,8,2,2,2,,,2,2,,,8,9,9,9,9,0.36,0,424,,,0,,,,,29.92,,0,,,,,,,,,,,,,,,,,0.000,,,0,22.0,,43,,0,2
02/17/2026 08:49:19,,81442326017,8144,2,Indoor 03,,,true,false,8,2,2,2,,,2,2,,,8,9,9,9,9,0.36,0,429,,,0,,,,,29.92,,0,,,,,,,,,,,,,,,,,0.000,,,0,22.0,,42,,0,3
02/17/2026 09:04:19,,81442326017,8144,2,Indoor 03,,,true,false,13,3,2,3,,,3,3,,,9,10,10,10,10,0.37,0,428,,,0,,,,,29.93,,0,,,,,,,,,,,,,,,,,0.000,,,0,22.0,,42,,0,2
02/17/2026 09:25:52,,81442326017,8144,2,Indoor 03,,,true,false,8,2,2,2,,,2,2,,,8,9,9,9,9,0.36,0,429,,,0,,,,,29.93,,0,,,,,,,,,,,,,,,,,0.000,,,0,22.1,,43,,0,3
02/17/2026 09:40:52,,81442326017,8144,2,Indoor 03,,,true,false,8,2,2,2,,,2,2,,,7,8,8,8,8,0.36,0,437,,,0,,,,,29.93,,0,,,,,,,,,,,,,,,,,0.000,,,0,22.1,,43,,0,2
02/17/2026 10:03:38,,81442326017,8144,2,Indoor 03,,,true,false,8,2,2,2,,,2,2,,,8,9,9,9,9,0.38,0,424,,,0,,,,,29.93,,0,,,,,,,,,,,,,,,,,0.000,,,0,22.1,,42,,0,3
02/17/2026 10:18:38,,81442326017,8144,2,Indoor 03,,,true,false,8,2,2,2,,,2,2,,,7,8,8,8,8,0.38,0,430,,,0,,,,,29.93,,0,,,,,,,,,,,,,,,,,0.000,,,0,22.1,,41,,0,2
02/17/2026 10:41:26,,81442326017,8144,2,Indoor 03,,,true,false,8,2,2,2,,,2,2,,,7,8,8,8,8,0.36,0,430,,,0,,,,,29.94,,0,,,,,,,,,,,,,,,,,0.000,,,0,22.1,,42,,0,3
02/17/2026 10:56:26,,81442326017,8144,2,Indoor 03,,,true,false,8,2,2,2,,,2,2,,,7,8,8,8,8,0.37,0,434,,,0,,,,,29.94,,0,,,,,,,,,,,,,,,,,0.000,,,0,22.0,,42,,0,2
02/17/2026 11:19:14,,81442326017,8144,2,Indoor 03,,,true,false,8,2,2,2,,,2,2,,,7,8,8,8,8,0.38,0,432,,,0,,,,,29.95,,0,,,,,,,,,,,,,,,,,0.000,,,0,22.1,,42,,0,3
02/17/2026 11:34:14,,81442326017,8144,2,Indoor 03,,,true,false,8,2,2,2,,,2,2,,,7,8,8,8,8,0.37,0,431,,,0,,,,,29.95,,0,,,,,,,,,,,,,,,,,0.015,,,0,22.1,,44,,0,2
02/17/2026 11:56:46,,81442326017,8144,2,Indoor 03,,,true,false,8,2,2,2,,,2,2,,,8,9,9,9,9,0.38,0,426,,,0,,,,,29.96,,0,,,,,,,,,,,,,,,,,0.000,,,0,22.1,,45,,0,3
02/17/2026 12:11:46,,81442326017,8144,2,Indoor 03,,,true,false,8,2,2,2,,,2,2,,,8,9,9,9,9,0.36,0,427,,,0,,,,,29.97,,0,,,,,,,,,,,,,,,,,0.001,,,0,22.1,,46,,0,2
02/17/2026 12:34:20,,81442326017,8144,2,Indoor 03,,,true,false,8,2,2,2,,,2,2,,,8,9,9,9,9,0.38,0,433,,,0,,,,,29.98,,0,,,,,,,,,,,,,,,,,0.000,,,0,22.0,,46,,0,3
02/17/2026 12:49:20,,81442326017,8144,2,Indoor 03,,,true,false,8,2,2,2,,,2,2,,,7,8,8,8,8,0.36,0,430,,,0,,,,,29.98,,0,,,,,,,,,,,,,,,,,0.000,,,0,22.0,,45,,0,2
02/17/2026 13:12:08,,81442326017,8144,2,Indoor 03,,,true,false,8,2,2,2,,,2,2,,,7,8,8,8,8,0.40,0,431,,,0,,,,,29.99,,0,,,,,,,,,,,,,,,,,0.000,,,0,22.1,,45,,0,3
02/17/2026 13:27:08,,81442326017,8144,2,Indoor 03,,,true,false,13,3,3,3,,,3,3,,,10,11,11,11,11,0.36,0,438,,,0,,,,,29.99,,0,,,,,,,,,,,,,,,,,0.000,,,0,22.1,,45,,0,2
02/17/2026 13:48:55,,81442326017,8144,2,Indoor 03,,,true,false,8,2,2,2,,,2,2,,,8,9,9,9,9,0.37,0,425,,,0,,,,,29.99,,0,,,,,,,,,,,,,,,,,0.000,,,0,22.1,,45,,0,3
02/17/2026 14:03:55,,81442326017,8144,2,Indoor 03,,,true,false,8,2,2,2,,,2,2,,,7,8,8,8,8,0.37,0,430,,,0,,,,,29.99,,0,,,,,,,,,,,,,,,,,0.000,,,0,22.1,,45,,0,2
02/17/2026 14:26:27,,81442326017,8144,2,Indoor 03,,,true,false,8,2,2,2,,,2,2,,,8,9,9,9,9,0.37,0,428,,,0,,,,,29.98,,0,,,,,,,,,,,,,,,,,0.000,,,0,22.1,,45,,0,3
02/17/2026 14:41:27,,81442326017,8144,2,Indoor 03,,,true,false,8,2,2,2,,,2,2,,,8,9,9,9,9,0.35,0,428,,,0,,,,,29.97,,0,,,,,,,,,,,,,,,,,0.000,,,0,22.2,,45,,0,2
02/17/2026 15:03:31,,81442326017,8144,2,Indoor 03,,,true,false,8,2,2,2,,,2,2,,,8,9,9,9,9,0.37,0,417,,,0,,,,,29.97,,0,,,,,,,,,,,,,,,,,0.000,,,0,22.2,,45,,0,3
02/17/2026 15:18:31,,81442326017,8144,2,Indoor 03,,,true,false,8,2,2,2,,,2,2,,,8,9,9,9,9,0.36,0,422,,,0,,,,,29.96,,0,,,,,,,,,,,,,,,,,0.000,,,0,22.2,,44,,0,2
02/17/2026 15:40:18,,81442326017,8144,2,Indoor 03,,,true,false,8,2,2,2,,,2,2,,,7,7,7,7,7,0.37,0,413,,,0,,,,,29.95,,0,,,,,,,,,,,,,,,,,0.000,,,0,22.1,,43,,0,3
02/17/2026 15:55:18,,81442326017,8144,2,Indoor 03,,,true,false,8,2,2,2,,,2,2,,,7,8,8,8,8,0.36,0,420,,,0,,,,,29.95,,0,,,,,,,,,,,,,,,,,0.000,,,0,22.1,,42,,0,2
02/17/2026 16:17:35,,81442326017,8144,2,Indoor 03,,,true,false,8,2,2,2,,,2,2,,,6,7,7,7,7,0.34,0,418,,,0,,,,,29.94,,0,,,,,,,,,,,,,,,,,0.000,,,0,22.0,,44,,0,3
02/17/2026 16:32:35,,81442326017,8144,2,Indoor 03,,,true,false,8,2,2,2,,,2,2,,,6,7,7,7,7,0.35,0,421,,,0,,,,,29.93,,0,,,,,,,,,,,,,,,,,0.000,,,0,22.0,,44,,0,2
02/17/2026 16:55:23,,81442326017,8144,2,Indoor 03,,,true,false,8,2,2,2,,,2,2,,,6,7,7,7,7,0.35,0,412,,,0,,,,,29.92,,0,,,,,,,,,,,,,,,,,0.000,,,0,22.2,,44,,0,3
02/17/2026 17:10:23,,81442326017,8144,2,Indoor 03,,,true,false,8,2,2,2,,,2,2,,,6,7,7,7,7,0.35,0,416,,,0,,,,,29.91,,0,,,,,,,,,,,,,,,,,0.000,,,0,22.2,,43,,0,2
02/17/2026 17:33:11,,81442326017,8144,2,Indoor 03,,,true,false,8,2,2,2,,,2,2,,,6,7,7,7,7,0.36,0,418,,,0,,,,,29.89,,0,,,,,,,,,,,,,,,,,0.000,,,0,22.2,,43,,0,3
02/17/2026 17:48:11,,81442326017,8144,2,Indoor 03,,,true,false,8,2,2,2,,,2,2,,,7,7,7,7,7,0.36,0,416,,,0,,,,,29.88,,0,,,,,,,,,,,,,,,,,0.000,,,0,22.1,,41,,0,2
02/17/2026 18:10:43,,81442326017,8144,2,Indoor 03,,,true,false,8,2,2,2,,,2,2,,,6,7,7,7,7,0.38,0,415,,,0,,,,,29.87,,0,,,,,,,,,,,,,,,,,0.000,,,0,22.1,,40,,0,3
02/17/2026 18:25:43,,81442326017,8144,2,Indoor 03,,,true,false,8,2,2,2,,,2,2,,,6,7,7,7,7,0.38,0,425,,,0,,,,,29.86,,0,,,,,,,,,,,,,,,,,0.000,,,0,22.1,,39,,0,2
02/17/2026 18:48:17,,81442326017,8144,2,Indoor 03,,,true,false,8,2,2,2,,,2,2,,,6,7,7,7,7,0.43,0,425,,,0,,,,,29.86,,0,,,,,,,,,,,,,,,,,0.000,,,0,22.1,,39,,0,3
02/17/2026 19:03:17,,81442326017,8144,2,Indoor 03,,,true,false,8,2,2,2,,,2,2,,,6,7,7,7,7,0.40,0,426,,,0,,,,,29.86,,0,,,,,,,,,,,,,,,,,0.000,,,0,22.2,,39,,0,2
02/17/2026 19:25:34,,81442326017,8144,2,Indoor 03,,,true,false,8,2,2,2,,,2,2,,,6,7,7,7,7,0.44,0,418,,,0,,,,,29.86,,0,,,,,,,,,,,,,,,,,0.000,,,0,22.1,,39,,0,3
02/17/2026 19:40:34,,81442326017,8144,2,Indoor 03,,,true,false,8,2,2,2,,,2,2,,,7,7,7,7,7,0.39,0,427,,,0,,,,,29.85,,0,,,,,,,,,,,,,,,,,0.000,,,0,22.1,,39,,0,2
02/17/2026 20:03:06,,81442326017,8144,2,Indoor 03,,,true,false,8,2,2,2,,,2,2,,,6,6,6,6,6,0.36,0,417,,,0,,,,,29.84,,0,,,,,,,,,,,,,,,,,0.000,,,0,22.1,,38,,0,3
02/17/2026 20:18:06,,81442326017,8144,2,Indoor 03,,,true,false,8,2,2,2,,,2,2,,,6,7,7,7,7,0.37,0,414,,,0,,,,,29.84,,0,,,,,,,,,,,,,,,,,0.000,,,0,22.1,,38,,0,2
02/17/2026 20:40:25,,81442326017,8144,2,Indoor 03,,,true,false,8,2,1,2,,,2,2,,,5,6,6,6,6,0.39,0,417,,,0,,,,,29.83,,0,,,,,,,,,,,,,,,,,0.000,,,0,22.0,,39,,0,3
02/17/2026 20:55:25,,81442326017,8144,2,Indoor 03,,,true,false,8,2,1,2,,,2,2,,,5,6,6,6,6,0.36,0,421,,,0,,,,,29.84,,0,,,,,,,,,,,,,,,,,0.000,,,0,22.0,,38,,0,2
02/17/2026 21:15:27,,81442326017,8144,2,Indoor 03,,,true,false,4,1,1,1,,,1,1,,,4,5,5,5,5,0.36,0,415,,,0,,,,,29.84,,0,,,,,,,,,,,,,,,,,0.000,,,0,21.9,,37,,0,3
02/17/2026 21:30:27,,81442326017,8144,2,Indoor 03,,,true,false,8,2,1,2,,,2,2,,,5,6,6,6,6,0.36,0,410,,,0,,,,,29.84,,0,,,,,,,,,,,,,,,,,0.000,,,0,22.0,,38,,0,2
02/17/2026 21:52:44,,81442326017,8144,2,Indoor 03,,,true,false,8,2,2,2,,,2,2,,,5,6,6,6,6,0.38,0,409,,,0,,,,,29.84,,0,,,,,,,,,,,,,,,,,0.000,,,0,22.2,,38,,0,3
02/17/2026 22:07:44,,81442326017,8144,2,Indoor 03,,,true,false,8,2,2,2,,,2,2,,,6,6,6,6,6,0.37,0,414,,,0,,,,,29.84,,0,,,,,,,,,,,,,,,,,0.000,,,0,22.2,,38,,0,2
02/17/2026 22:30:17,,81442326017,8144,2,Indoor 03,,,true,false,8,2,2,2,,,2,2,,,6,7,7,7,7,0.35,0,416,,,0,,,,,29.85,,0,,,,,,,,,,,,,,,,,0.000,,,0,22.2,,38,,0,3
02/17/2026 22:45:17,,81442326017,8144,2,Indoor 03,,,true,false,8,2,2,2,,,2,2,,,7,8,8,8,8,0.36,0,417,,,0,,,,,29.84,,0,,,,,,,,,,,,,,,,,0.006,,,0,22.2,,39,,0,2
02/17/2026 23:06:51,,81442326017,8144,2,Indoor 03,,,true,false,8,2,2,2,,,2,2,,,6,7,7,7,7,0.34,0,411,,,0,,,,,29.84,,0,,,,,,,,,,,,,,,,,0.005,,,0,22.2,,44,,0,3
02/17/2026 23:21:51,,81442326017,8144,2,Indoor 03,,,true,false,8,2,2,2,,,2,2,,,6,7,7,7,7,0.35,0,416,,,0,,,,,29.84,,0,,,,,,,,,,,,,,,,,0.019,,,0,22.2,,45,,0,2
02/17/2026 23:44:07,,81442326017,8144,2,Indoor 03,,,true,false,13,3,2,3,,,3,3,,,8,9,9,9,9,0.37,0,418,,,0,,,,,29.85,,0,,,,,,,,,,,,,,,,,0.000,,,0,22.1,,43,,0,3
02/17/2026 23:59:07,,81442326017,8144,2,Indoor 03,,,true,false,8,2,2,2,,,2,2,,,7,8,8,8,8,0.36,0,419,,,0,,,,,29.84,,0,,,,,,,,,,,,,,,,,0.000,,,0,22.1,,43,,0,2
02/18/2026 00:21:41,,81442326017,8144,2,Indoor 03,,,true,false,13,3,2,3,,,3,3,,,8,10,10,10,10,0.40,0,421,,,0,,,,,29.84,,0,,,,,,,,,,,,,,,,,0.000,,,0,22.2,,44,,0,3
02/18/2026 00:36:41,,81442326017,8144,2,Indoor 03,,,true,false,8,2,2,2,,,2,2,,,8,9,9,9,9,0.37,0,421,,,0,,,,,29.84,,0,,,,,,,,,,,,,,,,,0.000,,,0,22.2,,44,,0,2
02/18/2026 00:59:28,,81442326017,8144,2,Indoor 03,,,true,false,13,3,2,3,,,3,3,,,9,10,10,10,10,0.36,0,425,,,0,,,,,29.84,,0,,,,,,,,,,,,,,,,,0.000,,,0,22.2,,44,,0,3
02/18/2026 01:14:28,,81442326017,8144,2,Indoor 03,,,true,false,13,3,2,3,,,3,3,,,9,10,10,10,10,0.37,0,427,,,0,,,,,29.84,,0,,,,,,,,,,,,,,,,,0.000,,,0,22.1,,43,,0,2
02/18/2026 01:37:00,,81442326017,8144,2,Indoor 03,,,true,false,13,3,3,3,,,3,3,,,10,12,12,12,12,0.36,0,419,,,0,,,,,29.83,,0,,,,,,,,,,,,,,,,,0.000,,,0,22.1,,44,,0,3
02/18/2026 01:52:00,,81442326017,8144,2,Indoor 03,,,true,false,17,4,4,4,,,4,4,,,13,14,14,14,14,0.36,0,420,,,0,,,,,29.84,,0,,,,,,,,,,,,,,,,,0.011,,,0,22.1,,45,,0,2
02/18/2026 02:14:04,,81442326017,8144,2,Indoor 03,,,true,false,17,4,4,4,,,4,4,,,14,16,16,16,16,0.36,0,420,,,0,,,,,29.84,,0,,,,,,,,,,,,,,,,,0.000,,,0,22.1,,44,,0,3
02/18/2026 02:29:04,,81442326017,8144,2,Indoor 03,,,true,false,17,4,4,4,,,4,4,,,15,17,17,17,17,0.38,0,430,,,0,,,,,29.83,,0,,,,,,,,,,,,,,,,,0.000,,,0,22.1,,44,,0,2
02/18/2026 02:52:07,,81442326017,8144,2,Indoor 03,,,true,false,17,4,4,4,,,4,4,,,14,16,16,16,16,0.36,0,429,,,0,,,,,29.82,,0,,,,,,,,,,,,,,,,,0.000,,,0,22.1,,43,,0,3
02/18/2026 03:07:07,,81442326017,8144,2,Indoor 03,,,true,false,17,4,4,4,,,4,4,,,14,15,15,15,15,0.37,0,427,,,0,,,,,29.82,,0,,,,,,,,,,,,,,,,,0.000,,,0,22.0,,43,,0,2
02/18/2026 03:29:23,,81442326017,8144,2,Indoor 03,,,true,false,17,4,4,4,,,4,4,,,13,14,14,14,14,0.41,0,421,,,0,,,,,29.82,,0,,,,,,,,,,,,,,,,,0.000,,,0,22.1,,44,,0,3
02/18/2026 03:44:23,,81442326017,8144,2,Indoor 03,,,true,false,17,4,4,4,,,4,4,,,13,15,15,15,15,0.38,0,423,,,0,,,,,29.82,,0,,,,,,,,,,,,,,,,,0.000,,,0,22.2,,44,,0,2
02/18/2026 04:07:26,,81442326017,8144,2,Indoor 03,,,true,false,17,4,4,4,,,4,4,,,13,15,15,15,15,0.38,0,424,,,0,,,,,29.82,,0,,,,,,,,,,,,,,,,,0.000,,,0,22.1,,44,,0,3
02/18/2026 04:22:26,,81442326017,8144,2,Indoor 03,,,true,false,17,4,4,4,,,4,4,,,14,15,15,15,15,0.37,0,426,,,0,,,,,29.81,,0,,,,,,,,,,,,,,,,,0.000,,,0,22.1,,43,,0,2
02/18/2026 04:45:29,,81442326017,8144,2,Indoor 03,,,true,false,17,4,3,4,,,4,4,,,12,13,13,13,13,0.36,0,422,,,0,,,,,29.80,,0,,,,,,,,,,,,,,,,,0.000,,,0,22.1,,42,,0,3
02/18/2026 05:00:29,,81442326017,8144,2,Indoor 03,,,true,false,13,3,3,3,,,3,3,,,10,12,12,12,12,0.38,0,427,,,0,,,,,29.79,,0,,,,,,,,,,,,,,,,,0.000,,,0,22.1,,42,,0,2
02/18/2026 05:23:16,,81442326017,8144,2,Indoor 03,,,true,false,13,3,3,3,,,3,3,,,9,11,11,11,11,0.38,0,418,,,0,,,,,29.78,,0,,,,,,,,,,,,,,,,,0.000,,,0,22.0,,42,,0,3
02/18/2026 05:38:16,,81442326017,8144,2,Indoor 03,,,true,false,13,3,3,3,,,3,3,,,9,10,10,10,10,0.37,0,420,,,0,,,,,29.78,,0,,,,,,,,,,,,,,,,,0.000,,,0,22.0,,43,,0,2
02/18/2026 06:00:49,,81442326017,8144,2,Indoor 03,,,true,false,13,3,3,3,,,3,3,,,9,10,10,10,10,0.36,0,419,,,0,,,,,29.78,,0,,,,,,,,,,,,,,,,,0.000,,,0,22.1,,43,,0,3
02/18/2026 06:15:49,,81442326017,8144,2,Indoor 03,,,true,false,13,3,3,3,,,3,3,,,9,10,10,10,10,0.36,0,420,,,0,,,,,29.78,,0,,,,,,,,,,,,,,,,,0.000,,,0,22.1,,43,,0,2
02/18/2026 06:38:07,,81442326017,8144,2,Indoor 03,,,true,false,13,3,3,3,,,3,3,,,10,11,11,11,11,0.37,0,412,,,0,,,,,29.77,,0,,,,,,,,,,,,,,,,,0.000,,,0,22.0,,43,,0,3
02/18/2026 06:53:07,,81442326017,8144,2,Indoor 03,,,true,false,13,3,3,3,,,3,3,,,9,10,10,10,10,0.36,0,414,,,0,,,,,29.76,,0,,,,,,,,,,,,,,,,,0.000,,,0,22.0,,43,,0,2
02/18/2026 07:15:24,,81442326017,8144,2,Indoor 03,,,true,false,13,3,3,3,,,3,3,,,9,10,10,10,10,0.36,0,414,,,0,,,,,29.76,,0,,,,,,,,,,,,,,,,,0.000,,,0,22.1,,43,,0,3
02/18/2026 07:30:24,,81442326017,8144,2,Indoor 03,,,true,false,13,3,3,3,,,3,3,,,9,10,10,10,10,0.36,0,414,,,0,,,,,29.75,,0,,,,,,,,,,,,,,,,,0.000,,,0,22.1,,43,,0,2
02/18/2026 07:53:27,,81442326017,8144,2,Indoor 03,,,true,false,13,3,3,3,,,3,3,,,9,10,10,10,10,0.38,0,417,,,0,,,,,29.75,,0,,,,,,,,,,,,,,,,,0.000,,,0,22.1,,43,,0,3
02/18/2026 08:08:27,,81442326017,8144,2,Indoor 03,,,true,false,13,3,3,3,,,3,3,,,9,10,10,10,10,0.37,0,421,,,0,,,,,29.74,,0,,,,,,,,,,,,,,,,,0.000,,,0,22.0,,44,,0,2
02/18/2026 08:30:45,,81442326017,8144,2,Indoor 03,,,true,false,13,3,2,3,,,3,3,,,9,10,10,10,10,0.38,0,420,,,0,,,,,29.73,,0,,,,,,,,,,,,,,,,,0.000,,,0,22.0,,44,,0,3
02/18/2026 08:45:45,,81442326017,8144,2,Indoor 03,,,true,false,8,2,2,2,,,2,2,,,8,9,9,9,9,0.38,0,421,,,0,,,,,29.73,,0,,,,,,,,,,,,,,,,,0.000,,,0,22.1,,45,,0,2
02/18/2026 09:08:32,,81442326017,8144,2,Indoor 03,,,true,false,8,2,2,2,,,2,2,,,8,9,9,9,9,0.36,0,416,,,0,,,,,29.72,,0,,,,,,,,,,,,,,,,,0.000,,,0,22.0,,45,,0,3
02/18/2026 09:23:32,,81442326017,8144,2,Indoor 03,,,true,false,8,2,2,2,,,2,2,,,8,8,8,8,8,0.37,0,423,,,0,,,,,29.72,,0,,,,,,,,,,,,,,,,,0.000,,,0,22.1,,45,,0,2
02/18/2026 09:45:50,,81442326017,8144,2,Indoor 03,,,true,false,8,2,2,2,,,2,2,,,7,8,8,8,8,0.39,0,419,,,0,,,,,29.73,,0,,,,,,,,,,,,,,,,,0.000,,,0,22.1,,46,,0,3
02/18/2026 10:00:50,,81442326017,8144,2,Indoor 03,,,true,false,8,2,2,2,,,2,2,,,6,7,7,7,7,0.37,0,420,,,0,,,,,29.73,,0,,,,,,,,,,,,,,,,,0.000,,,0,22.0,,46,,0,2
02/18/2026 10:23:38,,81442326017,8144,2,Indoor 03,,,true,false,8,2,2,2,,,2,2,,,6,6,6,6,6,0.38,0,419,,,0,,,,,29.72,,0,,,,,,,,,,,,,,,,,0.000,,,0,22.0,,47,,0,3
02/18/2026 10:38:38,,81442326017,8144,2,Indoor 03,,,true,false,8,2,1,2,,,2,2,,,5,6,6,6,6,0.37,0,422,,,0,,,,,29.72,,0,,,,,,,,,,,,,,,,,0.001,,,0,22.0,,48,,0,2
02/18/2026 10:59:55,,81442326017,8144,2,Indoor 03,,,true,false,8,2,1,2,,,2,2,,,5,6,6,6,6,0.44,0,411,,,0,,,,,29.71,,0,,,,,,,,,,,,,,,,,0.000,,,0,22.1,,48,,0,3
02/18/2026 11:14:55,,81442326017,8144,2,Indoor 03,,,true,false,4,1,1,1,,,1,1,,,5,5,5,5,5,0.40,0,413,,,0,,,,,29.72,,0,,,,,,,,,,,,,,,,,0.000,,,0,22.1,,48,,0,2
02/18/2026 11:33:58,,81442326017,8144,2,Indoor 03,,,true,false,4,1,1,1,,,1,1,,,5,5,5,5,5,0.38,0,408,,,0,,,,,29.72,,0,,,,,,,,,,,,,,,,,0.000,,,0,22.1,,48,,0,3
02/18/2026 11:48:58,,81442326017,8144,2,Indoor 03,,,true,false,4,1,1,1,,,1,1,,,5,5,5,5,5,0.39,0,413,,,0,,,,,29.71,,0,,,,,,,,,,,,,,,,,0.000,,,0,22.1,,48,,0,2
02/18/2026 12:11:16,,81442326017,8144,2,Indoor 03,,,true,false,4,1,1,1,,,1,1,,,4,5,5,5,5,0.40,0,414,,,0,,,,,29.71,,0,,,,,,,,,,,,,,,,,0.000,,,0,22.1,,49,,0,3
02/18/2026 12:26:16,,81442326017,8144,2,Indoor 03,,,true,false,4,1,1,1,,,1,1,,,4,5,5,5,5,0.37,0,414,,,0,,,,,29.72,,0,,,,,,,,,,,,,,,,,0.000,,,0,22.1,,49,,0,2
02/18/2026 12:48:34,,81442326017,8144,2,Indoor 03,,,true,false,4,1,1,1,,,1,1,,,4,4,4,4,4,0.35,0,408,,,0,,,,,29.70,,0,,,,,,,,,,,,,,,,,0.000,,,0,22.1,,47,,0,3
02/18/2026 13:03:34,,81442326017,8144,2,Indoor 03,,,true,false,4,1,1,1,,,1,1,,,4,5,5,5,5,0.36,0,410,,,0,,,,,29.70,,0,,,,,,,,,,,,,,,,,0.000,,,0,22.0,,47,,0,2
02/18/2026 13:26:07,,81442326017,8144,2,Indoor 03,,,true,false,4,1,1,1,,,1,1,,,4,5,5,5,5,0.47,0,407,,,0,,,,,29.70,,0,,,,,,,,,,,,,,,,,0.000,,,0,22.1,,46,,0,3
02/18/2026 13:41:07,,81442326017,8144,2,Indoor 03,,,true,false,4,1,1,1,,,1,1,,,4,5,5,5,5,0.40,0,413,,,0,,,,,29.71,,0,,,,,,,,,,,,,,,,,0.000,,,0,22.0,,46,,0,2
02/18/2026 14:03:54,,81442326017,8144,2,Indoor 03,,,true,false,8,2,2,2,,,2,2,,,7,8,8,8,8,0.40,0,410,,,0,,,,,29.70,,0,,,,,,,,,,,,,,,,,0.000,,,0,22.1,,46,,0,3
02/18/2026 14:18:54,,81442326017,8144,2,Indoor 03,,,true,false,8,2,2,2,,,2,2,,,7,8,8,8,8,0.39,0,415,,,0,,,,,29.70,,0,,,,,,,,,,,,,,,,,0.000,,,0,22.1,,46,,0,2
02/18/2026 14:41:12,,81442326017,8144,2,Indoor 03,,,true,false,13,3,3,3,,,3,3,,,10,12,12,12,12,0.42,0,408,,,0,,,,,29.70,,0,,,,,,,,,,,,,,,,,0.000,,,0,22.0,,46,,0,3
02/18/2026 14:56:12,,81442326017,8144,2,Indoor 03,,,true,false,13,3,2,3,,,3,3,,,8,9,9,9,9,0.39,0,415,,,0,,,,,29.69,,0,,,,,,,,,,,,,,,,,0.000,,,0,22.0,,46,,0,2
02/18/2026 15:18:45,,81442326017,8144,2,Indoor 03,,,true,false,8,2,2,2,,,2,2,,,7,7,7,7,7,0.35,0,410,,,0,,,,,29.69,,0,,,,,,,,,,,,,,,,,0.000,,,0,21.9,,46,,0,3
02/18/2026 15:33:45,,81442326017,8144,2,Indoor 03,,,true,false,8,2,2,2,,,2,2,,,7,8,8,8,8,0.37,0,410,,,0,,,,,29.68,,0,,,,,,,,,,,,,,,,,0.000,,,0,22.0,,46,,0,2
02/18/2026 15:56:17,,81442326017,8144,2,Indoor 03,,,true,false,8,2,2,2,,,2,2,,,6,7,7,7,7,0.39,0,408,,,0,,,,,29.67,,0,,,,,,,,,,,,,,,,,0.000,,,0,22.0,,46,,0,3
02/18/2026 16:11:17,,81442326017,8144,2,Indoor 03,,,true,false,8,2,2,2,,,2,2,,,7,8,8,8,8,0.38,0,408,,,0,,,,,29.65,,0,,,,,,,,,,,,,,,,,0.000,,,0,21.9,,46,,0,2
02/18/2026 16:33:50,,81442326017,8144,2,Indoor 03,,,true,false,8,2,2,2,,,2,2,,,6,7,7,7,7,0.39,0,432,,,0,,,,,29.65,,0,,,,,,,,,,,,,,,,,0.009,,,0,21.9,,47,,0,3
02/18/2026 16:48:50,,81442326017,8144,2,Indoor 03,,,true,false,8,2,2,2,,,2,2,,,6,7,7,7,7,0.38,0,436,,,0,,,,,29.65,,0,,,,,,,,,,,,,,,,,0.035,,,0,22.1,,46,,0,2
02/18/2026 17:11:52,,81442326017,8144,2,Indoor 03,,,true,false,8,2,2,2,,,2,2,,,6,7,7,7,7,0.42,0,437,,,0,,,,,29.62,,0,,,,,,,,,,,,,,,,,0.000,,,0,22.2,,46,,0,3
02/18/2026 17:26:52,,81442326017,8144,2,Indoor 03,,,true,false,8,2,2,2,,,2,2,,,6,6,6,6,6,0.39,0,415,,,0,,,,,29.61,,0,,,,,,,,,,,,,,,,,0.000,,,0,21.9,,46,,0,2
02/18/2026 17:49:55,,81442326017,8144,2,Indoor 03,,,true,false,4,1,1,1,,,1,1,,,5,5,5,5,5,0.38,0,405,,,0,,,,,29.60,,0,,,,,,,,,,,,,,,,,0.000,,,0,21.9,,46,,0,3
02/18/2026 18:04:55,,81442326017,8144,2,Indoor 03,,,true,false,8,2,1,2,,,2,2,,,5,6,6,6,6,0.38,0,408,,,0,,,,,29.59,,0,,,,,,,,,,,,,,,,,0.000,,,0,21.9,,46,,0,2
02/18/2026 18:26:13,,81442326017,8144,2,Indoor 03,,,true,false,4,1,1,1,,,1,1,,,5,5,5,5,5,0.39,0,407,,,0,,,,,29.58,,0,,,,,,,,,,,,,,,,,0.000,,,0,21.6,,47,,0,3
02/18/2026 18:41:13,,81442326017,8144,2,Indoor 03,,,true,false,4,1,1,1,,,1,1,,,4,5,5,5,5,0.38,0,402,,,0,,,,,29.59,,0,,,,,,,,,,,,,,,,,0.011,,,0,21.5,,47,,0,2
02/18/2026 19:03:30,,81442326017,8144,2,Indoor 03,,,true,false,4,1,1,1,,,1,1,,,4,5,5,5,5,0.43,0,451,,,0,,,,,29.59,,0,,,,,,,,,,,,,,,,,0.312,,,0,21.8,,47,,0,3
02/18/2026 19:18:30,,81442326017,8144,2,Indoor 03,,,true,false,4,1,1,1,,,1,1,,,4,4,4,4,4,0.39,0,430,,,0,,,,,29.58,,0,,,,,,,,,,,,,,,,,0.832,,,0,21.9,,47,,0,2
02/18/2026 19:40:48,,81442326017,8144,2,Indoor 03,,,true,false,4,1,1,1,,,1,1,,,4,4,4,4,4,0.37,0,421,,,0,,,,,29.57,,0,,,,,,,,,,,,,,,,,0.009,,,0,22.1,,46,,0,3
02/18/2026 19:55:48,,81442326017,8144,2,Indoor 03,,,true,false,4,1,1,1,,,1,1,,,4,4,4,4,4,0.36,0,422,,,0,,,,,29.57,,0,,,,,,,,,,,,,,,,,2.308,,,0,22.2,,46,,0,2
02/18/2026 20:18:06,,81442326017,8144,2,Indoor 03,,,true,false,4,1,1,1,,,1,1,,,4,4,4,4,4,0.33,0,445,,,0,,,,,29.56,,0,,,,,,,,,,,,,,,,,0.000,,,0,22.2,,46,,0,3
02/18/2026 20:33:06,,81442326017,8144,2,Indoor 03,,,true,false,4,1,1,1,,,1,1,,,4,5,5,5,5,0.35,0,436,,,0,,,,,29.55,,0,,,,,,,,,,,,,,,,,0.000,,,0,22.3,,46,,0,2
02/18/2026 20:55:39,,81442326017,8144,2,Indoor 03,,,true,false,4,1,1,1,,,1,1,,,4,5,5,5,5,0.36,0,423,,,0,,,,,29.56,,0,,,,,,,,,,,,,,,,,0.000,,,0,22.3,,46,,0,3
02/18/2026 21:10:39,,81442326017,8144,2,Indoor 03,,,true,false,4,1,1,1,,,1,1,,,5,5,5,5,5,0.36,0,418,,,0,,,,,29.56,,0,,,,,,,,,,,,,,,,,0.000,,,0,22.2,,46,,0,2
02/18/2026 21:33:12,,81442326017,8144,2,Indoor 03,,,true,false,4,1,1,1,,,1,1,,,4,5,5,5,5,0.41,0,407,,,0,,,,,29.57,,0,,,,,,,,,,,,,,,,,0.000,,,0,22.2,,45,,0,3
02/18/2026 21:48:12,,81442326017,8144,2,Indoor 03,,,true,false,4,1,1,1,,,1,1,,,4,4,4,4,4,0.37,0,410,,,0,,,,,29.58,,0,,,,,,,,,,,,,,,,,0.000,,,0,22.2,,45,,0,2
02/18/2026 22:10:44,,81442326017,8144,2,Indoor 03,,,true,false,4,1,1,1,,,1,1,,,4,5,5,5,5,0.38,0,413,,,0,,,,,29.58,,0,,,,,,,,,,,,,,,,,0.000,,,0,22.3,,45,,0,3
02/18/2026 22:25:44,,81442326017,8144,2,Indoor 03,,,true,false,8,2,1,2,,,2,2,,,5,6,6,6,6,0.38,0,416,,,0,,,,,29.57,,0,,,,,,,,,,,,,,,,,0.000,,,0,22.3,,45,,0,2
02/18/2026 22:48:16,,81442326017,8144,2,Indoor 03,,,true,false,8,2,1,2,,,2,2,,,5,6,6,6,6,0.36,0,413,,,0,,,,,29.58,,0,,,,,,,,,,,,,,,,,0.000,,,0,22.3,,45,,0,3
02/18/2026 23:03:16,,81442326017,8144,2,Indoor 03,,,true,false,4,1,1,1,,,1,1,,,4,5,5,5,5,0.37,0,413,,,0,,,,,29.59,,0,,,,,,,,,,,,,,,,,0.000,,,0,22.3,,45,,0,2
02/18/2026 23:25:34,,81442326017,8144,2,Indoor 03,,,true,false,4,1,1,1,,,1,1,,,4,5,5,5,5,0.39,0,400,,,0,,,,,29.59,,0,,,,,,,,,,,,,,,,,0.000,,,0,22.3,,45,,0,3
02/18/2026 23:40:34,,81442326017,8144,2,Indoor 03,,,true,false,8,2,2,2,,,2,2,,,5,6,6,6,6,0.38,0,403,,,0,,,,,29.58,,0,,,,,,,,,,,,,,,,,0.000,,,0,22.3,,45,,0,2
02/19/2026 00:02:52,,81442326017,8144,2,Indoor 03,,,true,false,4,1,1,1,,,1,1,,,5,5,5,5,5,0.41,0,407,,,0,,,,,29.58,,0,,,,,,,,,,,,,,,,,0.000,,,0,22.3,,45,,0,3
02/19/2026 00:17:52,,81442326017,8144,2,Indoor 03,,,true,false,4,1,1,1,,,1,1,,,5,5,5,5,6,0.39,0,413,,,0,,,,,29.59,,0,,,,,,,,,,,,,,,,,0.000,,,0,22.3,,45,,0,2
02/19/2026 00:40:09,,81442326017,8144,2,Indoor 03,,,true,false,4,1,1,1,,,1,1,,,5,5,5,5,5,0.35,0,409,,,0,,,,,29.59,,0,,,,,,,,,,,,,,,,,0.000,,,0,22.3,,45,,0,3
02/19/2026 00:55:09,,81442326017,8144,2,Indoor 03,,,true,false,8,2,1,2,,,2,2,,,5,6,6,6,6,0.36,0,411,,,0,,,,,29.58,,0,,,,,,,,,,,,,,,,,0.000,,,0,22.3,,45,,0,2
02/19/2026 01:15:57,,81442326017,8144,2,Indoor 03,,,true,false,8,2,2,2,,,2,2,,,6,7,7,7,7,0.39,0,410,,,0,,,,,29.57,,0,,,,,,,,,,,,,,,,,0.000,,,0,22.3,,45,,0,3
02/19/2026 01:30:57,,81442326017,8144,2,Indoor 03,,,true,false,8,2,2,2,,,2,2,,,6,6,6,6,6,0.38,0,412,,,0,,,,,29.58,,0,,,,,,,,,,,,,,,,,0.000,,,0,22.3,,45,,0,2
02/19/2026 01:53:30,,81442326017,8144,2,Indoor 03,,,true,false,8,2,2,2,,,2,2,,,5,6,6,6,6,0.37,0,416,,,0,,,,,29.57,,0,,,,,,,,,,,,,,,,,0.000,,,0,22.3,,45,,0,3
02/19/2026 02:08:30,,81442326017,8144,2,Indoor 03,,,true,false,8,2,2,2,,,2,2,,,7,7,7,7,7,0.36,0,418,,,0,,,,,29.57,,0,,,,,,,,,,,,,,,,,0.000,,,0,22.3,,45,,0,2
02/19/2026 02:31:02,,81442326017,8144,2,Indoor 03,,,true,false,8,2,2,2,,,2,2,,,6,7,7,7,7,0.38,0,414,,,0,,,,,29.57,,0,,,,,,,,,,,,,,,,,0.000,,,0,22.3,,45,,0,3
02/19/2026 02:46:02,,81442326017,8144,2,Indoor 03,,,true,false,8,2,2,2,,,2,2,,,6,7,7,7,7,0.37,0,414,,,0,,,,,29.58,,0,,,,,,,,,,,,,,,,,0.000,,,0,22.3,,45,,0,2
02/19/2026 03:09:20,,81442326017,8144,2,Indoor 03,,,true,false,8,2,2,2,,,2,2,,,6,6,6,6,6,0.38,0,409,,,0,,,,,29.58,,0,,,,,,,,,,,,,,,,,0.000,,,0,22.3,,45,,0,3
02/19/2026 03:24:20,,81442326017,8144,2,Indoor 03,,,true,false,8,2,2,2,,,2,2,,,6,6,6,6,6,0.37,0,409,,,0,,,,,29.58,,0,,,,,,,,,,,,,,,,,0.000,,,0,22.3,,45,,0,2
02/19/2026 03:46:38,,81442326017,8144,2,Indoor 03,,,true,false,8,2,2,2,,,2,2,,,6,6,6,6,6,0.37,0,410,,,0,,,,,29.57,,0,,,,,,,,,,,,,,,,,0.000,,,0,22.3,,45,,0,3
02/19/2026 04:01:38,,81442326017,8144,2,Indoor 03,,,true,false,8,2,2,2,,,2,2,,,6,6,6,6,6,0.37,0,413,,,0,,,,,29.57,,0,,,,,,,,,,,,,,,,,0.000,,,0,22.3,,45,,0,2
02/19/2026 04:24:40,,81442326017,8144,2,Indoor 03,,,true,false,8,2,2,2,,,2,2,,,6,6,6,7,7,0.43,0,415,,,0,,,,,29.58,,0,,,,,,,,,,,,,,,,,0.000,,,0,22.3,,45,,0,3
02/19/2026 04:39:40,,81442326017,8144,2,Indoor 03,,,true,false,8,2,2,2,,,2,2,,,6,6,6,6,6,0.38,0,413,,,0,,,,,29.59,,0,,,,,,,,,,,,,,,,,0.000,,,0,22.2,,45,,0,2
02/19/2026 05:01:58,,81442326017,8144,2,Indoor 03,,,true,false,8,2,2,2,,,2,2,,,6,7,7,7,7,0.35,0,415,,,0,,,,,29.59,,0,,,,,,,,,,,,,,,,,0.000,,,0,22.2,,45,,0,3
02/19/2026 05:16:58,,81442326017,8144,2,Indoor 03,,,true,false,8,2,2,2,,,2,2,,,7,7,8,8,8,0.37,0,416,,,0,,,,,29.59,,0,,,,,,,,,,,,,,,,,0.000,,,0,22.2,,45,,0,2
02/19/2026 05:39:16,,81442326017,8144,2,Indoor 03,,,true,false,8,2,2,2,,,2,2,,,6,7,7,7,7,0.37,0,414,,,0,,,,,29.59,,0,,,,,,,,,,,,,,,,,0.000,,,0,22.2,,45,,0,3
02/19/2026 05:54:16,,81442326017,8144,2,Indoor 03,,,true,false,8,2,2,2,,,2,2,,,8,9,9,9,9,0.36,0,413,,,0,,,,,29.59,,0,,,,,,,,,,,,,,,,,0.000,,,0,22.2,,45,,0,2
02/19/2026 06:16:48,,81442326017,8144,2,Indoor 03,,,true,false,8,2,2,2,,,2,2,,,7,8,8,8,8,0.38,0,411,,,0,,,,,29.58,,0,,,,,,,,,,,,,,,,,0.000,,,0,22.1,,46,,0,3
02/19/2026 06:31:48,,81442326017,8144,2,Indoor 03,,,true,false,8,2,2,2,,,2,2,,,7,8,8,8,8,0.38,0,420,,,0,,,,,29.59,,0,,,,,,,,,,,,,,,,,0.000,,,0,22.1,,46,,0,2
02/19/2026 06:53:21,,81442326017,8144,2,Indoor 03,,,true,false,8,2,2,2,,,2,2,,,7,8,8,8,8,0.39,0,417,,,0,,,,,29.58,,0,,,,,,,,,,,,,,,,,0.000,,,0,22.1,,46,,0,3
02/19/2026 07:08:21,,81442326017,8144,2,Indoor 03,,,true,false,8,2,2,2,,,2,2,,,8,9,9,9,9,0.37,0,426,,,0,,,,,29.58,,0,,,,,,,,,,,,,,,,,0.000,,,0,22.1,,46,,0,2
02/19/2026 07:31:10,,81442326017,8144,2,Indoor 03,,,true,false,8,2,2,2,,,2,2,,,8,9,9,9,9,0.39,0,421,,,0,,,,,29.58,,0,,,,,,,,,,,,,,,,,0.000,,,0,22.1,,46,,0,3
02/19/2026 07:46:10,,81442326017,8144,2,Indoor 03,,,true,false,13,3,3,3,,,3,3,,,9,10,10,10,10,0.38,0,423,,,0,,,,,29.58,,0,,,,,,,,,,,,,,,,,0.000,,,0,22.1,,46,,0,2
02/19/2026 08:08:42,,81442326017,8144,2,Indoor 03,,,true,false,13,3,3,3,,,3,3,,,9,10,10,10,10,0.39,0,423,,,0,,,,,29.58,,0,,,,,,,,,,,,,,,,,0.000,,,0,22.2,,46,,0,3
02/19/2026 08:23:42,,81442326017,8144,2,Indoor 03,,,true,false,13,3,3,3,,,3,3,,,10,11,11,11,11,0.38,0,429,,,0,,,,,29.58,,0,,,,,,,,,,,,,,,,,0.000,,,0,22.2,,46,,0,2
02/19/2026 08:46:14,,81442326017,8144,2,Indoor 03,,,true,false,17,4,4,4,,,4,4,,,13,14,14,14,14,0.40,0,422,,,0,,,,,29.57,,0,,,,,,,,,,,,,,,,,0.000,,,0,22.2,,46,,0,3
02/19/2026 09:01:14,,81442326017,8144,2,Indoor 03,,,true,false,17,4,4,4,,,4,4,,,14,16,16,16,16,0.38,0,421,,,0,,,,,29.57,,0,,,,,,,,,,,,,,,,,0.000,,,0,22.1,,46,,0,2
02/19/2026 09:23:48,,81442326017,8144,2,Indoor 03,,,true,false,17,4,4,4,,,4,4,,,14,16,16,16,16,0.41,0,424,,,0,,,,,29.58,,0,,,,,,,,,,,,,,,,,0.000,,,0,22.2,,46,,0,3
02/19/2026 09:38:48,,81442326017,8144,2,Indoor 03,,,true,false,17,4,4,4,,,4,4,,,13,15,15,15,15,0.38,0,430,,,0,,,,,29.59,,0,,,,,,,,,,,,,,,,,0.000,,,0,22.2,,46,,0,2
02/19/2026 10:01:05,,81442326017,8144,2,Indoor 03,,,true,false,17,4,4,4,,,4,4,,,13,14,14,14,14,0.39,0,429,,,0,,,,,29.58,,0,,,,,,,,,,,,,,,,,0.000,,,0,22.2,,46,,0,3
02/19/2026 10:16:05,,81442326017,8144,2,Indoor 03,,,true,false,17,4,4,4,,,4,4,,,12,14,14,14,14,0.38,0,437,,,0,,,,,29.57,,0,,,,,,,,,,,,,,,,,0.000,,,0,22.2,,46,,0,2
02/19/2026 10:38:37,,81442326017,8144,2,Indoor 03,,,true,false,17,4,3,4,,,4,4,,,12,14,14,14,14,0.37,0,431,,,0,,,,,29.58,,0,,,,,,,,,,,,,,,,,0.000,,,0,22.2,,46,,0,3
02/19/2026 10:53:37,,81442326017,8144,2,Indoor 03,,,true,false,13,3,3,3,,,3,3,,,11,13,13,13,13,0.37,0,432,,,0,,,,,29.58,,0,,,,,,,,,,,,,,,,,0.000,,,0,22.2,,46,,0,2
02/19/2026 11:15:10,,81442326017,8144,2,Indoor 03,,,true,false,17,4,3,4,,,4,4,,,12,13,13,13,13,0.39,0,429,,,0,,,,,29.58,,0,,,,,,,,,,,,,,,,,0.000,,,0,22.2,,46,,0,3
02/19/2026 11:30:10,,81442326017,8144,2,Indoor 03,,,true,false,17,4,3,4,,,4,4,,,12,13,13,13,13,0.37,0,433,,,0,,,,,29.59,,0,,,,,,,,,,,,,,,,,0.000,,,0,22.2,,46,,0,2
02/19/2026 11:52:28,,81442326017,8144,2,Indoor 03,,,true,false,17,4,3,4,,,4,4,,,11,13,13,13,13,0.39,0,431,,,0,,,,,29.59,,0,,,,,,,,,,,,,,,,,0.000,,,0,22.2,,46,,0,3
02/19/2026 12:07:28,,81442326017,8144,2,Indoor 03,,,true,false,13,3,3,3,,,3,3,,,11,13,13,13,13,0.37,0,439,,,0,,,,,29.60,,0,,,,,,,,,,,,,,,,,0.000,,,0,22.2,,46,,0,2
02/19/2026 12:30:00,,81442326017,8144,2,Indoor 03,,,true,false,17,4,3,4,,,4,4,,,12,13,13,13,13,0.38,0,425,,,0,,,,,29.60,,0,,,,,,,,,,,,,,,,,0.000,,,0,22.2,,46,,0,3
02/19/2026 12:45:00,,81442326017,8144,2,Indoor 03,,,true,false,13,3,3,3,,,3,3,,,11,13,13,13,13,0.37,0,433,,,0,,,,,29.60,,0,,,,,,,,,,,,,,,,,0.000,,,0,22.1,,46,,0,2
02/19/2026 13:06:48,,81442326017,8144,2,Indoor 03,,,true,false,13,3,3,3,,,3,3,,,11,12,12,12,12,0.35,0,433,,,0,,,,,29.60,,0,,,,,,,,,,,,,,,,,0.000,,,0,22.1,,46,,0,3
02/19/2026 13:21:48,,81442326017,8144,2,Indoor 03,,,true,false,13,3,3,3,,,3,3,,,11,13,13,13,13,0.36,0,442,,,0,,,,,29.61,,0,,,,,,,,,,,,,,,,,0.000,,,0,22.1,,46,,0,2
02/19/2026 13:44:21,,81442326017,8144,2,Indoor 03,,,true,false,17,4,3,4,,,4,4,,,12,13,13,13,13,0.39,0,436,,,0,,,,,29.61,,0,,,,,,,,,,,,,,,,,0.000,,,0,22.1,,46,,0,3
02/19/2026 13:59:21,,81442326017,8144,2,Indoor 03,,,true,false,17,4,4,4,,,4,4,,,13,14,14,14,14,0.38,0,441,,,0,,,,,29.61,,0,,,,,,,,,,,,,,,,,0.000,,,0,22.1,,46,,0,2
02/19/2026 14:21:53,,81442326017,8144,2,Indoor 03,,,true,false,13,3,3,3,,,3,3,,,11,12,12,12,12,0.37,0,445,,,0,,,,,29.60,,0,,,,,,,,,,,,,,,,,0.000,,,0,22.1,,46,,0,3
02/19/2026 14:36:53,,81442326017,8144,2,Indoor 03,,,true,false,17,4,3,4,,,4,4,,,12,13,13,13,13,0.36,0,449,,,0,,,,,29.60,,0,,,,,,,,,,,,,,,,,0.000,,,0,22.1,,46,,0,2
02/19/2026 14:59:41,,81442326017,8144,2,Indoor 03,,,true,false,21,5,4,5,,,5,5,,,15,17,17,17,17,0.38,0,443,,,0,,,,,29.60,,0,,,,,,,,,,,,,,,,,0.032,,,0,22.1,,46,,0,3
02/19/2026 15:14:41,,81442326017,8144,2,Indoor 03,,,true,false,21,5,4,5,,,5,5,,,15,17,17,17,17,0.38,0,446,,,0,,,,,29.59,,0,,,,,,,,,,,,,,,,,0.030,,,0,22.1,,46,,0,2
02/19/2026 15:37:29,,81442326017,8144,2,Indoor 03,,,true,false,17,4,4,4,,,4,4,,,14,16,16,16,16,0.39,0,442,,,0,,,,,29.58,,0,,,,,,,,,,,,,,,,,0.000,,,0,22.1,,46,,0,3
02/19/2026 15:52:29,,81442326017,8144,2,Indoor 03,,,true,false,17,4,4,4,,,4,4,,,13,15,15,15,15,0.38,0,435,,,0,,,,,29.58,,0,,,,,,,,,,,,,,,,,0.000,,,0,22.1,,46,,0,2
02/19/2026 16:14:31,,81442326017,8144,2,Indoor 03,,,true,false,17,4,4,4,,,4,4,,,13,14,14,14,14,0.37,0,424,,,0,,,,,29.57,,0,,,,,,,,,,,,,,,,,0.000,,,0,22.1,,46,,0,3
02/19/2026 16:29:31,,81442326017,8144,2,Indoor 03,,,true,false,17,4,4,4,,,4,4,,,13,15,15,15,15,0.36,0,423,,,0,,,,,29.57,,0,,,,,,,,,,,,,,,,,0.000,,,0,22.1,,46,,0,2
02/19/2026 16:52:34,,81442326017,8144,2,Indoor 03,,,true,false,17,4,4,4,,,4,4,,,13,15,15,15,15,0.38,0,421,,,0,,,,,29.56,,0,,,,,,,,,,,,,,,,,0.000,,,0,22.1,,46,,0,3
02/19/2026 17:07:34,,81442326017,8144,2,Indoor 03,,,true,false,17,4,4,4,,,4,4,,,14,16,16,16,16,0.37,0,443,,,0,,,,,29.55,,0,,,,,,,,,,,,,,,,,0.000,,,0,22.1,,46,,0,2
02/19/2026 17:31:44,,81442326017,8144,2,Indoor 03,,,true,false,17,4,4,4,,,4,4,,,14,16,16,16,16,0.38,0,431,,,0,,,,,29.54,,0,,,,,,,,,,,,,,,,,0.000,,,0,22.1,,46,,0,3
02/19/2026 17:46:44,,81442326017,8144,2,Indoor 03,,,true,false,21,5,5,5,,,5,5,,,16,18,18,18,18,0.36,0,432,,,0,,,,,29.54,,0,,,,,,,,,,,,,,,,,0.016,,,0,22.1,,46,,0,2
02/19/2026 18:09:30,,81442326017,8144,2,Indoor 03,,,true,false,21,5,4,5,,,5,5,,,15,17,17,17,17,0.36,0,445,,,0,,,,,29.53,,0,,,,,,,,,,,,,,,,,0.000,,,0,22.2,,46,,0,3
02/19/2026 18:24:30,,81442326017,8144,2,Indoor 03,,,true,false,21,5,5,5,,,5,5,,,17,19,19,19,19,0.36,0,428,,,0,,,,,29.52,,0,,,,,,,,,,,,,,,,,0.000,,,0,22.4,,46,,0,2
02/19/2026 18:49:18,,81442326017,8144,2,Indoor 03,,,true,false,21,5,5,5,,,5,5,,,18,20,20,20,20,0.36,0,441,,,0,,,,,29.51,,0,,,,,,,,,,,,,,,,,0.000,,,0,22.6,,45,,0,3
02/19/2026 19:04:18,,81442326017,8144,2,Indoor 03,,,true,false,25,6,5,6,,,6,6,,,18,20,21,21,21,0.36,0,438,,,0,,,,,29.51,,0,,,,,,,,,,,,,,,,,0.000,,,0,22.6,,45,,0,2
02/19/2026 19:28:51,,81442326017,8144,2,Indoor 03,,,true,false,21,5,5,5,,,5,5,,,17,19,19,19,19,0.37,0,424,,,0,,,,,29.50,,0,,,,,,,,,,,,,,,,,0.000,,,0,22.6,,45,,0,3
02/19/2026 19:43:51,,81442326017,8144,2,Indoor 03,,,true,false,21,5,5,5,,,5,5,,,17,19,19,19,19,0.37,0,423,,,0,,,,,29.49,,0,,,,,,,,,,,,,,,,,0.000,,,0,22.6,,45,,0,2
02/19/2026 20:07:53,,81442326017,8144,2,Indoor 03,,,true,false,25,6,5,6,,,6,6,,,18,21,21,21,21,0.36,0,424,,,0,,,,,29.49,,0,,,,,,,,,,,,,,,,,0.000,,,0,22.7,,45,,0,3
02/19/2026 20:22:53,,81442326017,8144,2,Indoor 03,,,true,false,25,6,5,6,,,6,6,,,18,20,20,20,20,0.37,0,415,,,0,,,,,29.49,,0,,,,,,,,,,,,,,,,,0.000,,,0,22.7,,45,,0,2
02/19/2026 20:47:12,,81442326017,8144,2,Indoor 03,,,true,false,25,6,6,6,,,6,6,,,19,22,22,22,22,0.40,0,419,,,0,,,,,29.48,,0,,,,,,,,,,,,,,,,,0.000,,,0,22.7,,45,,0,3
02/19/2026 21:02:12,,81442326017,8144,2,Indoor 03,,,true,false,25,6,6,6,,,6,6,,,20,23,23,23,23,0.37,0,424,,,0,,,,,29.48,,0,,,,,,,,,,,,,,,,,0.000,,,0,22.7,,45,,0,2
02/19/2026 21:26:44,,81442326017,8144,2,Indoor 03,,,true,false,25,6,6,6,,,6,6,,,21,23,23,23,23,0.37,0,416,,,0,,,,,29.48,,0,,,,,,,,,,,,,,,,,0.000,,,0,22.7,,45,,0,3
02/19/2026 21:41:44,,81442326017,8144,2,Indoor 03,,,true,false,25,6,6,6,,,6,6,,,20,22,22,22,22,0.37,0,420,,,0,,,,,29.48,,0,,,,,,,,,,,,,,,,,0.000,,,0,22.7,,45,,0,2
02/19/2026 22:06:16,,81442326017,8144,2,Indoor 03,,,true,false,25,6,5,6,,,6,6,,,19,21,21,21,21,0.37,0,414,,,0,,,,,29.49,,0,,,,,,,,,,,,,,,,,0.000,,,0,22.7,,45,,0,3
02/19/2026 22:21:16,,81442326017,8144,2,Indoor 03,,,true,false,25,6,6,6,,,6,6,,,19,22,22,22,22,0.37,0,419,,,0,,,,,29.48,,0,,,,,,,,,,,,,,,,,0.000,,,0,22.7,,45,,0,2
02/19/2026 22:45:49,,81442326017,8144,2,Indoor 03,,,true,false,25,6,5,6,,,6,6,,,18,21,21,21,21,0.36,0,420,,,0,,,,,29.48,,0,,,,,,,,,,,,,,,,,0.000,,,0,22.7,,44,,0,3
02/19/2026 23:00:49,,81442326017,8144,2,Indoor 03,,,true,false,21,5,5,5,,,5,5,,,17,19,19,19,19,0.37,0,416,,,0,,,,,29.48,,0,,,,,,,,,,,,,,,,,0.000,,,0,22.7,,44,,0,2
02/19/2026 23:25:07,,81442326017,8144,2,Indoor 03,,,true,false,21,5,5,5,,,5,5,,,17,19,20,20,20,0.36,0,420,,,0,,,,,29.47,,0,,,,,,,,,,,,,,,,,0.000,,,0,22.8,,44,,0,3
02/19/2026 23:40:07,,81442326017,8144,2,Indoor 03,,,true,false,21,5,5,5,,,5,5,,,18,20,20,20,20,0.37,0,419,,,0,,,,,29.48,,0,,,,,,,,,,,,,,,,,0.000,,,0,22.8,,44,,0,2
02/20/2026 00:04:39,,81442326017,8144,2,Indoor 03,,,true,false,25,6,5,6,,,6,6,,,18,21,21,21,21,0.36,0,421,,,0,,,,,29.49,,0,,,,,,,,,,,,,,,,,0.000,,,0,22.8,,44,,0,3
02/20/2026 00:19:39,,81442326017,8144,2,Indoor 03,,,true,false,25,6,5,6,,,6,6,,,18,20,20,20,20,0.37,0,423,,,0,,,,,29.49,,0,,,,,,,,,,,,,,,,,0.000,,,0,22.8,,44,,0,2
02/20/2026 00:43:57,,81442326017,8144,2,Indoor 03,,,true,false,25,6,6,6,,,6,6,,,19,22,22,22,22,0.36,0,427,,,0,,,,,29.50,,0,,,,,,,,,,,,,,,,,0.000,,,0,22.7,,44,,0,3
02/20/2026 00:58:57,,81442326017,8144,2,Indoor 03,,,true,false,25,6,5,6,,,6,6,,,19,21,21,21,21,0.36,0,441,,,0,,,,,29.50,,0,,,,,,,,,,,,,,,,,0.006,,,0,22.7,,44,,0,2
02/20/2026 01:23:15,,81442326017,8144,2,Indoor 03,,,true,false,25,6,6,6,,,6,6,,,20,23,23,23,23,0.36,0,444,,,0,,,,,29.50,,0,,,,,,,,,,,,,,,,,0.000,,,0,22.7,,44,,0,3
02/20/2026 01:38:15,,81442326017,8144,2,Indoor 03,,,true,false,29,6,6,7,,,7,7,,,21,24,24,24,24,0.36,0,436,,,0,,,,,29.51,,0,,,,,,,,,,,,,,,,,0.000,,,0,22.7,,45,,0,2
02/20/2026 02:01:47,,81442326017,8144,2,Indoor 03,,,true,false,25,6,5,6,,,6,6,,,18,21,21,21,21,0.36,0,434,,,0,,,,,29.51,,0,,,,,,,,,,,,,,,,,0.000,,,0,22.7,,45,,0,3
02/20/2026 02:16:47,,81442326017,8144,2,Indoor 03,,,true,false,21,5,5,5,,,5,5,,,16,18,18,18,18,0.38,0,433,,,0,,,,,29.51,,0,,,,,,,,,,,,,,,,,0.000,,,0,22.7,,45,,0,2
02/20/2026 02:40:50,,81442326017,8144,2,Indoor 03,,,true,false,21,5,5,5,,,5,5,,,17,19,19,19,19,0.37,0,427,,,0,,,,,29.52,,0,,,,,,,,,,,,,,,,,0.000,,,0,22.7,,44,,0,3
02/20/2026 02:55:50,,81442326017,8144,2,Indoor 03,,,true,false,21,5,5,5,,,5,5,,,17,19,19,19,19,0.37,0,433,,,0,,,,,29.53,,0,,,,,,,,,,,,,,,,,0.000,,,0,22.7,,44,,0,2
02/20/2026 03:20:23,,81442326017,8144,2,Indoor 03,,,true,false,25,6,5,6,,,6,6,,,18,20,20,20,20,0.36,0,433,,,0,,,,,29.53,,0,,,,,,,,,,,,,,,,,0.000,,,0,22.7,,44,,0,3
02/20/2026 03:35:23,,81442326017,8144,2,Indoor 03,,,true,false,25,6,5,6,,,6,6,,,18,20,21,21,21,0.37,0,437,,,0,,,,,29.54,,0,,,,,,,,,,,,,,,,,0.000,,,0,22.7,,44,,0,2
02/20/2026 03:59:40,,81442326017,8144,2,Indoor 03,,,true,false,25,6,6,6,,,6,6,,,21,23,23,23,23,0.36,0,429,,,0,,,,,29.54,,0,,,,,,,,,,,,,,,,,0.000,,,0,22.7,,44,,0,3
02/20/2026 04:14:40,,81442326017,8144,2,Indoor 03,,,true,false,25,6,6,6,,,6,6,,,20,23,23,23,23,0.37,0,434,,,0,,,,,29.54,,0,,,,,,,,,,,,,,,,,0.000,,,0,22.7,,44,,0,2
02/20/2026 04:38:28,,81442326017,8144,2,Indoor 03,,,true,false,21,5,5,5,,,5,5,,,18,20,20,20,20,0.37,0,432,,,0,,,,,29.54,,0,,,,,,,,,,,,,,,,,0.000,,,0,22.7,,45,,0,3
02/20/2026 04:53:28,,81442326017,8144,2,Indoor 03,,,true,false,13,3,3,3,,,3,3,,,11,13,13,13,13,0.38,0,433,,,0,,,,,29.54,,0,,,,,,,,,,,,,,,,,0.000,,,0,22.6,,45,,0,2
02/20/2026 05:18:01,,81442326017,8144,2,Indoor 03,,,true,false,8,2,2,2,,,2,2,,,7,8,8,8,8,0.36,0,424,,,0,,,,,29.54,,0,,,,,,,,,,,,,,,,,0.000,,,0,22.6,,45,,0,3
02/20/2026 05:33:01,,81442326017,8144,2,Indoor 03,,,true,false,8,2,2,2,,,2,2,,,6,7,7,7,7,0.38,0,423,,,0,,,,,29.54,,0,,,,,,,,,,,,,,,,,0.000,,,0,22.6,,45,,0,2
02/20/2026 05:57:33,,81442326017,8144,2,Indoor 03,,,true,false,8,2,2,2,,,2,2,,,6,7,7,7,7,0.38,0,416,,,0,,,,,29.54,,0,,,,,,,,,,,,,,,,,0.000,,,0,22.6,,45,,0,3
02/20/2026 06:12:33,,81442326017,8144,2,Indoor 03,,,true,false,8,2,2,2,,,2,2,,,5,6,6,6,6,0.41,0,419,,,0,,,,,29.54,,0,,,,,,,,,,,,,,,,,0.000,,,0,22.6,,45,,0,2
02/20/2026 06:37:06,,81442326017,8144,2,Indoor 03,,,true,false,8,2,1,2,,,2,2,,,4,5,5,5,5,0.57,0,428,,,0,,,,,29.53,,0,,,,,,,,,,,,,,,,,0.000,,,0,22.6,,45,,0,3
02/20/2026 06:52:06,,81442326017,8144,2,Indoor 03,,,true,false,4,1,1,1,,,1,1,,,4,5,5,5,5,0.44,0,424,,,0,,,,,29.53,,0,,,,,,,,,,,,,,,,,0.003,,,0,22.6,,46,,0,2
02/20/2026 07:16:24,,81442326017,8144,2,Indoor 03,,,true,false,4,1,1,1,,,1,1,,,4,5,5,5,5,0.37,0,413,,,0,,,,,29.52,,0,,,,,,,,,,,,,,,,,0.000,,,0,22.7,,49,,0,3
02/20/2026 07:31:24,,81442326017,8144,2,Indoor 03,,,true,false,4,1,1,1,,,1,1,,,4,5,5,5,5,0.38,0,420,,,0,,,,,29.52,,0,,,,,,,,,,,,,,,,,0.013,,,0,22.7,,49,,0,2
02/20/2026 07:55:42,,81442326017,8144,2,Indoor 03,,,true,false,4,1,1,1,,,1,1,,,4,5,5,5,5,0.38,0,424,,,0,,,,,29.51,,0,,,,,,,,,,,,,,,,,0.000,,,0,22.7,,49,,0,3
02/20/2026 08:10:42,,81442326017,8144,2,Indoor 03,,,true,false,4,1,1,1,,,1,1,,,4,4,4,4,4,0.38,0,427,,,0,,,,,29.50,,0,,,,,,,,,,,,,,,,,0.000,,,0,22.7,,49,,0,2
02/20/2026 08:34:44,,81442326017,8144,2,Indoor 03,,,true,false,4,1,1,1,,,1,1,,,3,4,4,4,4,0.46,0,421,,,0,,,,,29.49,,0,,,,,,,,,,,,,,,,,0.000,,,0,22.6,,48,,0,3
02/20/2026 08:49:44,,81442326017,8144,2,Indoor 03,,,true,false,4,1,1,1,,,1,1,,,3,3,3,3,3,0.42,0,424,,,0,,,,,29.49,,0,,,,,,,,,,,,,,,,,0.000,,,0,22.6,,48,,0,2
02/20/2026 09:14:02,,81442326017,8144,2,Indoor 03,,,true,false,4,1,1,1,,,1,1,,,3,4,4,4,4,0.41,0,420,,,0,,,,,29.47,,0,,,,,,,,,,,,,,,,,0.000,,,0,22.6,,47,,0,3
02/20/2026 09:29:02,,81442326017,8144,2,Indoor 03,,,true,false,4,1,1,1,,,1,1,,,3,3,3,3,3,0.40,0,420,,,0,,,,,29.46,,0,,,,,,,,,,,,,,,,,0.000,,,0,22.6,,47,,0,2
02/20/2026 09:53:35,,81442326017,8144,2,Indoor 03,,,true,false,4,1,1,1,,,1,1,,,4,4,4,4,4,0.44,0,420,,,0,,,,,29.46,,0,,,,,,,,,,,,,,,,,0.000,,,0,22.6,,47,,0,3
02/20/2026 10:08:35,,81442326017,8144,2,Indoor 03,,,true,false,4,1,1,1,,,1,1,,,4,4,4,4,4,0.40,0,416,,,0,,,,,29.46,,0,,,,,,,,,,,,,,,,,0.000,,,0,22.6,,47,,0,2
02/20/2026 10:32:52,,81442326017,8144,2,Indoor 03,,,true,false,4,1,1,1,,,1,1,,,3,4,4,4,4,0.37,0,412,,,0,,,,,29.45,,0,,,,,,,,,,,,,,,,,0.000,,,0,22.6,,47,,0,3
02/20/2026 10:47:52,,81442326017,8144,2,Indoor 03,,,true,false,4,1,1,1,,,1,1,,,3,3,3,3,3,0.37,0,420,,,0,,,,,29.44,,0,,,,,,,,,,,,,,,,,0.000,,,0,22.6,,47,,0,2
02/20/2026 11:12:40,,81442326017,8144,2,Indoor 03,,,true,false,4,1,1,1,,,1,1,,,4,4,4,4,4,0.37,0,419,,,0,,,,,29.42,,0,,,,,,,,,,,,,,,,,0.000,,,0,22.6,,48,,0,3
02/20/2026 11:27:40,,81442326017,8144,2,Indoor 03,,,true,false,4,1,1,1,,,1,1,,,5,5,5,5,5,0.37,0,426,,,0,,,,,29.42,,0,,,,,,,,,,,,,,,,,0.000,,,0,22.6,,48,,0,2
02/20/2026 11:49:13,,81442326017,8144,2,Indoor 03,,,true,false,8,2,2,2,,,2,2,,,6,7,7,7,7,0.34,0,425,,,0,,,,,29.42,,0,,,,,,,,,,,,,,,,,0.000,,,0,22.7,,48,,0,3
02/20/2026 12:04:13,,81442326017,8144,2,Indoor 03,,,true,false,8,2,2,2,,,2,2,,,8,9,9,9,9,0.38,0,427,,,0,,,,,29.42,,0,,,,,,,,,,,,,,,,,0.000,,,0,22.7,,49,,0,2
02/20/2026 12:28:30,,81442326017,8144,2,Indoor 03,,,true,false,13,3,3,3,,,3,3,,,10,11,11,11,11,0.37,0,423,,,0,,,,,29.43,,0,,,,,,,,,,,,,,,,,0.000,,,0,22.7,,46,,0,3
02/20/2026 12:43:30,,81442326017,8144,2,Indoor 03,,,true,false,13,3,3,3,,,3,3,,,11,12,12,12,12,0.39,0,431,,,0,,,,,29.44,,0,,,,,,,,,,,,,,,,,0.000,,,0,22.6,,46,,0,2
02/20/2026 13:07:48,,81442326017,8144,2,Indoor 03,,,true,false,13,3,3,3,,,3,3,,,10,12,12,12,12,0.45,0,437,,,0,,,,,29.44,,0,,,,,,,,,,,,,,,,,0.000,,,0,22.6,,46,,0,3
02/20/2026 13:22:48,,81442326017,8144,2,Indoor 03,,,true,false,17,4,3,4,,,4,4,,,12,13,13,13,13,0.42,0,446,,,0,,,,,29.44,,0,,,,,,,,,,,,,,,,,0.000,,,0,22.5,,46,,0,2
02/20/2026 13:47:06,,81442326017,8144,2,Indoor 03,,,true,false,17,4,4,4,,,4,4,,,12,14,14,14,14,0.38,0,440,,,0,,,,,29.44,,0,,,,,,,,,,,,,,,,,0.000,,,0,22.6,,45,,0,3
02/20/2026 14:02:06,,81442326017,8144,2,Indoor 03,,,true,false,17,4,4,4,,,4,4,,,13,14,14,14,14,0.40,0,441,,,0,,,,,29.45,,0,,,,,,,,,,,,,,,,,0.018,,,0,22.6,,45,,0,2
02/20/2026 14:26:38,,81442326017,8144,2,Indoor 03,,,true,false,21,5,5,5,,,5,5,,,16,18,18,18,18,0.43,0,438,,,0,,,,,29.44,,0,,,,,,,,,,,,,,,,,0.000,,,0,22.6,,45,,0,3
02/20/2026 14:41:38,,81442326017,8144,2,Indoor 03,,,true,false,21,5,5,5,,,5,5,,,18,20,20,20,20,0.39,0,446,,,0,,,,,29.44,,0,,,,,,,,,,,,,,,,,0.000,,,0,22.6,,45,,0,2
02/20/2026 15:05:56,,81442326017,8144,2,Indoor 03,,,true,false,29,6,6,7,,,7,7,,,22,25,25,25,25,0.41,0,440,,,0,,,,,29.46,,0,,,,,,,,,,,,,,,,,0.000,,,0,22.6,,45,,0,3
02/20/2026 15:20:56,,81442326017,8144,2,Indoor 03,,,true,false,25,6,6,6,,,6,6,,,20,23,23,23,23,0.39,0,442,,,0,,,,,29.49,,0,,,,,,,,,,,,,,,,,0.000,,,0,22.6,,45,,0,2
02/20/2026 15:44:59,,81442326017,8144,2,Indoor 03,,,true,false,13,3,3,3,,,3,3,,,9,10,10,10,10,0.38,0,438,,,0,,,,,29.50,,0,,,,,,,,,,,,,,,,,0.004,,,0,22.6,,46,,0,3
02/20/2026 15:59:59,,81442326017,8144,2,Indoor 03,,,true,false,8,2,2,2,,,2,2,,,6,7,7,7,7,0.39,0,446,,,0,,,,,29.49,,0,,,,,,,,,,,,,,,,,0.026,,,0,22.6,,48,,0,2
02/20/2026 16:24:16,,81442326017,8144,2,Indoor 03,,,true,false,4,1,1,1,,,1,1,,,4,5,5,5,5,0.39,0,441,,,0,,,,,29.47,,0,,,,,,,,,,,,,,,,,0.000,,,0,22.6,,48,,0,3
02/20/2026 16:39:16,,81442326017,8144,2,Indoor 03,,,true,false,4,1,1,1,,,1,1,,,4,5,5,5,5,0.38,0,436,,,0,,,,,29.48,,0,,,,,,,,,,,,,,,,,0.000,,,0,22.6,,48,,0,2
02/20/2026 17:03:34,,81442326017,8144,2,Indoor 03,,,true,false,4,1,1,1,,,1,1,,,4,4,4,4,4,0.36,0,449,,,0,,,,,29.48,,0,,,,,,,,,,,,,,,,,0.024,,,0,22.6,,47,,0,3
02/20/2026 17:18:34,,81442326017,8144,2,Indoor 03,,,true,false,4,1,1,1,,,1,1,,,4,4,4,4,4,0.38,0,492,,,0,,,,,29.46,,0,,,,,,,,,,,,,,,,,0.031,,,0,22.6,,48,,0,2
02/20/2026 17:42:52,,81442326017,8144,2,Indoor 03,,,true,false,4,1,1,1,,,1,1,,,3,3,3,3,3,0.40,0,436,,,0,,,,,29.46,,0,,,,,,,,,,,,,,,,,0.000,,,0,22.4,,46,,0,3
02/20/2026 17:57:52,,81442326017,8144,2,Indoor 03,,,true,false,4,1,1,1,,,1,1,,,4,4,4,4,4,0.39,0,438,,,0,,,,,29.45,,0,,,,,,,,,,,,,,,,,0.000,,,0,22.3,,46,,0,2
02/20/2026 18:22:24,,81442326017,8144,2,Indoor 03,,,true,false,8,2,2,2,,,2,2,,,5,6,6,6,6,0.40,0,446,,,0,,,,,29.44,,0,,,,,,,,,,,,,,,,,0.000,,,0,22.3,,46,,0,3
02/20/2026 18:37:24,,81442326017,8144,2,Indoor 03,,,true,false,8,2,2,2,,,2,2,,,5,6,6,6,6,0.41,0,435,,,0,,,,,29.44,,0,,,,,,,,,,,,,,,,,0.000,,,0,22.3,,46,,0,2
02/20/2026 19:02:12,,81442326017,8144,2,Indoor 03,,,true,false,8,2,2,2,,,2,2,,,6,7,7,7,7,0.42,0,427,,,0,,,,,29.43,,0,,,,,,,,,,,,,,,,,0.000,,,0,22.3,,46,,0,3
02/20/2026 19:17:12,,81442326017,8144,2,Indoor 03,,,true,false,8,2,2,2,,,2,2,,,7,8,8,8,8,0.39,0,438,,,0,,,,,29.42,,0,,,,,,,,,,,,,,,,,0.000,,,0,22.3,,46,,0,2
02/20/2026 19:41:30,,81442326017,8144,2,Indoor 03,,,true,false,8,2,2,2,,,2,2,,,7,8,8,8,8,0.40,0,426,,,0,,,,,29.42,,0,,,,,,,,,,,,,,,,,0.000,,,0,22.3,,46,,0,3
02/20/2026 19:56:30,,81442326017,8144,2,Indoor 03,,,true,false,8,2,2,2,,,2,2,,,8,9,9,9,9,0.39,0,422,,,0,,,,,29.42,,0,,,,,,,,,,,,,,,,,0.000,,,0,22.3,,46,,0,2
02/20/2026 20:20:47,,81442326017,8144,2,Indoor 03,,,true,false,13,3,2,3,,,3,3,,,8,9,9,9,9,0.40,0,417,,,0,,,,,29.43,,0,,,,,,,,,,,,,,,,,0.000,,,0,22.3,,45,,0,3
02/20/2026 20:35:47,,81442326017,8144,2,Indoor 03,,,true,false,13,3,2,3,,,3,3,,,9,10,10,10,10,0.39,0,418,,,0,,,,,29.42,,0,,,,,,,,,,,,,,,,,0.002,,,0,22.3,,46,,0,2
02/20/2026 21:00:35,,81442326017,8144,2,Indoor 03,,,true,false,8,2,2,2,,,2,2,,,8,9,9,9,9,0.37,0,453,,,0,,,,,29.42,,0,,,,,,,,,,,,,,,,,0.009,,,0,22.4,,47,,0,3
02/20/2026 21:15:35,,81442326017,8144,2,Indoor 03,,,true,false,8,2,2,2,,,2,2,,,7,7,7,7,7,0.39,0,420,,,0,,,,,29.42,,0,,,,,,,,,,,,,,,,,0.015,,,0,22.3,,47,,0,2
02/20/2026 21:39:23,,81442326017,8144,2,Indoor 03,,,true,false,8,2,2,2,,,2,2,,,6,7,7,7,7,0.42,0,417,,,0,,,,,29.43,,0,,,,,,,,,,,,,,,,,0.000,,,0,22.2,,42,,0,3
02/20/2026 21:54:23,,81442326017,8144,2,Indoor 03,,,true,false,8,2,2,2,,,2,2,,,6,7,7,7,7,0.39,0,418,,,0,,,,,29.43,,0,,,,,,,,,,,,,,,,,0.000,,,0,22.2,,41,,0,2
02/20/2026 22:18:25,,81442326017,8144,2,Indoor 03,,,true,false,8,2,2,2,,,2,2,,,6,7,7,7,7,0.39,0,414,,,0,,,,,29.44,,0,,,,,,,,,,,,,,,,,0.000,,,0,22.3,,42,,0,3
02/20/2026 22:33:25,,81442326017,8144,2,Indoor 03,,,true,false,8,2,2,2,,,2,2,,,7,7,7,7,7,0.41,0,420,,,0,,,,,29.45,,0,,,,,,,,,,,,,,,,,0.000,,,0,22.3,,42,,0,2
02/20/2026 22:55:12,,81442326017,8144,2,Indoor 03,,,true,false,13,3,3,3,,,3,3,,,11,12,12,12,12,0.38,0,421,,,0,,,,,29.46,,0,,,,,,,,,,,,,,,,,0.010,,,0,22.4,,44,,0,3
02/20/2026 23:10:12,,81442326017,8144,2,Indoor 03,,,true,false,17,4,4,4,,,4,4,,,14,15,15,15,15,0.38,0,423,,,0,,,,,29.47,,0,,,,,,,,,,,,,,,,,0.020,,,0,22.4,,44,,0,2
02/20/2026 23:34:01,,81442326017,8144,2,Indoor 03,,,true,false,13,3,3,3,,,3,3,,,9,11,11,11,11,0.39,0,414,,,0,,,,,29.49,,0,,,,,,,,,,,,,,,,,0.004,,,0,22.3,,46,,0,3
02/20/2026 23:49:01,,81442326017,8144,2,Indoor 03,,,true,false,8,2,2,2,,,2,2,,,8,9,9,9,9,0.38,0,420,,,0,,,,,29.49,,0,,,,,,,,,,,,,,,,,0.006,,,0,22.3,,45,,0,2
02/21/2026 00:13:18,,81442326017,8144,2,Indoor 03,,,true,false,8,2,2,2,,,2,2,,,6,6,6,6,6,0.38,0,416,,,0,,,,,29.51,,0,,,,,,,,,,,,,,,,,0.000,,,0,22.4,,39,,0,3
02/21/2026 00:28:18,,81442326017,8144,2,Indoor 03,,,true,false,4,1,1,1,,,1,1,,,4,5,5,5,5,0.38,0,420,,,0,,,,,29.51,,0,,,,,,,,,,,,,,,,,0.000,,,0,22.4,,35,,0,2
02/21/2026 00:52:36,,81442326017,8144,2,Indoor 03,,,true,false,4,1,1,1,,,1,1,,,3,3,3,3,3,0.36,0,415,,,0,,,,,29.52,,0,,,,,,,,,,,,,,,,,0.000,,,0,22.5,,32,,0,3
02/21/2026 01:07:36,,81442326017,8144,2,Indoor 03,,,true,false,4,1,1,1,,,1,1,,,2,3,3,3,3,0.37,0,415,,,0,,,,,29.52,,0,,,,,,,,,,,,,,,,,0.000,,,0,22.5,,31,,0,2
02/21/2026 01:31:54,,81442326017,8144,2,Indoor 03,,,true,false,4,1,1,1,,,1,1,,,2,3,3,3,3,0.41,0,410,,,0,,,,,29.53,,0,,,,,,,,,,,,,,,,,0.000,,,0,22.5,,31,,0,3
02/21/2026 01:46:54,,81442326017,8144,2,Indoor 03,,,true,false,4,1,1,1,,,1,1,,,3,3,3,3,3,0.40,0,417,,,0,,,,,29.54,,0,,,,,,,,,,,,,,,,,0.000,,,0,22.5,,30,,0,2
02/21/2026 02:11:12,,81442326017,8144,2,Indoor 03,,,true,false,4,1,1,1,,,1,1,,,3,3,3,3,3,0.41,0,415,,,0,,,,,29.54,,0,,,,,,,,,,,,,,,,,0.000,,,0,22.4,,29,,0,3
02/21/2026 02:26:12,,81442326017,8144,2,Indoor 03,,,true,false,4,1,1,1,,,1,1,,,2,2,2,2,2,0.40,0,424,,,0,,,,,29.55,,0,,,,,,,,,,,,,,,,,0.000,,,0,22.4,,29,,0,2
02/21/2026 02:48:29,,81442326017,8144,2,Indoor 03,,,true,false,4,1,1,1,,,1,1,,,2,2,2,2,2,0.49,0,419,,,0,,,,,29.56,,0,,,,,,,,,,,,,,,,,0.000,,,0,22.5,,28,,0,3
02/21/2026 03:03:29,,81442326017,8144,2,Indoor 03,,,true,false,4,1,1,1,,,1,1,,,2,2,2,2,2,0.41,0,421,,,0,,,,,29.56,,0,,,,,,,,,,,,,,,,,0.000,,,0,22.5,,28,,0,2
02/21/2026 03:28:02,,81442326017,8144,2,Indoor 03,,,true,false,4,1,0,1,,,1,1,,,2,2,2,2,2,0.42,0,410,,,0,,,,,29.57,,0,,,,,,,,,,,,,,,,,0.000,,,0,22.5,,27,,0,3
02/21/2026 03:43:02,,81442326017,8144,2,Indoor 03,,,true,false,4,1,1,1,,,1,1,,,2,2,2,2,2,0.42,0,414,,,0,,,,,29.57,,0,,,,,,,,,,,,,,,,,0.000,,,0,22.5,,27,,0,2
02/21/2026 04:07:05,,81442326017,8144,2,Indoor 03,,,true,false,0,0,0,0,,,0,0,,,2,2,2,2,2,0.38,0,407,,,0,,,,,29.57,,0,,,,,,,,,,,,,,,,,0.000,,,0,22.5,,26,,0,3
02/21/2026 04:22:05,,81442326017,8144,2,Indoor 03,,,true,false,4,1,0,1,,,1,1,,,2,2,2,2,2,0.38,0,414,,,0,,,,,29.57,,0,,,,,,,,,,,,,,,,,0.000,,,0,22.5,,26,,0,2
02/21/2026 04:46:07,,81442326017,8144,2,Indoor 03,,,true,false,4,1,1,1,,,1,1,,,2,2,2,2,2,0.48,0,410,,,0,,,,,29.56,,0,,,,,,,,,,,,,,,,,0.000,,,0,22.5,,26,,0,3
02/21/2026 05:01:07,,81442326017,8144,2,Indoor 03,,,true,false,4,1,1,1,,,1,1,,,2,2,2,2,2,0.42,0,413,,,0,,,,,29.56,,0,,,,,,,,,,,,,,,,,0.000,,,0,22.6,,26,,0,2
02/21/2026 05:25:40,,81442326017,8144,2,Indoor 03,,,true,false,4,1,1,1,,,1,1,,,2,2,2,2,2,0.43,0,413,,,0,,,,,29.56,,0,,,,,,,,,,,,,,,,,0.000,,,0,22.5,,27,,0,3
02/21/2026 05:40:40,,81442326017,8144,2,Indoor 03,,,true,false,4,1,1,1,,,1,1,,,2,2,2,2,2,0.42,0,416,,,0,,,,,29.56,,0,,,,,,,,,,,,,,,,,0.000,,,0,22.4,,27,,0,2
02/21/2026 06:03:43,,81442326017,8144,2,Indoor 03,,,true,false,4,1,1,1,,,1,1,,,3,3,3,3,3,0.36,0,430,,,0,,,,,29.58,,0,,,,,,,,,,,,,,,,,0.025,,,0,22.5,,33,,0,3
02/21/2026 06:18:43,,81442326017,8144,2,Indoor 03,,,true,false,4,1,1,1,,,1,1,,,3,3,3,3,3,0.37,0,429,,,0,,,,,29.58,,0,,,,,,,,,,,,,,,,,0.104,,,0,22.5,,40,,0,2
02/21/2026 06:41:44,,81442326017,8144,2,Indoor 03,,,true,false,4,1,1,1,,,1,1,,,3,3,3,3,3,0.49,0,423,,,0,,,,,29.59,,0,,,,,,,,,,,,,,,,,0.001,,,0,22.5,,44,,0,3
02/21/2026 06:56:44,,81442326017,8144,2,Indoor 03,,,true,false,4,1,1,1,,,1,1,,,3,3,3,3,3,0.43,0,427,,,0,,,,,29.59,,0,,,,,,,,,,,,,,,,,0.019,,,0,22.5,,45,,0,2
02/21/2026 07:21:18,,81442326017,8144,2,Indoor 03,,,true,false,4,1,1,1,,,1,1,,,3,3,3,3,3,0.38,0,422,,,0,,,,,29.59,,0,,,,,,,,,,,,,,,,,0.000,,,0,22.4,,44,,0,3
02/21/2026 07:36:18,,81442326017,8144,2,Indoor 03,,,true,false,4,1,1,1,,,1,1,,,2,3,3,3,3,0.39,0,426,,,0,,,,,29.59,,0,,,,,,,,,,,,,,,,,0.000,,,0,22.4,,42,,0,2
02/21/2026 08:00:51,,81442326017,8144,2,Indoor 03,,,true,false,4,1,1,1,,,1,1,,,3,3,3,3,3,0.39,0,423,,,0,,,,,29.59,,0,,,,,,,,,,,,,,,,,0.000,,,0,22.4,,42,,0,3
02/21/2026 08:15:51,,81442326017,8144,2,Indoor 03,,,true,false,4,1,1,1,,,1,1,,,2,3,3,3,3,0.39,0,430,,,0,,,,,29.59,,0,,,,,,,,,,,,,,,,,0.000,,,0,22.5,,43,,0,2
02/21/2026 08:38:38,,81442326017,8144,2,Indoor 03,,,true,false,4,1,1,1,,,1,1,,,2,3,3,3,3,0.45,0,422,,,0,,,,,29.60,,0,,,,,,,,,,,,,,,,,0.000,,,0,22.5,,42,,0,3
02/21/2026 08:53:38,,81442326017,8144,2,Indoor 03,,,true,false,4,1,1,1,,,1,1,,,2,3,3,3,3,0.46,0,427,,,0,,,,,29.61,,0,,,,,,,,,,,,,,,,,0.000,,,0,22.5,,42,,0,2
02/21/2026 09:16:41,,81442326017,8144,2,Indoor 03,,,true,false,4,1,1,1,,,1,1,,,2,2,2,2,2,0.47,0,423,,,0,,,,,29.61,,0,,,,,,,,,,,,,,,,,0.000,,,0,22.4,,33,,0,3
02/21/2026 09:31:41,,81442326017,8144,2,Indoor 03,,,true,false,4,1,0,1,,,1,1,,,2,2,2,2,2,0.43,0,424,,,0,,,,,29.61,,0,,,,,,,,,,,,,,,,,0.000,,,0,22.4,,30,,0,2
02/21/2026 09:56:14,,81442326017,8144,2,Indoor 03,,,true,false,4,1,0,1,,,1,1,,,2,2,2,2,2,0.39,0,417,,,0,,,,,29.61,,0,,,,,,,,,,,,,,,,,0.000,,,0,22.4,,28,,0,3
02/21/2026 10:11:14,,81442326017,8144,2,Indoor 03,,,true,false,0,0,0,0,,,0,0,,,2,2,2,2,2,0.39,0,418,,,0,,,,,29.60,,0,,,,,,,,,,,,,,,,,0.000,,,0,22.5,,27,,0,2
02/21/2026 10:35:46,,81442326017,8144,2,Indoor 03,,,true,false,0,1,0,0,,,0,1,,,1,2,2,2,2,0.48,0,417,,,0,,,,,29.60,,0,,,,,,,,,,,,,,,,,0.000,,,0,22.5,,26,,0,3
02/21/2026 10:50:46,,81442326017,8144,2,Indoor 03,,,true,false,0,0,0,0,,,0,0,,,1,1,1,1,1,0.45,0,419,,,0,,,,,29.62,,0,,,,,,,,,,,,,,,,,0.000,,,0,22.5,,25,,0,2
02/21/2026 11:15:04,,81442326017,8144,2,Indoor 03,,,true,false,0,0,0,0,,,0,0,,,1,1,1,1,1,0.56,0,409,,,0,,,,,29.66,,0,,,,,,,,,,,,,,,,,0.000,,,0,22.5,,25,,0,3
02/21/2026 11:30:04,,81442326017,8144,2,Indoor 03,,,true,false,0,0,0,0,,,0,0,,,1,1,1,1,1,0.44,0,412,,,0,,,,,29.67,,0,,,,,,,,,,,,,,,,,0.000,,,0,22.5,,25,,0,2
02/21/2026 11:54:22,,81442326017,8144,2,Indoor 03,,,true,false,0,0,0,0,,,0,0,,,1,1,1,1,1,0.56,0,412,,,0,,,,,29.67,,0,,,,,,,,,,,,,,,,,0.004,,,0,22.5,,26,,0,3
02/21/2026 12:09:22,,81442326017,8144,2,Indoor 03,,,true,false,0,0,0,0,,,0,0,,,1,1,1,1,1,0.42,0,417,,,0,,,,,29.68,,0,,,,,,,,,,,,,,,,,0.050,,,0,22.5,,32,,0,2
02/21/2026 12:33:38,,81442326017,8144,2,Indoor 03,,,true,false,0,0,0,0,,,0,0,,,1,1,1,1,1,0.48,0,412,,,0,,,,,29.69,,0,,,,,,,,,,,,,,,,,0.011,,,0,22.6,,42,,0,3
02/21/2026 12:48:38,,81442326017,8144,2,Indoor 03,,,true,false,0,0,0,0,,,0,0,,,1,1,1,1,1,0.43,0,410,,,0,,,,,29.69,,0,,,,,,,,,,,,,,,,,0.036,,,0,22.5,,45,,0,2
02/21/2026 13:10:42,,81442326017,8144,2,Indoor 03,,,true,false,0,0,0,0,,,0,0,,,1,2,2,2,2,0.39,0,407,,,0,,,,,29.69,,0,,,,,,,,,,,,,,,,,0.000,,,0,22.4,,44,,0,3
02/21/2026 13:25:42,,81442326017,8144,2,Indoor 03,,,true,false,0,0,0,0,,,0,0,,,1,1,1,1,1,0.37,0,417,,,0,,,,,29.69,,0,,,,,,,,,,,,,,,,,0.000,,,0,22.4,,43,,0,2
02/21/2026 13:50:00,,81442326017,8144,2,Indoor 03,,,true,false,0,0,0,0,,,0,0,,,1,1,1,1,1,0.40,0,409,,,0,,,,,29.69,,0,,,,,,,,,,,,,,,,,0.000,,,0,22.4,,41,,0,3
02/21/2026 14:05:00,,81442326017,8144,2,Indoor 03,,,true,false,0,0,0,0,,,0,0,,,1,1,1,1,1,0.41,0,416,,,0,,,,,29.68,,0,,,,,,,,,,,,,,,,,0.000,,,0,22.5,,42,,0,2
02/21/2026 14:29:32,,81442326017,8144,2,Indoor 03,,,true,false,0,0,0,0,,,0,0,,,1,1,1,1,1,0.45,0,412,,,0,,,,,29.68,,0,,,,,,,,,,,,,,,,,0.000,,,0,22.5,,42,,0,3
02/21/2026 14:44:32,,81442326017,8144,2,Indoor 03,,,true,false,0,0,0,0,,,0,0,,,2,2,2,2,2,0.39,0,413,,,0,,,,,29.69,,0,,,,,,,,,,,,,,,,,0.000,,,0,22.5,,42,,0,2
02/21/2026 15:09:05,,81442326017,8144,2,Indoor 03,,,true,false,0,0,0,0,,,0,0,,,2,2,2,2,2,0.42,0,410,,,0,,,,,29.69,,0,,,,,,,,,,,,,,,,,0.000,,,0,22.5,,42,,0,3
02/21/2026 15:24:05,,81442326017,8144,2,Indoor 03,,,true,false,0,0,0,0,,,0,0,,,1,2,2,2,2,0.43,0,418,,,0,,,,,29.69,,0,,,,,,,,,,,,,,,,,0.000,,,0,22.4,,43,,0,2
02/21/2026 15:47:38,,81442326017,8144,2,Indoor 03,,,true,false,0,0,0,0,,,0,0,,,2,2,2,2,2,0.34,0,409,,,0,,,,,29.69,,0,,,,,,,,,,,,,,,,,0.000,,,0,22.4,,43,,0,3
02/21/2026 16:02:38,,81442326017,8144,2,Indoor 03,,,true,false,0,0,0,0,,,0,0,,,1,2,2,2,2,0.36,0,410,,,0,,,,,29.69,,0,,,,,,,,,,,,,,,,,0.000,,,0,22.4,,42,,0,2
02/21/2026 16:26:55,,81442326017,8144,2,Indoor 03,,,true,false,4,1,1,1,,,1,1,,,2,2,2,2,2,0.44,0,411,,,0,,,,,29.69,,0,,,,,,,,,,,,,,,,,0.000,,,0,22.5,,43,,0,3
02/21/2026 16:41:55,,81442326017,8144,2,Indoor 03,,,true,false,4,1,1,1,,,1,1,,,2,3,3,3,3,0.41,0,411,,,0,,,,,29.69,,0,,,,,,,,,,,,,,,,,0.000,,,0,22.5,,43,,0,2
02/21/2026 17:06:28,,81442326017,8144,2,Indoor 03,,,true,false,4,1,1,1,,,1,1,,,2,2,2,2,2,0.37,0,422,,,0,,,,,29.69,,0,,,,,,,,,,,,,,,,,0.000,,,0,22.5,,43,,0,3
02/21/2026 17:21:28,,81442326017,8144,2,Indoor 03,,,true,false,4,1,1,1,,,1,1,,,2,2,2,2,2,0.39,0,425,,,0,,,,,29.68,,0,,,,,,,,,,,,,,,,,0.000,,,0,22.5,,43,,0,2
02/21/2026 17:46:01,,81442326017,8144,2,Indoor 03,,,true,false,4,1,1,1,,,1,1,,,2,2,2,2,2,0.36,0,413,,,0,,,,,29.68,,0,,,,,,,,,,,,,,,,,0.000,,,0,22.4,,43,,0,3
02/21/2026 18:01:01,,81442326017,8144,2,Indoor 03,,,true,false,4,1,1,1,,,1,1,,,2,2,2,2,2,0.37,0,416,,,0,,,,,29.68,,0,,,,,,,,,,,,,,,,,0.000,,,0,22.4,,43,,0,2
02/21/2026 18:24:33,,81442326017,8144,2,Indoor 03,,,true,false,4,1,1,1,,,1,1,,,2,2,2,2,2,0.40,0,411,,,0,,,,,29.68,,0,,,,,,,,,,,,,,,,,0.000,,,0,22.5,,42,,0,3
02/21/2026 18:39:33,,81442326017,8144,2,Indoor 03,,,true,false,4,1,1,1,,,1,1,,,2,2,2,2,2,0.39,0,413,,,0,,,,,29.67,,0,,,,,,,,,,,,,,,,,0.000,,,0,22.5,,42,,0,2
02/21/2026 19:03:21,,81442326017,8144,2,Indoor 03,,,true,false,0,0,0,0,,,0,0,,,2,2,2,2,2,0.35,0,406,,,0,,,,,29.66,,0,,,,,,,,,,,,,,,,,0.000,,,0,22.4,,40,,0,3
02/21/2026 19:18:21,,81442326017,8144,2,Indoor 03,,,true,false,4,1,0,1,,,1,1,,,2,2,2,2,2,0.37,0,405,,,0,,,,,29.65,,0,,,,,,,,,,,,,,,,,0.000,,,0,22.4,,40,,0,2
02/21/2026 19:42:39,,81442326017,8144,2,Indoor 03,,,true,false,0,0,0,0,,,0,0,,,1,2,2,2,2,0.36,0,407,,,0,,,,,29.64,,0,,,,,,,,,,,,,,,,,0.000,,,0,22.4,,39,,0,3
02/21/2026 19:57:39,,81442326017,8144,2,Indoor 03,,,true,false,0,0,0,0,,,0,0,,,2,2,2,2,2,0.39,0,409,,,0,,,,,29.65,,0,,,,,,,,,,,,,,,,,0.000,,,0,22.5,,39,,0,2
02/21/2026 20:22:11,,81442326017,8144,2,Indoor 03,,,true,false,0,0,0,0,,,0,0,,,1,2,2,2,2,0.39,0,410,,,0,,,,,29.65,,0,,,,,,,,,,,,,,,,,0.000,,,0,22.5,,39,,0,3
02/21/2026 20:37:11,,81442326017,8144,2,Indoor 03,,,true,false,0,0,0,0,,,0,0,,,1,2,2,2,2,0.36,0,409,,,0,,,,,29.66,,0,,,,,,,,,,,,,,,,,0.000,,,0,22.5,,39,,0,2
02/21/2026 21:01:14,,81442326017,8144,2,Indoor 03,,,true,false,4,1,1,1,,,1,1,,,2,3,3,3,3,0.41,0,409,,,0,,,,,29.65,,0,,,,,,,,,,,,,,,,,0.000,,,0,22.5,,40,,0,3
02/21/2026 21:16:14,,81442326017,8144,2,Indoor 03,,,true,false,4,1,1,1,,,1,1,,,2,3,3,3,3,0.39,0,413,,,0,,,,,29.65,,0,,,,,,,,,,,,,,,,,0.004,,,0,22.5,,40,,0,2
02/21/2026 21:40:17,,81442326017,8144,2,Indoor 03,,,true,false,4,1,1,1,,,1,1,,,2,3,3,3,3,0.40,0,411,,,0,,,,,29.66,,0,,,,,,,,,,,,,,,,,0.000,,,0,22.5,,41,,0,3
02/21/2026 21:55:17,,81442326017,8144,2,Indoor 03,,,true,false,4,1,1,1,,,1,1,,,3,3,3,3,3,0.40,0,410,,,0,,,,,29.65,,0,,,,,,,,,,,,,,,,,0.005,,,0,22.5,,42,,0,2
02/21/2026 22:18:50,,81442326017,8144,2,Indoor 03,,,true,false,4,1,1,1,,,1,1,,,3,3,3,3,3,0.44,0,417,,,0,,,,,29.67,,0,,,,,,,,,,,,,,,,,0.000,,,0,22.5,,41,,0,3
02/21/2026 22:33:50,,81442326017,8144,2,Indoor 03,,,true,false,4,1,1,1,,,1,1,,,3,3,3,3,3,0.41,0,413,,,0,,,,,29.67,,0,,,,,,,,,,,,,,,,,0.000,,,0,22.5,,41,,0,2
02/21/2026 22:56:37,,81442326017,8144,2,Indoor 03,,,true,false,4,1,1,1,,,1,1,,,4,4,4,4,4,0.41,0,412,,,0,,,,,29.68,,0,,,,,,,,,,,,,,,,,0.000,,,0,22.5,,41,,0,3
02/21/2026 23:11:37,,81442326017,8144,2,Indoor 03,,,true,false,4,1,1,1,,,1,1,,,4,5,5,5,5,0.41,0,411,,,0,,,,,29.68,,0,,,,,,,,,,,,,,,,,0.000,,,0,22.5,,41,,0,2
02/21/2026 23:34:25,,81442326017,8144,2,Indoor 03,,,true,false,4,1,1,1,,,1,1,,,5,5,5,5,5,0.34,0,413,,,0,,,,,29.70,,0,,,,,,,,,,,,,,,,,0.000,,,0,22.5,,41,,0,3
02/21/2026 23:49:25,,81442326017,8144,2,Indoor 03,,,true,false,4,1,1,1,,,1,1,,,5,5,5,5,5,0.37,0,414,,,0,,,,,29.70,,0,,,,,,,,,,,,,,,,,0.014,,,0,22.5,,43,,0,2
02/22/2026 00:13:58,,81442326017,8144,2,Indoor 03,,,true,false,8,2,1,2,,,2,2,,,5,6,6,6,6,0.39,0,416,,,0,,,,,29.70,,0,,,,,,,,,,,,,,,,,0.000,,,0,22.5,,45,,0,3
02/22/2026 00:28:58,,81442326017,8144,2,Indoor 03,,,true,false,4,1,1,1,,,1,1,,,5,5,5,5,5,0.38,0,418,,,0,,,,,29.69,,0,,,,,,,,,,,,,,,,,0.000,,,0,22.5,,46,,0,2
02/22/2026 00:53:15,,81442326017,8144,2,Indoor 03,,,true,false,4,1,1,1,,,1,1,,,5,5,5,5,5,0.38,0,420,,,0,,,,,29.71,,0,,,,,,,,,,,,,,,,,0.000,,,0,22.4,,45,,0,3
02/22/2026 01:08:15,,81442326017,8144,2,Indoor 03,,,true,false,8,2,2,2,,,2,2,,,5,6,6,6,6,0.39,0,424,,,0,,,,,29.70,,0,,,,,,,,,,,,,,,,,0.000,,,0,22.5,,45,,0,2
02/22/2026 01:32:48,,81442326017,8144,2,Indoor 03,,,true,false,8,2,2,2,,,2,2,,,5,6,6,6,6,0.38,0,418,,,0,,,,,29.70,,0,,,,,,,,,,,,,,,,,0.000,,,0,22.5,,44,,0,3
02/22/2026 01:47:48,,81442326017,8144,2,Indoor 03,,,true,false,4,1,1,1,,,1,1,,,5,5,5,5,5,0.39,0,424,,,0,,,,,29.69,,0,,,,,,,,,,,,,,,,,0.000,,,0,22.5,,44,,0,2
02/22/2026 02:12:21,,81442326017,8144,2,Indoor 03,,,true,false,4,2,1,1,,,1,2,,,5,5,5,5,5,0.40,0,418,,,0,,,,,29.69,,0,,,,,,,,,,,,,,,,,0.000,,,0,22.5,,44,,0,3
02/22/2026 02:27:21,,81442326017,8144,2,Indoor 03,,,true,false,4,1,1,1,,,1,1,,,5,5,5,5,5,0.38,0,419,,,0,,,,,29.69,,0,,,,,,,,,,,,,,,,,0.000,,,0,22.4,,43,,0,2
02/22/2026 02:51:37,,81442326017,8144,2,Indoor 03,,,true,false,4,1,1,1,,,1,1,,,5,5,5,5,5,0.36,0,422,,,0,,,,,29.69,,0,,,,,,,,,,,,,,,,,0.000,,,0,22.4,,43,,0,3
02/22/2026 03:06:37,,81442326017,8144,2,Indoor 03,,,true,false,4,1,1,1,,,1,1,,,5,5,5,5,5,0.38,0,423,,,0,,,,,29.68,,0,,,,,,,,,,,,,,,,,0.000,,,0,22.5,,43,,0,2
02/22/2026 03:31:26,,81442326017,8144,2,Indoor 03,,,true,false,4,1,1,1,,,1,1,,,4,4,4,4,4,0.41,0,421,,,0,,,,,29.67,,0,,,,,,,,,,,,,,,,,0.000,,,0,22.5,,43,,0,3
02/22/2026 03:46:26,,81442326017,8144,2,Indoor 03,,,true,false,4,1,1,1,,,1,1,,,4,4,4,4,4,0.40,0,423,,,0,,,,,29.67,,0,,,,,,,,,,,,,,,,,0.000,,,0,22.5,,42,,0,2
02/22/2026 04:09:59,,81442326017,8144,2,Indoor 03,,,true,false,4,1,1,1,,,1,1,,,3,4,4,4,4,0.37,0,416,,,0,,,,,29.65,,0,,,,,,,,,,,,,,,,,0.000,,,0,22.4,,40,,0,3
02/22/2026 04:24:59,,81442326017,8144,2,Indoor 03,,,true,false,4,1,1,1,,,1,1,,,4,4,4,4,4,0.39,0,418,,,0,,,,,29.64,,0,,,,,,,,,,,,,,,,,0.000,,,0,22.4,,40,,0,2
02/22/2026 04:49:16,,81442326017,8144,2,Indoor 03,,,true,false,4,1,1,1,,,1,1,,,3,4,4,4,4,0.38,0,413,,,0,,,,,29.62,,0,,,,,,,,,,,,,,,,,0.000,,,0,22.4,,40,,0,3
02/22/2026 05:04:16,,81442326017,8144,2,Indoor 03,,,true,false,4,1,1,1,,,1,1,,,3,4,4,4,4,0.39,0,419,,,0,,,,,29.61,,0,,,,,,,,,,,,,,,,,0.015,,,0,22.4,,42,,0,2
02/22/2026 05:27:34,,81442326017,8144,2,Indoor 03,,,true,false,4,1,1,1,,,1,1,,,4,4,4,4,4,0.40,0,417,,,0,,,,,29.62,,0,,,,,,,,,,,,,,,,,0.000,,,0,22.4,,42,,0,3
02/22/2026 05:42:34,,81442326017,8144,2,Indoor 03,,,true,false,4,1,1,1,,,1,1,,,4,4,4,4,4,0.39,0,420,,,0,,,,,29.62,,0,,,,,,,,,,,,,,,,,0.000,,,0,22.4,,41,,0,2
02/22/2026 06:06:07,,81442326017,8144,2,Indoor 03,,,true,false,4,1,1,1,,,1,1,,,4,4,4,4,4,0.39,0,410,,,0,,,,,29.63,,0,,,,,,,,,,,,,,,,,0.000,,,0,22.4,,41,,0,3
02/22/2026 06:21:07,,81442326017,8144,2,Indoor 03,,,true,false,4,1,1,1,,,1,1,,,4,4,4,4,4,0.39,0,407,,,0,,,,,29.64,,0,,,,,,,,,,,,,,,,,0.000,,,0,22.4,,41,,0,2
02/22/2026 06:45:39,,81442326017,8144,2,Indoor 03,,,true,false,4,1,1,1,,,1,1,,,3,4,4,4,4,0.46,0,417,,,0,,,,,29.63,,0,,,,,,,,,,,,,,,,,0.000,,,0,22.4,,41,,0,3
02/22/2026 07:00:39,,81442326017,8144,2,Indoor 03,,,true,false,4,1,1,1,,,1,1,,,4,4,4,4,4,0.42,0,420,,,0,,,,,29.63,,0,,,,,,,,,,,,,,,,,0.000,,,0,22.3,,41,,0,2
02/22/2026 07:25:27,,81442326017,8144,2,Indoor 03,,,true,false,4,1,1,1,,,1,1,,,3,4,4,4,4,0.40,0,414,,,0,,,,,29.61,,0,,,,,,,,,,,,,,,,,0.000,,,0,22.3,,41,,0,3
02/22/2026 07:40:27,,81442326017,8144,2,Indoor 03,,,true,false,4,1,1,1,,,1,1,,,4,4,4,4,4,0.42,0,413,,,0,,,,,29.59,,0,,,,,,,,,,,,,,,,,0.003,,,0,22.3,,42,,0,2
02/22/2026 08:04:30,,81442326017,8144,2,Indoor 03,,,true,false,4,1,1,1,,,1,1,,,3,4,4,4,4,0.43,0,415,,,0,,,,,29.57,,0,,,,,,,,,,,,,,,,,0.000,,,0,22.4,,42,,0,3
02/22/2026 08:19:30,,81442326017,8144,2,Indoor 03,,,true,false,4,1,1,1,,,1,1,,,4,4,4,4,4,0.43,0,421,,,0,,,,,29.56,,0,,,,,,,,,,,,,,,,,0.000,,,0,22.4,,42,,0,2
02/22/2026 08:44:02,,81442326017,8144,2,Indoor 03,,,true,false,4,1,1,1,,,1,1,,,4,4,4,4,4,0.44,0,429,,,0,,,,,29.60,,0,,,,,,,,,,,,,,,,,0.000,,,0,22.3,,41,,0,3
02/22/2026 08:59:02,,81442326017,8144,2,Indoor 03,,,true,false,4,1,1,1,,,1,1,,,4,4,4,4,4,0.42,0,426,,,0,,,,,29.60,,0,,,,,,,,,,,,,,,,,0.003,,,0,22.3,,42,,0,2
02/22/2026 09:23:20,,81442326017,8144,2,Indoor 03,,,true,false,4,1,1,1,,,1,1,,,4,4,4,4,4,0.39,0,425,,,0,,,,,29.59,,0,,,,,,,,,,,,,,,,,0.000,,,0,22.3,,43,,0,3
02/22/2026 09:38:20,,81442326017,8144,2,Indoor 03,,,true,false,4,1,1,1,,,1,1,,,4,5,5,5,5,0.39,0,439,,,0,,,,,29.59,,0,,,,,,,,,,,,,,,,,0.000,,,0,22.3,,43,,0,2
02/22/2026 10:02:38,,81442326017,8144,2,Indoor 03,,,true,false,4,1,1,1,,,1,1,,,4,4,4,4,4,0.35,0,439,,,0,,,,,29.58,,0,,,,,,,,,,,,,,,,,0.000,,,0,22.3,,44,,0,3
02/22/2026 10:17:38,,81442326017,8144,2,Indoor 03,,,true,false,4,1,1,1,,,1,1,,,4,4,4,4,4,0.38,0,458,,,0,,,,,29.57,,0,,,,,,,,,,,,,,,,,0.000,,,0,22.3,,44,,0,2
02/22/2026 10:41:55,,81442326017,8144,2,Indoor 03,,,true,false,4,1,1,1,,,1,1,,,4,4,4,4,4,0.38,0,448,,,0,,,,,29.56,,0,,,,,,,,,,,,,,,,,0.000,,,0,22.3,,44,,0,3
02/22/2026 10:56:55,,81442326017,8144,2,Indoor 03,,,true,false,4,1,1,1,,,1,1,,,4,4,4,4,4,0.39,0,450,,,0,,,,,29.56,,0,,,,,,,,,,,,,,,,,0.000,,,0,22.3,,44,,0,2
02/22/2026 11:21:13,,81442326017,8144,2,Indoor 03,,,true,false,4,1,1,1,,,1,1,,,4,4,4,4,4,0.38,0,444,,,0,,,,,29.56,,0,,,,,,,,,,,,,,,,,0.000,,,0,22.3,,43,,0,3
02/22/2026 11:36:13,,81442326017,8144,2,Indoor 03,,,true,false,4,1,1,1,,,1,1,,,4,5,5,5,5,0.36,0,439,,,0,,,,,29.56,,0,,,,,,,,,,,,,,,,,0.000,,,0,22.3,,42,,0,2
02/22/2026 12:00:31,,81442326017,8144,2,Indoor 03,,,true,false,4,1,1,1,,,1,1,,,4,4,4,4,4,0.35,0,426,,,0,,,,,29.59,,0,,,,,,,,,,,,,,,,,0.000,,,0,22.3,,40,,0,3
02/22/2026 12:15:31,,81442326017,8144,2,Indoor 03,,,true,false,4,1,1,1,,,1,1,,,3,3,3,3,3,0.36,0,434,,,0,,,,,29.58,,0,,,,,,,,,,,,,,,,,0.000,,,0,22.3,,39,,0,2
02/22/2026 12:39:18,,81442326017,8144,2,Indoor 03,,,true,false,4,1,1,1,,,1,1,,,3,3,3,3,3,0.38,0,439,,,0,,,,,29.59,,0,,,,,,,,,,,,,,,,,0.000,,,0,22.4,,41,,0,3
02/22/2026 12:54:18,,81442326017,8144,2,Indoor 03,,,true,false,4,1,1,1,,,1,1,,,2,3,3,3,3,0.37,0,441,,,0,,,,,29.60,,0,,,,,,,,,,,,,,,,,0.008,,,0,22.4,,42,,0,2
02/22/2026 13:18:36,,81442326017,8144,2,Indoor 03,,,true,false,4,1,1,1,,,1,1,,,2,2,2,2,2,0.36,0,437,,,0,,,,,29.61,,0,,,,,,,,,,,,,,,,,0.000,,,0,22.4,,41,,0,3
02/22/2026 13:33:36,,81442326017,8144,2,Indoor 03,,,true,false,0,0,0,0,,,0,0,,,2,2,2,2,2,0.36,0,439,,,0,,,,,29.61,,0,,,,,,,,,,,,,,,,,0.000,,,0,22.3,,40,,0,2
02/22/2026 13:57:24,,81442326017,8144,2,Indoor 03,,,true,false,0,0,0,0,,,0,0,,,1,1,1,1,1,0.31,0,441,,,0,,,,,29.61,,0,,,,,,,,,,,,,,,,,0.000,,,0,22.3,,41,,0,3
02/22/2026 14:12:24,,81442326017,8144,2,Indoor 03,,,true,false,0,0,0,0,,,0,0,,,1,1,1,1,1,0.33,0,440,,,0,,,,,29.60,,0,,,,,,,,,,,,,,,,,0.000,,,0,22.3,,41,,0,2
02/22/2026 14:36:56,,81442326017,8144,2,Indoor 03,,,true,false,0,0,0,0,,,0,0,,,1,1,1,1,1,0.33,0,435,,,0,,,,,29.60,,0,,,,,,,,,,,,,,,,,0.000,,,0,22.3,,42,,0,3
02/22/2026 14:51:56,,81442326017,8144,2,Indoor 03,,,true,false,0,0,0,0,,,0,0,,,1,1,1,1,1,0.35,0,427,,,0,,,,,29.60,,0,,,,,,,,,,,,,,,,,0.000,,,0,22.3,,41,,0,2
02/22/2026 15:16:29,,81442326017,8144,2,Indoor 03,,,true,false,0,0,0,0,,,0,0,,,1,1,1,1,1,0.46,0,418,,,0,,,,,29.59,,0,,,,,,,,,,,,,,,,,0.000,,,0,22.4,,40,,0,3
02/22/2026 15:31:29,,81442326017,8144,2,Indoor 03,,,true,false,0,0,0,0,,,0,0,,,1,1,1,1,1,0.40,0,422,,,0,,,,,29.59,,0,,,,,,,,,,,,,,,,,0.000,,,0,22.4,,41,,0,2
02/22/2026 15:54:47,,81442326017,8144,2,Indoor 03,,,true,false,0,0,0,0,,,0,0,,,1,1,1,1,1,0.42,0,418,,,0,,,,,29.58,,0,,,,,,,,,,,,,,,,,0.000,,,0,22.4,,42,,0,3
02/22/2026 16:09:47,,81442326017,8144,2,Indoor 03,,,true,false,0,0,0,0,,,0,0,,,1,1,1,1,1,0.38,0,410,,,0,,,,,29.58,,0,,,,,,,,,,,,,,,,,0.000,,,0,22.4,,42,,0,2
02/22/2026 16:32:04,,81442326017,8144,2,Indoor 03,,,true,false,0,0,0,0,,,0,0,,,1,1,1,1,1,0.38,0,413,,,0,,,,,29.57,,0,,,,,,,,,,,,,,,,,0.000,,,0,22.4,,41,,0,3
02/22/2026 16:47:04,,81442326017,8144,2,Indoor 03,,,true,false,0,0,0,0,,,0,0,,,1,1,1,1,1,0.37,0,419,,,0,,,,,29.56,,0,,,,,,,,,,,,,,,,,0.000,,,0,22.4,,40,,0,2
02/22/2026 17:11:22,,81442326017,8144,2,Indoor 03,,,true,false,0,0,0,0,,,0,0,,,1,1,1,1,1,0.36,0,414,,,0,,,,,29.55,,0,,,,,,,,,,,,,,,,,0.000,,,0,22.4,,42,,0,3
02/22/2026 17:26:22,,81442326017,8144,2,Indoor 03,,,true,false,0,0,0,0,,,0,0,,,1,2,2,2,2,0.34,0,415,,,0,,,,,29.54,,0,,,,,,,,,,,,,,,,,0.000,,,0,22.4,,41,,0,2
02/22/2026 17:50:40,,81442326017,8144,2,Indoor 03,,,true,false,0,0,0,0,,,0,0,,,1,1,1,1,1,0.41,0,416,,,0,,,,,29.54,,0,,,,,,,,,,,,,,,,,0.000,,,0,22.4,,41,,0,3
02/22/2026 18:05:40,,81442326017,8144,2,Indoor 03,,,true,false,0,0,0,0,,,0,0,,,1,1,1,1,1,0.41,0,411,,,0,,,,,29.53,,0,,,,,,,,,,,,,,,,,0.000,,,0,22.4,,41,,0,2
02/22/2026 18:30:13,,81442326017,8144,2,Indoor 03,,,true,false,4,1,1,1,,,1,1,,,2,2,2,2,2,0.34,0,409,,,0,,,,,29.53,,0,,,,,,,,,,,,,,,,,0.000,,,0,22.3,,42,,0,3
02/22/2026 18:45:13,,81442326017,8144,2,Indoor 03,,,true,false,4,1,1,1,,,1,1,,,2,2,2,2,2,0.37,0,412,,,0,,,,,29.53,,0,,,,,,,,,,,,,,,,,0.000,,,0,22.4,,42,,0,2
02/22/2026 19:09:45,,81442326017,8144,2,Indoor 03,,,true,false,4,1,1,1,,,1,1,,,2,2,3,3,3,0.51,0,410,,,0,,,,,29.51,,0,,,,,,,,,,,,,,,,,0.000,,,0,22.4,,41,,0,3
02/22/2026 19:24:45,,81442326017,8144,2,Indoor 03,,,true,false,4,1,1,1,,,1,1,,,3,3,3,3,3,0.41,0,418,,,0,,,,,29.51,,0,,,,,,,,,,,,,,,,,0.000,,,0,22.4,,41,,0,2
02/22/2026 19:49:18,,81442326017,8144,2,Indoor 03,,,true,false,4,1,1,1,,,1,1,,,2,3,3,3,3,0.39,0,411,,,0,,,,,29.51,,0,,,,,,,,,,,,,,,,,0.000,,,0,22.4,,42,,0,3
02/22/2026 20:04:18,,81442326017,8144,2,Indoor 03,,,true,false,4,1,1,1,,,1,1,,,2,3,3,3,3,0.38,0,408,,,0,,,,,29.52,,0,,,,,,,,,,,,,,,,,0.000,,,0,22.4,,41,,0,2
02/22/2026 20:28:51,,81442326017,8144,2,Indoor 03,,,true,false,4,1,1,1,,,1,1,,,2,2,2,2,2,0.36,0,417,,,0,,,,,29.53,,0,,,,,,,,,,,,,,,,,0.000,,,0,22.4,,41,,0,3
02/22/2026 20:43:51,,81442326017,8144,2,Indoor 03,,,true,false,4,1,1,1,,,1,1,,,2,2,2,2,2,0.38,0,414,,,0,,,,,29.53,,0,,,,,,,,,,,,,,,,,0.000,,,0,22.5,,41,,0,2
02/22/2026 21:07:53,,81442326017,8144,2,Indoor 03,,,true,false,4,1,1,1,,,1,1,,,2,2,2,2,2,0.35,0,410,,,0,,,,,29.53,,0,,,,,,,,,,,,,,,,,0.000,,,0,22.5,,41,,0,3
02/22/2026 21:22:53,,81442326017,8144,2,Indoor 03,,,true,false,4,1,1,1,,,1,1,,,2,3,3,3,3,0.35,0,409,,,0,,,,,29.53,,0,,,,,,,,,,,,,,,,,0.000,,,0,22.5,,41,,0,2
02/22/2026 21:47:25,,81442326017,8144,2,Indoor 03,,,true,false,4,1,1,1,,,1,1,,,2,2,2,2,2,0.34,0,407,,,0,,,,,29.53,,0,,,,,,,,,,,,,,,,,0.000,,,0,22.5,,41,,0,3
02/22/2026 22:02:25,,81442326017,8144,2,Indoor 03,,,true,false,4,1,1,1,,,1,1,,,2,2,2,2,2,0.35,0,410,,,0,,,,,29.53,,0,,,,,,,,,,,,,,,,,0.000,,,0,22.4,,41,,0,2
02/22/2026 22:26:59,,81442326017,8144,2,Indoor 03,,,true,false,4,1,1,1,,,1,1,,,2,2,2,2,2,0.35,0,406,,,0,,,,,29.54,,0,,,,,,,,,,,,,,,,,0.000,,,0,22.5,,41,,0,3
02/22/2026 22:41:59,,81442326017,8144,2,Indoor 03,,,true,false,4,1,1,1,,,1,1,,,2,2,2,2,2,0.35,0,406,,,0,,,,,29.55,,0,,,,,,,,,,,,,,,,,0.000,,,0,22.5,,42,,0,2
02/22/2026 23:05:01,,81442326017,8144,2,Indoor 03,,,true,false,4,1,1,1,,,1,1,,,2,2,2,2,2,0.42,0,409,,,0,,,,,29.56,,0,,,,,,,,,,,,,,,,,0.000,,,0,22.4,,40,,0,3
02/22/2026 23:20:01,,81442326017,8144,2,Indoor 03,,,true,false,0,0,0,0,,,0,0,,,1,1,1,1,1,0.40,0,412,,,0,,,,,29.57,,0,,,,,,,,,,,,,,,,,0.000,,,0,22.4,,39,,0,2
02/22/2026 23:44:19,,81442326017,8144,2,Indoor 03,,,true,false,0,0,0,0,,,0,0,,,2,2,2,2,2,0.34,0,412,,,0,,,,,29.59,,0,,,,,,,,,,,,,,,,,0.000,,,0,22.4,,41,,0,3
02/22/2026 23:59:19,,81442326017,8144,2,Indoor 03,,,true,false,0,0,0,0,,,0,0,,,1,1,1,1,1,0.33,0,410,,,0,,,,,29.60,,0,,,,,,,,,,,,,,,,,0.001,,,0,22.4,,41,,0,2
02/23/2026 00:23:22,,81442326017,8144,2,Indoor 03,,,true,false,0,1,0,0,,,1,1,,,2,2,2,2,2,0.44,0,410,,,0,,,,,29.61,,0,,,,,,,,,,,,,,,,,0.000,,,0,22.4,,41,,0,3
02/23/2026 00:38:22,,81442326017,8144,2,Indoor 03,,,true,false,0,0,0,0,,,0,0,,,2,2,2,2,2,0.38,0,415,,,0,,,,,29.62,,0,,,,,,,,,,,,,,,,,0.000,,,0,22.4,,41,,0,2
02/23/2026 01:02:39,,81442326017,8144,2,Indoor 03,,,true,false,0,0,0,0,,,0,0,,,2,2,2,2,2,0.35,0,407,,,0,,,,,29.63,,0,,,,,,,,,,,,,,,,,0.000,,,0,22.4,,42,,0,3
02/23/2026 01:17:39,,81442326017,8144,2,Indoor 03,,,true,false,4,1,1,1,,,1,1,,,2,2,2,2,2,0.36,0,408,,,0,,,,,29.63,,0,,,,,,,,,,,,,,,,,0.000,,,0,22.4,,42,,0,2
02/23/2026 01:41:42,,81442326017,8144,2,Indoor 03,,,true,false,4,1,0,1,,,1,1,,,2,2,2,2,2,0.37,0,407,,,0,,,,,29.63,,0,,,,,,,,,,,,,,,,,0.000,,,0,22.4,,41,,0,3
02/23/2026 01:56:42,,81442326017,8144,2,Indoor 03,,,true,false,0,0,0,0,,,0,0,,,2,2,2,2,2,0.36,0,413,,,0,,,,,29.63,,0,,,,,,,,,,,,,,,,,0.000,,,0,22.4,,41,,0,2
02/23/2026 02:20:30,,81442326017,8144,2,Indoor 03,,,true,false,0,0,0,0,,,0,0,,,1,2,2,2,2,0.35,0,404,,,0,,,,,29.63,,0,,,,,,,,,,,,,,,,,0.000,,,0,22.4,,41,,0,3
02/23/2026 02:35:30,,81442326017,8144,2,Indoor 03,,,true,false,0,0,0,0,,,0,0,,,1,2,2,2,2,0.35,0,409,,,0,,,,,29.63,,0,,,,,,,,,,,,,,,,,0.000,,,0,22.4,,41,,0,2
02/23/2026 03:00:01,,81442326017,8144,2,Indoor 03,,,true,false,0,0,0,0,,,0,0,,,1,1,1,1,1,0.35,0,399,,,0,,,,,29.63,,0,,,,,,,,,,,,,,,,,0.000,,,0,22.4,,41,,0,3
02/23/2026 03:15:01,,81442326017,8144,2,Indoor 03,,,true,false,0,0,0,0,,,0,0,,,1,1,1,1,1,0.36,0,408,,,0,,,,,29.63,,0,,,,,,,,,,,,,,,,,0.000,,,0,22.4,,41,,0,2
02/23/2026 03:39:35,,81442326017,8144,2,Indoor 03,,,true,false,0,0,0,0,,,0,0,,,1,2,2,2,2,0.34,0,404,,,0,,,,,29.62,,0,,,,,,,,,,,,,,,,,0.000,,,0,22.4,,41,,0,3
02/23/2026 03:54:35,,81442326017,8144,2,Indoor 03,,,true,false,0,0,0,0,,,0,0,,,2,2,2,2,2,0.34,0,402,,,0,,,,,29.63,,0,,,,,,,,,,,,,,,,,0.000,,,0,22.4,,41,,0,2
02/23/2026 04:18:53,,81442326017,8144,2,Indoor 03,,,true,false,0,0,0,0,,,0,0,,,2,2,2,2,2,0.35,0,404,,,0,,,,,29.63,,0,,,,,,,,,,,,,,,,,0.000,,,0,22.4,,41,,0,3
02/23/2026 04:33:53,,81442326017,8144,2,Indoor 03,,,true,false,0,0,0,0,,,0,0,,,1,2,2,2,2,0.38,0,406,,,0,,,,,29.63,,0,,,,,,,,,,,,,,,,,0.000,,,0,22.4,,41,,0,2
02/23/2026 04:57:55,,81442326017,8144,2,Indoor 03,,,true,false,4,1,0,1,,,1,1,,,2,2,2,2,2,0.45,0,403,,,0,,,,,29.64,,0,,,,,,,,,,,,,,,,,0.000,,,0,22.4,,41,,0,3
02/23/2026 05:12:55,,81442326017,8144,2,Indoor 03,,,true,false,4,1,1,1,,,1,1,,,2,2,2,2,2,0.39,0,409,,,0,,,,,29.64,,0,,,,,,,,,,,,,,,,,0.000,,,0,22.4,,41,,0,2
02/23/2026 05:37:13,,81442326017,8144,2,Indoor 03,,,true,false,4,1,0,1,,,1,1,,,2,2,2,2,2,0.38,0,406,,,0,,,,,29.64,,0,,,,,,,,,,,,,,,,,0.000,,,0,22.4,,41,,0,3
02/23/2026 05:52:13,,81442326017,8144,2,Indoor 03,,,true,false,4,1,0,1,,,1,1,,,2,2,2,2,2,0.38,0,410,,,0,,,,,29.64,,0,,,,,,,,,,,,,,,,,0.000,,,0,22.4,,41,,0,2
02/23/2026 06:16:16,,81442326017,8144,2,Indoor 03,,,true,false,4,1,0,1,,,1,1,,,2,2,2,2,2,0.40,0,418,,,0,,,,,29.64,,0,,,,,,,,,,,,,,,,,0.000,,,0,22.4,,42,,0,3
02/23/2026 06:31:16,,81442326017,8144,2,Indoor 03,,,true,false,4,1,1,1,,,1,1,,,2,2,2,2,2,0.40,0,415,,,0,,,,,29.63,,0,,,,,,,,,,,,,,,,,0.000,,,0,22.4,,41,,0,2
02/23/2026 06:55:47,,81442326017,8144,2,Indoor 03,,,true,false,4,1,0,1,,,1,1,,,2,2,2,2,2,0.36,0,411,,,0,,,,,29.63,,0,,,,,,,,,,,,,,,,,0.000,,,0,22.4,,41,,0,3
02/23/2026 07:10:47,,81442326017,8144,2,Indoor 03,,,true,false,4,1,0,1,,,1,1,,,2,2,2,2,2,0.37,0,411,,,0,,,,,29.63,,0,,,,,,,,,,,,,,,,,0.000,,,0,22.4,,41,,0,2
02/23/2026 07:34:51,,81442326017,8144,2,Indoor 03,,,true,false,4,1,1,1,,,1,1,,,2,2,2,2,2,0.36,0,409,,,0,,,,,29.63,,0,,,,,,,,,,,,,,,,,0.000,,,0,22.4,,41,,0,3
02/23/2026 07:49:51,,81442326017,8144,2,Indoor 03,,,true,false,0,0,0,0,,,0,0,,,2,2,2,2,2,0.37,0,416,,,0,,,,,29.63,,0,,,,,,,,,,,,,,,,,0.000,,,0,22.4,,41,,0,2
02/23/2026 08:14:23,,81442326017,8144,2,Indoor 03,,,true,false,4,1,0,1,,,1,1,,,2,2,2,2,2,0.44,0,406,,,0,,,,,29.63,,0,,,,,,,,,,,,,,,,,0.000,,,0,22.5,,41,,0,3
02/23/2026 08:29:23,,81442326017,8144,2,Indoor 03,,,true,false,4,1,0,1,,,1,1,,,2,2,2,2,2,0.38,0,409,,,0,,,,,29.63,,0,,,,,,,,,,,,,,,,,0.000,,,0,22.5,,41,,0,2
02/23/2026 08:53:40,,81442326017,8144,2,Indoor 03,,,true,false,4,1,1,1,,,1,1,,,2,2,2,2,2,0.37,0,407,,,0,,,,,29.63,,0,,,,,,,,,,,,,,,,,0.000,,,0,22.5,,41,,0,3
02/23/2026 09:08:40,,81442326017,8144,2,Indoor 03,,,true,false,4,1,0,1,,,1,1,,,2,2,2,2,2,0.37,0,420,,,0,,,,,29.63,,0,,,,,,,,,,,,,,,,,0.000,,,0,22.5,,41,,0,2
02/23/2026 09:32:43,,81442326017,8144,2,Indoor 03,,,true,false,0,0,0,0,,,0,0,,,2,2,2,2,2,0.37,0,409,,,0,,,,,29.64,,0,,,,,,,,,,,,,,,,,0.000,,,0,22.5,,41,,0,3
02/23/2026 09:47:43,,81442326017,8144,2,Indoor 03,,,true,false,4,1,1,1,,,1,1,,,2,2,2,2,2,0.36,0,410,,,0,,,,,29.64,,0,,,,,,,,,,,,,,,,,0.000,,,0,22.4,,41,,0,2
02/23/2026 10:12:02,,81442326017,8144,2,Indoor 03,,,true,false,4,1,0,1,,,1,1,,,2,2,2,2,2,0.35,0,406,,,0,,,,,29.64,,0,,,,,,,,,,,,,,,,,0.000,,,0,22.4,,40,,0,3
02/23/2026 10:27:02,,81442326017,8144,2,Indoor 03,,,true,false,0,0,0,0,,,0,0,,,2,2,2,2,2,0.36,0,409,,,0,,,,,29.64,,0,,,,,,,,,,,,,,,,,0.000,,,0,22.4,,40,,0,2
02/23/2026 10:51:19,,81442326017,8144,2,Indoor 03,,,true,false,0,0,0,0,,,0,0,,,2,2,2,2,2,0.36,0,411,,,0,,,,,29.64,,0,,,,,,,,,,,,,,,,,0.000,,,0,22.5,,41,,0,3
02/23/2026 11:06:19,,81442326017,8144,2,Indoor 03,,,true,false,4,1,0,1,,,1,1,,,2,2,2,2,2,0.36,0,413,,,0,,,,,29.64,,0,,,,,,,,,,,,,,,,,0.000,,,0,22.5,,41,,0,2
02/23/2026 11:30:51,,81442326017,8144,2,Indoor 03,,,true,false,0,0,0,0,,,0,0,,,2,2,2,2,2,0.38,0,406,,,0,,,,,29.64,,0,,,,,,,,,,,,,,,,,0.000,,,0,22.5,,41,,0,3
02/23/2026 11:45:51,,81442326017,8144,2,Indoor 03,,,true,false,0,0,0,0,,,0,0,,,2,2,2,2,2,0.37,0,412,,,0,,,,,29.64,,0,,,,,,,,,,,,,,,,,0.000,,,0,22.5,,41,,0,2
02/23/2026 12:10:10,,81442326017,8144,2,Indoor 03,,,true,false,0,0,0,0,,,0,0,,,2,2,2,2,2,0.35,0,414,,,0,,,,,29.64,,0,,,,,,,,,,,,,,,,,0.000,,,0,22.6,,41,,0,3
02/23/2026 12:25:10,,81442326017,8144,2,Indoor 03,,,true,false,4,1,0,1,,,1,1,,,2,2,2,2,2,0.35,0,414,,,0,,,,,29.65,,0,,,,,,,,,,,,,,,,,0.000,,,0,22.6,,41,,0,2
02/23/2026 12:49:26,,81442326017,8144,2,Indoor 03,,,true,false,0,0,0,0,,,0,0,,,1,2,2,2,2,0.45,0,404,,,0,,,,,29.65,,0,,,,,,,,,,,,,,,,,0.000,,,0,22.6,,41,,0,3
02/23/2026 13:04:26,,81442326017,8144,2,Indoor 03,,,true,false,0,0,0,0,,,0,0,,,2,2,2,2,2,0.41,0,405,,,0,,,,,29.66,,0,,,,,,,,,,,,,,,,,0.000,,,0,22.5,,42,,0,2
02/23/2026 13:28:44,,81442326017,8144,2,Indoor 03,,,true,false,4,1,0,1,,,1,1,,,2,2,2,2,2,0.42,0,407,,,0,,,,,29.66,,0,,,,,,,,,,,,,,,,,0.000,,,0,22.5,,41,,0,3
02/23/2026 13:43:44,,81442326017,8144,2,Indoor 03,,,true,false,0,0,0,0,,,0,0,,,1,2,2,2,2,0.39,0,415,,,0,,,,,29.66,,0,,,,,,,,,,,,,,,,,0.000,,,0,22.5,,42,,0,2
02/23/2026 14:08:18,,81442326017,8144,2,Indoor 03,,,true,false,0,0,0,0,,,0,0,,,1,1,1,1,1,0.43,0,418,,,0,,,,,29.67,,0,,,,,,,,,,,,,,,,,0.000,,,0,22.4,,42,,0,3
02/23/2026 14:23:18,,81442326017,8144,2,Indoor 03,,,true,false,4,1,1,1,,,1,1,,,2,2,2,2,2,0.39,0,411,,,0,,,,,29.67,,0,,,,,,,,,,,,,,,,,0.000,,,0,22.5,,42,,0,2
02/23/2026 14:47:51,,81442326017,8144,2,Indoor 03,,,true,false,0,1,0,0,,,0,1,,,1,2,2,2,2,0.48,0,410,,,0,,,,,29.67,,0,,,,,,,,,,,,,,,,,0.000,,,0,22.5,,42,,0,3
02/23/2026 15:02:51,,81442326017,8144,2,Indoor 03,,,true,false,0,0,0,0,,,0,0,,,2,2,2,2,2,0.40,0,412,,,0,,,,,29.68,,0,,,,,,,,,,,,,,,,,0.000,,,0,22.6,,41,,0,2
02/23/2026 15:27:07,,81442326017,8144,2,Indoor 03,,,true,false,4,1,0,1,,,1,1,,,2,2,2,2,2,0.51,0,413,,,0,,,,,29.68,,0,,,,,,,,,,,,,,,,,0.000,,,0,22.6,,42,,0,3
02/23/2026 15:42:07,,81442326017,8144,2,Indoor 03,,,true,false,4,1,0,1,,,1,1,,,2,2,2,2,2,0.43,0,425,,,0,,,,,29.68,,0,,,,,,,,,,,,,,,,,0.000,,,0,22.6,,42,,0,2
02/24/2026 03:42:26,,81442326017,8144,2,Indoor 03,,,true,false,33,7,7,8,,,8,8,,,25,28,28,29,29,0.41,0,699,,,0,,,,,29.83,,0,,,,,,,,,,,,,,,,,0.000,,,0,21.0,,42,,0,3
02/24/2026 03:57:26,,81442326017,8144,2,Indoor 03,,,true,false,33,7,7,8,,,8,8,,,26,29,29,29,29,0.40,0,703,,,0,,,,,29.82,,0,,,,,,,,,,,,,,,,,0.000,,,0,21.0,,42,,0,2
02/24/2026 04:21:00,,81442326017,8144,2,Indoor 03,,,true,false,33,7,8,8,,,8,8,,,27,31,31,31,31,0.41,0,712,,,0,,,,,29.82,,0,,,,,,,,,,,,,,,,,0.000,,,0,21.0,,42,,0,3
02/24/2026 04:36:00,,81442326017,8144,2,Indoor 03,,,true,false,38,8,8,9,,,9,9,,,29,33,33,33,33,0.41,0,713,,,0,,,,,29.82,,0,,,,,,,,,,,,,,,,,0.000,,,0,21.0,,42,,0,2
02/24/2026 04:59:47,,81442326017,8144,2,Indoor 03,,,true,false,38,8,9,9,,,9,9,,,30,34,34,34,34,0.42,0,710,,,0,,,,,29.83,,0,,,,,,,,,,,,,,,,,0.000,,,0,20.9,,42,,0,3
02/24/2026 05:14:47,,81442326017,8144,2,Indoor 03,,,true,false,38,8,8,9,,,9,9,,,29,33,33,33,33,0.42,0,714,,,0,,,,,29.83,,0,,,,,,,,,,,,,,,,,0.000,,,0,20.9,,42,,0,2
02/24/2026 05:39:05,,81442326017,8144,2,Indoor 03,,,true,false,38,8,8,9,,,9,9,,,30,33,33,33,33,0.40,0,718,,,0,,,,,29.83,,0,,,,,,,,,,,,,,,,,0.000,,,0,20.9,,42,,0,3
02/24/2026 05:54:05,,81442326017,8144,2,Indoor 03,,,true,false,38,8,9,9,,,9,9,,,31,35,35,35,35,0.42,0,721,,,0,,,,,29.83,,0,,,,,,,,,,,,,,,,,0.000,,,0,20.9,,42,,0,2
02/24/2026 06:18:08,,81442326017,8144,2,Indoor 03,,,true,false,38,8,9,9,,,9,9,,,30,34,34,34,34,0.41,0,720,,,0,,,,,29.83,,0,,,,,,,,,,,,,,,,,0.000,,,0,20.7,,42,,0,3
02/24/2026 06:33:08,,81442326017,8144,2,Indoor 03,,,true,false,38,8,8,9,,,9,9,,,30,33,33,33,33,0.41,0,722,,,0,,,,,29.83,,0,,,,,,,,,,,,,,,,,0.000,,,0,20.7,,42,,0,2
02/24/2026 06:56:40,,81442326017,8144,2,Indoor 03,,,true,false,38,8,8,9,,,9,9,,,29,32,32,33,33,0.41,0,711,,,0,,,,,29.83,,0,,,,,,,,,,,,,,,,,0.000,,,0,20.6,,42,,0,3
02/24/2026 07:11:40,,81442326017,8144,2,Indoor 03,,,true,false,38,8,8,9,,,9,9,,,28,32,32,32,32,0.40,0,715,,,0,,,,,29.82,,0,,,,,,,,,,,,,,,,,0.000,,,0,20.6,,41,,0,2
02/24/2026 07:35:28,,81442326017,8144,2,Indoor 03,,,true,false,38,8,8,9,,,9,9,,,28,32,32,32,32,0.42,0,714,,,0,,,,,29.82,,0,,,,,,,,,,,,,,,,,0.000,,,0,20.6,,41,,0,3
02/24/2026 07:50:28,,81442326017,8144,2,Indoor 03,,,true,false,38,8,8,9,,,9,9,,,29,33,33,33,33,0.42,0,717,,,0,,,,,29.82,,0,,,,,,,,,,,,,,,,,0.000,,,0,20.6,,41,,0,2
02/24/2026 08:14:16,,81442326017,8144,2,Indoor 03,,,true,false,38,8,9,9,,,9,9,,,30,34,34,34,34,0.41,0,705,,,0,,,,,29.82,,0,,,,,,,,,,,,,,,,,0.000,,,0,20.5,,41,,0,3
02/24/2026 08:29:16,,81442326017,8144,2,Indoor 03,,,true,false,38,8,9,9,,,9,9,,,31,35,35,35,35,0.40,0,704,,,0,,,,,29.82,,0,,,,,,,,,,,,,,,,,0.000,,,0,20.4,,41,,0,2
02/24/2026 08:52:17,,81442326017,8144,2,Indoor 03,,,true,false,38,8,9,9,,,9,9,,,30,34,34,34,34,0.42,0,700,,,0,,,,,29.82,,0,,,,,,,,,,,,,,,,,0.000,,,0,20.5,,41,,0,3
02/24/2026 09:07:17,,81442326017,8144,2,Indoor 03,,,true,false,38,8,8,9,,,9,9,,,30,33,33,33,33,0.41,0,701,,,0,,,,,29.82,,0,,,,,,,,,,,,,,,,,0.000,,,0,20.5,,41,,0,2
02/24/2026 09:31:06,,81442326017,8144,2,Indoor 03,,,true,false,38,8,9,9,,,9,9,,,31,35,35,35,35,0.41,0,700,,,0,,,,,29.83,,0,,,,,,,,,,,,,,,,,0.000,,,0,20.5,,41,,0,3
02/24/2026 09:46:06,,81442326017,8144,2,Indoor 03,,,true,false,42,9,9,10,,,10,10,,,32,36,36,36,36,0.40,0,698,,,0,,,,,29.83,,0,,,,,,,,,,,,,,,,,0.000,,,0,20.4,,41,,0,2
02/24/2026 10:10:09,,81442326017,8144,2,Indoor 03,,,true,false,42,9,10,10,,,10,10,,,34,38,38,38,38,0.41,0,674,,,0,,,,,29.83,,0,,,,,,,,,,,,,,,,,0.000,,,0,20.3,,41,,0,3
02/24/2026 10:25:09,,81442326017,8144,2,Indoor 03,,,true,false,42,9,10,10,,,10,10,,,34,38,38,38,38,0.41,0,677,,,0,,,,,29.83,,0,,,,,,,,,,,,,,,,,0.000,,,0,20.4,,41,,0,2
02/24/2026 10:49:26,,81442326017,8144,2,Indoor 03,,,true,false,42,9,9,10,,,10,10,,,32,36,36,36,36,0.42,0,674,,,0,,,,,29.84,,0,,,,,,,,,,,,,,,,,0.000,,,0,20.4,,41,,0,3
02/24/2026 11:04:26,,81442326017,8144,2,Indoor 03,,,true,false,42,9,9,10,,,10,10,,,33,37,37,37,37,0.39,0,670,,,0,,,,,29.84,,0,,,,,,,,,,,,,,,,,0.000,,,0,20.4,,40,,0,2
02/24/2026 11:27:59,,81442326017,8144,2,Indoor 03,,,true,false,42,9,10,10,,,10,10,,,35,39,39,39,39,0.41,0,670,,,0,,,,,29.85,,0,,,,,,,,,,,,,,,,,0.000,,,0,20.4,,40,,0,3
02/24/2026 11:42:59,,81442326017,8144,2,Indoor 03,,,true,false,46,10,10,11,,,11,11,,,37,41,41,41,41,0.40,0,668,,,0,,,,,29.86,,0,,,,,,,,,,,,,,,,,0.000,,,0,20.4,,40,,0,2
02/24/2026 12:06:47,,81442326017,8144,2,Indoor 03,,,true,false,46,10,10,11,,,11,11,,,37,41,41,42,42,0.41,0,658,,,0,,,,,29.86,,0,,,,,,,,,,,,,,,,,0.000,,,0,20.3,,40,,0,3
02/24/2026 12:21:47,,81442326017,8144,2,Indoor 03,,,true,false,42,9,10,10,,,10,10,,,34,38,38,38,38,0.41,0,657,,,0,,,,,29.87,,0,,,,,,,,,,,,,,,,,0.000,,,0,20.3,,40,,0,2
02/24/2026 12:45:49,,81442326017,8144,2,Indoor 03,,,true,false,42,9,9,10,,,10,10,,,33,37,37,37,37,0.40,0,656,,,0,,,,,29.88,,0,,,,,,,,,,,,,,,,,0.000,,,0,20.4,,40,,0,3
02/24/2026 13:00:49,,81442326017,8144,2,Indoor 03,,,true,false,38,8,9,9,,,9,9,,,31,35,35,35,35,0.40,0,663,,,0,,,,,29.89,,0,,,,,,,,,,,,,,,,,0.000,,,0,20.5,,40,,0,2
02/24/2026 13:24:51,,81442326017,8144,2,Indoor 03,,,true,false,33,7,7,8,,,8,8,,,26,29,29,29,29,0.41,0,651,,,0,,,,,29.90,,0,,,,,,,,,,,,,,,,,0.000,,,0,20.8,,39,,0,3
02/24/2026 13:39:51,,81442326017,8144,2,Indoor 03,,,true,false,29,6,7,7,,,7,7,,,24,26,26,26,27,0.40,0,645,,,0,,,,,29.90,,0,,,,,,,,,,,,,,,,,0.000,,,0,20.8,,38,,0,2
02/24/2026 14:03:55,,81442326017,8144,2,Indoor 03,,,true,false,25,6,6,6,,,6,6,,,21,24,24,24,24,0.39,0,628,,,0,,,,,29.89,,0,,,,,,,,,,,,,,,,,0.000,,,0,21.0,,38,,0,3
02/24/2026 14:18:55,,81442326017,8144,2,Indoor 03,,,true,false,21,5,5,5,,,5,5,,,18,20,20,20,20,0.40,0,640,,,0,,,,,29.89,,0,,,,,,,,,,,,,,,,,0.000,,,0,21.1,,38,,0,2
02/24/2026 14:42:42,,81442326017,8144,2,Indoor 03,,,true,false,21,5,4,5,,,5,5,,,16,18,18,18,18,0.40,0,630,,,0,,,,,29.89,,0,,,,,,,,,,,,,,,,,0.000,,,0,21.2,,38,,0,3
02/24/2026 14:57:42,,81442326017,8144,2,Indoor 03,,,true,false,21,5,4,5,,,5,5,,,15,17,17,17,17,0.40,0,651,,,0,,,,,29.89,,0,,,,,,,,,,,,,,,,,0.000,,,0,21.2,,38,,0,2
02/24/2026 15:21:44,,81442326017,8144,2,Indoor 03,,,true,false,17,4,4,4,,,4,4,,,14,15,15,15,15,0.39,0,641,,,0,,,,,29.88,,0,,,,,,,,,,,,,,,,,0.001,,,0,21.1,,39,,0,3
02/24/2026 15:36:44,,81442326017,8144,2,Indoor 03,,,true,false,17,4,4,4,,,4,4,,,13,15,15,15,15,0.40,0,641,,,0,,,,,29.87,,0,,,,,,,,,,,,,,,,,0.005,,,0,21.1,,39,,0,2
02/24/2026 16:00:33,,81442326017,8144,2,Indoor 03,,,true,false,13,3,3,3,,,3,3,,,11,13,13,13,13,0.38,0,623,,,0,,,,,29.86,,0,,,,,,,,,,,,,,,,,0.000,,,0,21.1,,38,,0,3
02/24/2026 16:15:33,,81442326017,8144,2,Indoor 03,,,true,false,13,3,3,3,,,3,3,,,11,13,13,13,13,0.40,0,632,,,0,,,,,29.86,,0,,,,,,,,,,,,,,,,,0.000,,,0,21.1,,38,,0,2
02/24/2026 16:39:36,,81442326017,8144,2,Indoor 03,,,true,false,13,3,3,3,,,3,3,,,11,12,12,12,12,0.42,0,615,,,0,,,,,29.85,,0,,,,,,,,,,,,,,,,,0.000,,,0,21.0,,38,,0,3
02/24/2026 16:54:36,,81442326017,8144,2,Indoor 03,,,true,false,13,3,3,3,,,3,3,,,11,13,13,13,13,0.40,0,603,,,0,,,,,29.85,,0,,,,,,,,,,,,,,,,,0.000,,,0,21.0,,38,,0,2
02/24/2026 17:18:37,,81442326017,8144,2,Indoor 03,,,true,false,13,3,3,3,,,3,3,,,10,11,11,11,11,0.51,0,583,,,0,,,,,29.84,,0,,,,,,,,,,,,,,,,,0.000,,,0,21.1,,38,,0,3
02/24/2026 17:33:37,,81442326017,8144,2,Indoor 03,,,true,false,13,3,3,3,,,3,3,,,11,12,12,12,12,0.42,0,580,,,0,,,,,29.83,,0,,,,,,,,,,,,,,,,,0.000,,,0,21.0,,38,,0,2
02/24/2026 17:56:11,,81442326017,8144,2,Indoor 03,,,true,false,17,4,4,4,,,4,4,,,12,14,14,14,14,0.42,0,631,,,0,,,,,29.81,,0,,,,,,,,,,,,,,,,,0.000,,,0,21.1,,39,,0,3
02/24/2026 18:11:11,,81442326017,8144,2,Indoor 03,,,true,false,17,4,4,4,,,4,4,,,14,15,15,15,15,0.41,0,622,,,0,,,,,29.81,,0,,,,,,,,,,,,,,,,,0.000,,,0,21.3,,39,,0,2
02/24/2026 18:34:43,,81442326017,8144,2,Indoor 03,,,true,false,21,5,5,5,,,5,5,,,17,19,19,19,19,0.44,0,641,,,0,,,,,29.79,,0,,,,,,,,,,,,,,,,,0.000,,,0,21.3,,38,,0,3
02/24/2026 18:49:43,,81442326017,8144,2,Indoor 03,,,true,false,21,5,5,5,,,5,5,,,17,19,19,19,19,0.43,0,652,,,0,,,,,29.78,,0,,,,,,,,,,,,,,,,,0.001,,,0,21.1,,38,,0,2
02/24/2026 19:13:45,,81442326017,8144,2,Indoor 03,,,true,false,25,6,6,6,,,6,6,,,21,24,24,24,24,0.41,0,655,,,0,,,,,29.79,,0,,,,,,,,,,,,,,,,,0.000,,,0,21.1,,38,,0,3
02/24/2026 19:28:45,,81442326017,8144,2,Indoor 03,,,true,false,25,6,6,6,,,6,6,,,21,24,24,24,24,0.41,0,681,,,0,,,,,29.78,,0,,,,,,,,,,,,,,,,,0.016,,,0,21.2,,39,,0,2
02/24/2026 19:51:18,,81442326017,8144,2,Indoor 03,,,true,false,29,6,7,7,,,7,7,,,23,26,26,26,26,0.41,0,689,,,0,,,,,29.77,,0,,,,,,,,,,,,,,,,,0.000,,,0,21.2,,39,,0,3
02/24/2026 20:06:18,,81442326017,8144,2,Indoor 03,,,true,false,33,7,7,8,,,8,8,,,25,28,28,28,28,0.40,0,682,,,0,,,,,29.76,,0,,,,,,,,,,,,,,,,,0.000,,,0,21.1,,39,,0,2
02/24/2026 20:30:21,,81442326017,8144,2,Indoor 03,,,true,false,29,6,7,7,,,7,7,,,23,26,26,26,26,0.41,0,685,,,0,,,,,29.75,,0,,,,,,,,,,,,,,,,,0.000,,,0,21.2,,38,,0,3
02/24/2026 20:45:21,,81442326017,8144,2,Indoor 03,,,true,false,29,6,7,7,,,7,7,,,24,27,27,27,27,0.41,0,683,,,0,,,,,29.75,,0,,,,,,,,,,,,,,,,,0.004,,,0,21.1,,39,,0,2
02/24/2026 21:09:24,,81442326017,8144,2,Indoor 03,,,true,false,29,6,7,7,,,7,7,,,25,28,28,28,28,0.40,0,675,,,0,,,,,29.76,,0,,,,,,,,,,,,,,,,,0.004,,,0,21.1,,39,,0,3
02/24/2026 21:24:24,,81442326017,8144,2,Indoor 03,,,true,false,29,6,7,7,,,7,7,,,23,26,26,26,26,0.41,0,678,,,0,,,,,29.75,,0,,,,,,,,,,,,,,,,,0.003,,,0,21.1,,39,,0,2
02/24/2026 21:48:12,,81442326017,8144,2,Indoor 03,,,true,false,25,6,6,6,,,6,6,,,21,23,23,23,23,0.43,0,678,,,0,,,,,29.74,,0,,,,,,,,,,,,,,,,,0.000,,,0,21.1,,39,,0,3
02/24/2026 22:03:12,,81442326017,8144,2,Indoor 03,,,true,false,25,6,6,6,,,6,6,,,20,22,22,22,22,0.42,0,669,,,0,,,,,29.75,,0,,,,,,,,,,,,,,,,,0.008,,,0,21.0,,38,,0,2
02/24/2026 22:26:30,,81442326017,8144,2,Indoor 03,,,true,false,25,6,5,6,,,6,6,,,19,21,21,21,21,0.40,0,659,,,0,,,,,29.75,,0,,,,,,,,,,,,,,,,,0.006,,,0,20.9,,38,,0,3
02/24/2026 22:41:30,,81442326017,8144,2,Indoor 03,,,true,false,25,6,5,6,,,6,6,,,18,21,21,21,21,0.40,0,680,,,0,,,,,29.75,,0,,,,,,,,,,,,,,,,,0.029,,,0,21.0,,39,,0,2
02/24/2026 23:05:47,,81442326017,8144,2,Indoor 03,,,true,false,21,5,5,5,,,5,5,,,18,20,20,20,20,0.41,0,654,,,0,,,,,29.75,,0,,,,,,,,,,,,,,,,,0.000,,,0,21.0,,39,,0,3
02/24/2026 23:20:47,,81442326017,8144,2,Indoor 03,,,true,false,21,5,5,5,,,5,5,,,17,19,19,19,19,0.40,0,638,,,0,,,,,29.75,,0,,,,,,,,,,,,,,,,,0.000,,,0,20.9,,38,,0,2
02/24/2026 23:44:05,,81442326017,8144,2,Indoor 03,,,true,false,21,5,4,5,,,5,5,,,16,18,18,18,18,0.40,0,614,,,0,,,,,29.75,,0,,,,,,,,,,,,,,,,,0.000,,,0,20.9,,38,,0,3
02/24/2026 23:59:05,,81442326017,8144,2,Indoor 03,,,true,false,17,4,4,4,,,4,4,,,14,16,16,16,16,0.40,0,605,,,0,,,,,29.74,,0,,,,,,,,,,,,,,,,,0.000,,,0,20.8,,38,,0,2
02/25/2026 00:23:23,,81442326017,8144,2,Indoor 03,,,true,false,17,4,4,4,,,4,4,,,13,15,15,15,15,0.39,0,592,,,0,,,,,29.75,,0,,,,,,,,,,,,,,,,,0.000,,,0,20.9,,38,,0,3
02/25/2026 00:38:23,,81442326017,8144,2,Indoor 03,,,true,false,17,4,4,4,,,4,4,,,13,14,14,14,14,0.39,0,586,,,0,,,,,29.75,,0,,,,,,,,,,,,,,,,,0.000,,,0,20.9,,38,,0,2
02/25/2026 01:02:24,,81442326017,8144,2,Indoor 03,,,true,false,17,4,3,4,,,4,4,,,12,13,13,13,13,0.39,0,573,,,0,,,,,29.74,,0,,,,,,,,,,,,,,,,,0.000,,,0,20.9,,38,,0,3
02/25/2026 01:17:24,,81442326017,8144,2,Indoor 03,,,true,false,17,4,3,4,,,4,4,,,12,13,13,13,13,0.40,0,588,,,0,,,,,29.74,,0,,,,,,,,,,,,,,,,,0.029,,,0,20.9,,38,,0,2
02/25/2026 01:40:58,,81442326017,8144,2,Indoor 03,,,true,false,17,4,4,4,,,4,4,,,12,14,14,14,14,0.42,0,620,,,0,,,,,29.74,,0,,,,,,,,,,,,,,,,,0.000,,,0,21.0,,42,,0,3
02/25/2026 01:55:58,,81442326017,8144,2,Indoor 03,,,true,false,17,4,4,4,,,4,4,,,13,14,14,14,14,0.43,0,637,,,0,,,,,29.74,,0,,,,,,,,,,,,,,,,,0.007,,,0,21.0,,42,,0,2
02/25/2026 02:19:01,,81442326017,8144,2,Indoor 03,,,true,false,17,4,4,4,,,4,4,,,14,15,15,15,15,0.45,0,669,,,0,,,,,29.74,,0,,,,,,,,,,,,,,,,,0.003,,,0,21.0,,42,,0,3
02/25/2026 02:34:01,,81442326017,8144,2,Indoor 03,,,true,false,17,4,4,4,,,4,4,,,13,14,14,14,14,0.43,0,681,,,0,,,,,29.74,,0,,,,,,,,,,,,,,,,,0.001,,,0,21.0,,42,,0,2
02/25/2026 02:57:33,,81442326017,8144,2,Indoor 03,,,true,false,17,4,3,4,,,4,4,,,12,14,14,14,14,0.41,0,691,,,0,,,,,29.73,,0,,,,,,,,,,,,,,,,,0.000,,,0,21.0,,42,,0,3
02/25/2026 03:12:33,,81442326017,8144,2,Indoor 03,,,true,false,17,4,3,4,,,4,4,,,12,14,14,14,14,0.42,0,704,,,0,,,,,29.73,,0,,,,,,,,,,,,,,,,,0.012,,,0,21.0,,42,,0,2
02/25/2026 03:36:50,,81442326017,8144,2,Indoor 03,,,true,false,17,4,3,4,,,4,4,,,12,14,14,14,14,0.41,0,703,,,0,,,,,29.72,,0,,,,,,,,,,,,,,,,,0.000,,,0,21.0,,41,,0,3
02/25/2026 03:51:50,,81442326017,8144,2,Indoor 03,,,true,false,17,4,4,4,,,4,4,,,12,14,14,14,14,0.41,0,702,,,0,,,,,29.71,,0,,,,,,,,,,,,,,,,,0.000,,,0,20.9,,41,,0,2
02/25/2026 04:15:53,,81442326017,8144,2,Indoor 03,,,true,false,17,4,4,4,,,4,4,,,15,16,16,16,16,0.40,0,702,,,0,,,,,29.70,,0,,,,,,,,,,,,,,,,,0.000,,,0,20.9,,41,,0,3
02/25/2026 04:30:53,,81442326017,8144,2,Indoor 03,,,true,false,17,4,4,4,,,4,4,,,15,16,16,16,16,0.41,0,701,,,0,,,,,29.70,,0,,,,,,,,,,,,,,,,,0.000,,,0,20.9,,41,,0,2
02/25/2026 04:54:55,,81442326017,8144,2,Indoor 03,,,true,false,21,5,5,5,,,5,5,,,18,20,20,20,20,0.45,0,708,,,0,,,,,29.70,,0,,,,,,,,,,,,,,,,,0.000,,,0,20.8,,41,,0,3
02/25/2026 05:09:55,,81442326017,8144,2,Indoor 03,,,true,false,25,6,6,6,,,6,6,,,21,23,23,23,23,0.41,0,709,,,0,,,,,29.69,,0,,,,,,,,,,,,,,,,,0.000,,,0,20.8,,41,,0,2
02/25/2026 05:32:44,,81442326017,8144,2,Indoor 03,,,true,false,25,6,5,6,,,6,6,,,19,22,22,22,22,0.41,0,703,,,0,,,,,29.68,,0,,,,,,,,,,,,,,,,,0.000,,,0,20.7,,41,,0,3
02/25/2026 05:47:44,,81442326017,8144,2,Indoor 03,,,true,false,29,6,7,7,,,7,7,,,23,26,26,26,26,0.40,0,708,,,0,,,,,29.67,,0,,,,,,,,,,,,,,,,,0.016,,,0,20.7,,41,,0,2
02/25/2026 06:11:46,,81442326017,8144,2,Indoor 03,,,true,false,29,6,7,7,,,7,7,,,24,27,27,27,27,0.41,0,706,,,0,,,,,29.66,,0,,,,,,,,,,,,,,,,,0.000,,,0,20.6,,41,,0,3
02/25/2026 06:26:46,,81442326017,8144,2,Indoor 03,,,true,false,33,7,8,8,,,8,8,,,27,30,30,30,30,0.42,0,710,,,0,,,,,29.65,,0,,,,,,,,,,,,,,,,,0.014,,,0,20.6,,41,,0,2
02/25/2026 06:50:19,,81442326017,8144,2,Indoor 03,,,true,false,33,7,8,8,,,8,8,,,28,32,32,32,32,0.42,0,707,,,0,,,,,29.64,,0,,,,,,,,,,,,,,,,,0.002,,,0,20.6,,41,,0,3
02/25/2026 07:05:19,,81442326017,8144,2,Indoor 03,,,true,false,33,7,8,8,,,8,8,,,28,31,31,31,31,0.43,0,719,,,0,,,,,29.63,,0,,,,,,,,,,,,,,,,,0.001,,,0,20.6,,41,,0,2
02/25/2026 07:29:06,,81442326017,8144,2,Indoor 03,,,true,false,38,8,9,9,,,9,9,,,31,35,35,35,35,0.42,0,722,,,0,,,,,29.63,,0,,,,,,,,,,,,,,,,,0.000,,,0,20.6,,41,,0,3
02/25/2026 07:44:06,,81442326017,8144,2,Indoor 03,,,true,false,38,8,9,9,,,9,9,,,30,34,34,34,34,0.42,0,729,,,0,,,,,29.63,,0,,,,,,,,,,,,,,,,,0.004,,,0,20.5,,41,,0,2
02/25/2026 08:07:55,,81442326017,8144,2,Indoor 03,,,true,false,42,9,9,10,,,10,10,,,32,36,36,36,36,0.42,0,728,,,0,,,,,29.64,,0,,,,,,,,,,,,,,,,,0.000,,,0,20.5,,41,,0,3
02/25/2026 08:22:55,,81442326017,8144,2,Indoor 03,,,true,false,38,8,9,9,,,9,9,,,31,35,35,35,35,0.42,0,732,,,0,,,,,29.64,,0,,,,,,,,,,,,,,,,,0.000,,,0,20.5,,41,,0,2
02/25/2026 08:46:56,,81442326017,8144,2,Indoor 03,,,true,false,42,9,9,10,,,10,10,,,33,37,37,37,37,0.42,0,728,,,0,,,,,29.61,,0,,,,,,,,,,,,,,,,,0.001,,,0,20.5,,40,,0,3
02/25/2026 09:01:56,,81442326017,8144,2,Indoor 03,,,true,false,50,11,11,12,,,12,12,,,39,43,43,43,44,0.42,0,732,,,0,,,,,29.61,,0,,,,,,,,,,,,,,,,,0.001,,,0,20.5,,41,,0,2
02/25/2026 09:26:00,,81442326017,8144,2,Indoor 03,,,true,false,50,11,12,12,,,12,12,,,41,46,46,46,46,0.42,0,722,,,0,,,,,29.61,,0,,,,,,,,,,,,,,,,,0.000,,,0,20.5,,41,,0,3
02/25/2026 09:41:00,,81442326017,8144,2,Indoor 03,,,true,false,50,11,11,12,,,12,12,,,39,44,44,44,44,0.40,0,723,,,0,,,,,29.60,,0,,,,,,,,,,,,,,,,,0.000,,,0,20.4,,41,,0,2
02/25/2026 10:04:48,,81442326017,8144,2,Indoor 03,,,true,false,46,10,11,11,,,11,11,,,38,42,42,42,42,0.41,0,722,,,0,,,,,29.59,,0,,,,,,,,,,,,,,,,,0.000,,,0,20.5,,40,,0,3
02/25/2026 10:19:48,,81442326017,8144,2,Indoor 03,,,true,false,50,11,11,12,,,12,12,,,38,43,43,43,43,0.40,0,722,,,0,,,,,29.59,,0,,,,,,,,,,,,,,,,,0.000,,,0,20.6,,40,,0,2
02/25/2026 10:43:20,,81442326017,8144,2,Indoor 03,,,true,false,53,12,12,13,,,13,13,,,43,48,48,48,48,0.41,0,716,,,0,,,,,29.59,,0,,,,,,,,,,,,,,,,,0.000,,,0,20.5,,40,,0,3
02/25/2026 10:58:20,,81442326017,8144,2,Indoor 03,,,true,false,53,12,12,13,,,13,13,,,44,49,49,49,49,0.41,0,723,,,0,,,,,29.60,,0,,,,,,,,,,,,,,,,,0.000,,,0,20.5,,40,,0,2
02/25/2026 11:22:08,,81442326017,8144,2,Indoor 03,,,true,false,53,12,12,13,,,13,13,,,42,47,47,47,47,0.40,0,711,,,0,,,,,29.59,,0,,,,,,,,,,,,,,,,,0.000,,,0,20.5,,40,,0,3
02/25/2026 11:37:08,,81442326017,8144,2,Indoor 03,,,true,false,53,12,13,13,,,13,13,,,44,50,50,50,50,0.41,0,718,,,0,,,,,29.59,,0,,,,,,,,,,,,,,,,,0.000,,,0,20.5,,40,,0,2
02/25/2026 12:00:55,,81442326017,8144,2,Indoor 03,,,true,false,53,12,12,13,,,13,13,,,43,48,48,48,48,0.42,0,711,,,0,,,,,29.59,,0,,,,,,,,,,,,,,,,,0.000,,,0,20.5,,40,,0,3
02/25/2026 12:15:55,,81442326017,8144,2,Indoor 03,,,true,false,53,12,13,13,,,13,13,,,45,50,50,50,50,0.40,0,716,,,0,,,,,29.59,,0,,,,,,,,,,,,,,,,,0.000,,,0,20.5,,40,,0,2
02/25/2026 12:40:13,,81442326017,8144,2,Indoor 03,,,true,false,53,12,12,13,,,13,13,,,43,48,48,48,48,0.41,0,708,,,0,,,,,29.59,,0,,,,,,,,,,,,,,,,,0.000,,,0,20.5,,40,,0,3
02/25/2026 12:55:13,,81442326017,8144,2,Indoor 03,,,true,false,53,12,12,13,,,13,13,,,42,47,47,47,47,0.40,0,717,,,0,,,,,29.58,,0,,,,,,,,,,,,,,,,,0.000,,,0,20.6,,40,,0,2
02/25/2026 13:19:15,,81442326017,8144,2,Indoor 03,,,true,false,57,14,14,15,,,15,15,,,50,56,56,56,56,0.41,0,752,,,0,,,,,29.58,,0,,,,,,,,,,,,,,,,,0.000,,,0,20.6,,41,,0,3
02/25/2026 13:34:15,,81442326017,8144,2,Indoor 03,,,true,false,63,17,17,18,,,18,18,,,59,66,67,67,67,0.44,0,746,,,0,,,,,29.59,,0,,,,,,,,,,,,,,,,,0.000,,,0,20.7,,41,,0,2
02/25/2026 13:58:49,,81442326017,8144,2,Indoor 03,,,true,false,68,19,18,20,,,20,20,,,64,72,72,72,72,0.48,0,723,,,0,,,,,29.58,,0,,,,,,,,,,,,,,,,,0.000,,,0,20.7,,41,,0,3
02/25/2026 14:13:49,,81442326017,8144,2,Indoor 03,,,true,false,66,19,18,19,,,20,20,,,63,71,71,71,71,0.47,0,715,,,0,,,,,29.58,,0,,,,,,,,,,,,,,,,,0.000,,,0,20.8,,41,,0,2
02/25/2026 14:37:50,,81442326017,8144,2,Indoor 03,,,true,false,63,17,17,18,,,18,18,,,59,67,67,67,67,0.45,0,692,,,0,,,,,29.58,,0,,,,,,,,,,,,,,,,,0.006,,,0,20.8,,41,,0,3
02/25/2026 14:52:50,,81442326017,8144,2,Indoor 03,,,true,false,63,17,17,18,,,18,18,,,60,67,68,68,68,0.44,0,681,,,0,,,,,29.58,,0,,,,,,,,,,,,,,,,,0.004,,,0,20.8,,41,,0,2
02/25/2026 15:16:39,,81442326017,8144,2,Indoor 03,,,true,false,61,16,16,17,,,17,17,,,57,64,64,64,64,0.43,0,665,,,0,,,,,29.58,,0,,,,,,,,,,,,,,,,,0.000,,,0,20.8,,41,,0,3
02/25/2026 15:31:39,,81442326017,8144,2,Indoor 03,,,true,false,59,15,15,16,,,16,16,,,53,60,60,60,60,0.42,0,664,,,0,,,,,29.58,,0,,,,,,,,,,,,,,,,,0.000,,,0,21.0,,41,,0,2
02/25/2026 15:55:57,,81442326017,8144,2,Indoor 03,,,true,false,59,15,15,16,,,16,16,,,52,59,59,59,59,0.41,0,655,,,0,,,,,29.58,,0,,,,,,,,,,,,,,,,,0.000,,,0,20.9,,41,,0,3
02/25/2026 16:10:57,,81442326017,8144,2,Indoor 03,,,true,false,59,15,15,16,,,16,16,,,53,60,60,60,60,0.41,0,652,,,0,,,,,29.58,,0,,,,,,,,,,,,,,,,,0.000,,,0,20.9,,40,,0,2
02/25/2026 16:34:59,,81442326017,8144,2,Indoor 03,,,true,false,61,16,16,17,,,17,17,,,55,62,62,62,62,0.42,0,631,,,0,,,,,29.57,,0,,,,,,,,,,,,,,,,,0.000,,,0,20.7,,40,,0,3
02/25/2026 16:49:59,,81442326017,8144,2,Indoor 03,,,true,false,61,16,16,17,,,17,17,,,55,62,62,62,62,0.41,0,632,,,0,,,,,29.56,,0,,,,,,,,,,,,,,,,,0.000,,,0,20.7,,40,,0,2
02/25/2026 17:14:01,,81442326017,8144,2,Indoor 03,,,true,false,59,15,15,16,,,16,16,,,53,59,60,60,60,0.40,0,617,,,0,,,,,29.53,,0,,,,,,,,,,,,,,,,,0.000,,,0,20.7,,40,,0,3
02/25/2026 17:29:01,,81442326017,8144,2,Indoor 03,,,true,false,59,15,15,16,,,16,16,,,52,58,58,58,58,0.41,0,617,,,0,,,,,29.52,,0,,,,,,,,,,,,,,,,,0.000,,,0,20.7,,40,,0,2
02/25/2026 17:53:04,,81442326017,8144,2,Indoor 03,,,true,false,59,15,15,16,,,16,16,,,54,60,61,61,61,0.41,0,621,,,0,,,,,29.51,,0,,,,,,,,,,,,,,,,,0.000,,,0,20.6,,40,,0,3
02/25/2026 18:08:04,,81442326017,8144,2,Indoor 03,,,true,false,167,66,81,86,,,86,86,,,284,319,320,320,320,0.42,0,663,,,0,,,,,29.50,,0,,,,,,,,,,,,,,,,,0.013,,,0,21.4,,40,,0,2
02/25/2026 18:31:52,,81442326017,8144,2,Indoor 03,,,true,false,93,30,30,32,,,32,32,,,104,117,117,117,117,0.42,0,656,,,0,,,,,29.48,,0,,,,,,,,,,,,,,,,,0.000,,,0,21.6,,39,,0,3
02/25/2026 18:46:52,,81442326017,8144,2,Indoor 03,,,true,false,89,28,28,30,,,30,30,,,98,110,110,110,111,0.42,0,658,,,0,,,,,29.47,,0,,,,,,,,,,,,,,,,,0.000,,,0,21.3,,40,,0,2
02/25/2026 19:10:54,,81442326017,8144,2,Indoor 03,,,true,false,82,25,26,27,,,27,27,,,91,102,102,102,102,0.41,0,656,,,0,,,,,29.47,,0,,,,,,,,,,,,,,,,,0.000,,,0,21.1,,40,,0,3
02/25/2026 19:25:54,,81442326017,8144,2,Indoor 03,,,true,false,84,26,26,28,,,28,28,,,92,104,104,104,104,0.42,0,664,,,0,,,,,29.47,,0,,,,,,,,,,,,,,,,,0.001,,,0,21.2,,41,,0,2
02/25/2026 19:50:12,,81442326017,8144,2,Indoor 03,,,true,false,91,29,30,31,,,31,31,,,103,116,116,116,116,0.40,0,681,,,0,,,,,29.48,,0,,,,,,,,,,,,,,,,,0.000,,,0,21.3,,41,,0,3
02/25/2026 20:05:12,,81442326017,8144,2,Indoor 03,,,true,false,84,26,27,28,,,28,28,,,93,105,105,105,105,0.41,0,677,,,0,,,,,29.47,,0,,,,,,,,,,,,,,,,,0.000,,,0,21.1,,41,,0,2
02/25/2026 20:29:15,,81442326017,8144,2,Indoor 03,,,true,false,87,27,27,29,,,29,29,,,95,107,107,107,107,0.40,0,684,,,0,,,,,29.48,,0,,,,,,,,,,,,,,,,,0.000,,,0,21.0,,41,,0,3
02/25/2026 20:44:15,,81442326017,8144,2,Indoor 03,,,true,false,84,26,26,28,,,28,28,,,92,104,104,104,104,0.41,0,689,,,0,,,,,29.48,,0,,,,,,,,,,,,,,,,,0.000,,,0,20.9,,41,,0,2
02/25/2026 21:08:18,,81442326017,8144,2,Indoor 03,,,true,false,84,26,26,28,,,28,28,,,92,103,103,104,104,0.41,0,696,,,0,,,,,29.48,,0,,,,,,,,,,,,,,,,,0.000,,,0,20.9,,42,,0,3
02/25/2026 21:23:18,,81442326017,8144,2,Indoor 03,,,true,false,82,25,25,27,,,27,27,,,89,100,100,100,100,0.41,0,690,,,0,,,,,29.48,,0,,,,,,,,,,,,,,,,,0.000,,,0,20.8,,42,,0,2
02/25/2026 21:47:21,,81442326017,8144,2,Indoor 03,,,true,false,82,25,25,27,,,27,27,,,88,99,99,99,99,0.40,0,674,,,0,,,,,29.49,,0,,,,,,,,,,,,,,,,,0.000,,,0,20.6,,42,,0,3
02/25/2026 22:02:21,,81442326017,8144,2,Indoor 03,,,true,false,78,23,23,25,,,25,25,,,82,92,92,92,92,0.41,0,668,,,0,,,,,29.49,,0,,,,,,,,,,,,,,,,,0.000,,,0,20.6,,42,,0,2
02/25/2026 22:26:09,,81442326017,8144,2,Indoor 03,,,true,false,74,21,22,23,,,23,23,,,77,87,87,87,87,0.39,0,666,,,0,,,,,29.49,,0,,,,,,,,,,,,,,,,,0.000,,,0,20.6,,42,,0,3
02/25/2026 22:41:09,,81442326017,8144,2,Indoor 03,,,true,false,72,20,21,22,,,22,22,,,74,83,83,83,83,0.41,0,664,,,0,,,,,29.49,,0,,,,,,,,,,,,,,,,,0.000,,,0,20.6,,42,,0,2
02/25/2026 23:05:26,,81442326017,8144,2,Indoor 03,,,true,false,70,19,20,21,,,21,21,,,69,77,77,77,77,0.41,0,667,,,0,,,,,29.50,,0,,,,,,,,,,,,,,,,,0.000,,,0,20.6,,43,,0,3
02/25/2026 23:20:26,,81442326017,8144,2,Indoor 03,,,true,false,68,19,19,20,,,20,20,,,68,76,76,76,76,0.41,0,668,,,0,,,,,29.50,,0,,,,,,,,,,,,,,,,,0.021,,,0,20.6,,43,,0,2
02/25/2026 23:44:29,,81442326017,8144,2,Indoor 03,,,true,false,68,19,19,20,,,20,20,,,65,73,73,73,73,0.40,0,697,,,0,,,,,29.51,,0,,,,,,,,,,,,,,,,,0.003,,,0,20.5,,43,,0,3
02/25/2026 23:59:29,,81442326017,8144,2,Indoor 03,,,true,false,74,21,22,23,,,23,23,,,76,85,86,86,86,0.40,0,804,,,0,,,,,29.51,,0,,,,,,,,,,,,,,,,,0.034,,,0,20.8,,45,,0,2
02/26/2026 00:23:31,,81442326017,8144,2,Indoor 03,,,true,false,97,31,32,34,,,34,34,,,110,123,123,123,124,0.40,0,754,,,0,,,,,29.53,,0,,,,,,,,,,,,,,,,,0.004,,,0,22.3,,43,,0,3
02/26/2026 00:38:31,,81442326017,8144,2,Indoor 03,,,true,false,119,40,41,43,,,43,43,,,141,158,159,159,159,0.39,0,764,,,0,,,,,29.54,,0,,,,,,,,,,,,,,,,,0.020,,,0,22.3,,43,,0,2
02/26/2026 01:02:34,,81442326017,8144,2,Indoor 03,,,true,false,107,35,36,38,,,38,38,,,123,138,139,139,139,0.40,0,768,,,0,,,,,29.55,,0,,,,,,,,,,,,,,,,,0.003,,,0,22.0,,44,,0,3
02/26/2026 01:17:34,,81442326017,8144,2,Indoor 03,,,true,false,99,32,33,35,,,35,35,,,115,129,129,129,129,0.40,0,761,,,0,,,,,29.56,,0,,,,,,,,,,,,,,,,,0.000,,,0,21.9,,44,,0,2
02/26/2026 01:41:37,,81442326017,8144,2,Indoor 03,,,true,false,95,31,31,33,,,33,33,,,109,122,122,123,123,0.40,0,769,,,0,,,,,29.57,,0,,,,,,,,,,,,,,,,,0.000,,,0,21.9,,44,,0,3
02/26/2026 01:56:37,,81442326017,8144,2,Indoor 03,,,true,false,91,29,30,31,,,31,31,,,103,116,116,116,116,0.40,0,772,,,0,,,,,29.58,,0,,,,,,,,,,,,,,,,,0.000,,,0,21.7,,45,,0,2
02/26/2026 02:20:39,,81442326017,8144,2,Indoor 03,,,true,false,87,27,28,29,,,29,29,,,97,108,109,109,109,0.40,0,769,,,0,,,,,29.58,,0,,,,,,,,,,,,,,,,,0.003,,,0,21.7,,45,,0,3
02/26/2026 02:35:39,,81442326017,8144,2,Indoor 03,,,true,false,84,26,26,28,,,28,28,,,90,102,102,102,102,0.40,0,793,,,0,,,,,29.58,,0,,,,,,,,,,,,,,,,,0.012,,,0,21.7,,45,,0,2
02/26/2026 02:59:41,,81442326017,8144,2,Indoor 03,,,true,false,80,24,25,26,,,26,26,,,86,96,97,97,97,0.40,0,807,,,0,,,,,29.58,,0,,,,,,,,,,,,,,,,,0.008,,,0,21.7,,45,,0,3
02/26/2026 03:14:41,,81442326017,8144,2,Indoor 03,,,true,false,80,24,25,26,,,26,26,,,86,97,97,97,97,0.40,0,827,,,0,,,,,29.58,,0,,,,,,,,,,,,,,,,,0.018,,,0,21.6,,45,,0,2
02/26/2026 03:38:45,,81442326017,8144,2,Indoor 03,,,true,false,76,22,23,24,,,24,24,,,81,90,91,91,91,0.40,0,846,,,0,,,,,29.59,,0,,,,,,,,,,,,,,,,,0.000,,,0,21.6,,45,,0,3
02/26/2026 03:53:45,,81442326017,8144,2,Indoor 03,,,true,false,76,22,23,24,,,24,24,,,79,88,89,89,89,0.40,0,842,,,0,,,,,29.60,,0,,,,,,,,,,,,,,,,,0.000,,,0,21.6,,45,,0,2
02/26/2026 04:17:33,,81442326017,8144,2,Indoor 03,,,true,false,74,21,22,23,,,23,23,,,75,84,84,84,84,0.40,0,824,,,0,,,,,29.60,,0,,,,,,,,,,,,,,,,,0.000,,,0,21.7,,45,,0,3
02/26/2026 04:32:33,,81442326017,8144,2,Indoor 03,,,true,false,74,21,22,23,,,23,23,,,76,85,85,85,85,0.39,0,827,,,0,,,,,29.60,,0,,,,,,,,,,,,,,,,,0.000,,,0,21.6,,45,,0,2
02/26/2026 04:56:19,,81442326017,8144,2,Indoor 03,,,true,false,74,21,21,23,,,23,23,,,74,83,83,83,83,0.41,0,824,,,0,,,,,29.61,,0,,,,,,,,,,,,,,,,,0.000,,,0,21.5,,45,,0,3
02/26/2026 05:11:19,,81442326017,8144,2,Indoor 03,,,true,false,74,21,22,23,,,23,23,,,75,84,84,84,84,0.40,0,834,,,0,,,,,29.61,,0,,,,,,,,,,,,,,,,,0.000,,,0,21.4,,45,,0,2
02/26/2026 05:35:07,,81442326017,8144,2,Indoor 03,,,true,false,70,19,20,21,,,21,21,,,70,78,78,78,78,0.40,0,815,,,0,,,,,29.61,,0,,,,,,,,,,,,,,,,,0.000,,,0,21.5,,45,,0,3
02/26/2026 05:50:07,,81442326017,8144,2,Indoor 03,,,true,false,70,19,20,21,,,21,21,,,68,76,77,77,77,0.39,0,810,,,0,,,,,29.61,,0,,,,,,,,,,,,,,,,,0.000,,,0,21.5,,45,,0,2
02/26/2026 06:14:26,,81442326017,8144,2,Indoor 03,,,true,false,68,19,19,20,,,20,20,,,66,75,75,75,75,0.39,0,820,,,0,,,,,29.61,,0,,,,,,,,,,,,,,,,,0.000,,,0,21.4,,45,,0,3
02/26/2026 06:29:26,,81442326017,8144,2,Indoor 03,,,true,false,68,19,19,20,,,20,20,,,67,76,76,76,76,0.40,0,823,,,0,,,,,29.61,,0,,,,,,,,,,,,,,,,,0.000,,,0,21.4,,45,,0,2
02/26/2026 06:53:13,,81442326017,8144,2,Indoor 03,,,true,false,68,19,19,20,,,20,20,,,66,74,74,74,74,0.40,0,823,,,0,,,,,29.62,,0,,,,,,,,,,,,,,,,,0.000,,,0,21.2,,44,,0,3
02/26/2026 07:08:13,,81442326017,8144,2,Indoor 03,,,true,false,63,17,17,18,,,18,18,,,58,65,66,66,66,0.41,0,832,,,0,,,,,29.62,,0,,,,,,,,,,,,,,,,,0.001,,,0,20.9,,44,,0,2
02/26/2026 07:32:31,,81442326017,8144,2,Indoor 03,,,true,false,63,17,17,18,,,18,18,,,60,68,68,68,68,0.40,0,822,,,0,,,,,29.62,,0,,,,,,,,,,,,,,,,,0.000,,,0,20.7,,45,,0,3
02/26/2026 07:47:31,,81442326017,8144,2,Indoor 03,,,true,false,61,16,16,17,,,17,17,,,57,64,64,64,64,0.40,0,825,,,0,,,,,29.61,,0,,,,,,,,,,,,,,,,,0.013,,,0,20.6,,46,,0,2
02/26/2026 08:11:04,,81442326017,8144,2,Indoor 03,,,true,false,59,15,15,16,,,16,16,,,53,60,60,60,60,0.40,0,815,,,0,,,,,29.61,,0,,,,,,,,,,,,,,,,,0.000,,,0,20.4,,46,,0,3
02/26/2026 08:26:04,,81442326017,8144,2,Indoor 03,,,true,false,61,16,16,17,,,17,17,,,56,63,63,63,63,0.40,0,824,,,0,,,,,29.61,,0,,,,,,,,,,,,,,,,,0.000,,,0,20.5,,45,,0,2
02/26/2026 08:50:05,,81442326017,8144,2,Indoor 03,,,true,false,59,15,15,16,,,16,16,,,53,59,59,59,59,0.39,0,814,,,0,,,,,29.61,,0,,,,,,,,,,,,,,,,,0.000,,,0,20.6,,45,,0,3
02/26/2026 09:05:05,,81442326017,8144,2,Indoor 03,,,true,false,59,15,15,16,,,16,16,,,54,61,61,61,61,0.40,0,820,,,0,,,,,29.61,,0,,,,,,,,,,,,,,,,,0.006,,,0,20.2,,46,,0,2
02/26/2026 09:28:24,,81442326017,8144,2,Indoor 03,,,true,false,59,15,15,16,,,16,16,,,53,59,59,59,59,0.40,0,813,,,0,,,,,29.61,,0,,,,,,,,,,,,,,,,,0.000,,,0,20.5,,46,,0,3
02/26/2026 09:43:24,,81442326017,8144,2,Indoor 03,,,true,false,59,15,15,16,,,16,16,,,53,59,59,59,59,0.40,0,820,,,0,,,,,29.60,,0,,,,,,,,,,,,,,,,,0.000,,,0,20.5,,45,,0,2
02/26/2026 10:07:41,,81442326017,8144,2,Indoor 03,,,true,false,55,13,14,14,,,14,14,,,48,54,54,54,54,0.40,0,815,,,0,,,,,29.60,,0,,,,,,,,,,,,,,,,,0.000,,,0,20.5,,45,,0,3
02/26/2026 10:22:41,,81442326017,8144,2,Indoor 03,,,true,false,55,13,14,14,,,14,14,,,48,54,54,54,54,0.40,0,816,,,0,,,,,29.60,,0,,,,,,,,,,,,,,,,,0.000,,,0,20.6,,45,,0,2
02/26/2026 10:46:44,,81442326017,8144,2,Indoor 03,,,true,false,55,13,14,14,,,14,14,,,48,54,54,54,54,0.41,0,806,,,0,,,,,29.60,,0,,,,,,,,,,,,,,,,,0.000,,,0,20.6,,45,,0,3
02/26/2026 11:01:44,,81442326017,8144,2,Indoor 03,,,true,false,57,14,14,15,,,15,15,,,51,57,57,57,57,0.40,0,804,,,0,,,,,29.60,,0,,,,,,,,,,,,,,,,,0.000,,,0,20.5,,45,,0,2
02/26/2026 11:26:01,,81442326017,8144,2,Indoor 03,,,true,false,55,13,13,14,,,14,14,,,45,51,51,51,51,0.41,0,800,,,0,,,,,29.60,,0,,,,,,,,,,,,,,,,,0.000,,,0,20.4,,45,,0,3
02/26/2026 11:41:01,,81442326017,8144,2,Indoor 03,,,true,false,55,13,13,14,,,14,14,,,45,51,51,51,51,0.40,0,798,,,0,,,,,29.60,,0,,,,,,,,,,,,,,,,,0.000,,,0,20.5,,45,,0,2
02/26/2026 12:05:04,,81442326017,8144,2,Indoor 03,,,true,false,55,13,13,14,,,14,14,,,46,52,52,52,52,0.40,0,801,,,0,,,,,29.60,,0,,,,,,,,,,,,,,,,,0.000,,,0,20.5,,45,,0,3
02/26/2026 12:20:04,,81442326017,8144,2,Indoor 03,,,true,false,53,12,13,13,,,13,13,,,44,49,50,50,50,0.40,0,805,,,0,,,,,29.60,,0,,,,,,,,,,,,,,,,,0.000,,,0,20.5,,45,,0,2
02/26/2026 12:43:51,,81442326017,8144,2,Indoor 03,,,true,false,53,12,12,13,,,13,13,,,44,49,49,49,49,0.39,0,787,,,0,,,,,29.60,,0,,,,,,,,,,,,,,,,,0.000,,,0,20.5,,45,,0,3
02/26/2026 12:58:51,,81442326017,8144,2,Indoor 03,,,true,false,53,12,13,13,,,13,13,,,44,50,50,50,50,0.40,0,802,,,0,,,,,29.60,,0,,,,,,,,,,,,,,,,,0.007,,,0,20.3,,46,,0,2
02/26/2026 13:22:25,,81442326017,8144,2,Indoor 03,,,true,false,53,12,12,13,,,13,13,,,42,47,47,47,47,0.40,0,823,,,0,,,,,29.61,,0,,,,,,,,,,,,,,,,,0.000,,,0,20.4,,47,,0,3
02/26/2026 13:37:25,,81442326017,8144,2,Indoor 03,,,true,false,50,11,12,12,,,12,12,,,41,46,46,46,46,0.40,0,800,,,0,,,,,29.61,,0,,,,,,,,,,,,,,,,,0.000,,,0,20.4,,47,,0,2
02/26/2026 14:01:42,,81442326017,8144,2,Indoor 03,,,true,false,50,11,12,12,,,12,12,,,41,46,46,46,46,0.40,0,807,,,0,,,,,29.61,,0,,,,,,,,,,,,,,,,,0.000,,,0,20.4,,47,,0,3
02/26/2026 14:16:42,,81442326017,8144,2,Indoor 03,,,true,false,46,10,11,11,,,11,11,,,38,43,43,43,43,0.40,0,808,,,0,,,,,29.61,,0,,,,,,,,,,,,,,,,,0.000,,,0,20.4,,47,,0,2
02/26/2026 14:39:44,,81442326017,8144,2,Indoor 03,,,true,false,46,10,10,11,,,11,11,,,36,41,41,41,41,0.41,0,789,,,0,,,,,29.60,,0,,,,,,,,,,,,,,,,,0.000,,,0,20.5,,47,,0,3
02/26/2026 14:54:44,,81442326017,8144,2,Indoor 03,,,true,false,46,10,11,11,,,11,11,,,38,43,43,43,43,0.41,0,776,,,0,,,,,29.60,,0,,,,,,,,,,,,,,,,,0.000,,,0,20.4,,47,,0,2
02/26/2026 15:18:32,,81442326017,8144,2,Indoor 03,,,true,false,46,10,10,11,,,11,11,,,36,41,41,41,41,0.40,0,777,,,0,,,,,29.58,,0,,,,,,,,,,,,,,,,,0.000,,,0,20.4,,47,,0,3
02/26/2026 15:33:32,,81442326017,8144,2,Indoor 03,,,true,false,46,10,10,11,,,11,11,,,35,39,39,39,39,0.40,0,776,,,0,,,,,29.57,,0,,,,,,,,,,,,,,,,,0.000,,,0,20.4,,47,,0,2
02/26/2026 15:57:21,,81442326017,8144,2,Indoor 03,,,true,false,42,9,10,10,,,10,10,,,34,38,38,38,38,0.40,0,757,,,0,,,,,29.57,,0,,,,,,,,,,,,,,,,,0.000,,,0,20.5,,47,,0,3
02/26/2026 16:12:21,,81442326017,8144,2,Indoor 03,,,true,false,42,9,10,10,,,10,10,,,34,38,38,38,38,0.39,0,761,,,0,,,,,29.58,,0,,,,,,,,,,,,,,,,,0.000,,,0,20.4,,47,,0,2
02/26/2026 16:35:39,,81442326017,8144,2,Indoor 03,,,true,false,42,9,9,10,,,10,10,,,33,37,37,37,37,0.40,0,734,,,0,,,,,29.56,,0,,,,,,,,,,,,,,,,,0.000,,,0,20.3,,47,,0,3
02/26/2026 16:50:39,,81442326017,8144,2,Indoor 03,,,true,false,42,9,9,10,,,10,10,,,32,36,36,36,36,0.39,0,736,,,0,,,,,29.55,,0,,,,,,,,,,,,,,,,,0.000,,,0,20.4,,47,,0,2
02/26/2026 17:14:26,,81442326017,8144,2,Indoor 03,,,true,false,38,8,9,9,,,9,9,,,31,34,34,34,34,0.40,0,714,,,0,,,,,29.55,,0,,,,,,,,,,,,,,,,,0.000,,,0,20.5,,47,,0,3
02/26/2026 17:29:26,,81442326017,8144,2,Indoor 03,,,true,false,38,8,9,9,,,9,9,,,30,34,34,34,34,0.41,0,701,,,0,,,,,29.54,,0,,,,,,,,,,,,,,,,,0.000,,,0,20.4,,48,,0,2
02/26/2026 17:53:13,,81442326017,8144,2,Indoor 03,,,true,false,38,8,8,9,,,9,9,,,29,32,32,32,32,0.40,0,690,,,0,,,,,29.52,,0,,,,,,,,,,,,,,,,,0.000,,,0,20.3,,48,,0,3
02/26/2026 18:08:13,,81442326017,8144,2,Indoor 03,,,true,false,38,8,9,9,,,9,9,,,30,34,34,34,34,0.40,0,736,,,0,,,,,29.52,,0,,,,,,,,,,,,,,,,,0.021,,,0,20.4,,49,,0,2
02/26/2026 18:32:17,,81442326017,8144,2,Indoor 03,,,true,false,61,16,16,17,,,17,17,,,57,64,64,64,64,0.37,0,717,,,0,,,,,29.51,,0,,,,,,,,,,,,,,,,,0.000,,,0,21.0,,48,,0,3
02/26/2026 18:47:17,,81442326017,8144,2,Indoor 03,,,true,false,66,18,18,19,,,19,19,,,62,69,70,70,70,0.37,0,750,,,0,,,,,29.52,,0,,,,,,,,,,,,,,,,,0.005,,,0,20.4,,50,,0,2
02/26/2026 19:11:19,,81442326017,8144,2,Indoor 03,,,true,false,61,16,16,17,,,17,17,,,57,64,64,64,64,0.37,0,734,,,0,,,,,29.51,,0,,,,,,,,,,,,,,,,,0.000,,,0,20.6,,49,,0,3
02/26/2026 19:26:19,,81442326017,8144,2,Indoor 03,,,true,false,59,15,16,16,,,16,16,,,55,61,61,62,62,0.38,0,760,,,0,,,,,29.50,,0,,,,,,,,,,,,,,,,,0.000,,,0,20.6,,50,,0,2
02/26/2026 19:50:06,,81442326017,8144,2,Indoor 03,,,true,false,55,13,13,14,,,14,14,,,47,52,52,52,52,0.38,0,783,,,0,,,,,29.50,,0,,,,,,,,,,,,,,,,,0.000,,,0,20.5,,51,,0,3
02/26/2026 20:05:06,,81442326017,8144,2,Indoor 03,,,true,false,53,12,12,13,,,13,13,,,43,48,48,48,48,0.38,0,770,,,0,,,,,29.50,,0,,,,,,,,,,,,,,,,,0.003,,,0,20.5,,52,,0,2
02/26/2026 20:29:10,,81442326017,8144,2,Indoor 03,,,true,false,50,11,11,12,,,12,12,,,38,43,43,43,43,0.39,0,759,,,0,,,,,29.51,,0,,,,,,,,,,,,,,,,,0.000,,,0,20.5,,52,,0,3
02/26/2026 20:44:10,,81442326017,8144,2,Indoor 03,,,true,false,46,10,11,11,,,11,11,,,38,43,43,43,43,0.37,0,780,,,0,,,,,29.51,,0,,,,,,,,,,,,,,,,,0.000,,,0,20.4,,52,,0,2
02/26/2026 21:07:57,,81442326017,8144,2,Indoor 03,,,true,false,42,9,9,10,,,10,10,,,33,37,37,37,37,0.38,0,769,,,0,,,,,29.51,,0,,,,,,,,,,,,,,,,,0.000,,,0,20.5,,51,,0,3
02/26/2026 21:22:57,,81442326017,8144,2,Indoor 03,,,true,false,42,9,10,10,,,10,10,,,34,38,38,38,38,0.39,0,786,,,0,,,,,29.51,,0,,,,,,,,,,,,,,,,,0.000,,,0,20.5,,51,,0,2
02/26/2026 21:46:59,,81442326017,8144,2,Indoor 03,,,true,false,38,8,8,9,,,9,9,,,29,32,32,32,32,0.38,0,757,,,0,,,,,29.52,,0,,,,,,,,,,,,,,,,,0.000,,,0,20.5,,51,,0,3
02/26/2026 22:01:59,,81442326017,8144,2,Indoor 03,,,true,false,33,7,8,8,,,8,8,,,27,30,30,30,30,0.39,0,759,,,0,,,,,29.53,,0,,,,,,,,,,,,,,,,,0.000,,,0,20.6,,51,,0,2
02/26/2026 22:25:48,,81442326017,8144,2,Indoor 03,,,true,false,33,7,7,8,,,8,8,,,26,30,30,30,30,0.38,0,753,,,0,,,,,29.54,,0,,,,,,,,,,,,,,,,,0.000,,,0,20.3,,52,,0,3
02/26/2026 22:40:48,,81442326017,8144,2,Indoor 03,,,true,false,29,6,7,7,,,7,7,,,24,27,27,27,27,0.38,0,736,,,0,,,,,29.55,,0,,,,,,,,,,,,,,,,,0.000,,,0,20.4,,52,,0,2
02/26/2026 23:04:49,,81442326017,8144,2,Indoor 03,,,true,false,29,6,6,7,,,7,7,,,22,25,25,25,25,0.39,0,726,,,0,,,,,29.56,,0,,,,,,,,,,,,,,,,,0.000,,,0,20.5,,52,,0,3
02/26/2026 23:19:49,,81442326017,8144,2,Indoor 03,,,true,false,29,6,7,7,,,7,7,,,23,26,26,26,26,0.39,0,736,,,0,,,,,29.56,,0,,,,,,,,,,,,,,,,,0.018,,,0,20.9,,52,,0,2
02/26/2026 23:43:37,,81442326017,8144,2,Indoor 03,,,true,false,33,7,8,8,,,8,8,,,28,31,31,31,31,0.38,0,745,,,0,,,,,29.57,,0,,,,,,,,,,,,,,,,,0.000,,,0,20.6,,52,,0,3
02/26/2026 23:58:37,,81442326017,8144,2,Indoor 03,,,true,false,33,7,8,8,,,8,8,,,27,30,30,30,30,0.38,0,738,,,0,,,,,29.58,,0,,,,,,,,,,,,,,,,,0.000,,,0,20.7,,52,,0,2
02/27/2026 00:22:41,,81442326017,8144,2,Indoor 03,,,true,false,29,6,7,7,,,7,7,,,24,27,27,27,27,0.38,0,720,,,0,,,,,29.59,,0,,,,,,,,,,,,,,,,,0.000,,,0,20.9,,51,,0,3
02/27/2026 00:37:41,,81442326017,8144,2,Indoor 03,,,true,false,29,6,7,7,,,7,7,,,24,27,27,27,27,0.38,0,721,,,0,,,,,29.61,,0,,,,,,,,,,,,,,,,,0.000,,,0,20.8,,52,,0,2
02/27/2026 01:01:28,,81442326017,8144,2,Indoor 03,,,true,false,29,6,6,7,,,7,7,,,22,25,25,25,25,0.39,0,718,,,0,,,,,29.61,,0,,,,,,,,,,,,,,,,,0.000,,,0,20.7,,52,,0,3
02/27/2026 01:16:28,,81442326017,8144,2,Indoor 03,,,true,false,29,6,6,7,,,7,7,,,22,24,24,24,24,0.39,0,714,,,0,,,,,29.61,,0,,,,,,,,,,,,,,,,,0.000,,,0,20.6,,52,,0,2
02/27/2026 01:40:31,,81442326017,8144,2,Indoor 03,,,true,false,25,6,6,6,,,6,6,,,20,23,23,23,23,0.39,0,721,,,0,,,,,29.62,,0,,,,,,,,,,,,,,,,,0.000,,,0,20.8,,51,,0,3
02/27/2026 01:55:31,,81442326017,8144,2,Indoor 03,,,true,false,25,6,6,6,,,6,6,,,20,22,22,22,22,0.38,0,711,,,0,,,,,29.62,,0,,,,,,,,,,,,,,,,,0.000,,,0,20.7,,52,,0,2
02/27/2026 02:19:48,,81442326017,8144,2,Indoor 03,,,true,false,25,6,5,6,,,6,6,,,19,21,21,21,21,0.37,0,698,,,0,,,,,29.63,,0,,,,,,,,,,,,,,,,,0.000,,,0,20.6,,52,,0,3
02/27/2026 02:34:48,,81442326017,8144,2,Indoor 03,,,true,false,21,5,5,5,,,5,5,,,17,19,19,19,19,0.37,0,699,,,0,,,,,29.64,,0,,,,,,,,,,,,,,,,,0.000,,,0,20.6,,52,,0,2
02/27/2026 02:57:50,,81442326017,8144,2,Indoor 03,,,true,false,21,5,5,5,,,5,5,,,17,19,20,20,20,0.38,0,700,,,0,,,,,29.64,,0,,,,,,,,,,,,,,,,,0.000,,,0,20.7,,52,,0,3
02/27/2026 03:12:50,,81442326017,8144,2,Indoor 03,,,true,false,21,5,5,5,,,5,5,,,18,20,20,20,20,0.38,0,689,,,0,,,,,29.65,,0,,,,,,,,,,,,,,,,,0.000,,,0,20.6,,52,,0,2
02/27/2026 03:36:39,,81442326017,8144,2,Indoor 03,,,true,false,21,5,5,5,,,5,5,,,18,20,20,20,20,0.38,0,696,,,0,,,,,29.65,,0,,,,,,,,,,,,,,,,,0.000,,,0,20.7,,52,,0,3
02/27/2026 03:51:39,,81442326017,8144,2,Indoor 03,,,true,false,21,5,5,5,,,5,5,,,17,19,19,19,19,0.38,0,712,,,0,,,,,29.65,,0,,,,,,,,,,,,,,,,,0.000,,,0,20.8,,52,,0,2
02/27/2026 04:15:11,,81442326017,8144,2,Indoor 03,,,true,false,21,5,5,5,,,5,5,,,17,19,19,19,19,0.40,0,713,,,0,,,,,29.66,,0,,,,,,,,,,,,,,,,,0.000,,,0,20.8,,52,,0,3
02/27/2026 04:30:11,,81442326017,8144,2,Indoor 03,,,true,false,21,5,5,5,,,5,5,,,17,19,19,19,19,0.39,0,691,,,0,,,,,29.66,,0,,,,,,,,,,,,,,,,,0.000,,,0,20.8,,53,,0,2
02/27/2026 04:53:58,,81442326017,8144,2,Indoor 03,,,true,false,21,5,5,5,,,5,5,,,16,18,18,18,18,0.39,0,756,,,0,,,,,29.66,,0,,,,,,,,,,,,,,,,,0.008,,,0,20.7,,52,,0,3
02/27/2026 05:08:58,,81442326017,8144,2,Indoor 03,,,true,false,21,5,5,5,,,5,5,,,16,18,18,18,18,0.39,0,761,,,0,,,,,29.66,,0,,,,,,,,,,,,,,,,,0.012,,,0,20.7,,52,,0,2
02/27/2026 05:32:31,,81442326017,8144,2,Indoor 03,,,true,false,21,5,5,5,,,5,5,,,17,19,19,19,19,0.42,0,773,,,0,,,,,29.67,,0,,,,,,,,,,,,,,,,,0.000,,,0,20.7,,50,,0,3
02/27/2026 05:47:31,,81442326017,8144,2,Indoor 03,,,true,false,21,5,4,5,,,5,5,,,15,17,17,17,17,0.39,0,799,,,0,,,,,29.67,,0,,,,,,,,,,,,,,,,,0.017,,,0,20.6,,51,,0,2
02/27/2026 06:11:50,,81442326017,8144,2,Indoor 03,,,true,false,21,5,4,5,,,5,5,,,15,17,17,17,17,0.39,0,809,,,0,,,,,29.67,,0,,,,,,,,,,,,,,,,,0.000,,,0,20.6,,51,,0,3
02/27/2026 06:26:50,,81442326017,8144,2,Indoor 03,,,true,false,21,5,4,5,,,5,5,,,15,17,17,17,17,0.38,0,821,,,0,,,,,29.67,,0,,,,,,,,,,,,,,,,,0.000,,,0,20.6,,51,,0,2
02/27/2026 06:50:36,,81442326017,8144,2,Indoor 03,,,true,false,21,5,4,5,,,5,5,,,15,17,17,17,17,0.39,0,803,,,0,,,,,29.66,,0,,,,,,,,,,,,,,,,,0.000,,,0,20.6,,51,,0,3
02/27/2026 07:05:36,,81442326017,8144,2,Indoor 03,,,true,false,17,4,4,4,,,4,4,,,15,17,17,17,17,0.38,0,794,,,0,,,,,29.67,,0,,,,,,,,,,,,,,,,,0.000,,,0,20.7,,50,,0,2
02/27/2026 07:29:25,,81442326017,8144,2,Indoor 03,,,true,false,21,5,4,5,,,5,5,,,15,17,17,17,17,0.39,0,798,,,0,,,,,29.68,,0,,,,,,,,,,,,,,,,,0.000,,,0,20.7,,50,,0,3
02/27/2026 07:44:25,,81442326017,8144,2,Indoor 03,,,true,false,21,5,4,5,,,5,5,,,16,18,18,18,18,0.38,0,792,,,0,,,,,29.67,,0,,,,,,,,,,,,,,,,,0.000,,,0,20.6,,51,,0,2
02/27/2026 08:08:28,,81442326017,8144,2,Indoor 03,,,true,false,21,5,4,5,,,5,5,,,16,18,18,18,18,0.37,0,778,,,0,,,,,29.67,,0,,,,,,,,,,,,,,,,,0.000,,,0,20.6,,51,,0,3
02/27/2026 08:23:28,,81442326017,8144,2,Indoor 03,,,true,false,21,5,4,5,,,5,5,,,16,18,18,18,18,0.38,0,774,,,0,,,,,29.67,,0,,,,,,,,,,,,,,,,,0.000,,,0,20.6,,50,,0,2
02/27/2026 08:47:45,,81442326017,8144,2,Indoor 03,,,true,false,21,5,4,5,,,5,5,,,15,17,17,17,17,0.39,0,765,,,0,,,,,29.68,,0,,,,,,,,,,,,,,,,,0.000,,,0,20.7,,50,,0,3
02/27/2026 09:02:45,,81442326017,8144,2,Indoor 03,,,true,false,21,5,4,5,,,5,5,,,15,17,17,17,17,0.39,0,770,,,0,,,,,29.68,,0,,,,,,,,,,,,,,,,,0.002,,,0,20.6,,50,,0,2
02/27/2026 09:26:33,,81442326017,8144,2,Indoor 03,,,true,false,21,5,5,5,,,5,5,,,16,18,18,18,18,0.37,0,760,,,0,,,,,29.67,,0,,,,,,,,,,,,,,,,,0.000,,,0,20.5,,50,,0,3
02/27/2026 09:41:33,,81442326017,8144,2,Indoor 03,,,true,false,17,4,4,4,,,4,4,,,15,16,16,16,16,0.38,0,750,,,0,,,,,29.67,,0,,,,,,,,,,,,,,,,,0.000,,,0,20.5,,50,,0,2
02/27/2026 10:05:36,,81442326017,8144,2,Indoor 03,,,true,false,21,5,4,5,,,5,5,,,15,17,17,17,17,0.37,0,734,,,0,,,,,29.68,,0,,,,,,,,,,,,,,,,,0.000,,,0,20.6,,50,,0,3
02/27/2026 10:20:36,,81442326017,8144,2,Indoor 03,,,true,false,21,5,5,5,,,5,5,,,16,18,18,18,18,0.38,0,736,,,0,,,,,29.69,,0,,,,,,,,,,,,,,,,,0.000,,,0,20.6,,50,,0,2
02/27/2026 10:44:38,,81442326017,8144,2,Indoor 03,,,true,false,21,5,5,5,,,5,5,,,17,19,19,19,19,0.38,0,730,,,0,,,,,29.71,,0,,,,,,,,,,,,,,,,,0.000,,,0,20.5,,50,,0,3
02/27/2026 10:59:38,,81442326017,8144,2,Indoor 03,,,true,false,21,5,5,5,,,5,5,,,18,20,20,20,20,0.38,0,735,,,0,,,,,29.71,,0,,,,,,,,,,,,,,,,,0.000,,,0,20.5,,50,,0,2
02/27/2026 11:23:40,,81442326017,8144,2,Indoor 03,,,true,false,25,6,6,6,,,6,6,,,20,22,22,22,22,0.39,0,724,,,0,,,,,29.71,,0,,,,,,,,,,,,,,,,,0.000,,,0,20.5,,50,,0,3
02/27/2026 11:38:40,,81442326017,8144,2,Indoor 03,,,true,false,25,6,6,6,,,6,6,,,20,23,23,23,23,0.39,0,724,,,0,,,,,29.72,,0,,,,,,,,,,,,,,,,,0.000,,,0,20.5,,50,,0,2
02/27/2026 12:02:43,,81442326017,8144,2,Indoor 03,,,true,false,29,6,7,7,,,7,7,,,23,26,26,26,26,0.40,0,698,,,0,,,,,29.74,,0,,,,,,,,,,,,,,,,,0.000,,,0,20.6,,49,,0,3
02/27/2026 12:17:43,,81442326017,8144,2,Indoor 03,,,true,false,29,6,7,7,,,7,7,,,25,28,28,28,28,0.38,0,703,,,0,,,,,29.74,,0,,,,,,,,,,,,,,,,,0.001,,,0,20.5,,50,,0,2
02/27/2026 12:41:31,,81442326017,8144,2,Indoor 03,,,true,false,33,7,8,8,,,8,8,,,27,30,30,30,30,0.37,0,700,,,0,,,,,29.75,,0,,,,,,,,,,,,,,,,,0.000,,,0,20.4,,50,,0,3
02/27/2026 12:56:31,,81442326017,8144,2,Indoor 03,,,true,false,38,8,8,9,,,9,9,,,29,32,32,32,32,0.37,0,696,,,0,,,,,29.76,,0,,,,,,,,,,,,,,,,,0.000,,,0,20.4,,50,,0,2
02/27/2026 13:20:03,,81442326017,8144,2,Indoor 03,,,true,false,38,8,9,9,,,9,9,,,30,34,34,34,34,0.39,0,681,,,0,,,,,29.76,,0,,,,,,,,,,,,,,,,,0.000,,,0,20.5,,49,,0,3
02/27/2026 13:35:03,,81442326017,8144,2,Indoor 03,,,true,false,42,9,9,10,,,10,10,,,33,37,37,37,37,0.39,0,676,,,0,,,,,29.76,,0,,,,,,,,,,,,,,,,,0.000,,,0,20.5,,49,,0,2
02/27/2026 13:59:06,,81442326017,8144,2,Indoor 03,,,true,false,46,10,10,11,,,11,11,,,35,39,39,39,39,0.39,0,667,,,0,,,,,29.76,,0,,,,,,,,,,,,,,,,,0.000,,,0,20.3,,49,,0,3
02/27/2026 14:14:06,,81442326017,8144,2,Indoor 03,,,true,false,46,10,10,11,,,11,11,,,37,41,41,41,41,0.38,0,667,,,0,,,,,29.77,,0,,,,,,,,,,,,,,,,,0.000,,,0,20.3,,49,,0,2
02/27/2026 14:37:54,,81442326017,8144,2,Indoor 03,,,true,false,46,10,11,11,,,11,11,,,38,43,43,43,43,0.39,0,660,,,0,,,,,29.78,,0,,,,,,,,,,,,,,,,,0.005,,,0,20.3,,49,,0,3
02/27/2026 14:52:54,,81442326017,8144,2,Indoor 03,,,true,false,46,10,10,11,,,11,11,,,37,41,41,41,41,0.40,0,725,,,0,,,,,29.79,,0,,,,,,,,,,,,,,,,,0.031,,,0,20.4,,49,,0,2
02/27/2026 15:16:41,,81442326017,8144,2,Indoor 03,,,true,false,55,13,13,14,,,14,14,,,45,51,51,51,51,0.38,0,714,,,0,,,,,29.78,,0,,,,,,,,,,,,,,,,,0.000,,,0,20.5,,49,,0,3
02/27/2026 15:31:41,,81442326017,8144,2,Indoor 03,,,true,false,57,14,14,15,,,15,15,,,50,57,57,57,57,0.39,0,669,,,0,,,,,29.78,,0,,,,,,,,,,,,,,,,,0.000,,,0,20.7,,48,,0,2
02/27/2026 15:55:14,,81442326017,8144,2,Indoor 03,,,true,false,57,14,14,15,,,15,15,,,49,55,55,55,55,0.39,0,655,,,0,,,,,29.78,,0,,,,,,,,,,,,,,,,,0.000,,,0,20.6,,49,,0,3
02/27/2026 16:10:14,,81442326017,8144,2,Indoor 03,,,true,false,55,13,13,14,,,14,14,,,47,53,53,53,53,0.39,0,646,,,0,,,,,29.78,,0,,,,,,,,,,,,,,,,,0.000,,,0,20.5,,49,,0,2
02/27/2026 16:34:17,,81442326017,8144,2,Indoor 03,,,true,false,55,13,13,14,,,14,14,,,45,51,51,51,51,0.39,0,631,,,0,,,,,29.78,,0,,,,,,,,,,,,,,,,,0.000,,,0,20.2,,49,,0,3
02/27/2026 16:49:17,,81442326017,8144,2,Indoor 03,,,true,false,53,12,12,13,,,13,13,,,43,48,48,48,48,0.38,0,603,,,0,,,,,29.78,,0,,,,,,,,,,,,,,,,,0.000,,,0,20.1,,49,,0,2
02/27/2026 17:13:05,,81442326017,8144,2,Indoor 03,,,true,false,50,11,11,12,,,12,12,,,38,43,43,43,43,0.40,0,582,,,0,,,,,29.77,,0,,,,,,,,,,,,,,,,,0.000,,,0,20.0,,49,,0,3
02/27/2026 17:28:05,,81442326017,8144,2,Indoor 03,,,true,false,46,10,11,11,,,11,11,,,37,42,42,42,42,0.39,0,573,,,0,,,,,29.77,,0,,,,,,,,,,,,,,,,,0.000,,,0,20.1,,49,,0,2
02/27/2026 17:52:08,,81442326017,8144,2,Indoor 03,,,true,false,42,9,10,10,,,10,10,,,34,39,39,39,39,0.38,0,555,,,0,,,,,29.77,,0,,,,,,,,,,,,,,,,,0.000,,,0,20.0,,49,,0,3
02/27/2026 18:07:08,,81442326017,8144,2,Indoor 03,,,true,false,42,9,10,10,,,10,10,,,34,38,38,38,38,0.39,0,561,,,0,,,,,29.76,,0,,,,,,,,,,,,,,,,,0.029,,,0,20.0,,49,,0,2
02/27/2026 18:31:25,,81442326017,8144,2,Indoor 03,,,true,false,42,9,9,10,,,10,10,,,32,36,36,36,36,0.38,0,539,,,0,,,,,29.76,,0,,,,,,,,,,,,,,,,,0.000,,,0,19.9,,49,,0,3
02/27/2026 18:46:25,,81442326017,8144,2,Indoor 03,,,true,false,42,9,9,10,,,10,10,,,33,37,37,37,37,0.39,0,540,,,0,,,,,29.76,,0,,,,,,,,,,,,,,,,,0.000,,,0,19.8,,49,,0,2
02/27/2026 19:10:13,,81442326017,8144,2,Indoor 03,,,true,false,38,8,9,9,,,9,9,,,30,34,34,34,34,0.38,0,539,,,0,,,,,29.76,,0,,,,,,,,,,,,,,,,,0.000,,,0,19.9,,49,,0,3
02/27/2026 19:25:13,,81442326017,8144,2,Indoor 03,,,true,false,38,8,8,9,,,9,9,,,30,34,34,34,34,0.38,0,532,,,0,,,,,29.75,,0,,,,,,,,,,,,,,,,,0.000,,,0,19.9,,49,,0,2
02/27/2026 19:49:16,,81442326017,8144,2,Indoor 03,,,true,false,38,8,8,9,,,9,9,,,30,34,34,34,34,0.38,0,532,,,0,,,,,29.75,,0,,,,,,,,,,,,,,,,,0.000,,,0,19.8,,51,,0,3
02/27/2026 20:04:16,,81442326017,8144,2,Indoor 03,,,true,false,38,8,8,9,,,9,9,,,30,33,33,33,33,0.39,0,559,,,0,,,,,29.75,,0,,,,,,,,,,,,,,,,,0.012,,,0,19.8,,51,,0,2
02/27/2026 20:28:19,,81442326017,8144,2,Indoor 03,,,true,false,50,11,11,12,,,12,12,,,39,44,44,44,44,0.39,0,591,,,0,,,,,29.76,,0,,,,,,,,,,,,,,,,,0.000,,,0,21.2,,48,,0,3
02/27/2026 20:43:19,,81442326017,8144,2,Indoor 03,,,true,false,50,11,11,12,,,12,12,,,39,44,44,44,44,0.39,0,601,,,0,,,,,29.76,,0,,,,,,,,,,,,,,,,,0.000,,,0,21.1,,49,,0,2
02/27/2026 21:06:51,,81442326017,8144,2,Indoor 03,,,true,false,46,10,11,11,,,11,11,,,37,42,42,42,42,0.38,0,625,,,0,,,,,29.76,,0,,,,,,,,,,,,,,,,,0.000,,,0,20.4,,50,,0,3
02/27/2026 21:21:51,,81442326017,8144,2,Indoor 03,,,true,false,46,10,10,11,,,11,11,,,36,40,41,41,41,0.39,0,641,,,0,,,,,29.76,,0,,,,,,,,,,,,,,,,,0.000,,,0,20.2,,50,,0,2
02/27/2026 21:45:53,,81442326017,8144,2,Indoor 03,,,true,false,46,10,11,11,,,11,11,,,37,42,42,42,42,0.38,0,640,,,0,,,,,29.76,,0,,,,,,,,,,,,,,,,,0.000,,,0,20.3,,50,,0,3
02/27/2026 22:00:53,,81442326017,8144,2,Indoor 03,,,true,false,46,10,10,11,,,11,11,,,37,41,42,42,42,0.39,0,611,,,0,,,,,29.77,,0,,,,,,,,,,,,,,,,,0.000,,,0,20.2,,50,,0,2
02/27/2026 22:24:56,,81442326017,8144,2,Indoor 03,,,true,false,50,11,11,12,,,12,12,,,39,44,44,44,44,0.39,0,602,,,0,,,,,29.77,,0,,,,,,,,,,,,,,,,,0.036,,,0,20.1,,50,,0,3
02/27/2026 22:39:56,,81442326017,8144,2,Indoor 03,,,true,false,55,13,13,14,,,14,14,,,45,51,51,51,51,0.39,0,606,,,0,,,,,29.78,,0,,,,,,,,,,,,,,,,,0.040,,,0,20.4,,50,,0,2
02/27/2026 23:04:14,,81442326017,8144,2,Indoor 03,,,true,false,55,13,13,14,,,14,14,,,46,51,52,52,52,0.38,0,627,,,0,,,,,29.78,,0,,,,,,,,,,,,,,,,,0.000,,,0,20.3,,50,,0,3
02/27/2026 23:19:14,,81442326017,8144,2,Indoor 03,,,true,false,53,12,13,13,,,13,13,,,45,50,51,51,51,0.39,0,620,,,0,,,,,29.79,,0,,,,,,,,,,,,,,,,,0.000,,,0,20.2,,50,,0,2
02/27/2026 23:43:02,,81442326017,8144,2,Indoor 03,,,true,false,53,12,13,13,,,13,13,,,44,50,50,50,50,0.38,0,623,,,0,,,,,29.79,,0,,,,,,,,,,,,,,,,,0.000,,,0,20.1,,50,,0,3
02/27/2026 23:58:02,,81442326017,8144,2,Indoor 03,,,true,false,55,13,13,14,,,14,14,,,46,51,51,51,51,0.38,0,620,,,0,,,,,29.80,,0,,,,,,,,,,,,,,,,,0.010,,,0,20.1,,50,,0,2
02/28/2026 00:22:04,,81442326017,8144,2,Indoor 03,,,true,false,53,12,13,13,,,13,13,,,44,49,50,50,50,0.39,0,652,,,0,,,,,29.80,,0,,,,,,,,,,,,,,,,,0.003,,,0,20.1,,50,,0,3
02/28/2026 00:37:04,,81442326017,8144,2,Indoor 03,,,true,false,55,13,13,14,,,14,14,,,46,51,51,51,51,0.38,0,657,,,0,,,,,29.80,,0,,,,,,,,,,,,,,,,,0.004,,,0,20.2,,50,,0,2
02/28/2026 01:01:22,,81442326017,8144,2,Indoor 03,,,true,false,57,14,14,15,,,15,15,,,48,54,54,54,54,0.40,0,654,,,0,,,,,29.81,,0,,,,,,,,,,,,,,,,,0.017,,,0,20.5,,50,,0,3
02/28/2026 01:16:22,,81442326017,8144,2,Indoor 03,,,true,false,59,15,15,16,,,16,16,,,53,60,60,60,60,0.42,0,704,,,0,,,,,29.81,,0,,,,,,,,,,,,,,,,,0.086,,,0,20.7,,50,,0,2
02/28/2026 01:40:24,,81442326017,8144,2,Indoor 03,,,true,false,63,17,17,18,,,18,18,,,58,65,65,65,65,0.43,0,658,,,0,,,,,29.80,,0,,,,,,,,,,,,,,,,,0.003,,,0,20.7,,49,,0,3
02/28/2026 01:55:24,,81442326017,8144,2,Indoor 03,,,true,false,63,17,17,18,,,18,18,,,58,66,66,66,66,0.46,0,671,,,0,,,,,29.80,,0,,,,,,,,,,,,,,,,,0.000,,,0,20.7,,49,,0,2
02/28/2026 02:19:27,,81442326017,8144,2,Indoor 03,,,true,false,61,16,16,17,,,17,17,,,55,62,62,62,62,0.44,0,675,,,0,,,,,29.81,,0,,,,,,,,,,,,,,,,,0.000,,,0,20.7,,49,,0,3
02/28/2026 02:34:27,,81442326017,8144,2,Indoor 03,,,true,false,59,15,15,16,,,16,16,,,53,60,60,60,60,0.42,0,680,,,0,,,,,29.81,,0,,,,,,,,,,,,,,,,,0.005,,,0,20.7,,49,,0,2
02/28/2026 02:58:45,,81442326017,8144,2,Indoor 03,,,true,false,59,15,15,16,,,16,16,,,53,59,59,59,59,0.42,0,679,,,0,,,,,29.81,,0,,,,,,,,,,,,,,,,,0.000,,,0,20.7,,49,,0,3
02/28/2026 03:13:45,,81442326017,8144,2,Indoor 03,,,true,false,57,14,14,15,,,15,15,,,49,56,56,56,56,0.42,0,682,,,0,,,,,29.82,,0,,,,,,,,,,,,,,,,,0.000,,,0,20.6,,49,,0,2
02/28/2026 03:37:33,,81442326017,8144,2,Indoor 03,,,true,false,55,13,13,14,,,14,14,,,47,53,53,53,53,0.42,0,686,,,0,,,,,29.82,,0,,,,,,,,,,,,,,,,,0.000,,,0,20.6,,49,,0,3
02/28/2026 03:52:33,,81442326017,8144,2,Indoor 03,,,true,false,55,13,13,14,,,14,14,,,46,52,52,52,52,0.42,0,689,,,0,,,,,29.82,,0,,,,,,,,,,,,,,,,,0.000,,,0,20.6,,49,,0,2
02/28/2026 04:16:50,,81442326017,8144,2,Indoor 03,,,true,false,55,13,13,14,,,14,14,,,45,50,51,51,51,0.42,0,694,,,0,,,,,29.82,,0,,,,,,,,,,,,,,,,,0.001,,,0,20.5,,49,,0,3
02/28/2026 04:31:50,,81442326017,8144,2,Indoor 03,,,true,false,55,13,13,14,,,14,14,,,46,51,51,51,51,0.42,0,705,,,0,,,,,29.81,,0,,,,,,,,,,,,,,,,,0.017,,,0,20.4,,49,,0,2
02/28/2026 04:55:38,,81442326017,8144,2,Indoor 03,,,true,false,53,12,13,13,,,13,13,,,44,49,49,50,50,0.41,0,695,,,0,,,,,29.81,,0,,,,,,,,,,,,,,,,,0.000,,,0,20.4,,49,,0,3
02/28/2026 05:10:38,,81442326017,8144,2,Indoor 03,,,true,false,53,12,12,13,,,13,13,,,42,47,47,47,47,0.40,0,691,,,0,,,,,29.81,,0,,,,,,,,,,,,,,,,,0.000,,,0,20.4,,49,,0,2
02/28/2026 05:34:26,,81442326017,8144,2,Indoor 03,,,true,false,53,12,12,13,,,13,13,,,42,47,48,48,48,0.41,0,683,,,0,,,,,29.82,,0,,,,,,,,,,,,,,,,,0.000,,,0,20.3,,49,,0,3
02/28/2026 05:49:26,,81442326017,8144,2,Indoor 03,,,true,false,53,12,12,13,,,13,13,,,42,47,47,47,47,0.41,0,684,,,0,,,,,29.81,,0,,,,,,,,,,,,,,,,,0.000,,,0,20.2,,49,,0,2
02/28/2026 06:13:43,,81442326017,8144,2,Indoor 03,,,true,false,50,11,11,12,,,12,12,,,40,45,45,45,45,0.40,0,684,,,0,,,,,29.82,,0,,,,,,,,,,,,,,,,,0.000,,,0,20.1,,49,,0,3
02/28/2026 06:28:43,,81442326017,8144,2,Indoor 03,,,true,false,50,11,11,12,,,12,12,,,39,44,44,44,44,0.41,0,689,,,0,,,,,29.81,,0,,,,,,,,,,,,,,,,,0.000,,,0,20.2,,49,,0,2
02/28/2026 06:51:46,,81442326017,8144,2,Indoor 03,,,true,false,50,11,11,12,,,12,12,,,39,44,44,44,44,0.41,0,673,,,0,,,,,29.81,,0,,,,,,,,,,,,,,,,,0.000,,,0,20.2,,49,,0,3
02/28/2026 07:06:46,,81442326017,8144,2,Indoor 03,,,true,false,46,10,11,11,,,11,11,,,37,42,42,42,42,0.40,0,675,,,0,,,,,29.81,,0,,,,,,,,,,,,,,,,,0.000,,,0,20.1,,49,,0,2
02/28/2026 07:30:49,,81442326017,8144,2,Indoor 03,,,true,false,46,10,11,11,,,11,11,,,37,42,42,42,42,0.39,0,663,,,0,,,,,29.81,,0,,,,,,,,,,,,,,,,,0.000,,,0,20.0,,49,,0,3
02/28/2026 07:45:49,,81442326017,8144,2,Indoor 03,,,true,false,46,10,10,11,,,11,11,,,36,41,41,41,41,0.39,0,664,,,0,,,,,29.80,,0,,,,,,,,,,,,,,,,,0.000,,,0,19.9,,49,,0,2
02/28/2026 08:09:52,,81442326017,8144,2,Indoor 03,,,true,false,42,9,10,10,,,10,10,,,34,38,38,38,38,0.39,0,639,,,0,,,,,29.80,,0,,,,,,,,,,,,,,,,,0.000,,,0,20.0,,49,,0,3
02/28/2026 08:24:52,,81442326017,8144,2,Indoor 03,,,true,false,42,9,10,10,,,10,10,,,35,39,39,39,39,0.39,0,635,,,0,,,,,29.80,,0,,,,,,,,,,,,,,,,,0.000,,,0,20.0,,49,,0,2
02/28/2026 08:48:24,,81442326017,8144,2,Indoor 03,,,true,false,42,9,10,10,,,10,10,,,34,38,38,38,38,0.40,0,638,,,0,,,,,29.80,,0,,,,,,,,,,,,,,,,,0.000,,,0,19.8,,49,,0,3
02/28/2026 09:03:24,,81442326017,8144,2,Indoor 03,,,true,false,42,9,9,10,,,10,10,,,33,38,38,38,38,0.39,0,642,,,0,,,,,29.80,,0,,,,,,,,,,,,,,,,,0.000,,,0,19.8,,49,,0,2
02/28/2026 09:26:27,,81442326017,8144,2,Indoor 03,,,true,false,38,8,9,9,,,9,9,,,32,36,36,36,36,0.40,0,637,,,0,,,,,29.80,,0,,,,,,,,,,,,,,,,,0.000,,,0,19.8,,49,,0,3
02/28/2026 09:41:27,,81442326017,8144,2,Indoor 03,,,true,false,42,9,9,10,,,10,10,,,32,36,36,36,36,0.39,0,632,,,0,,,,,29.80,,0,,,,,,,,,,,,,,,,,0.000,,,0,19.9,,49,,0,2
02/28/2026 10:05:30,,81442326017,8144,2,Indoor 03,,,true,false,38,8,9,9,,,9,9,,,31,35,35,35,35,0.38,0,631,,,0,,,,,29.80,,0,,,,,,,,,,,,,,,,,0.000,,,0,19.7,,49,,0,3
02/28/2026 10:20:30,,81442326017,8144,2,Indoor 03,,,true,false,38,8,9,9,,,9,9,,,32,36,36,36,36,0.39,0,639,,,0,,,,,29.80,,0,,,,,,,,,,,,,,,,,0.000,,,0,19.6,,49,,0,2
02/28/2026 10:44:32,,81442326017,8144,2,Indoor 03,,,true,false,38,8,9,9,,,9,9,,,31,35,35,35,35,0.38,0,630,,,0,,,,,29.81,,0,,,,,,,,,,,,,,,,,0.000,,,0,19.6,,49,,0,3
02/28/2026 10:59:32,,81442326017,8144,2,Indoor 03,,,true,false,38,8,8,9,,,9,9,,,30,33,33,33,33,0.38,0,631,,,0,,,,,29.81,,0,,,,,,,,,,,,,,,,,0.000,,,0,19.7,,49,,0,2
02/28/2026 11:23:35,,81442326017,8144,2,Indoor 03,,,true,false,38,8,8,9,,,9,9,,,30,34,34,34,34,0.40,0,634,,,0,,,,,29.81,,0,,,,,,,,,,,,,,,,,0.000,,,0,19.6,,49,,0,3
02/28/2026 11:38:35,,81442326017,8144,2,Indoor 03,,,true,false,38,8,8,9,,,9,9,,,30,34,34,34,34,0.39,0,632,,,0,,,,,29.81,,0,,,,,,,,,,,,,,,,,0.000,,,0,19.6,,49,,0,2
02/28/2026 12:02:23,,81442326017,8144,2,Indoor 03,,,true,false,42,9,9,10,,,10,10,,,33,37,37,37,37,0.39,0,709,,,0,,,,,29.82,,0,,,,,,,,,,,,,,,,,0.000,,,0,19.7,,49,,0,3
02/28/2026 12:17:23,,81442326017,8144,2,Indoor 03,,,true,false,38,8,9,9,,,9,9,,,32,36,36,36,36,0.39,0,685,,,0,,,,,29.82,,0,,,,,,,,,,,,,,,,,0.000,,,0,19.6,,49,,0,2
02/28/2026 12:41:24,,81442326017,8144,2,Indoor 03,,,true,false,38,8,9,9,,,9,9,,,32,35,35,35,35,0.40,0,663,,,0,,,,,29.83,,0,,,,,,,,,,,,,,,,,0.000,,,0,19.6,,49,,0,3
02/28/2026 12:56:24,,81442326017,8144,2,Indoor 03,,,true,false,38,8,9,9,,,9,9,,,31,35,35,35,35,0.39,0,644,,,0,,,,,29.83,,0,,,,,,,,,,,,,,,,,0.000,,,0,19.4,,49,,0,2
02/28/2026 13:19:57,,81442326017,8144,2,Indoor 03,,,true,false,38,8,9,9,,,9,9,,,31,35,35,35,35,0.40,0,617,,,0,,,,,29.83,,0,,,,,,,,,,,,,,,,,0.000,,,0,19.3,,49,,0,3
02/28/2026 13:34:57,,81442326017,8144,2,Indoor 03,,,true,false,38,8,8,9,,,9,9,,,30,34,34,34,34,0.40,0,602,,,0,,,,,29.83,,0,,,,,,,,,,,,,,,,,0.000,,,0,19.3,,49,,0,2
02/28/2026 13:58:45,,81442326017,8144,2,Indoor 03,,,true,false,33,7,8,8,,,8,8,,,28,32,32,32,32,0.40,0,590,,,0,,,,,29.83,,0,,,,,,,,,,,,,,,,,0.000,,,0,19.3,,49,,0,3
02/28/2026 14:13:45,,81442326017,8144,2,Indoor 03,,,true,false,33,7,7,8,,,8,8,,,26,29,29,29,29,0.39,0,579,,,0,,,,,29.83,,0,,,,,,,,,,,,,,,,,0.000,,,0,19.3,,49,,0,2
02/28/2026 14:37:47,,81442326017,8144,2,Indoor 03,,,true,false,33,7,7,8,,,8,8,,,26,29,29,29,29,0.39,0,555,,,0,,,,,29.83,,0,,,,,,,,,,,,,,,,,0.000,,,0,19.1,,49,,0,3
02/28/2026 14:52:47,,81442326017,8144,2,Indoor 03,,,true,false,33,7,7,8,,,8,8,,,26,29,29,29,29,0.39,0,552,,,0,,,,,29.83,,0,,,,,,,,,,,,,,,,,0.000,,,0,19.1,,49,,0,2
02/28/2026 15:16:50,,81442326017,8144,2,Indoor 03,,,true,false,29,6,7,7,,,7,7,,,23,26,26,26,26,0.39,0,545,,,0,,,,,29.83,,0,,,,,,,,,,,,,,,,,0.000,,,0,19.1,,49,,0,3
02/28/2026 15:31:50,,81442326017,8144,2,Indoor 03,,,true,false,29,6,6,7,,,7,7,,,23,25,25,25,25,0.38,0,539,,,0,,,,,29.84,,0,,,,,,,,,,,,,,,,,0.000,,,0,19.1,,49,,0,2
02/28/2026 15:55:24,,81442326017,8144,2,Indoor 03,,,true,false,29,6,6,7,,,7,7,,,23,25,25,25,25,0.40,0,525,,,0,,,,,29.84,,0,,,,,,,,,,,,,,,,,0.000,,,0,19.0,,49,,0,3
02/28/2026 16:10:24,,81442326017,8144,2,Indoor 03,,,true,false,29,6,6,7,,,7,7,,,22,25,25,25,25,0.38,0,522,,,0,,,,,29.84,,0,,,,,,,,,,,,,,,,,0.000,,,0,19.0,,49,,0,2
02/28/2026 16:34:26,,81442326017,8144,2,Indoor 03,,,true,false,25,6,6,6,,,6,6,,,22,25,25,25,25,0.38,0,515,,,0,,,,,29.84,,0,,,,,,,,,,,,,,,,,0.000,,,0,19.0,,49,,0,3
02/28/2026 16:49:25,,81442326017,8144,2,Indoor 03,,,true,false,25,6,6,6,,,6,6,,,21,24,24,24,24,0.39,0,523,,,0,,,,,29.83,,0,,,,,,,,,,,,,,,,,0.000,,,0,19.0,,49,,0,2
02/28/2026 17:13:14,,81442326017,8144,2,Indoor 03,,,true,false,25,6,6,6,,,6,6,,,20,23,23,23,23,0.37,0,517,,,0,,,,,29.82,,0,,,,,,,,,,,,,,,,,0.000,,,0,19.0,,49,,0,3
02/28/2026 17:28:14,,81442326017,8144,2,Indoor 03,,,true,false,25,6,6,6,,,6,6,,,20,23,23,23,23,0.37,0,516,,,0,,,,,29.82,,0,,,,,,,,,,,,,,,,,0.000,,,0,19.0,,49,,0,2
02/28/2026 17:51:46,,81442326017,8144,2,Indoor 03,,,true,false,25,6,5,6,,,6,6,,,19,22,22,22,22,0.39,0,509,,,0,,,,,29.80,,0,,,,,,,,,,,,,,,,,0.000,,,0,19.0,,49,,0,3
02/28/2026 18:06:46,,81442326017,8144,2,Indoor 03,,,true,false,25,6,5,6,,,6,6,,,19,22,22,22,22,0.38,0,512,,,0,,,,,29.79,,0,,,,,,,,,,,,,,,,,0.000,,,0,19.0,,50,,0,2
02/28/2026 18:30:49,,81442326017,8144,2,Indoor 03,,,true,false,21,5,5,5,,,5,5,,,18,21,21,21,21,0.38,0,515,,,0,,,,,29.77,,0,,,,,,,,,,,,,,,,,0.000,,,0,19.1,,50,,0,3
02/28/2026 18:45:49,,81442326017,8144,2,Indoor 03,,,true,false,21,5,5,5,,,5,5,,,18,20,20,20,20,0.38,0,508,,,0,,,,,29.77,,0,,,,,,,,,,,,,,,,,0.000,,,0,19.0,,50,,0,2
02/28/2026 19:09:36,,81442326017,8144,2,Indoor 03,,,true,false,21,5,5,5,,,5,5,,,18,20,20,20,20,0.39,0,502,,,0,,,,,29.76,,0,,,,,,,,,,,,,,,,,0.000,,,0,18.9,,50,,0,3
02/28/2026 19:24:36,,81442326017,8144,2,Indoor 03,,,true,false,21,5,5,5,,,5,5,,,18,20,20,20,20,0.39,0,507,,,0,,,,,29.75,,0,,,,,,,,,,,,,,,,,0.000,,,0,18.9,,50,,0,2
02/28/2026 19:48:54,,81442326017,8144,2,Indoor 03,,,true,false,21,5,5,5,,,5,5,,,17,19,19,19,19,0.37,0,539,,,0,,,,,29.75,,0,,,,,,,,,,,,,,,,,0.000,,,0,19.1,,50,,0,3
02/28/2026 20:03:54,,81442326017,8144,2,Indoor 03,,,true,false,21,5,5,5,,,5,5,,,17,19,19,19,19,0.39,0,544,,,0,,,,,29.74,,0,,,,,,,,,,,,,,,,,0.000,,,0,19.1,,50,,0,2
02/28/2026 20:27:57,,81442326017,8144,2,Indoor 03,,,true,false,21,5,5,5,,,5,5,,,17,20,20,20,20,0.41,0,549,,,0,,,,,29.73,,0,,,,,,,,,,,,,,,,,0.000,,,0,19.1,,51,,0,3
02/28/2026 20:42:57,,81442326017,8144,2,Indoor 03,,,true,false,21,5,5,5,,,5,5,,,18,20,20,20,20,0.40,0,570,,,0,,,,,29.73,,0,,,,,,,,,,,,,,,,,0.021,,,0,19.1,,53,,0,2
02/28/2026 21:07:14,,81442326017,8144,2,Indoor 03,,,true,false,25,6,6,6,,,6,6,,,20,22,22,22,22,0.40,0,633,,,0,,,,,29.73,,0,,,,,,,,,,,,,,,,,0.000,,,0,19.2,,53,,0,3
02/28/2026 21:22:14,,81442326017,8144,2,Indoor 03,,,true,false,25,6,6,6,,,6,6,,,20,23,23,23,23,0.40,0,658,,,0,,,,,29.73,,0,,,,,,,,,,,,,,,,,0.012,,,0,19.3,,53,,0,2
02/28/2026 21:45:33,,81442326017,8144,2,Indoor 03,,,true,false,25,6,5,6,,,6,6,,,19,22,22,22,22,0.39,0,651,,,0,,,,,29.73,,0,,,,,,,,,,,,,,,,,0.000,,,0,19.3,,53,,0,3
02/28/2026 22:00:33,,81442326017,8144,2,Indoor 03,,,true,false,25,6,5,6,,,6,6,,,19,21,21,21,21,0.40,0,659,,,0,,,,,29.73,,0,,,,,,,,,,,,,,,,,0.000,,,0,19.3,,53,,0,2
02/28/2026 22:24:35,,81442326017,8144,2,Indoor 03,,,true,false,21,5,5,5,,,5,5,,,17,20,20,20,20,0.42,0,675,,,0,,,,,29.73,,0,,,,,,,,,,,,,,,,,0.001,,,0,19.3,,53,,0,3
02/28/2026 22:39:35,,81442326017,8144,2,Indoor 03,,,true,false,21,5,5,5,,,5,5,,,18,20,20,20,20,0.39,0,706,,,0,,,,,29.74,,0,,,,,,,,,,,,,,,,,0.018,,,0,19.4,,53,,0,2
02/28/2026 23:03:23,,81442326017,8144,2,Indoor 03,,,true,false,21,5,5,5,,,5,5,,,17,19,19,19,19,0.38,0,695,,,0,,,,,29.74,,0,,,,,,,,,,,,,,,,,0.000,,,0,19.5,,53,,0,3
02/28/2026 23:18:23,,81442326017,8144,2,Indoor 03,,,true,false,21,5,5,5,,,5,5,,,17,19,19,19,19,0.40,0,694,,,0,,,,,29.74,,0,,,,,,,,,,,,,,,,,0.000,,,0,19.4,,54,,0,2
02/28/2026 23:42:10,,81442326017,8144,2,Indoor 03,,,true,false,21,5,5,5,,,5,5,,,17,19,19,19,19,0.38,0,699,,,0,,,,,29.75,,0,,,,,,,,,,,,,,,,,0.000,,,0,19.4,,54,,0,3
02/28/2026 23:57:10,,81442326017,8144,2,Indoor 03,,,true,false,21,5,5,5,,,5,5,,,17,19,19,19,19,0.40,0,729,,,0,,,,,29.75,,0,,,,,,,,,,,,,,,,,0.009,,,0,19.4,,53,,0,2
03/01/2026 00:21:43,,81442326017,8144,2,Indoor 03,,,true,false,21,5,5,5,,,5,5,,,17,19,19,19,19,0.42,0,752,,,0,,,,,29.75,,0,,,,,,,,,,,,,,,,,0.007,,,0,19.5,,54,,0,3
03/01/2026 00:36:43,,81442326017,8144,2,Indoor 03,,,true,false,29,6,6,7,,,7,7,,,22,25,25,25,25,0.40,0,758,,,0,,,,,29.75,,0,,,,,,,,,,,,,,,,,0.017,,,0,19.5,,54,,0,2
03/01/2026 01:00:31,,81442326017,8144,2,Indoor 03,,,true,false,72,20,21,22,,,22,22,,,75,84,84,84,84,0.46,0,758,,,0,,,,,29.76,,0,,,,,,,,,,,,,,,,,0.000,,,0,19.5,,54,,0,3
03/01/2026 01:15:31,,81442326017,8144,2,Indoor 03,,,true,false,93,30,30,32,,,32,32,,,106,119,119,119,119,0.47,0,754,,,0,,,,,29.76,,0,,,,,,,,,,,,,,,,,0.000,,,0,19.4,,54,,0,2
03/01/2026 01:38:48,,81442326017,8144,2,Indoor 03,,,true,false,91,29,29,31,,,31,31,,,104,116,117,117,117,0.47,0,728,,,0,,,,,29.77,,0,,,,,,,,,,,,,,,,,0.000,,,0,19.5,,53,,0,3
03/01/2026 01:53:48,,81442326017,8144,2,Indoor 03,,,true,false,87,27,27,29,,,29,29,,,97,108,109,109,109,0.46,0,712,,,0,,,,,29.77,,0,,,,,,,,,,,,,,,,,0.000,,,0,19.5,,53,,0,2
03/01/2026 02:17:37,,81442326017,8144,2,Indoor 03,,,true,false,80,24,25,26,,,26,26,,,88,98,99,99,99,0.46,0,688,,,0,,,,,29.77,,0,,,,,,,,,,,,,,,,,0.000,,,0,19.4,,54,,0,3
03/01/2026 02:32:37,,81442326017,8144,2,Indoor 03,,,true,false,78,23,23,25,,,25,25,,,82,93,93,93,93,0.46,0,687,,,0,,,,,29.77,,0,,,,,,,,,,,,,,,,,0.000,,,0,19.4,,53,,0,2
03/01/2026 02:56:09,,81442326017,8144,2,Indoor 03,,,true,false,70,19,19,21,,,21,21,,,69,78,78,78,78,0.45,0,694,,,0,,,,,29.78,,0,,,,,,,,,,,,,,,,,0.000,,,0,19.4,,53,,0,3
03/01/2026 03:11:09,,81442326017,8144,2,Indoor 03,,,true,false,63,17,17,18,,,18,18,,,60,68,68,68,68,0.43,0,700,,,0,,,,,29.78,,0,,,,,,,,,,,,,,,,,0.014,,,0,19.5,,53,,0,2
03/01/2026 03:35:26,,81442326017,8144,2,Indoor 03,,,true,false,55,13,13,14,,,14,14,,,48,54,54,54,54,0.42,0,670,,,0,,,,,29.78,,0,,,,,,,,,,,,,,,,,0.000,,,0,19.4,,53,,0,3
03/01/2026 03:50:26,,81442326017,8144,2,Indoor 03,,,true,false,53,12,12,13,,,13,13,,,44,50,50,50,50,0.41,0,680,,,0,,,,,29.78,,0,,,,,,,,,,,,,,,,,0.000,,,0,19.4,,53,,0,2
03/01/2026 04:14:30,,81442326017,8144,2,Indoor 03,,,true,false,46,10,10,11,,,11,11,,,37,41,41,41,41,0.41,0,678,,,0,,,,,29.78,,0,,,,,,,,,,,,,,,,,0.000,,,0,19.4,,53,,0,3
03/01/2026 04:29:30,,81442326017,8144,2,Indoor 03,,,true,false,42,9,9,10,,,10,10,,,32,36,36,36,36,0.40,0,684,,,0,,,,,29.78,,0,,,,,,,,,,,,,,,,,0.000,,,0,19.4,,53,,0,2
03/01/2026 04:53:17,,81442326017,8144,2,Indoor 03,,,true,false,33,7,8,8,,,8,8,,,28,31,31,31,31,0.40,0,683,,,0,,,,,29.78,,0,,,,,,,,,,,,,,,,,0.000,,,0,19.5,,52,,0,3
03/01/2026 05:08:17,,81442326017,8144,2,Indoor 03,,,true,false,29,6,7,7,,,7,7,,,25,28,28,28,28,0.40,0,692,,,0,,,,,29.78,,0,,,,,,,,,,,,,,,,,0.000,,,0,19.4,,52,,0,2
03/01/2026 05:32:19,,81442326017,8144,2,Indoor 03,,,true,false,29,6,7,7,,,7,7,,,24,27,27,27,27,0.39,0,698,,,0,,,,,29.78,,0,,,,,,,,,,,,,,,,,0.000,,,0,19.4,,52,,0,3
03/01/2026 05:47:19,,81442326017,8144,2,Indoor 03,,,true,false,29,6,6,7,,,7,7,,,22,25,25,25,25,0.39,0,706,,,0,,,,,29.78,,0,,,,,,,,,,,,,,,,,0.000,,,0,19.5,,52,,0,2
03/01/2026 06:11:07,,81442326017,8144,2,Indoor 03,,,true,false,25,6,6,6,,,6,6,,,21,23,23,23,23,0.38,0,725,,,0,,,,,29.77,,0,,,,,,,,,,,,,,,,,0.000,,,0,19.5,,51,,0,3
03/01/2026 06:26:07,,81442326017,8144,2,Indoor 03,,,true,false,25,6,6,6,,,6,6,,,20,22,22,22,22,0.38,0,733,,,0,,,,,29.77,,0,,,,,,,,,,,,,,,,,0.000,,,0,19.5,,51,,0,2
03/01/2026 06:50:10,,81442326017,8144,2,Indoor 03,,,true,false,25,6,6,6,,,6,6,,,20,23,23,23,23,0.39,0,747,,,0,,,,,29.77,,0,,,,,,,,,,,,,,,,,0.000,,,0,19.4,,51,,0,3
03/01/2026 07:05:10,,81442326017,8144,2,Indoor 03,,,true,false,25,6,6,6,,,6,6,,,20,22,22,22,22,0.39,0,757,,,0,,,,,29.77,,0,,,,,,,,,,,,,,,,,0.000,,,0,19.4,,51,,0,2
03/01/2026 07:29:12,,81442326017,8144,2,Indoor 03,,,true,false,21,5,5,5,,,5,5,,,18,20,20,20,20,0.38,0,763,,,0,,,,,29.77,,0,,,,,,,,,,,,,,,,,0.000,,,0,19.5,,51,,0,3
03/01/2026 07:44:12,,81442326017,8144,2,Indoor 03,,,true,false,25,6,5,6,,,6,6,,,19,21,21,21,21,0.39,0,774,,,0,,,,,29.77,,0,,,,,,,,,,,,,,,,,0.000,,,0,19.5,,51,,0,2
03/01/2026 08:08:16,,81442326017,8144,2,Indoor 03,,,true,false,25,6,5,6,,,6,6,,,19,21,21,21,21,0.39,0,781,,,0,,,,,29.77,,0,,,,,,,,,,,,,,,,,0.000,,,0,19.4,,51,,0,3
03/01/2026 08:23:16,,81442326017,8144,2,Indoor 03,,,true,false,25,6,6,6,,,6,6,,,20,22,22,22,22,0.38,0,784,,,0,,,,,29.77,,0,,,,,,,,,,,,,,,,,0.001,,,0,19.4,,51,,0,2
03/01/2026 08:47:02,,81442326017,8144,2,Indoor 03,,,true,false,21,5,5,5,,,5,5,,,18,20,20,20,20,0.39,0,799,,,0,,,,,29.77,,0,,,,,,,,,,,,,,,,,0.000,,,0,19.4,,51,,0,3
03/01/2026 09:02:02,,81442326017,8144,2,Indoor 03,,,true,false,21,5,5,5,,,5,5,,,18,21,21,21,21,0.38,0,805,,,0,,,,,29.77,,0,,,,,,,,,,,,,,,,,0.000,,,0,19.5,,50,,0,2
03/01/2026 09:26:05,,81442326017,8144,2,Indoor 03,,,true,false,25,6,5,6,,,6,6,,,19,21,21,21,21,0.41,0,808,,,0,,,,,29.77,,0,,,,,,,,,,,,,,,,,0.000,,,0,19.4,,51,,0,3
03/01/2026 09:41:05,,81442326017,8144,2,Indoor 03,,,true,false,21,5,5,5,,,5,5,,,18,21,21,21,21,0.39,0,813,,,0,,,,,29.77,,0,,,,,,,,,,,,,,,,,0.000,,,0,19.3,,51,,0,2
03/01/2026 10:05:09,,81442326017,8144,2,Indoor 03,,,true,false,21,5,5,5,,,5,5,,,18,20,20,20,20,0.38,0,814,,,0,,,,,29.78,,0,,,,,,,,,,,,,,,,,0.000,,,0,19.3,,50,,0,3
03/01/2026 10:20:09,,81442326017,8144,2,Indoor 03,,,true,false,21,5,5,5,,,5,5,,,18,20,20,20,20,0.39,0,822,,,0,,,,,29.78,,0,,,,,,,,,,,,,,,,,0.000,,,0,19.4,,50,,0,2
03/01/2026 10:43:55,,81442326017,8144,2,Indoor 03,,,true,false,21,5,5,5,,,5,5,,,18,20,20,20,20,0.39,0,829,,,0,,,,,29.78,,0,,,,,,,,,,,,,,,,,0.000,,,0,19.4,,50,,0,3
03/01/2026 10:58:55,,81442326017,8144,2,Indoor 03,,,true,false,25,6,5,6,,,6,6,,,19,21,21,21,21,0.38,0,832,,,0,,,,,29.79,,0,,,,,,,,,,,,,,,,,0.000,,,0,19.3,,50,,0,2
03/01/2026 11:22:43,,81442326017,8144,2,Indoor 03,,,true,false,21,5,5,5,,,5,5,,,18,20,20,20,20,0.41,0,826,,,0,,,,,29.79,,0,,,,,,,,,,,,,,,,,0.000,,,0,19.3,,50,,0,3
03/01/2026 11:37:43,,81442326017,8144,2,Indoor 03,,,true,false,21,5,5,5,,,5,5,,,17,19,19,19,19,0.38,0,823,,,0,,,,,29.79,,0,,,,,,,,,,,,,,,,,0.000,,,0,19.3,,50,,0,2
03/01/2026 12:01:47,,81442326017,8144,2,Indoor 03,,,true,false,21,5,5,5,,,5,5,,,17,19,19,19,19,0.40,0,822,,,0,,,,,29.80,,0,,,,,,,,,,,,,,,,,0.000,,,0,19.4,,50,,0,3
03/01/2026 12:16:47,,81442326017,8144,2,Indoor 03,,,true,false,21,5,5,5,,,5,5,,,18,20,20,20,20,0.38,0,832,,,0,,,,,29.81,,0,,,,,,,,,,,,,,,,,0.000,,,0,19.3,,50,,0,2
03/01/2026 12:40:19,,81442326017,8144,2,Indoor 03,,,true,false,21,5,5,5,,,5,5,,,17,19,19,19,19,0.39,0,833,,,0,,,,,29.82,,0,,,,,,,,,,,,,,,,,0.000,,,0,19.2,,50,,0,3
03/01/2026 12:55:19,,81442326017,8144,2,Indoor 03,,,true,false,21,5,5,5,,,5,5,,,16,18,19,19,19,0.38,0,831,,,0,,,,,29.82,,0,,,,,,,,,,,,,,,,,0.000,,,0,19.2,,50,,0,2
03/01/2026 13:19:22,,81442326017,8144,2,Indoor 03,,,true,false,21,5,5,5,,,5,5,,,16,18,18,18,18,0.39,0,829,,,0,,,,,29.83,,0,,,,,,,,,,,,,,,,,0.000,,,0,19.3,,50,,0,3
03/01/2026 13:34:22,,81442326017,8144,2,Indoor 03,,,true,false,21,5,5,5,,,5,5,,,17,19,19,19,19,0.38,0,840,,,0,,,,,29.84,,0,,,,,,,,,,,,,,,,,0.000,,,0,19.4,,50,,0,2
03/01/2026 13:58:25,,81442326017,8144,2,Indoor 03,,,true,false,21,5,5,5,,,5,5,,,18,20,21,21,21,0.38,0,858,,,0,,,,,29.83,,0,,,,,,,,,,,,,,,,,0.000,,,0,19.4,,51,,0,3
03/01/2026 14:13:25,,81442326017,8144,2,Indoor 03,,,true,false,25,6,5,6,,,6,6,,,19,21,21,21,21,0.39,0,818,,,0,,,,,29.84,,0,,,,,,,,,,,,,,,,,0.000,,,0,19.3,,51,,0,2
03/01/2026 14:37:27,,81442326017,8144,2,Indoor 03,,,true,false,21,5,5,5,,,5,5,,,18,21,21,21,21,0.38,0,807,,,0,,,,,29.84,,0,,,,,,,,,,,,,,,,,0.000,,,0,19.4,,51,,0,3
03/01/2026 14:52:27,,81442326017,8144,2,Indoor 03,,,true,false,21,5,5,5,,,5,5,,,18,20,20,20,20,0.38,0,781,,,0,,,,,29.84,,0,,,,,,,,,,,,,,,,,0.000,,,0,19.5,,51,,0,2
03/01/2026 15:16:14,,81442326017,8144,2,Indoor 03,,,true,false,21,5,5,5,,,5,5,,,17,20,20,20,20,0.39,0,841,,,0,,,,,29.85,,0,,,,,,,,,,,,,,,,,0.000,,,0,19.5,,51,,0,3
03/01/2026 15:31:14,,81442326017,8144,2,Indoor 03,,,true,false,21,5,5,5,,,5,5,,,17,20,20,20,20,0.39,0,826,,,0,,,,,29.85,,0,,,,,,,,,,,,,,,,,0.000,,,0,19.5,,51,,0,2
03/01/2026 15:54:33,,81442326017,8144,2,Indoor 03,,,true,false,21,5,5,5,,,5,5,,,17,19,19,19,19,0.38,0,826,,,0,,,,,29.85,,0,,,,,,,,,,,,,,,,,0.000,,,0,19.5,,51,,0,3
03/01/2026 16:09:33,,81442326017,8144,2,Indoor 03,,,true,false,21,5,5,5,,,5,5,,,17,20,20,20,20,0.38,0,825,,,0,,,,,29.85,,0,,,,,,,,,,,,,,,,,0.000,,,0,19.6,,51,,0,2
03/01/2026 16:33:04,,81442326017,8144,2,Indoor 03,,,true,false,21,5,5,5,,,5,5,,,18,20,20,20,20,0.40,0,846,,,0,,,,,29.84,,0,,,,,,,,,,,,,,,,,0.000,,,0,19.6,,53,,0,3
03/01/2026 16:48:04,,81442326017,8144,2,Indoor 03,,,true,false,21,5,5,5,,,5,5,,,18,20,21,21,21,0.38,0,848,,,0,,,,,29.84,,0,,,,,,,,,,,,,,,,,0.003,,,0,19.6,,53,,0,2
03/01/2026 17:12:07,,81442326017,8144,2,Indoor 03,,,true,false,25,6,6,6,,,6,6,,,20,22,22,22,22,0.38,0,878,,,0,,,,,29.83,,0,,,,,,,,,,,,,,,,,0.000,,,0,19.7,,53,,0,3
03/01/2026 17:27:07,,81442326017,8144,2,Indoor 03,,,true,false,25,6,5,6,,,6,6,,,19,22,22,22,22,0.39,0,856,,,0,,,,,29.82,,0,,,,,,,,,,,,,,,,,0.000,,,0,19.7,,52,,0,2
03/01/2026 17:50:41,,81442326017,8144,2,Indoor 03,,,true,false,25,6,5,6,,,6,6,,,19,21,21,21,21,0.39,0,833,,,0,,,,,29.81,,0,,,,,,,,,,,,,,,,,0.000,,,0,19.8,,52,,0,3
03/01/2026 18:05:41,,81442326017,8144,2,Indoor 03,,,true,false,25,6,5,6,,,6,6,,,19,21,21,21,21,0.40,0,830,,,0,,,,,29.81,,0,,,,,,,,,,,,,,,,,0.000,,,0,19.8,,53,,0,2
03/01/2026 18:29:58,,81442326017,8144,2,Indoor 03,,,true,false,25,6,5,6,,,6,6,,,18,21,21,21,21,0.39,0,807,,,0,,,,,29.80,,0,,,,,,,,,,,,,,,,,0.000,,,0,19.8,,53,,0,3
03/01/2026 18:44:58,,81442326017,8144,2,Indoor 03,,,true,false,25,6,5,6,,,6,6,,,19,21,21,21,21,0.38,0,796,,,0,,,,,29.80,,0,,,,,,,,,,,,,,,,,0.000,,,0,19.8,,53,,0,2
03/01/2026 19:08:45,,81442326017,8144,2,Indoor 03,,,true,false,25,6,6,6,,,6,6,,,20,23,23,23,23,0.39,0,749,,,0,,,,,29.79,,0,,,,,,,,,,,,,,,,,0.000,,,0,19.9,,52,,0,3
03/01/2026 19:23:45,,81442326017,8144,2,Indoor 03,,,true,false,25,6,6,6,,,6,6,,,20,22,22,22,22,0.39,0,735,,,0,,,,,29.79,,0,,,,,,,,,,,,,,,,,0.000,,,0,19.9,,52,,0,2
03/01/2026 19:47:18,,81442326017,8144,2,Indoor 03,,,true,false,25,6,6,6,,,6,6,,,20,23,23,23,23,0.38,0,730,,,0,,,,,29.79,,0,,,,,,,,,,,,,,,,,0.000,,,0,19.9,,52,,0,3
03/01/2026 20:02:18,,81442326017,8144,2,Indoor 03,,,true,false,25,6,5,6,,,6,6,,,19,22,22,22,22,0.38,0,721,,,0,,,,,29.79,,0,,,,,,,,,,,,,,,,,0.000,,,0,19.9,,52,,0,2
03/01/2026 20:24:35,,81442326017,8144,2,Indoor 03,,,true,false,25,6,6,6,,,6,6,,,20,23,23,23,23,0.39,0,685,,,0,,,,,29.79,,0,,,,,,,,,,,,,,,,,0.000,,,0,20.0,,52,,0,3
03/01/2026 20:39:35,,81442326017,8144,2,Indoor 03,,,true,false,25,6,6,6,,,6,6,,,21,24,24,24,24,0.38,0,674,,,0,,,,,29.79,,0,,,,,,,,,,,,,,,,,0.000,,,0,20.1,,52,,0,2
03/01/2026 21:03:39,,81442326017,8144,2,Indoor 03,,,true,false,29,6,7,7,,,7,7,,,24,27,27,27,27,0.39,0,679,,,0,,,,,29.80,,0,,,,,,,,,,,,,,,,,0.000,,,0,20.1,,52,,0,3
03/01/2026 21:18:39,,81442326017,8144,2,Indoor 03,,,true,false,29,6,7,7,,,7,7,,,25,28,28,28,28,0.40,0,641,,,0,,,,,29.80,,0,,,,,,,,,,,,,,,,,0.000,,,0,20.2,,53,,0,2
03/01/2026 21:42:42,,81442326017,8144,2,Indoor 03,,,true,false,33,7,8,8,,,8,8,,,28,31,31,31,31,0.39,0,719,,,0,,,,,29.81,,0,,,,,,,,,,,,,,,,,0.001,,,0,20.2,,54,,0,3
03/01/2026 21:57:42,,81442326017,8144,2,Indoor 03,,,true,false,50,11,11,12,,,12,12,,,38,43,43,43,43,0.40,0,723,,,0,,,,,29.82,,0,,,,,,,,,,,,,,,,,0.025,,,0,20.4,,55,,0,2
03/01/2026 22:21:13,,81442326017,8144,2,Indoor 03,,,true,false,78,23,24,25,,,25,25,,,82,92,92,92,92,0.40,0,657,,,0,,,,,29.82,,0,,,,,,,,,,,,,,,,,0.002,,,0,21.9,,54,,0,3
03/01/2026 22:36:13,,81442326017,8144,2,Indoor 03,,,true,false,74,21,22,23,,,23,23,,,75,84,84,84,84,0.39,0,681,,,0,,,,,29.83,,0,,,,,,,,,,,,,,,,,0.010,,,0,22.2,,53,,0,2
03/01/2026 23:00:17,,81442326017,8144,2,Indoor 03,,,true,false,68,19,19,20,,,20,20,,,66,75,75,75,75,0.39,0,673,,,0,,,,,29.84,,0,,,,,,,,,,,,,,,,,0.000,,,0,22.0,,52,,0,3
03/01/2026 23:15:17,,81442326017,8144,2,Indoor 03,,,true,false,68,19,19,20,,,20,20,,,66,74,75,75,75,0.38,0,670,,,0,,,,,29.85,,0,,,,,,,,,,,,,,,,,0.000,,,0,21.9,,52,,0,2
03/01/2026 23:39:05,,81442326017,8144,2,Indoor 03,,,true,false,66,18,18,19,,,19,19,,,64,71,72,72,72,0.39,0,660,,,0,,,,,29.86,,0,,,,,,,,,,,,,,,,,0.000,,,0,21.6,,53,,0,3
03/01/2026 23:54:05,,81442326017,8144,2,Indoor 03,,,true,false,63,17,17,18,,,18,18,,,60,68,68,68,68,0.39,0,659,,,0,,,,,29.86,,0,,,,,,,,,,,,,,,,,0.000,,,0,21.5,,54,,0,2
03/02/2026 00:17:38,,81442326017,8144,2,Indoor 03,,,true,false,61,16,16,17,,,17,17,,,57,64,65,65,65,0.39,0,658,,,0,,,,,29.87,,0,,,,,,,,,,,,,,,,,0.000,,,0,21.4,,54,,0,3
03/02/2026 00:32:38,,81442326017,8144,2,Indoor 03,,,true,false,59,15,15,16,,,16,16,,,53,59,59,59,59,0.38,0,658,,,0,,,,,29.88,,0,,,,,,,,,,,,,,,,,0.000,,,0,21.3,,54,,0,2
03/02/2026 00:56:39,,81442326017,8144,2,Indoor 03,,,true,false,61,16,16,17,,,17,17,,,55,61,61,62,62,0.39,0,647,,,0,,,,,29.88,,0,,,,,,,,,,,,,,,,,0.000,,,0,21.1,,54,,0,3
03/02/2026 01:11:39,,81442326017,8144,2,Indoor 03,,,true,false,57,14,14,15,,,15,15,,,50,56,56,56,56,0.39,0,641,,,0,,,,,29.90,,0,,,,,,,,,,,,,,,,,0.000,,,0,21.1,,55,,0,2
03/02/2026 01:35:28,,81442326017,8144,2,Indoor 03,,,true,false,57,14,14,15,,,15,15,,,49,55,55,55,55,0.39,0,633,,,0,,,,,29.92,,0,,,,,,,,,,,,,,,,,0.000,,,0,21.2,,54,,0,3
03/02/2026 01:50:28,,81442326017,8144,2,Indoor 03,,,true,false,55,13,13,14,,,14,14,,,47,52,52,52,52,0.38,0,598,,,0,,,,,29.93,,0,,,,,,,,,,,,,,,,,0.000,,,0,21.1,,53,,0,2
03/02/2026 02:14:15,,81442326017,8144,2,Indoor 03,,,true,false,55,13,13,14,,,14,14,,,45,51,51,51,51,0.40,0,558,,,0,,,,,29.95,,0,,,,,,,,,,,,,,,,,0.000,,,0,21.0,,53,,0,3
03/02/2026 02:29:15,,81442326017,8144,2,Indoor 03,,,true,false,53,12,13,13,,,13,13,,,44,50,50,50,50,0.39,0,550,,,0,,,,,29.96,,0,,,,,,,,,,,,,,,,,0.000,,,0,21.1,,53,,0,2
03/02/2026 02:53:17,,81442326017,8144,2,Indoor 03,,,true,false,50,11,11,12,,,12,12,,,40,45,45,45,45,0.38,0,538,,,0,,,,,29.99,,0,,,,,,,,,,,,,,,,,0.000,,,0,21.1,,51,,0,3
03/02/2026 03:08:17,,81442326017,8144,2,Indoor 03,,,true,false,46,10,11,11,,,11,11,,,38,42,43,43,43,0.39,0,543,,,0,,,,,30.00,,0,,,,,,,,,,,,,,,,,0.000,,,0,21.1,,51,,0,2
03/02/2026 03:32:20,,81442326017,8144,2,Indoor 03,,,true,false,46,10,10,11,,,11,11,,,35,39,40,40,40,0.39,0,540,,,0,,,,,30.00,,0,,,,,,,,,,,,,,,,,0.000,,,0,21.0,,50,,0,3
03/02/2026 03:47:20,,81442326017,8144,2,Indoor 03,,,true,false,42,9,10,10,,,10,10,,,34,38,38,38,38,0.38,0,547,,,0,,,,,30.01,,0,,,,,,,,,,,,,,,,,0.001,,,0,20.9,,50,,0,2
03/02/2026 04:10:54,,81442326017,8144,2,Indoor 03,,,true,false,42,9,9,10,,,10,10,,,33,37,37,37,37,0.39,0,564,,,0,,,,,30.02,,0,,,,,,,,,,,,,,,,,0.000,,,0,21.1,,51,,0,3
03/02/2026 04:25:54,,81442326017,8144,2,Indoor 03,,,true,false,42,9,9,10,,,10,10,,,33,37,37,37,37,0.39,0,565,,,0,,,,,30.03,,0,,,,,,,,,,,,,,,,,0.000,,,0,21.1,,50,,0,2
03/02/2026 04:49:40,,81442326017,8144,2,Indoor 03,,,true,false,42,9,9,10,,,10,10,,,32,36,36,36,36,0.40,0,564,,,0,,,,,30.05,,0,,,,,,,,,,,,,,,,,0.000,,,0,20.9,,50,,0,3
03/02/2026 05:04:40,,81442326017,8144,2,Indoor 03,,,true,false,38,8,9,9,,,9,9,,,31,35,35,35,35,0.38,0,562,,,0,,,,,30.05,,0,,,,,,,,,,,,,,,,,0.000,,,0,20.9,,50,,0,2
03/02/2026 05:28:43,,81442326017,8144,2,Indoor 03,,,true,false,38,8,9,9,,,9,9,,,30,34,34,34,34,0.38,0,556,,,0,,,,,30.07,,0,,,,,,,,,,,,,,,,,0.000,,,0,20.9,,50,,0,3
03/02/2026 05:43:43,,81442326017,8144,2,Indoor 03,,,true,false,38,8,8,9,,,9,9,,,29,32,33,33,33,0.37,0,558,,,0,,,,,30.08,,0,,,,,,,,,,,,,,,,,0.000,,,0,21.0,,49,,0,2
03/02/2026 06:07:46,,81442326017,8144,2,Indoor 03,,,true,false,38,8,8,9,,,9,9,,,28,32,32,32,32,0.38,0,553,,,0,,,,,30.08,,0,,,,,,,,,,,,,,,,,0.000,,,0,20.8,,49,,0,3
03/02/2026 06:22:46,,81442326017,8144,2,Indoor 03,,,true,false,33,7,8,8,,,8,8,,,27,30,30,30,30,0.39,0,554,,,0,,,,,30.08,,0,,,,,,,,,,,,,,,,,0.000,,,0,20.7,,49,,0,2
03/02/2026 06:47:04,,81442326017,8144,2,Indoor 03,,,true,false,33,7,7,8,,,8,8,,,25,28,28,28,28,0.37,0,544,,,0,,,,,30.08,,0,,,,,,,,,,,,,,,,,0.000,,,0,20.7,,48,,0,3
03/02/2026 07:02:04,,81442326017,8144,2,Indoor 03,,,true,false,29,6,7,7,,,7,7,,,24,26,26,26,26,0.38,0,542,,,0,,,,,30.08,,0,,,,,,,,,,,,,,,,,0.000,,,0,20.8,,48,,0,2
03/02/2026 07:25:52,,81442326017,8144,2,Indoor 03,,,true,false,29,6,6,7,,,7,7,,,22,25,25,25,25,0.38,0,539,,,0,,,,,30.09,,0,,,,,,,,,,,,,,,,,0.000,,,0,20.7,,48,,0,3
03/02/2026 07:40:52,,81442326017,8144,2,Indoor 03,,,true,false,29,6,6,7,,,7,7,,,22,25,25,25,25,0.38,0,542,,,0,,,,,30.10,,0,,,,,,,,,,,,,,,,,0.000,,,0,20.6,,48,,0,2
03/02/2026 08:04:39,,81442326017,8144,2,Indoor 03,,,true,false,25,6,6,6,,,6,6,,,21,23,23,23,23,0.37,0,532,,,0,,,,,30.09,,0,,,,,,,,,,,,,,,,,0.000,,,0,20.5,,47,,0,3
03/02/2026 08:19:39,,81442326017,8144,2,Indoor 03,,,true,false,25,6,6,6,,,6,6,,,19,22,22,22,22,0.38,0,537,,,0,,,,,30.10,,0,,,,,,,,,,,,,,,,,0.000,,,0,20.6,,47,,0,2
03/02/2026 08:43:41,,81442326017,8144,2,Indoor 03,,,true,false,25,6,5,6,,,6,6,,,19,21,21,21,21,0.37,0,528,,,0,,,,,30.11,,0,,,,,,,,,,,,,,,,,0.000,,,0,20.5,,47,,0,3
03/02/2026 08:58:41,,81442326017,8144,2,Indoor 03,,,true,false,25,6,5,6,,,6,6,,,19,22,22,22,22,0.38,0,530,,,0,,,,,30.11,,0,,,,,,,,,,,,,,,,,0.000,,,0,20.4,,47,,0,2
03/02/2026 09:21:15,,81442326017,8144,2,Indoor 03,,,true,false,25,6,5,6,,,6,6,,,18,21,21,21,21,0.40,0,527,,,0,,,,,30.12,,0,,,,,,,,,,,,,,,,,0.000,,,0,20.3,,46,,0,3
03/02/2026 09:36:15,,81442326017,8144,2,Indoor 03,,,true,false,21,5,5,5,,,5,5,,,17,19,19,19,19,0.39,0,527,,,0,,,,,30.13,,0,,,,,,,,,,,,,,,,,0.000,,,0,20.4,,46,,0,2
03/02/2026 10:00:33,,81442326017,8144,2,Indoor 03,,,true,false,21,5,5,5,,,5,5,,,17,19,19,19,19,0.39,0,529,,,0,,,,,30.13,,0,,,,,,,,,,,,,,,,,0.000,,,0,20.3,,46,,0,3
03/02/2026 10:15:33,,81442326017,8144,2,Indoor 03,,,true,false,21,5,5,5,,,5,5,,,17,19,19,19,19,0.38,0,536,,,0,,,,,30.13,,0,,,,,,,,,,,,,,,,,0.000,,,0,20.2,,46,,0,2
03/02/2026 10:39:35,,81442326017,8144,2,Indoor 03,,,true,false,21,5,5,5,,,5,5,,,16,18,18,18,18,0.39,0,530,,,0,,,,,30.13,,0,,,,,,,,,,,,,,,,,0.000,,,0,20.1,,45,,0,3
03/02/2026 10:54:35,,81442326017,8144,2,Indoor 03,,,true,false,21,5,4,5,,,5,5,,,15,17,17,17,17,0.39,0,529,,,0,,,,,30.13,,0,,,,,,,,,,,,,,,,,0.000,,,0,20.1,,45,,0,2
03/02/2026 11:18:22,,81442326017,8144,2,Indoor 03,,,true,false,17,4,4,4,,,4,4,,,15,17,17,17,17,0.37,0,524,,,0,,,,,30.13,,0,,,,,,,,,,,,,,,,,0.000,,,0,20.1,,45,,0,3
03/02/2026 11:33:22,,81442326017,8144,2,Indoor 03,,,true,false,21,5,4,5,,,5,5,,,15,17,17,17,17,0.39,0,525,,,0,,,,,30.14,,0,,,,,,,,,,,,,,,,,0.000,,,0,20.0,,45,,0,2
03/02/2026 11:57:26,,81442326017,8144,2,Indoor 03,,,true,false,17,4,4,4,,,4,4,,,14,16,16,16,16,0.39,0,529,,,0,,,,,30.15,,0,,,,,,,,,,,,,,,,,0.000,,,0,19.9,,45,,0,3
03/02/2026 12:12:26,,81442326017,8144,2,Indoor 03,,,true,false,17,4,4,4,,,4,4,,,13,15,15,15,15,0.40,0,526,,,0,,,,,30.17,,0,,,,,,,,,,,,,,,,,0.000,,,0,19.9,,45,,0,2
03/02/2026 12:35:57,,81442326017,8144,2,Indoor 03,,,true,false,17,4,4,4,,,4,4,,,13,14,14,14,14,0.40,0,522,,,0,,,,,30.18,,0,,,,,,,,,,,,,,,,,0.000,,,0,20.0,,45,,0,3
03/02/2026 12:50:57,,81442326017,8144,2,Indoor 03,,,true,false,17,4,4,4,,,4,4,,,13,14,14,14,14,0.41,0,533,,,0,,,,,30.18,,0,,,,,,,,,,,,,,,,,0.000,,,0,19.9,,45,,0,2
03/02/2026 13:14:46,,81442326017,8144,2,Indoor 03,,,true,false,17,4,4,4,,,4,4,,,13,15,15,15,15,0.38,0,579,,,0,,,,,30.20,,0,,,,,,,,,,,,,,,,,0.004,,,0,19.9,,46,,0,3
03/02/2026 13:29:46,,81442326017,8144,2,Indoor 03,,,true,false,17,4,4,4,,,4,4,,,13,14,14,14,14,0.41,0,603,,,0,,,,,30.19,,0,,,,,,,,,,,,,,,,,0.004,,,0,19.9,,46,,0,2
03/02/2026 13:53:33,,81442326017,8144,2,Indoor 03,,,true,false,17,4,3,4,,,4,4,,,12,14,14,14,14,0.43,0,601,,,0,,,,,30.20,,0,,,,,,,,,,,,,,,,,0.000,,,0,19.9,,45,,0,3
03/02/2026 14:08:33,,81442326017,8144,2,Indoor 03,,,true,false,13,3,3,3,,,3,3,,,11,13,13,13,13,0.41,0,619,,,0,,,,,30.20,,0,,,,,,,,,,,,,,,,,0.002,,,0,20.0,,45,,0,2
03/02/2026 14:32:05,,81442326017,8144,2,Indoor 03,,,true,false,13,3,3,3,,,3,3,,,10,11,11,11,11,0.43,0,605,,,0,,,,,30.22,,0,,,,,,,,,,,,,,,,,0.000,,,0,20.6,,44,,0,3
03/02/2026 14:47:05,,81442326017,8144,2,Indoor 03,,,true,false,13,3,2,3,,,3,3,,,8,9,9,9,9,0.40,0,601,,,0,,,,,30.22,,0,,,,,,,,,,,,,,,,,0.000,,,0,20.7,,43,,0,2
03/02/2026 15:10:53,,81442326017,8144,2,Indoor 03,,,true,false,8,2,2,2,,,2,2,,,8,9,9,9,9,0.40,0,602,,,0,,,,,30.22,,0,,,,,,,,,,,,,,,,,0.000,,,0,21.0,,43,,0,3
03/02/2026 15:25:53,,81442326017,8144,2,Indoor 03,,,true,false,8,2,2,2,,,2,2,,,7,8,8,8,8,0.41,0,614,,,0,,,,,30.22,,0,,,,,,,,,,,,,,,,,0.000,,,0,21.1,,43,,0,2
03/02/2026 15:50:27,,81442326017,8144,2,Indoor 03,,,true,false,8,2,2,2,,,2,2,,,7,8,8,8,8,0.40,0,609,,,0,,,,,30.23,,0,,,,,,,,,,,,,,,,,0.000,,,0,21.4,,43,,0,3
03/02/2026 16:05:27,,81442326017,8144,2,Indoor 03,,,true,false,8,2,2,2,,,2,2,,,6,7,7,7,7,0.41,0,610,,,0,,,,,30.23,,0,,,,,,,,,,,,,,,,,0.005,,,0,21.6,,43,,0,2
03/18/2026 17:18:45,,81442326017,8144,2,Indoor 03,,,true,false,197,97,134,144,,,146,147,,,461,521,523,523,524,0.45,0,1949,,,0,,,,,30.11,,0,,,,,,,,,,,,,,,,,0.028,,,0,22.7,,46,,0,1
03/18/2026 17:33:45,,81442326017,8144,2,Indoor 03,,,true,false,4,1,1,1,,,1,1,,,3,3,3,3,3,0.43,0,984,,,0,,,,,30.11,,0,,,,,,,,,,,,,,,,,0.000,,,0,22.9,,41,,0,0
03/18/2026 17:48:45,,81442326017,8144,2,Indoor 03,,,true,false,4,1,1,1,,,1,1,,,3,4,4,4,4,0.41,0,1028,,,0,,,,,30.10,,0,,,,,,,,,,,,,,,,,0.000,,,0,23.0,,42,,0,0
03/18/2026 18:03:45,,81442326017,8144,2,Indoor 03,,,true,false,4,1,1,1,,,1,1,,,3,3,3,3,3,0.42,0,958,,,0,,,,,30.09,,0,,,,,,,,,,,,,,,,,0.000,,,0,22.8,,41,,0,0
03/18/2026 18:18:45,,81442326017,8144,2,Indoor 03,,,true,false,4,1,1,1,,,1,1,,,3,3,3,3,3,0.41,0,962,,,0,,,,,30.08,,0,,,,,,,,,,,,,,,,,0.000,,,0,22.6,,41,,0,0
03/18/2026 18:33:45,,81442326017,8144,2,Indoor 03,,,true,false,4,1,1,1,,,1,1,,,3,3,3,3,3,0.41,0,975,,,0,,,,,30.08,,0,,,,,,,,,,,,,,,,,0.000,,,0,22.6,,42,,0,0
03/18/2026 18:48:45,,81442326017,8144,2,Indoor 03,,,true,false,4,1,1,1,,,1,1,,,3,3,3,3,3,0.42,0,979,,,0,,,,,30.07,,0,,,,,,,,,,,,,,,,,0.000,,,0,22.7,,42,,0,0
03/18/2026 19:03:45,,81442326017,8144,2,Indoor 03,,,true,false,4,1,1,1,,,1,1,,,2,3,3,3,3,0.43,0,1000,,,0,,,,,30.06,,0,,,,,,,,,,,,,,,,,0.000,,,0,22.7,,42,,0,0
03/18/2026 19:18:45,,81442326017,8144,2,Indoor 03,,,true,false,4,1,1,1,,,1,1,,,3,3,3,3,3,0.42,0,1023,,,0,,,,,30.06,,0,,,,,,,,,,,,,,,,,0.000,,,0,22.6,,42,,0,0
03/18/2026 19:33:45,,81442326017,8144,2,Indoor 03,,,true,false,4,1,1,1,,,1,1,,,2,3,3,3,3,0.40,0,1038,,,0,,,,,30.05,,0,,,,,,,,,,,,,,,,,0.000,,,0,22.6,,42,,0,0
03/18/2026 19:48:45,,81442326017,8144,2,Indoor 03,,,true,false,4,1,1,1,,,1,1,,,2,2,2,2,2,0.40,0,1045,,,0,,,,,30.05,,0,,,,,,,,,,,,,,,,,0.000,,,0,22.5,,42,,0,0
03/18/2026 20:03:45,,81442326017,8144,2,Indoor 03,,,true,false,4,1,1,1,,,1,1,,,2,3,3,3,3,0.40,0,1065,,,0,,,,,30.04,,0,,,,,,,,,,,,,,,,,0.000,,,0,22.5,,42,,0,0
03/18/2026 20:18:45,,81442326017,8144,2,Indoor 03,,,true,false,4,1,1,1,,,1,1,,,2,2,2,2,2,0.40,0,1108,,,0,,,,,30.04,,0,,,,,,,,,,,,,,,,,0.000,,,0,22.6,,42,,0,0
03/18/2026 20:33:45,,81442326017,8144,2,Indoor 03,,,true,false,4,1,1,1,,,1,1,,,2,2,2,2,2,0.42,0,1122,,,0,,,,,30.04,,0,,,,,,,,,,,,,,,,,0.000,,,0,23.0,,41,,0,0
03/18/2026 20:48:45,,81442326017,8144,2,Indoor 03,,,true,false,4,1,1,1,,,1,1,,,2,2,2,2,2,0.41,0,1140,,,0,,,,,30.04,,0,,,,,,,,,,,,,,,,,0.000,,,0,22.7,,42,,0,0
03/18/2026 21:03:45,,81442326017,8144,2,Indoor 03,,,true,false,4,1,1,1,,,1,1,,,2,2,2,2,2,0.41,0,1153,,,0,,,,,30.03,,0,,,,,,,,,,,,,,,,,0.000,,,0,22.6,,42,,0,0
03/18/2026 21:18:45,,81442326017,8144,2,Indoor 03,,,true,false,4,1,1,1,,,1,1,,,3,3,3,3,3,0.40,0,1164,,,0,,,,,30.03,,0,,,,,,,,,,,,,,,,,0.000,,,0,22.5,,43,,0,0
03/18/2026 21:33:45,,81442326017,8144,2,Indoor 03,,,true,false,4,1,1,1,,,1,1,,,3,4,4,4,4,0.41,0,1187,,,0,,,,,30.02,,0,,,,,,,,,,,,,,,,,0.000,,,0,22.4,,43,,0,0
03/18/2026 21:48:45,,81442326017,8144,2,Indoor 03,,,true,false,4,1,1,1,,,1,1,,,3,3,3,3,3,0.42,0,1182,,,0,,,,,30.02,,0,,,,,,,,,,,,,,,,,0.000,,,0,22.4,,43,,0,0
03/18/2026 22:03:45,,81442326017,8144,2,Indoor 03,,,true,false,4,1,1,1,,,1,1,,,3,3,3,3,3,0.42,0,1198,,,0,,,,,30.02,,0,,,,,,,,,,,,,,,,,0.000,,,0,22.4,,42,,0,0
03/18/2026 22:18:45,,81442326017,8144,2,Indoor 03,,,true,false,4,1,1,1,,,1,1,,,3,3,3,3,3,0.41,0,1210,,,0,,,,,30.03,,0,,,,,,,,,,,,,,,,,0.000,,,0,22.4,,43,,0,0
03/18/2026 22:33:45,,81442326017,8144,2,Indoor 03,,,true,false,4,1,1,1,,,1,1,,,5,5,5,5,5,0.42,0,1260,,,0,,,,,30.02,,0,,,,,,,,,,,,,,,,,0.000,,,0,22.7,,43,,0,0
03/18/2026 22:48:45,,81442326017,8144,2,Indoor 03,,,true,false,8,2,2,2,,,2,2,,,8,9,9,9,9,0.41,0,1224,,,0,,,,,30.02,,0,,,,,,,,,,,,,,,,,0.000,,,0,22.8,,43,,0,0
03/18/2026 23:03:45,,81442326017,8144,2,Indoor 03,,,true,false,25,6,5,6,,,6,6,,,19,21,21,21,21,0.43,0,1309,,,0,,,,,30.02,,0,,,,,,,,,,,,,,,,,0.000,,,0,22.5,,44,,0,0
03/18/2026 23:18:45,,81442326017,8144,2,Indoor 03,,,true,false,33,7,7,8,,,8,8,,,26,29,29,29,29,0.44,0,1255,,,0,,,,,30.02,,0,,,,,,,,,,,,,,,,,0.000,,,0,21.4,,46,,0,0
03/18/2026 23:33:45,,81442326017,8144,2,Indoor 03,,,true,false,29,6,7,7,,,7,7,,,24,27,27,27,27,0.44,0,1245,,,0,,,,,30.03,,0,,,,,,,,,,,,,,,,,0.000,,,0,21.0,,47,,0,0
03/18/2026 23:48:45,,81442326017,8144,2,Indoor 03,,,true,false,25,6,6,6,,,6,6,,,21,23,23,23,23,0.44,0,1243,,,0,,,,,30.03,,0,,,,,,,,,,,,,,,,,0.000,,,0,20.8,,48,,0,0
03/19/2026 00:03:45,,81442326017,8144,2,Indoor 03,,,true,false,25,6,5,6,,,6,6,,,19,21,21,21,21,0.44,0,1235,,,0,,,,,30.03,,0,,,,,,,,,,,,,,,,,0.032,,,0,20.8,,49,,0,0
03/19/2026 00:18:45,,81442326017,8144,2,Indoor 03,,,true,false,21,5,5,5,,,5,5,,,17,19,19,19,19,0.46,0,1244,,,0,,,,,30.04,,0,,,,,,,,,,,,,,,,,0.025,,,0,20.8,,49,,0,0
03/19/2026 00:33:45,,81442326017,8144,2,Indoor 03,,,true,false,17,5,4,4,,,5,5,,,15,17,17,17,17,0.48,0,1239,,,0,,,,,30.04,,0,,,,,,,,,,,,,,,,,0.020,,,0,20.7,,48,,0,0
03/19/2026 00:48:45,,81442326017,8144,2,Indoor 03,,,true,false,17,4,4,4,,,4,4,,,14,16,16,16,16,0.48,0,1248,,,0,,,,,30.04,,0,,,,,,,,,,,,,,,,,0.016,,,0,20.7,,48,,0,0
03/19/2026 01:03:45,,81442326017,8144,2,Indoor 03,,,true,false,17,4,3,4,,,4,4,,,12,13,13,13,13,0.49,0,1256,,,0,,,,,30.04,,0,,,,,,,,,,,,,,,,,0.004,,,0,20.7,,48,,0,0
03/19/2026 01:18:45,,81442326017,8144,2,Indoor 03,,,true,false,17,4,3,4,,,4,4,,,12,14,14,14,14,0.48,0,1251,,,0,,,,,30.04,,0,,,,,,,,,,,,,,,,,0.000,,,0,20.6,,48,,0,0
03/19/2026 01:33:45,,81442326017,8144,2,Indoor 03,,,true,false,13,3,3,3,,,3,3,,,11,12,12,12,12,0.46,0,1270,,,0,,,,,30.04,,0,,,,,,,,,,,,,,,,,0.001,,,0,20.6,,47,,0,0
03/19/2026 01:48:45,,81442326017,8144,2,Indoor 03,,,true,false,13,3,3,3,,,3,3,,,11,12,12,12,12,0.45,0,1282,,,0,,,,,30.04,,0,,,,,,,,,,,,,,,,,0.010,,,0,20.6,,47,,0,0
03/19/2026 02:03:45,,81442326017,8144,2,Indoor 03,,,true,false,17,4,3,4,,,4,4,,,12,13,13,13,13,0.45,0,1289,,,0,,,,,30.03,,0,,,,,,,,,,,,,,,,,0.000,,,0,20.6,,47,,0,0
03/19/2026 02:18:45,,81442326017,8144,2,Indoor 03,,,true,false,13,3,3,3,,,3,3,,,11,13,13,13,13,0.45,0,1308,,,0,,,,,30.04,,0,,,,,,,,,,,,,,,,,0.001,,,0,20.7,,48,,0,0
03/19/2026 02:33:45,,81442326017,8144,2,Indoor 03,,,true,false,13,3,3,3,,,3,3,,,11,12,12,12,12,0.44,0,1291,,,0,,,,,30.04,,0,,,,,,,,,,,,,,,,,0.004,,,0,20.8,,47,,0,0
03/19/2026 02:48:45,,81442326017,8144,2,Indoor 03,,,true,false,13,3,3,3,,,3,3,,,10,12,12,12,12,0.44,0,1275,,,0,,,,,30.04,,0,,,,,,,,,,,,,,,,,0.000,,,0,20.7,,47,,0,0
03/19/2026 03:03:45,,81442326017,8144,2,Indoor 03,,,true,false,13,3,3,3,,,3,3,,,10,11,11,11,11,0.43,0,1273,,,0,,,,,30.04,,0,,,,,,,,,,,,,,,,,0.000,,,0,20.6,,47,,0,0
03/19/2026 03:18:45,,81442326017,8144,2,Indoor 03,,,true,false,13,3,3,3,,,3,3,,,10,11,11,11,11,0.43,0,1267,,,0,,,,,30.04,,0,,,,,,,,,,,,,,,,,0.000,,,0,20.6,,47,,0,0
03/19/2026 03:33:45,,81442326017,8144,2,Indoor 03,,,true,false,13,3,3,3,,,3,3,,,11,12,12,12,12,0.44,0,1269,,,0,,,,,30.04,,0,,,,,,,,,,,,,,,,,0.000,,,0,20.6,,46,,0,0
03/19/2026 03:48:45,,81442326017,8144,2,Indoor 03,,,true,false,13,3,3,3,,,3,3,,,11,12,12,12,12,0.44,0,1278,,,0,,,,,30.05,,0,,,,,,,,,,,,,,,,,0.000,,,0,20.5,,46,,0,0
03/19/2026 04:03:45,,81442326017,8144,2,Indoor 03,,,true,false,13,3,3,3,,,3,3,,,10,12,12,12,12,0.43,0,1281,,,0,,,,,30.05,,0,,,,,,,,,,,,,,,,,0.000,,,0,20.5,,46,,0,0
03/19/2026 04:18:45,,81442326017,8144,2,Indoor 03,,,true,false,13,3,3,3,,,3,3,,,11,12,12,12,12,0.43,0,1269,,,0,,,,,30.05,,0,,,,,,,,,,,,,,,,,0.000,,,0,20.5,,46,,0,0
03/19/2026 04:33:45,,81442326017,8144,2,Indoor 03,,,true,false,13,3,3,3,,,3,3,,,11,13,13,13,13,0.42,0,1281,,,0,,,,,30.05,,0,,,,,,,,,,,,,,,,,0.000,,,0,20.5,,46,,0,0
03/19/2026 04:48:45,,81442326017,8144,2,Indoor 03,,,true,false,13,3,3,3,,,3,3,,,12,13,13,13,13,0.42,0,1267,,,0,,,,,30.05,,0,,,,,,,,,,,,,,,,,0.000,,,0,20.6,,46,,0,0
03/19/2026 05:03:45,,81442326017,8144,2,Indoor 03,,,true,false,13,3,3,3,,,3,3,,,11,13,13,13,13,0.43,0,1348,,,0,,,,,30.05,,0,,,,,,,,,,,,,,,,,0.003,,,0,20.6,,46,,0,0
03/19/2026 05:18:45,,81442326017,8144,2,Indoor 03,,,true,false,13,3,3,3,,,3,3,,,11,12,12,12,12,0.42,0,1300,,,0,,,,,30.04,,0,,,,,,,,,,,,,,,,,0.000,,,0,20.5,,46,,0,0
03/19/2026 05:33:45,,81442326017,8144,2,Indoor 03,,,true,false,13,3,3,3,,,3,3,,,10,11,11,11,11,0.41,0,1322,,,0,,,,,30.04,,0,,,,,,,,,,,,,,,,,0.000,,,0,20.6,,46,,0,0
03/19/2026 05:48:45,,81442326017,8144,2,Indoor 03,,,true,false,13,3,2,3,,,3,3,,,9,10,10,10,10,0.42,0,1322,,,0,,,,,30.03,,0,,,,,,,,,,,,,,,,,0.001,,,0,20.7,,47,,0,0
03/19/2026 06:03:45,,81442326017,8144,2,Indoor 03,,,true,false,8,2,2,2,,,2,2,,,8,9,9,9,9,0.42,0,1304,,,0,,,,,30.03,,0,,,,,,,,,,,,,,,,,0.002,,,0,20.7,,46,,0,0
03/19/2026 06:18:45,,81442326017,8144,2,Indoor 03,,,true,false,8,2,2,2,,,2,2,,,8,9,9,9,9,0.40,0,1303,,,0,,,,,30.03,,0,,,,,,,,,,,,,,,,,0.000,,,0,20.6,,46,,0,0
03/19/2026 06:33:45,,81442326017,8144,2,Indoor 03,,,true,false,8,2,2,2,,,2,2,,,8,9,9,9,9,0.41,0,1286,,,0,,,,,30.03,,0,,,,,,,,,,,,,,,,,0.000,,,0,20.5,,46,,0,0
03/19/2026 06:48:45,,81442326017,8144,2,Indoor 03,,,true,false,21,5,4,5,,,5,5,,,15,17,17,17,17,0.43,0,1312,,,0,,,,,30.02,,0,,,,,,,,,,,,,,,,,0.001,,,0,20.4,,47,,0,0
03/19/2026 07:03:45,,81442326017,8144,2,Indoor 03,,,true,false,33,7,8,8,,,8,8,,,27,30,30,30,30,0.46,0,1360,,,0,,,,,30.02,,0,,,,,,,,,,,,,,,,,0.012,,,0,20.4,,48,,0,0
03/19/2026 07:18:45,,81442326017,8144,2,Indoor 03,,,true,false,29,6,7,7,,,7,7,,,23,26,26,26,26,0.45,0,1375,,,0,,,,,30.01,,0,,,,,,,,,,,,,,,,,0.017,,,0,20.5,,49,,0,0
03/19/2026 07:33:45,,81442326017,8144,2,Indoor 03,,,true,false,25,6,6,6,,,6,6,,,21,23,23,23,23,0.47,0,1379,,,0,,,,,30.01,,0,,,,,,,,,,,,,,,,,0.018,,,0,20.5,,49,,0,0
03/19/2026 07:48:45,,81442326017,8144,2,Indoor 03,,,true,false,29,6,7,7,,,7,7,,,23,26,26,26,26,0.46,0,1364,,,0,,,,,30.01,,0,,,,,,,,,,,,,,,,,0.021,,,0,20.5,,50,,0,0
03/19/2026 08:03:45,,81442326017,8144,2,Indoor 03,,,true,false,29,6,7,7,,,7,7,,,23,26,26,26,26,0.46,0,1345,,,0,,,,,30.00,,0,,,,,,,,,,,,,,,,,0.029,,,0,20.5,,52,,0,0
03/19/2026 08:18:45,,81442326017,8144,2,Indoor 03,,,true,false,33,7,8,8,,,8,8,,,26,30,30,30,30,0.45,0,1328,,,0,,,,,30.00,,0,,,,,,,,,,,,,,,,,0.036,,,0,20.5,,55,,0,0
03/19/2026 08:33:45,,81442326017,8144,2,Indoor 03,,,true,false,33,7,7,8,,,8,8,,,26,29,29,29,29,0.43,0,1314,,,0,,,,,29.99,,0,,,,,,,,,,,,,,,,,0.041,,,0,20.5,,57,,0,0
03/19/2026 08:48:45,,81442326017,8144,2,Indoor 03,,,true,false,33,7,8,8,,,8,8,,,27,30,30,30,30,0.44,0,1291,,,0,,,,,29.99,,0,,,,,,,,,,,,,,,,,0.046,,,0,20.6,,59,,0,0
03/19/2026 09:03:45,,81442326017,8144,2,Indoor 03,,,true,false,29,6,7,7,,,7,7,,,24,27,27,27,27,0.44,0,1277,,,0,,,,,29.98,,0,,,,,,,,,,,,,,,,,0.045,,,0,20.5,,58,,0,0
03/19/2026 09:18:45,,81442326017,8144,2,Indoor 03,,,true,false,29,6,6,7,,,7,7,,,23,25,25,25,26,0.44,0,1277,,,0,,,,,29.98,,0,,,,,,,,,,,,,,,,,0.041,,,0,20.4,,57,,0,0
03/19/2026 09:33:45,,81442326017,8144,2,Indoor 03,,,true,false,25,6,6,6,,,6,6,,,20,23,23,23,23,0.45,0,1280,,,0,,,,,29.98,,0,,,,,,,,,,,,,,,,,0.038,,,0,20.3,,57,,0,0
03/19/2026 09:48:45,,81442326017,8144,2,Indoor 03,,,true,false,21,5,4,5,,,5,5,,,16,18,18,18,18,0.45,0,1291,,,0,,,,,29.98,,0,,,,,,,,,,,,,,,,,0.035,,,0,20.4,,55,,0,0
03/19/2026 10:03:45,,81442326017,8144,2,Indoor 03,,,true,false,17,4,4,4,,,4,4,,,13,15,15,15,15,0.45,0,1235,,,0,,,,,29.98,,0,,,,,,,,,,,,,,,,,0.029,,,0,20.4,,54,,0,0
03/19/2026 10:18:45,,81442326017,8144,2,Indoor 03,,,true,false,17,4,3,4,,,4,4,,,12,14,14,14,14,0.45,0,1228,,,0,,,,,29.99,,0,,,,,,,,,,,,,,,,,0.027,,,0,20.3,,54,,0,0
03/19/2026 10:33:45,,81442326017,8144,2,Indoor 03,,,true,false,17,4,3,4,,,4,4,,,12,14,14,14,14,0.45,0,1233,,,0,,,,,29.99,,0,,,,,,,,,,,,,,,,,0.024,,,0,20.2,,53,,0,0
03/19/2026 10:48:45,,81442326017,8144,2,Indoor 03,,,true,false,13,3,3,3,,,3,3,,,11,12,12,12,12,0.45,0,1230,,,0,,,,,30.00,,0,,,,,,,,,,,,,,,,,0.022,,,0,20.4,,53,,0,0
03/19/2026 11:03:45,,81442326017,8144,2,Indoor 03,,,true,false,13,3,3,3,,,3,3,,,10,11,11,11,11,0.44,0,1199,,,0,,,,,30.01,,0,,,,,,,,,,,,,,,,,0.018,,,0,20.4,,52,,0,0
03/19/2026 11:18:45,,81442326017,8144,2,Indoor 03,,,true,false,13,3,3,3,,,3,3,,,10,11,11,11,11,0.44,0,1198,,,0,,,,,30.01,,0,,,,,,,,,,,,,,,,,0.014,,,0,20.2,,52,,0,0
03/19/2026 11:33:45,,81442326017,8144,2,Indoor 03,,,true,false,13,3,3,3,,,3,3,,,9,10,10,10,10,0.43,0,1202,,,0,,,,,30.02,,0,,,,,,,,,,,,,,,,,0.010,,,0,20.3,,52,,0,0
03/19/2026 11:48:45,,81442326017,8144,2,Indoor 03,,,true,false,13,3,2,3,,,3,3,,,9,10,10,10,10,0.42,0,1187,,,0,,,,,30.02,,0,,,,,,,,,,,,,,,,,0.010,,,0,20.4,,51,,0,0
03/19/2026 12:03:45,,81442326017,8144,2,Indoor 03,,,true,false,13,3,2,3,,,3,3,,,8,9,9,9,9,0.43,0,1182,,,0,,,,,30.01,,0,,,,,,,,,,,,,,,,,0.002,,,0,20.3,,51,,0,0
03/19/2026 12:18:45,,81442326017,8144,2,Indoor 03,,,true,false,13,3,2,3,,,3,3,,,8,10,10,10,10,0.43,0,1192,,,0,,,,,30.02,,0,,,,,,,,,,,,,,,,,0.000,,,0,20.2,,51,,0,0
03/19/2026 12:33:45,,81442326017,8144,2,Indoor 03,,,true,false,8,2,2,2,,,2,2,,,7,8,8,8,8,0.42,0,1178,,,0,,,,,30.02,,0,,,,,,,,,,,,,,,,,0.003,,,0,20.4,,51,,0,0
03/19/2026 12:48:45,,81442326017,8144,2,Indoor 03,,,true,false,8,2,2,2,,,2,2,,,7,8,8,8,8,0.42,0,1166,,,0,,,,,30.02,,0,,,,,,,,,,,,,,,,,0.001,,,0,20.3,,51,,0,0
03/19/2026 13:03:44,,81442326017,8144,2,Indoor 03,,,true,false,8,2,2,2,,,2,2,,,7,7,7,7,7,0.41,0,1171,,,0,,,,,30.03,,0,,,,,,,,,,,,,,,,,0.000,,,0,20.2,,51,,0,0
03/19/2026 13:18:44,,81442326017,8144,2,Indoor 03,,,true,false,8,2,2,2,,,2,2,,,6,7,7,7,7,0.41,0,1185,,,0,,,,,30.02,,0,,,,,,,,,,,,,,,,,0.000,,,0,20.3,,51,,0,0
03/19/2026 13:33:44,,81442326017,8144,2,Indoor 03,,,true,false,8,2,2,2,,,2,2,,,6,7,7,7,7,0.42,0,1180,,,0,,,,,30.03,,0,,,,,,,,,,,,,,,,,0.000,,,0,20.4,,51,,0,0
03/19/2026 13:48:44,,81442326017,8144,2,Indoor 03,,,true,false,8,2,2,2,,,2,2,,,6,7,7,7,7,0.44,0,1193,,,0,,,,,30.03,,0,,,,,,,,,,,,,,,,,0.000,,,0,20.3,,51,,0,0
03/19/2026 14:03:44,,81442326017,8144,2,Indoor 03,,,true,false,8,2,2,2,,,2,2,,,6,7,7,7,7,0.42,0,1192,,,0,,,,,30.03,,0,,,,,,,,,,,,,,,,,0.013,,,0,20.3,,51,,0,0
03/19/2026 14:18:44,,81442326017,8144,2,Indoor 03,,,true,false,8,2,2,2,,,2,2,,,5,6,6,6,6,0.43,0,1183,,,0,,,,,30.03,,0,,,,,,,,,,,,,,,,,0.015,,,0,20.4,,50,,0,0
03/19/2026 14:33:44,,81442326017,8144,2,Indoor 03,,,true,false,8,2,2,2,,,2,2,,,5,6,6,6,6,0.42,0,1191,,,0,,,,,30.02,,0,,,,,,,,,,,,,,,,,0.016,,,0,20.3,,50,,0,0
03/19/2026 14:48:44,,81442326017,8144,2,Indoor 03,,,true,false,8,2,1,2,,,2,2,,,5,6,6,6,6,0.41,0,1178,,,0,,,,,30.01,,0,,,,,,,,,,,,,,,,,0.016,,,0,20.2,,50,,0,0
03/19/2026 15:03:44,,81442326017,8144,2,Indoor 03,,,true,false,4,1,1,1,,,1,1,,,5,6,6,6,6,0.41,0,1189,,,0,,,,,30.01,,0,,,,,,,,,,,,,,,,,0.017,,,0,20.3,,50,,0,0
03/19/2026 15:18:44,,81442326017,8144,2,Indoor 03,,,true,false,4,1,1,1,,,1,1,,,5,5,5,5,5,0.43,0,1372,,,0,,,,,30.01,,0,,,,,,,,,,,,,,,,,0.024,,,0,20.4,,51,,0,0
03/19/2026 15:33:44,,81442326017,8144,2,Indoor 03,,,true,false,8,2,2,2,,,2,2,,,5,6,6,6,6,0.43,0,1229,,,0,,,,,30.00,,0,,,,,,,,,,,,,,,,,0.026,,,0,20.3,,50,,0,0
03/19/2026 15:48:44,,81442326017,8144,2,Indoor 03,,,true,false,4,1,1,1,,,1,1,,,5,5,5,5,5,0.44,0,1238,,,0,,,,,30.00,,0,,,,,,,,,,,,,,,,,0.039,,,0,20.2,,50,,0,0
03/19/2026 16:03:44,,81442326017,8144,2,Indoor 03,,,true,false,4,1,1,1,,,1,1,,,4,5,5,5,5,0.43,0,1209,,,0,,,,,29.99,,0,,,,,,,,,,,,,,,,,0.030,,,0,20.4,,50,,0,0
03/19/2026 16:18:44,,81442326017,8144,2,Indoor 03,,,true,false,4,1,1,1,,,1,1,,,5,5,5,5,5,0.42,0,1218,,,0,,,,,29.99,,0,,,,,,,,,,,,,,,,,0.029,,,0,20.4,,50,,0,0
03/19/2026 16:33:44,,81442326017,8144,2,Indoor 03,,,true,false,4,1,1,1,,,1,1,,,4,5,5,5,5,0.41,0,1250,,,0,,,,,29.98,,0,,,,,,,,,,,,,,,,,0.031,,,0,20.3,,50,,0,0
03/19/2026 16:48:44,,81442326017,8144,2,Indoor 03,,,true,false,4,1,1,1,,,1,1,,,4,5,5,5,5,0.40,0,1267,,,0,,,,,29.97,,0,,,,,,,,,,,,,,,,,0.030,,,0,20.3,,50,,0,0
03/19/2026 17:03:44,,81442326017,8144,2,Indoor 03,,,true,false,4,1,1,1,,,1,1,,,5,6,6,6,6,0.41,0,1276,,,0,,,,,29.97,,0,,,,,,,,,,,,,,,,,0.027,,,0,20.2,,50,,0,0
03/19/2026 17:18:44,,81442326017,8144,2,Indoor 03,,,true,false,8,2,1,2,,,2,2,,,5,6,6,6,6,0.41,0,1276,,,0,,,,,29.97,,0,,,,,,,,,,,,,,,,,0.027,,,0,20.4,,50,,0,0
03/19/2026 17:33:44,,81442326017,8144,2,Indoor 03,,,true,false,8,2,2,2,,,2,2,,,5,6,6,6,6,0.42,0,1338,,,0,,,,,29.96,,0,,,,,,,,,,,,,,,,,0.036,,,0,20.5,,50,,0,0
03/19/2026 17:48:44,,81442326017,8144,2,Indoor 03,,,true,false,4,1,1,1,,,1,1,,,5,6,6,6,6,0.43,0,1351,,,0,,,,,29.96,,0,,,,,,,,,,,,,,,,,0.033,,,0,20.5,,51,,0,0
03/19/2026 18:03:44,,81442326017,8144,2,Indoor 03,,,true,false,4,1,1,1,,,1,1,,,5,6,6,6,6,0.41,0,1360,,,0,,,,,29.95,,0,,,,,,,,,,,,,,,,,0.031,,,0,20.5,,50,,0,0
03/19/2026 18:18:44,,81442326017,8144,2,Indoor 03,,,true,false,4,1,1,1,,,1,1,,,5,5,5,5,5,0.42,0,1338,,,0,,,,,29.94,,0,,,,,,,,,,,,,,,,,0.027,,,0,20.5,,50,,0,0
03/19/2026 18:33:44,,81442326017,8144,2,Indoor 03,,,true,false,4,1,1,1,,,1,1,,,5,5,5,5,5,0.41,0,1346,,,0,,,,,29.93,,0,,,,,,,,,,,,,,,,,0.030,,,0,20.4,,50,,0,0
03/19/2026 18:48:44,,81442326017,8144,2,Indoor 03,,,true,false,8,2,1,2,,,2,2,,,5,6,6,6,6,0.42,0,1376,,,0,,,,,29.92,,0,,,,,,,,,,,,,,,,,0.031,,,0,20.5,,50,,0,0
03/19/2026 19:03:44,,81442326017,8144,2,Indoor 03,,,true,false,8,2,1,2,,,2,2,,,5,6,6,6,6,0.43,0,1387,,,0,,,,,29.92,,0,,,,,,,,,,,,,,,,,0.030,,,0,20.5,,50,,0,0
03/19/2026 19:18:44,,81442326017,8144,2,Indoor 03,,,true,false,8,2,1,2,,,2,2,,,5,6,6,6,6,0.41,0,1404,,,0,,,,,29.91,,0,,,,,,,,,,,,,,,,,0.027,,,0,20.4,,50,,0,0
03/19/2026 19:33:44,,81442326017,8144,2,Indoor 03,,,true,false,4,1,1,1,,,1,1,,,5,5,5,5,5,0.39,0,1428,,,0,,,,,29.90,,0,,,,,,,,,,,,,,,,,0.027,,,0,20.4,,50,,0,0
03/19/2026 19:48:44,,81442326017,8144,2,Indoor 03,,,true,false,4,1,1,1,,,1,1,,,5,5,5,5,5,0.39,0,1469,,,0,,,,,29.90,,0,,,,,,,,,,,,,,,,,0.032,,,0,20.4,,50,,0,0
03/19/2026 20:03:44,,81442326017,8144,2,Indoor 03,,,true,false,4,1,1,1,,,1,1,,,4,5,5,5,5,0.39,0,1466,,,0,,,,,29.89,,0,,,,,,,,,,,,,,,,,0.034,,,0,20.4,,50,,0,0
03/19/2026 20:18:44,,81442326017,8144,2,Indoor 03,,,true,false,4,1,1,1,,,1,1,,,5,5,5,5,5,0.39,0,1467,,,0,,,,,29.89,,0,,,,,,,,,,,,,,,,,0.032,,,0,20.4,,50,,0,0
03/19/2026 20:33:44,,81442326017,8144,2,Indoor 03,,,true,false,8,2,1,2,,,2,2,,,5,6,6,6,6,0.40,0,1440,,,0,,,,,29.89,,0,,,,,,,,,,,,,,,,,0.031,,,0,20.4,,50,,0,0
03/19/2026 20:48:44,,81442326017,8144,2,Indoor 03,,,true,false,4,1,1,1,,,1,1,,,4,5,5,5,5,0.41,0,1410,,,0,,,,,29.89,,0,,,,,,,,,,,,,,,,,0.030,,,0,20.4,,50,,0,0
03/19/2026 21:03:44,,81442326017,8144,2,Indoor 03,,,true,false,4,1,1,1,,,1,1,,,4,5,5,5,5,0.39,0,1372,,,0,,,,,29.88,,0,,,,,,,,,,,,,,,,,0.035,,,0,20.5,,50,,0,0
03/19/2026 21:18:44,,81442326017,8144,2,Indoor 03,,,true,false,4,1,1,1,,,1,1,,,4,5,5,5,5,0.39,0,1355,,,0,,,,,29.88,,0,,,,,,,,,,,,,,,,,0.036,,,0,20.5,,50,,0,0
03/19/2026 21:33:44,,81442326017,8144,2,Indoor 03,,,true,false,4,1,1,1,,,1,1,,,5,5,5,5,5,0.41,0,1344,,,0,,,,,29.87,,0,,,,,,,,,,,,,,,,,0.035,,,0,20.4,,50,,0,0
03/19/2026 21:48:44,,81442326017,8144,2,Indoor 03,,,true,false,4,1,1,1,,,1,1,,,4,4,4,4,4,0.41,0,1332,,,0,,,,,29.87,,0,,,,,,,,,,,,,,,,,0.033,,,0,20.4,,50,,0,0
03/19/2026 22:03:44,,81442326017,8144,2,Indoor 03,,,true,false,4,1,1,1,,,1,1,,,4,5,5,5,5,0.41,0,1316,,,0,,,,,29.88,,0,,,,,,,,,,,,,,,,,0.030,,,0,20.4,,50,,0,0
03/19/2026 22:18:44,,81442326017,8144,2,Indoor 03,,,true,false,4,1,1,1,,,1,1,,,4,5,5,5,5,0.41,0,1319,,,0,,,,,29.88,,0,,,,,,,,,,,,,,,,,0.029,,,0,20.5,,50,,0,0
03/19/2026 22:33:44,,81442326017,8144,2,Indoor 03,,,true,false,4,1,1,1,,,1,1,,,4,4,4,4,4,0.41,0,1335,,,0,,,,,29.88,,0,,,,,,,,,,,,,,,,,0.031,,,0,20.6,,50,,0,0
03/19/2026 22:48:44,,81442326017,8144,2,Indoor 03,,,true,false,4,1,1,1,,,1,1,,,4,4,4,4,4,0.40,0,1348,,,0,,,,,29.88,,0,,,,,,,,,,,,,,,,,0.031,,,0,20.6,,50,,0,0
03/19/2026 23:03:44,,81442326017,8144,2,Indoor 03,,,true,false,4,1,1,1,,,1,1,,,4,4,4,4,4,0.41,0,1395,,,0,,,,,29.89,,0,,,,,,,,,,,,,,,,,0.032,,,0,20.6,,51,,0,0
03/19/2026 23:18:44,,81442326017,8144,2,Indoor 03,,,true,false,4,1,1,1,,,1,1,,,4,5,5,5,5,0.40,0,1435,,,0,,,,,29.89,,0,,,,,,,,,,,,,,,,,0.034,,,0,20.5,,51,,0,0
03/19/2026 23:33:44,,81442326017,8144,2,Indoor 03,,,true,false,4,1,1,1,,,1,1,,,4,5,5,5,5,0.40,0,1441,,,0,,,,,29.89,,0,,,,,,,,,,,,,,,,,0.035,,,0,20.5,,51,,0,0
03/19/2026 23:48:44,,81442326017,8144,2,Indoor 03,,,true,false,4,1,1,1,,,1,1,,,4,5,5,5,5,0.40,0,1426,,,0,,,,,29.89,,0,,,,,,,,,,,,,,,,,0.033,,,0,20.4,,51,,0,0
03/20/2026 00:03:44,,81442326017,8144,2,Indoor 03,,,true,false,8,2,1,2,,,2,2,,,5,6,6,6,6,0.40,0,1472,,,0,,,,,29.89,,0,,,,,,,,,,,,,,,,,0.039,,,0,20.4,,51,,0,0
03/20/2026 00:18:44,,81442326017,8144,2,Indoor 03,,,true,false,8,2,2,2,,,2,2,,,6,7,7,7,7,0.41,0,1482,,,0,,,,,29.90,,0,,,,,,,,,,,,,,,,,0.050,,,0,20.4,,51,,0,0
03/20/2026 00:33:44,,81442326017,8144,2,Indoor 03,,,true,false,8,2,2,2,,,2,2,,,7,8,8,8,8,0.41,0,1490,,,0,,,,,29.90,,0,,,,,,,,,,,,,,,,,0.054,,,0,20.4,,51,,0,0
03/20/2026 00:48:44,,81442326017,8144,2,Indoor 03,,,true,false,13,3,3,3,,,3,3,,,9,11,11,11,11,0.41,0,1507,,,0,,,,,29.91,,0,,,,,,,,,,,,,,,,,0.062,,,0,20.4,,51,,0,0
03/20/2026 01:03:44,,81442326017,8144,2,Indoor 03,,,true,false,13,3,3,3,,,3,3,,,11,12,12,12,12,0.43,0,1529,,,0,,,,,29.91,,0,,,,,,,,,,,,,,,,,0.142,,,0,20.4,,51,,0,0
03/20/2026 01:18:44,,81442326017,8144,2,Indoor 03,,,true,false,25,6,6,6,,,6,6,,,20,22,22,22,22,0.42,0,1504,,,0,,,,,29.92,,0,,,,,,,,,,,,,,,,,0.116,,,0,20.5,,51,,0,0
03/20/2026 01:33:44,,81442326017,8144,2,Indoor 03,,,true,false,25,6,6,6,,,6,6,,,21,24,24,24,24,0.44,0,1477,,,0,,,,,29.93,,0,,,,,,,,,,,,,,,,,0.115,,,0,20.5,,51,,0,0
03/20/2026 01:48:44,,81442326017,8144,2,Indoor 03,,,true,false,29,6,6,7,,,7,7,,,23,25,25,25,25,0.43,0,1517,,,0,,,,,29.93,,0,,,,,,,,,,,,,,,,,0.117,,,0,20.4,,51,,0,0
03/20/2026 02:03:44,,81442326017,8144,2,Indoor 03,,,true,false,29,6,7,7,,,7,7,,,25,28,28,28,28,0.43,0,1504,,,0,,,,,29.93,,0,,,,,,,,,,,,,,,,,0.113,,,0,20.4,,51,,0,0
03/20/2026 02:18:44,,81442326017,8144,2,Indoor 03,,,true,false,33,8,8,8,,,9,9,,,28,32,32,32,32,0.46,0,1522,,,0,,,,,29.93,,0,,,,,,,,,,,,,,,,,0.117,,,0,20.3,,51,,0,0
03/20/2026 02:33:44,,81442326017,8144,2,Indoor 03,,,true,false,42,9,9,10,,,10,10,,,33,37,38,38,38,0.46,0,1542,,,0,,,,,29.94,,0,,,,,,,,,,,,,,,,,0.124,,,0,20.3,,51,,0,0
03/20/2026 02:48:44,,81442326017,8144,2,Indoor 03,,,true,false,50,11,11,12,,,12,12,,,40,44,45,45,45,0.46,0,1566,,,0,,,,,29.94,,0,,,,,,,,,,,,,,,,,0.139,,,0,20.3,,51,,0,0
03/20/2026 03:03:44,,81442326017,8144,2,Indoor 03,,,true,false,53,12,13,13,,,13,13,,,45,50,50,50,50,0.45,0,1557,,,0,,,,,29.94,,0,,,,,,,,,,,,,,,,,0.156,,,0,20.4,,51,,0,0
03/20/2026 03:18:44,,81442326017,8144,2,Indoor 03,,,true,false,57,14,14,15,,,15,15,,,50,56,56,56,56,0.45,0,1560,,,0,,,,,29.94,,0,,,,,,,,,,,,,,,,,0.166,,,0,20.4,,51,,0,0
03/20/2026 03:33:44,,81442326017,8144,2,Indoor 03,,,true,false,59,15,15,16,,,16,16,,,52,58,59,59,59,0.43,0,1563,,,0,,,,,29.94,,0,,,,,,,,,,,,,,,,,0.171,,,0,20.4,,51,,0,0
03/20/2026 03:48:44,,81442326017,8144,2,Indoor 03,,,true,false,61,16,16,17,,,17,17,,,55,62,62,62,62,0.45,0,1559,,,0,,,,,29.94,,0,,,,,,,,,,,,,,,,,0.175,,,0,20.4,,51,,0,0
03/20/2026 04:03:44,,81442326017,8144,2,Indoor 03,,,true,false,61,16,16,17,,,17,17,,,56,63,63,63,63,0.44,0,1553,,,0,,,,,29.94,,0,,,,,,,,,,,,,,,,,0.176,,,0,20.4,,51,,0,0
03/20/2026 04:18:44,,81442326017,8144,2,Indoor 03,,,true,false,63,17,17,18,,,18,18,,,58,65,65,65,65,0.45,0,1540,,,0,,,,,29.95,,0,,,,,,,,,,,,,,,,,0.176,,,0,20.4,,51,,0,0
03/20/2026 04:33:44,,81442326017,8144,2,Indoor 03,,,true,false,63,17,17,18,,,18,18,,,61,69,69,69,69,0.43,0,1519,,,0,,,,,29.95,,0,,,,,,,,,,,,,,,,,0.179,,,0,20.4,,51,,0,0
03/20/2026 04:48:44,,81442326017,8144,2,Indoor 03,,,true,false,63,17,17,18,,,18,18,,,60,67,67,67,67,0.43,0,1547,,,0,,,,,29.94,,0,,,,,,,,,,,,,,,,,0.177,,,0,20.4,,51,,0,0
03/20/2026 05:03:44,,81442326017,8144,2,Indoor 03,,,true,false,66,18,18,19,,,19,19,,,62,70,70,70,70,0.44,0,1564,,,0,,,,,29.94,,0,,,,,,,,,,,,,,,,,0.181,,,0,20.3,,51,,0,0
03/20/2026 05:18:44,,81442326017,8144,2,Indoor 03,,,true,false,66,18,18,19,,,19,19,,,64,71,72,72,72,0.44,0,1553,,,0,,,,,29.94,,0,,,,,,,,,,,,,,,,,0.184,,,0,20.3,,51,,0,0
03/20/2026 05:33:44,,81442326017,8144,2,Indoor 03,,,true,false,70,19,20,21,,,21,21,,,71,80,80,80,80,0.42,0,1561,,,0,,,,,29.94,,0,,,,,,,,,,,,,,,,,0.187,,,0,20.1,,51,,0,0
03/20/2026 05:48:44,,81442326017,8144,2,Indoor 03,,,true,false,78,23,23,25,,,25,25,,,82,92,92,92,92,0.44,0,1551,,,0,,,,,29.93,,0,,,,,,,,,,,,,,,,,0.187,,,0,19.6,,52,,0,0
03/20/2026 06:03:44,,81442326017,8144,2,Indoor 03,,,true,false,76,22,23,24,,,24,24,,,82,92,92,92,92,0.43,0,1549,,,0,,,,,29.93,,0,,,,,,,,,,,,,,,,,0.181,,,0,19.5,,52,,0,0
03/20/2026 06:18:44,,81442326017,8144,2,Indoor 03,,,true,false,76,22,23,24,,,24,24,,,81,91,91,91,91,0.44,0,1566,,,0,,,,,29.93,,0,,,,,,,,,,,,,,,,,0.179,,,0,19.6,,53,,0,0
03/20/2026 06:33:44,,81442326017,8144,2,Indoor 03,,,true,false,70,19,20,21,,,21,21,,,72,81,81,81,81,0.43,0,1580,,,0,,,,,29.92,,0,,,,,,,,,,,,,,,,,0.190,,,0,19.6,,53,,0,0
03/20/2026 06:48:44,,81442326017,8144,2,Indoor 03,,,true,false,68,19,19,20,,,20,20,,,67,76,76,76,76,0.44,0,1557,,,0,,,,,29.92,,0,,,,,,,,,,,,,,,,,0.184,,,0,19.6,,53,,0,0
03/20/2026 07:03:44,,81442326017,8144,2,Indoor 03,,,true,false,68,19,19,20,,,20,20,,,66,74,75,75,75,0.43,0,1542,,,0,,,,,29.92,,0,,,,,,,,,,,,,,,,,0.170,,,0,19.5,,53,,0,0
03/20/2026 07:18:44,,81442326017,8144,2,Indoor 03,,,true,false,66,18,18,19,,,19,19,,,65,73,73,73,73,0.44,0,1564,,,0,,,,,29.91,,0,,,,,,,,,,,,,,,,,0.164,,,0,19.5,,53,,0,0
03/20/2026 07:33:44,,81442326017,8144,2,Indoor 03,,,true,false,63,17,17,18,,,18,18,,,62,69,69,69,69,0.44,0,1615,,,0,,,,,29.91,,0,,,,,,,,,,,,,,,,,0.193,,,0,19.5,,53,,0,0
03/20/2026 07:48:44,,81442326017,8144,2,Indoor 03,,,true,false,61,16,16,17,,,17,17,,,57,64,64,64,64,0.43,0,1582,,,0,,,,,29.90,,0,,,,,,,,,,,,,,,,,0.203,,,0,19.5,,53,,0,0
03/20/2026 08:03:44,,81442326017,8144,2,Indoor 03,,,true,false,61,16,16,17,,,17,17,,,56,63,63,63,63,0.43,0,1555,,,0,,,,,29.90,,0,,,,,,,,,,,,,,,,,0.229,,,0,19.5,,53,,0,0
03/20/2026 08:18:44,,81442326017,8144,2,Indoor 03,,,true,false,61,16,16,17,,,17,17,,,55,62,62,62,62,0.43,0,1540,,,0,,,,,29.90,,0,,,,,,,,,,,,,,,,,0.193,,,0,19.4,,53,,0,0
03/20/2026 08:33:44,,81442326017,8144,2,Indoor 03,,,true,false,57,14,14,15,,,15,15,,,50,56,56,56,56,0.42,0,1539,,,0,,,,,29.90,,0,,,,,,,,,,,,,,,,,0.181,,,0,19.5,,53,,0,0
03/20/2026 08:48:44,,81442326017,8144,2,Indoor 03,,,true,false,55,13,14,14,,,14,14,,,48,54,54,54,54,0.42,0,1512,,,0,,,,,29.89,,0,,,,,,,,,,,,,,,,,0.187,,,0,19.5,,53,,0,0
03/20/2026 09:03:44,,81442326017,8144,2,Indoor 03,,,true,false,57,14,14,15,,,15,15,,,49,55,55,55,55,0.42,0,1512,,,0,,,,,29.90,,0,,,,,,,,,,,,,,,,,0.194,,,0,19.4,,53,,0,0
03/20/2026 09:18:44,,81442326017,8144,2,Indoor 03,,,true,false,55,13,13,14,,,14,14,,,48,53,53,53,53,0.43,0,1513,,,0,,,,,29.90,,0,,,,,,,,,,,,,,,,,0.197,,,0,19.4,,53,,0,0
03/20/2026 09:33:44,,81442326017,8144,2,Indoor 03,,,true,false,53,12,13,13,,,13,13,,,45,50,50,50,50,0.41,0,1511,,,0,,,,,29.90,,0,,,,,,,,,,,,,,,,,0.179,,,0,19.5,,53,,0,0
03/20/2026 09:48:44,,81442326017,8144,2,Indoor 03,,,true,false,53,12,12,13,,,13,13,,,43,48,48,48,48,0.42,0,1470,,,0,,,,,29.90,,0,,,,,,,,,,,,,,,,,0.162,,,0,19.5,,53,,0,0
03/20/2026 10:03:44,,81442326017,8144,2,Indoor 03,,,true,false,50,11,12,12,,,12,12,,,41,46,46,46,46,0.43,0,1458,,,0,,,,,29.90,,0,,,,,,,,,,,,,,,,,0.150,,,0,19.4,,53,,0,0
03/20/2026 10:18:44,,81442326017,8144,2,Indoor 03,,,true,false,50,11,12,12,,,12,12,,,42,47,47,47,47,0.42,0,1465,,,0,,,,,29.90,,0,,,,,,,,,,,,,,,,,0.143,,,0,19.4,,53,,0,0
03/20/2026 10:33:44,,81442326017,8144,2,Indoor 03,,,true,false,46,10,11,11,,,11,11,,,38,43,43,43,43,0.41,0,1423,,,0,,,,,29.90,,0,,,,,,,,,,,,,,,,,0.140,,,0,19.5,,53,,0,0
03/20/2026 10:48:44,,81442326017,8144,2,Indoor 03,,,true,false,46,10,11,11,,,11,11,,,38,42,42,42,42,0.42,0,1420,,,0,,,,,29.90,,0,,,,,,,,,,,,,,,,,0.138,,,0,19.4,,53,,0,0
03/20/2026 11:03:44,,81442326017,8144,2,Indoor 03,,,true,false,46,10,10,11,,,11,11,,,37,42,42,42,42,0.42,0,1423,,,0,,,,,29.91,,0,,,,,,,,,,,,,,,,,0.144,,,0,19.4,,53,,0,0
03/20/2026 11:18:44,,81442326017,8144,2,Indoor 03,,,true,false,46,10,10,11,,,11,11,,,35,40,40,40,40,0.41,0,1433,,,0,,,,,29.91,,0,,,,,,,,,,,,,,,,,0.133,,,0,19.4,,53,,0,0
03/20/2026 11:33:44,,81442326017,8144,2,Indoor 03,,,true,false,42,9,10,10,,,10,10,,,34,38,38,38,38,0.42,0,1408,,,0,,,,,29.91,,0,,,,,,,,,,,,,,,,,0.123,,,0,19.5,,53,,0,0
03/20/2026 11:48:44,,81442326017,8144,2,Indoor 03,,,true,false,46,10,10,11,,,11,11,,,36,41,41,41,41,0.41,0,1407,,,0,,,,,29.91,,0,,,,,,,,,,,,,,,,,0.116,,,0,19.4,,53,,0,0
03/20/2026 12:03:44,,81442326017,8144,2,Indoor 03,,,true,false,46,10,10,11,,,11,11,,,36,40,40,40,40,0.42,0,1411,,,0,,,,,29.91,,0,,,,,,,,,,,,,,,,,0.109,,,0,19.4,,53,,0,0
03/20/2026 12:18:44,,81442326017,8144,2,Indoor 03,,,true,false,42,9,9,10,,,10,10,,,33,37,37,37,37,0.43,0,1398,,,0,,,,,29.91,,0,,,,,,,,,,,,,,,,,0.107,,,0,19.4,,53,,0,0
03/20/2026 12:33:44,,81442326017,8144,2,Indoor 03,,,true,false,42,9,9,10,,,10,10,,,34,38,38,38,38,0.42,0,1387,,,0,,,,,29.91,,0,,,,,,,,,,,,,,,,,0.110,,,0,19.4,,53,,0,0
03/20/2026 12:48:44,,81442326017,8144,2,Indoor 03,,,true,false,42,9,10,10,,,10,10,,,34,38,39,39,39,0.41,0,1387,,,0,,,,,29.91,,0,,,,,,,,,,,,,,,,,0.127,,,0,19.4,,53,,0,0
03/20/2026 13:03:44,,81442326017,8144,2,Indoor 03,,,true,false,42,9,9,10,,,10,10,,,34,38,38,38,38,0.41,0,1402,,,0,,,,,29.91,,0,,,,,,,,,,,,,,,,,0.136,,,0,19.4,,53,,0,0
03/20/2026 13:18:44,,81442326017,8144,2,Indoor 03,,,true,false,38,8,9,9,,,9,9,,,31,35,35,35,35,0.42,0,1386,,,0,,,,,29.91,,0,,,,,,,,,,,,,,,,,0.134,,,0,19.5,,53,,0,0
03/20/2026 13:33:44,,81442326017,8144,2,Indoor 03,,,true,false,38,8,9,9,,,9,9,,,31,35,35,35,35,0.41,0,1401,,,0,,,,,29.91,,0,,,,,,,,,,,,,,,,,0.145,,,0,19.4,,53,,0,0
03/20/2026 13:48:44,,81442326017,8144,2,Indoor 03,,,true,false,38,8,8,9,,,9,9,,,30,34,34,34,34,0.41,0,1407,,,0,,,,,29.91,,0,,,,,,,,,,,,,,,,,0.144,,,0,19.4,,53,,0,0
03/20/2026 14:03:44,,81442326017,8144,2,Indoor 03,,,true,false,33,7,8,8,,,8,8,,,28,32,32,32,32,0.42,0,1400,,,0,,,,,29.91,,0,,,,,,,,,,,,,,,,,0.134,,,0,19.4,,53,,0,0
03/20/2026 14:18:44,,81442326017,8144,2,Indoor 03,,,true,false,33,7,8,8,,,8,8,,,27,30,30,30,30,0.40,0,1398,,,0,,,,,29.91,,0,,,,,,,,,,,,,,,,,0.155,,,0,19.5,,53,,0,0
03/20/2026 14:33:44,,81442326017,8144,2,Indoor 03,,,true,false,33,7,8,8,,,8,8,,,28,31,31,31,31,0.41,0,1420,,,0,,,,,29.91,,0,,,,,,,,,,,,,,,,,0.186,,,0,19.4,,54,,0,0
03/20/2026 14:48:44,,81442326017,8144,2,Indoor 03,,,true,false,33,7,7,8,,,8,8,,,26,30,30,30,30,0.42,0,1431,,,0,,,,,29.90,,0,,,,,,,,,,,,,,,,,0.181,,,0,19.4,,54,,0,0
03/20/2026 15:03:44,,81442326017,8144,2,Indoor 03,,,true,false,33,7,8,8,,,8,8,,,28,31,32,32,32,0.41,0,1419,,,0,,,,,29.89,,0,,,,,,,,,,,,,,,,,0.167,,,0,19.4,,54,,0,0
03/20/2026 15:18:44,,81442326017,8144,2,Indoor 03,,,true,false,29,6,7,7,,,7,7,,,25,28,28,28,28,0.42,0,1408,,,0,,,,,29.89,,0,,,,,,,,,,,,,,,,,0.157,,,0,19.5,,54,,0,0
03/20/2026 15:33:44,,81442326017,8144,2,Indoor 03,,,true,false,29,6,7,7,,,7,7,,,24,27,27,27,27,0.42,0,1421,,,0,,,,,29.88,,0,,,,,,,,,,,,,,,,,0.165,,,0,19.5,,54,,0,0
03/20/2026 15:48:44,,81442326017,8144,2,Indoor 03,,,true,false,29,6,7,7,,,7,7,,,24,26,26,26,26,0.42,0,1431,,,0,,,,,29.88,,0,,,,,,,,,,,,,,,,,0.171,,,0,19.4,,54,,0,0
03/20/2026 16:03:44,,81442326017,8144,2,Indoor 03,,,true,false,29,6,7,7,,,7,7,,,24,27,27,27,27,0.41,0,1453,,,0,,,,,29.87,,0,,,,,,,,,,,,,,,,,0.610,,,0,19.4,,54,,0,0
03/20/2026 16:18:44,,81442326017,8144,2,Indoor 03,,,true,false,25,6,6,6,,,6,6,,,22,24,24,24,24,0.41,0,1442,,,0,,,,,29.87,,0,,,,,,,,,,,,,,,,,0.557,,,0,19.5,,54,,0,0
03/20/2026 16:33:44,,81442326017,8144,2,Indoor 03,,,true,false,25,6,6,6,,,6,6,,,21,24,24,24,24,0.40,0,1442,,,0,,,,,29.86,,0,,,,,,,,,,,,,,,,,0.497,,,0,19.5,,54,,0,0
03/20/2026 16:48:44,,81442326017,8144,2,Indoor 03,,,true,false,25,6,6,6,,,6,6,,,20,23,23,23,23,0.40,0,1489,,,0,,,,,29.85,,0,,,,,,,,,,,,,,,,,0.649,,,0,19.5,,54,,0,0
03/20/2026 17:03:44,,81442326017,8144,2,Indoor 03,,,true,false,25,6,6,6,,,6,6,,,20,22,22,22,22,0.42,0,1511,,,0,,,,,29.84,,0,,,,,,,,,,,,,,,,,0.649,,,0,19.5,,54,,0,0
03/20/2026 17:18:44,,81442326017,8144,2,Indoor 03,,,true,false,25,6,6,6,,,6,6,,,20,23,23,23,23,0.42,0,1536,,,0,,,,,29.83,,0,,,,,,,,,,,,,,,,,0.720,,,0,19.4,,54,,0,0
03/20/2026 17:33:44,,81442326017,8144,2,Indoor 03,,,true,false,25,6,6,6,,,6,6,,,20,22,23,23,23,0.41,0,1556,,,0,,,,,29.83,,0,,,,,,,,,,,,,,,,,0.694,,,0,19.4,,54,,0,0
03/20/2026 17:48:44,,81442326017,8144,2,Indoor 03,,,true,false,25,6,6,6,,,6,6,,,20,22,22,22,22,0.39,0,1537,,,0,,,,,29.82,,0,,,,,,,,,,,,,,,,,0.616,,,0,19.5,,54,,0,0
03/20/2026 18:03:44,,81442326017,8144,2,Indoor 03,,,true,false,21,5,5,5,,,5,5,,,18,20,20,20,20,0.40,0,1491,,,0,,,,,29.81,,0,,,,,,,,,,,,,,,,,0.558,,,0,19.5,,54,,0,0
03/20/2026 18:18:44,,81442326017,8144,2,Indoor 03,,,true,false,25,6,5,6,,,6,6,,,19,21,21,21,21,0.42,0,1621,,,0,,,,,29.80,,0,,,,,,,,,,,,,,,,,0.565,,,0,19.5,,55,,0,0
03/20/2026 18:33:44,,81442326017,8144,2,Indoor 03,,,true,false,25,6,5,6,,,6,6,,,19,22,22,22,22,0.40,0,1561,,,0,,,,,29.79,,0,,,,,,,,,,,,,,,,,0.748,,,0,19.5,,55,,0,0
03/20/2026 18:48:44,,81442326017,8144,2,Indoor 03,,,true,false,25,6,6,6,,,6,6,,,20,23,23,23,23,0.41,0,1594,,,0,,,,,29.78,,0,,,,,,,,,,,,,,,,,0.734,,,0,19.6,,55,,0,0
03/20/2026 19:03:44,,81442326017,8144,2,Indoor 03,,,true,false,25,6,5,6,,,6,6,,,19,21,21,21,21,0.41,0,1600,,,0,,,,,29.77,,0,,,,,,,,,,,,,,,,,0.703,,,0,19.6,,55,,0,0
03/20/2026 19:18:44,,81442326017,8144,2,Indoor 03,,,true,false,25,6,5,6,,,6,6,,,19,22,22,22,22,0.40,0,1632,,,0,,,,,29.75,,0,,,,,,,,,,,,,,,,,0.688,,,0,19.6,,55,,0,0
03/20/2026 19:33:44,,81442326017,8144,2,Indoor 03,,,true,false,21,5,5,5,,,5,5,,,18,20,20,20,20,0.41,0,1628,,,0,,,,,29.75,,0,,,,,,,,,,,,,,,,,0.670,,,0,19.6,,55,,0,0
03/20/2026 19:48:44,,81442326017,8144,2,Indoor 03,,,true,false,25,6,5,6,,,6,6,,,18,21,21,21,21,0.40,0,1651,,,0,,,,,29.74,,0,,,,,,,,,,,,,,,,,0.655,,,0,19.7,,55,,0,0
03/20/2026 20:03:44,,81442326017,8144,2,Indoor 03,,,true,false,21,5,5,5,,,5,5,,,17,20,20,20,20,0.41,0,1663,,,0,,,,,29.73,,0,,,,,,,,,,,,,,,,,0.651,,,0,19.8,,55,,0,0
03/20/2026 20:18:44,,81442326017,8144,2,Indoor 03,,,true,false,21,5,5,5,,,5,5,,,17,19,19,19,19,0.41,0,1669,,,0,,,,,29.72,,0,,,,,,,,,,,,,,,,,0.692,,,0,19.7,,55,,0,0
03/20/2026 20:33:44,,81442326017,8144,2,Indoor 03,,,true,false,21,5,5,5,,,5,5,,,17,19,19,19,19,0.40,0,1677,,,0,,,,,29.71,,0,,,,,,,,,,,,,,,,,0.698,,,0,19.7,,55,,0,0
03/20/2026 20:48:44,,81442326017,8144,2,Indoor 03,,,true,false,21,5,5,5,,,5,5,,,17,19,19,19,19,0.40,0,1689,,,0,,,,,29.70,,0,,,,,,,,,,,,,,,,,0.685,,,0,19.6,,55,,0,0
03/20/2026 21:03:44,,81442326017,8144,2,Indoor 03,,,true,false,21,5,5,5,,,5,5,,,17,19,19,19,19,0.41,0,1733,,,0,,,,,29.70,,0,,,,,,,,,,,,,,,,,0.676,,,0,19.6,,55,,0,0
03/20/2026 21:18:44,,81442326017,8144,2,Indoor 03,,,true,false,21,5,5,5,,,5,5,,,17,19,19,19,19,0.41,0,1708,,,0,,,,,29.70,,0,,,,,,,,,,,,,,,,,0.649,,,0,19.6,,55,,0,0
03/20/2026 21:33:44,,81442326017,8144,2,Indoor 03,,,true,false,21,5,4,5,,,5,5,,,16,18,18,18,18,0.40,0,1717,,,0,,,,,29.69,,0,,,,,,,,,,,,,,,,,0.630,,,0,19.6,,55,,0,0
03/20/2026 21:48:44,,81442326017,8144,2,Indoor 03,,,true,false,21,5,4,5,,,5,5,,,15,17,17,17,17,0.41,0,1718,,,0,,,,,29.69,,0,,,,,,,,,,,,,,,,,0.599,,,0,19.6,,55,,0,0
03/20/2026 22:03:44,,81442326017,8144,2,Indoor 03,,,true,false,17,4,4,4,,,4,4,,,15,17,17,17,17,0.41,0,1732,,,0,,,,,29.69,,0,,,,,,,,,,,,,,,,,0.565,,,0,19.6,,55,,0,0
03/20/2026 22:18:44,,81442326017,8144,2,Indoor 03,,,true,false,17,4,4,4,,,4,4,,,15,17,17,17,17,0.41,0,1752,,,0,,,,,29.69,,0,,,,,,,,,,,,,,,,,0.533,,,0,19.6,,55,,0,0
03/20/2026 22:33:44,,81442326017,8144,2,Indoor 03,,,true,false,17,4,4,4,,,4,4,,,14,16,16,16,16,0.40,0,1770,,,0,,,,,29.68,,0,,,,,,,,,,,,,,,,,0.508,,,0,19.6,,55,,0,0
03/20/2026 22:48:44,,81442326017,8144,2,Indoor 03,,,true,false,17,4,4,4,,,4,4,,,14,16,16,16,16,0.41,0,1788,,,0,,,,,29.68,,0,,,,,,,,,,,,,,,,,0.500,,,0,19.6,,56,,0,0
03/20/2026 23:03:44,,81442326017,8144,2,Indoor 03,,,true,false,17,4,4,4,,,4,4,,,15,17,17,17,17,0.40,0,1806,,,0,,,,,29.69,,0,,,,,,,,,,,,,,,,,0.471,,,0,19.6,,56,,0,0
03/20/2026 23:18:44,,81442326017,8144,2,Indoor 03,,,true,false,17,4,4,4,,,4,4,,,15,17,17,17,17,0.41,0,1895,,,0,,,,,29.69,,0,,,,,,,,,,,,,,,,,0.455,,,0,19.7,,56,,0,0
03/20/2026 23:33:44,,81442326017,8144,2,Indoor 03,,,true,false,17,4,4,4,,,4,4,,,15,16,16,16,16,0.41,0,1874,,,0,,,,,29.68,,0,,,,,,,,,,,,,,,,,0.445,,,0,19.7,,56,,0,0
03/20/2026 23:48:44,,81442326017,8144,2,Indoor 03,,,true,false,17,4,4,4,,,4,4,,,15,17,17,17,17,0.43,0,1868,,,0,,,,,29.68,,0,,,,,,,,,,,,,,,,,0.437,,,0,19.7,,56,,0,0
03/21/2026 00:03:44,,81442326017,8144,2,Indoor 03,,,true,false,21,5,4,5,,,5,5,,,15,17,17,17,17,0.40,0,1905,,,0,,,,,29.68,,0,,,,,,,,,,,,,,,,,0.513,,,0,21.0,,54,,0,0
03/21/2026 00:18:44,,81442326017,8144,2,Indoor 03,,,true,false,21,5,5,5,,,5,5,,,16,18,18,18,18,0.41,0,1870,,,0,,,,,29.68,,0,,,,,,,,,,,,,,,,,0.512,,,0,21.8,,52,,0,0
03/21/2026 00:33:44,,81442326017,8144,2,Indoor 03,,,true,false,21,5,5,5,,,5,5,,,17,19,19,19,19,0.41,0,1832,,,0,,,,,29.69,,0,,,,,,,,,,,,,,,,,0.488,,,0,22.0,,51,,0,0
03/21/2026 00:48:44,,81442326017,8144,2,Indoor 03,,,true,false,21,5,5,5,,,5,5,,,16,18,19,19,19,0.41,0,1798,,,0,,,,,29.69,,0,,,,,,,,,,,,,,,,,0.441,,,0,22.0,,50,,0,0
03/21/2026 01:03:44,,81442326017,8144,2,Indoor 03,,,true,false,21,5,5,5,,,5,5,,,16,18,18,18,18,0.40,0,1749,,,0,,,,,29.69,,0,,,,,,,,,,,,,,,,,0.388,,,0,22.1,,50,,0,0
03/21/2026 01:18:44,,81442326017,8144,2,Indoor 03,,,true,false,21,5,5,5,,,5,5,,,17,19,19,19,19,0.41,0,1703,,,0,,,,,29.69,,0,,,,,,,,,,,,,,,,,0.337,,,0,22.1,,50,,0,0
03/21/2026 01:33:44,,81442326017,8144,2,Indoor 03,,,true,false,21,5,5,5,,,5,5,,,17,19,19,19,19,0.40,0,1655,,,0,,,,,29.68,,0,,,,,,,,,,,,,,,,,0.279,,,0,22.1,,50,,0,0
03/21/2026 01:48:44,,81442326017,8144,2,Indoor 03,,,true,false,25,6,5,6,,,6,6,,,18,20,20,20,20,0.41,0,1625,,,0,,,,,29.68,,0,,,,,,,,,,,,,,,,,0.237,,,0,22.0,,50,,0,0
03/21/2026 02:03:44,,81442326017,8144,2,Indoor 03,,,true,false,55,13,13,14,,,14,14,,,46,52,52,52,52,0.43,0,1611,,,0,,,,,29.68,,0,,,,,,,,,,,,,,,,,0.213,,,0,22.1,,50,,0,0
03/21/2026 02:18:44,,81442326017,8144,2,Indoor 03,,,true,false,53,12,12,13,,,13,13,,,43,48,48,48,48,0.43,0,1587,,,0,,,,,29.68,,0,,,,,,,,,,,,,,,,,0.186,,,0,22.1,,50,,0,0
03/21/2026 02:33:44,,81442326017,8144,2,Indoor 03,,,true,false,38,8,8,9,,,9,9,,,28,31,31,31,31,0.43,0,1552,,,0,,,,,29.68,,0,,,,,,,,,,,,,,,,,0.165,,,0,22.2,,49,,0,0
03/21/2026 02:48:44,,81442326017,8144,2,Indoor 03,,,true,false,55,13,13,14,,,14,14,,,43,49,49,49,49,0.45,0,1518,,,0,,,,,29.67,,0,,,,,,,,,,,,,,,,,0.143,,,0,22.4,,49,,0,0
03/21/2026 03:03:44,,81442326017,8144,2,Indoor 03,,,true,false,29,6,7,7,,,7,7,,,24,27,27,27,27,0.40,0,1501,,,0,,,,,29.67,,0,,,,,,,,,,,,,,,,,0.124,,,0,22.5,,49,,0,0
03/21/2026 03:18:44,,81442326017,8144,2,Indoor 03,,,true,false,29,6,6,7,,,7,7,,,22,24,24,24,24,0.40,0,1474,,,0,,,,,29.67,,0,,,,,,,,,,,,,,,,,0.109,,,0,22.6,,48,,0,0
03/21/2026 03:33:44,,81442326017,8144,2,Indoor 03,,,true,false,38,8,9,9,,,9,9,,,30,34,34,34,34,0.41,0,1481,,,0,,,,,29.66,,0,,,,,,,,,,,,,,,,,0.096,,,0,22.6,,48,,0,0
03/21/2026 03:48:44,,81442326017,8144,2,Indoor 03,,,true,false,29,6,6,7,,,7,7,,,22,25,25,25,25,0.39,0,1456,,,0,,,,,29.65,,0,,,,,,,,,,,,,,,,,0.085,,,0,22.6,,48,,0,0
03/21/2026 04:03:44,,81442326017,8144,2,Indoor 03,,,true,false,33,7,7,8,,,8,8,,,25,28,28,28,28,0.40,0,1442,,,0,,,,,29.65,,0,,,,,,,,,,,,,,,,,0.076,,,0,22.6,,48,,0,0
03/21/2026 04:18:44,,81442326017,8144,2,Indoor 03,,,true,false,38,8,9,9,,,9,9,,,29,33,33,33,33,0.41,0,1414,,,0,,,,,29.65,,0,,,,,,,,,,,,,,,,,0.070,,,0,22.6,,48,,0,0
03/21/2026 04:33:44,,81442326017,8144,2,Indoor 03,,,true,false,29,6,7,7,,,7,7,,,24,27,27,27,27,0.39,0,1384,,,0,,,,,29.64,,0,,,,,,,,,,,,,,,,,0.063,,,0,22.6,,48,,0,0
03/21/2026 04:48:44,,81442326017,8144,2,Indoor 03,,,true,false,29,6,7,7,,,7,7,,,24,27,27,27,27,0.40,0,1379,,,0,,,,,29.64,,0,,,,,,,,,,,,,,,,,0.056,,,0,22.6,,48,,0,0
03/21/2026 05:03:44,,81442326017,8144,2,Indoor 03,,,true,false,29,6,7,7,,,7,7,,,24,27,27,27,27,0.40,0,1363,,,0,,,,,29.64,,0,,,,,,,,,,,,,,,,,0.051,,,0,22.6,,48,,0,0
03/21/2026 05:18:44,,81442326017,8144,2,Indoor 03,,,true,false,42,9,10,10,,,10,10,,,33,37,37,37,37,0.41,0,1362,,,0,,,,,29.63,,0,,,,,,,,,,,,,,,,,0.049,,,0,22.6,,48,,0,0
03/21/2026 05:33:44,,81442326017,8144,2,Indoor 03,,,true,false,33,7,7,8,,,8,8,,,25,28,28,28,28,0.39,0,1374,,,0,,,,,29.63,,0,,,,,,,,,,,,,,,,,0.049,,,0,22.6,,48,,0,0
03/21/2026 05:48:44,,81442326017,8144,2,Indoor 03,,,true,false,46,10,10,11,,,11,11,,,34,39,39,39,39,0.41,0,1361,,,0,,,,,29.62,,0,,,,,,,,,,,,,,,,,0.048,,,0,22.7,,48,,0,0
03/21/2026 06:03:44,,81442326017,8144,2,Indoor 03,,,true,false,46,10,11,11,,,11,11,,,36,41,41,41,41,0.45,0,1319,,,0,,,,,29.62,,0,,,,,,,,,,,,,,,,,0.049,,,0,22.7,,48,,0,0
03/21/2026 06:18:44,,81442326017,8144,2,Indoor 03,,,true,false,55,13,13,14,,,14,14,,,46,52,52,52,52,0.42,0,1326,,,0,,,,,29.61,,0,,,,,,,,,,,,,,,,,0.056,,,0,22.7,,48,,0,0
03/21/2026 06:33:44,,81442326017,8144,2,Indoor 03,,,true,false,38,8,8,9,,,9,9,,,29,33,33,33,33,0.42,0,1302,,,0,,,,,29.61,,0,,,,,,,,,,,,,,,,,0.059,,,0,22.6,,48,,0,0
03/21/2026 06:48:44,,81442326017,8144,2,Indoor 03,,,true,false,38,8,8,9,,,9,9,,,29,33,33,33,33,0.41,0,1293,,,0,,,,,29.61,,0,,,,,,,,,,,,,,,,,0.065,,,0,22.6,,48,,0,0
03/21/2026 07:03:44,,81442326017,8144,2,Indoor 03,,,true,false,38,8,8,9,,,9,9,,,28,32,32,32,32,0.42,0,1288,,,0,,,,,29.61,,0,,,,,,,,,,,,,,,,,0.063,,,0,22.6,,48,,0,0
03/21/2026 07:18:44,,81442326017,8144,2,Indoor 03,,,true,false,38,8,9,9,,,9,9,,,29,33,33,33,33,0.41,0,1292,,,0,,,,,29.60,,0,,,,,,,,,,,,,,,,,0.065,,,0,22.6,,48,,0,0
03/21/2026 07:33:44,,81442326017,8144,2,Indoor 03,,,true,false,33,7,8,8,,,8,8,,,27,30,30,30,30,0.40,0,1282,,,0,,,,,29.59,,0,,,,,,,,,,,,,,,,,0.064,,,0,22.7,,48,,0,0
03/21/2026 07:48:44,,81442326017,8144,2,Indoor 03,,,true,false,33,7,7,8,,,8,8,,,25,28,28,28,28,0.40,0,1267,,,0,,,,,29.59,,0,,,,,,,,,,,,,,,,,0.067,,,0,22.7,,47,,0,0
03/21/2026 08:03:44,,81442326017,8144,2,Indoor 03,,,true,false,38,8,8,9,,,9,9,,,29,32,32,32,32,0.39,0,1269,,,0,,,,,29.58,,0,,,,,,,,,,,,,,,,,0.070,,,0,22.7,,47,,0,0
03/21/2026 08:18:44,,81442326017,8144,2,Indoor 03,,,true,false,33,7,7,8,,,8,8,,,24,27,28,28,28,0.40,0,1293,,,0,,,,,29.58,,0,,,,,,,,,,,,,,,,,0.077,,,0,22.7,,47,,0,0
03/21/2026 08:33:44,,81442326017,8144,2,Indoor 03,,,true,false,38,8,8,9,,,9,9,,,29,32,32,32,32,0.40,0,1295,,,0,,,,,29.58,,0,,,,,,,,,,,,,,,,,0.080,,,0,22.7,,47,,0,0
03/21/2026 08:48:44,,81442326017,8144,2,Indoor 03,,,true,false,33,7,8,8,,,8,8,,,27,30,30,30,30,0.39,0,1271,,,0,,,,,29.58,,0,,,,,,,,,,,,,,,,,0.079,,,0,22.7,,47,,0,0
03/21/2026 09:03:44,,81442326017,8144,2,Indoor 03,,,true,false,38,8,8,9,,,9,9,,,29,33,33,33,33,0.39,0,1266,,,0,,,,,29.58,,0,,,,,,,,,,,,,,,,,0.080,,,0,22.6,,47,,0,0
03/21/2026 09:18:44,,81442326017,8144,2,Indoor 03,,,true,false,38,8,8,9,,,9,9,,,29,32,32,32,32,0.39,0,1267,,,0,,,,,29.59,,0,,,,,,,,,,,,,,,,,0.085,,,0,22.6,,47,,0,0
03/21/2026 09:33:44,,81442326017,8144,2,Indoor 03,,,true,false,38,8,8,9,,,9,9,,,29,33,33,33,33,0.38,0,1269,,,0,,,,,29.59,,0,,,,,,,,,,,,,,,,,0.095,,,0,22.6,,47,,0,0
03/21/2026 09:48:44,,81442326017,8144,2,Indoor 03,,,true,false,38,8,9,9,,,9,9,,,31,35,35,35,35,0.38,0,1281,,,0,,,,,29.59,,0,,,,,,,,,,,,,,,,,0.099,,,0,22.6,,47,,0,0
03/21/2026 10:03:44,,81442326017,8144,2,Indoor 03,,,true,false,38,8,9,9,,,9,9,,,30,34,34,34,34,0.39,0,1257,,,0,,,,,29.59,,0,,,,,,,,,,,,,,,,,0.102,,,0,22.6,,47,,0,0
03/21/2026 10:18:44,,81442326017,8144,2,Indoor 03,,,true,false,38,8,8,9,,,9,9,,,29,33,33,33,33,0.38,0,1246,,,0,,,,,29.59,,0,,,,,,,,,,,,,,,,,0.103,,,0,22.5,,47,,0,0
03/21/2026 10:33:44,,81442326017,8144,2,Indoor 03,,,true,false,29,6,7,7,,,7,7,,,24,27,27,27,27,0.40,0,1212,,,0,,,,,29.59,,0,,,,,,,,,,,,,,,,,0.110,,,0,22.7,,47,,0,0
03/21/2026 10:48:44,,81442326017,8144,2,Indoor 03,,,true,false,33,7,7,8,,,8,8,,,25,28,28,28,28,0.40,0,1237,,,0,,,,,29.60,,0,,,,,,,,,,,,,,,,,0.119,,,0,22.6,,47,,0,0
03/21/2026 11:03:44,,81442326017,8144,2,Indoor 03,,,true,false,33,7,7,8,,,8,8,,,25,28,28,28,28,0.40,0,1276,,,0,,,,,29.60,,0,,,,,,,,,,,,,,,,,0.134,,,0,22.4,,48,,0,0
03/21/2026 11:18:44,,81442326017,8144,2,Indoor 03,,,true,false,33,7,7,8,,,8,8,,,25,28,28,28,28,0.38,0,1283,,,0,,,,,29.61,,0,,,,,,,,,,,,,,,,,0.143,,,0,22.3,,48,,0,0
03/21/2026 11:33:44,,81442326017,8144,2,Indoor 03,,,true,false,29,6,6,7,,,7,7,,,22,25,25,25,25,0.39,0,1253,,,0,,,,,29.61,,0,,,,,,,,,,,,,,,,,0.143,,,0,22.5,,48,,0,0
03/21/2026 11:48:44,,81442326017,8144,2,Indoor 03,,,true,false,29,6,6,7,,,7,7,,,22,25,25,25,25,0.38,0,1273,,,0,,,,,29.61,,0,,,,,,,,,,,,,,,,,0.172,,,0,22.5,,48,,0,0
03/21/2026 12:03:44,,81442326017,8144,2,Indoor 03,,,true,false,25,6,6,6,,,6,6,,,21,23,23,23,23,0.39,0,1293,,,0,,,,,29.62,,0,,,,,,,,,,,,,,,,,0.197,,,0,22.4,,48,,0,0
03/21/2026 12:18:44,,81442326017,8144,2,Indoor 03,,,true,false,29,6,7,7,,,7,7,,,23,26,26,26,26,0.39,0,1306,,,0,,,,,29.62,,0,,,,,,,,,,,,,,,,,0.221,,,0,22.3,,48,,0,0
03/21/2026 12:33:44,,81442326017,8144,2,Indoor 03,,,true,false,29,6,6,7,,,7,7,,,22,25,25,25,25,0.39,0,1318,,,0,,,,,29.62,,0,,,,,,,,,,,,,,,,,0.233,,,0,22.2,,48,,0,0
03/21/2026 12:48:44,,81442326017,8144,2,Indoor 03,,,true,false,29,6,6,7,,,7,7,,,21,24,24,24,24,0.38,0,1315,,,0,,,,,29.62,,0,,,,,,,,,,,,,,,,,0.211,,,0,22.2,,48,,0,0
03/21/2026 13:03:44,,81442326017,8144,2,Indoor 03,,,true,false,25,6,6,6,,,6,6,,,21,23,23,23,23,0.39,0,1308,,,0,,,,,29.62,,0,,,,,,,,,,,,,,,,,0.216,,,0,22.4,,48,,0,0
03/21/2026 13:18:44,,81442326017,8144,2,Indoor 03,,,true,false,25,6,6,6,,,6,6,,,20,23,23,23,23,0.39,0,1330,,,0,,,,,29.62,,0,,,,,,,,,,,,,,,,,0.246,,,0,22.3,,48,,0,0
03/21/2026 13:33:44,,81442326017,8144,2,Indoor 03,,,true,false,25,6,6,6,,,6,6,,,19,22,22,22,22,0.40,0,1361,,,0,,,,,29.63,,0,,,,,,,,,,,,,,,,,0.270,,,0,22.3,,48,,0,0
03/21/2026 13:48:44,,81442326017,8144,2,Indoor 03,,,true,false,25,6,6,6,,,6,6,,,20,22,22,22,22,0.39,0,1388,,,0,,,,,29.63,,0,,,,,,,,,,,,,,,,,0.296,,,0,22.2,,48,,0,0
03/21/2026 14:03:44,,81442326017,8144,2,Indoor 03,,,true,false,25,6,6,6,,,6,6,,,20,22,22,22,22,0.39,0,1407,,,0,,,,,29.63,,0,,,,,,,,,,,,,,,,,0.309,,,0,22.2,,48,,0,0
03/21/2026 14:18:44,,81442326017,8144,2,Indoor 03,,,true,false,25,6,6,6,,,6,6,,,20,23,23,23,23,0.38,0,1417,,,0,,,,,29.63,,0,,,,,,,,,,,,,,,,,0.313,,,0,22.1,,48,,0,0
03/21/2026 14:33:44,,81442326017,8144,2,Indoor 03,,,true,false,25,6,5,6,,,6,6,,,19,21,21,21,21,0.39,0,1402,,,0,,,,,29.64,,0,,,,,,,,,,,,,,,,,0.284,,,0,22.3,,48,,0,0
03/21/2026 14:48:44,,81442326017,8144,2,Indoor 03,,,true,false,21,5,5,5,,,5,5,,,18,20,20,20,20,0.39,0,1413,,,0,,,,,29.64,,0,,,,,,,,,,,,,,,,,0.312,,,0,22.4,,48,,0,0
03/21/2026 15:03:44,,81442326017,8144,2,Indoor 03,,,true,false,21,5,5,5,,,5,5,,,17,19,19,19,19,0.39,0,1440,,,0,,,,,29.64,,0,,,,,,,,,,,,,,,,,0.365,,,0,22.3,,49,,0,0
03/21/2026 15:18:44,,81442326017,8144,2,Indoor 03,,,true,false,21,5,5,5,,,5,5,,,18,20,20,20,20,0.39,0,1461,,,0,,,,,29.64,,0,,,,,,,,,,,,,,,,,0.419,,,0,22.3,,49,,0,0
03/21/2026 15:33:44,,81442326017,8144,2,Indoor 03,,,true,false,21,5,5,5,,,5,5,,,18,20,20,20,20,0.39,0,1481,,,0,,,,,29.63,,0,,,,,,,,,,,,,,,,,0.416,,,0,22.2,,49,,0,0
03/21/2026 15:48:44,,81442326017,8144,2,Indoor 03,,,true,false,21,5,5,5,,,5,5,,,17,19,19,19,19,0.39,0,1500,,,0,,,,,29.63,,0,,,,,,,,,,,,,,,,,0.420,,,0,22.2,,49,,0,0
03/21/2026 16:03:44,,81442326017,8144,2,Indoor 03,,,true,false,21,5,5,5,,,5,5,,,18,20,20,20,20,0.39,0,1481,,,0,,,,,29.63,,0,,,,,,,,,,,,,,,,,0.372,,,0,22.2,,49,,0,0
03/21/2026 16:18:44,,81442326017,8144,2,Indoor 03,,,true,false,21,5,5,5,,,5,5,,,17,19,19,19,19,0.39,0,1505,,,0,,,,,29.63,,0,,,,,,,,,,,,,,,,,0.384,,,0,22.1,,49,,0,0
03/21/2026 16:33:44,,81442326017,8144,2,Indoor 03,,,true,false,21,5,5,5,,,5,5,,,17,19,19,19,19,0.38,0,1477,,,0,,,,,29.63,,0,,,,,,,,,,,,,,,,,0.468,,,0,22.3,,49,,0,0
03/21/2026 16:48:44,,81442326017,8144,2,Indoor 03,,,true,false,21,5,5,5,,,5,5,,,16,18,19,19,19,0.40,0,1484,,,0,,,,,29.63,,0,,,,,,,,,,,,,,,,,0.579,,,0,22.4,,49,,0,0
03/21/2026 17:03:44,,81442326017,8144,2,Indoor 03,,,true,false,21,5,5,5,,,5,5,,,16,18,18,18,18,0.39,0,1526,,,0,,,,,29.63,,0,,,,,,,,,,,,,,,,,0.713,,,0,22.4,,49,,0,0
03/21/2026 17:18:44,,81442326017,8144,2,Indoor 03,,,true,false,21,5,5,5,,,5,5,,,16,18,18,18,18,0.39,0,1559,,,0,,,,,29.62,,0,,,,,,,,,,,,,,,,,0.734,,,0,22.3,,49,,0,0
03/21/2026 17:33:44,,81442326017,8144,2,Indoor 03,,,true,false,21,5,5,5,,,5,5,,,16,18,18,18,18,0.39,0,1570,,,0,,,,,29.62,,0,,,,,,,,,,,,,,,,,0.710,,,0,22.3,,49,,0,0
03/21/2026 17:48:44,,81442326017,8144,2,Indoor 03,,,true,false,21,5,5,5,,,5,5,,,17,19,19,19,19,0.39,0,1573,,,0,,,,,29.61,,0,,,,,,,,,,,,,,,,,0.686,,,0,22.3,,49,,0,0
03/21/2026 18:03:44,,81442326017,8144,2,Indoor 03,,,true,false,21,5,5,5,,,5,5,,,16,18,18,18,18,0.41,0,1549,,,0,,,,,29.61,,0,,,,,,,,,,,,,,,,,0.645,,,0,22.2,,49,,0,0
03/21/2026 18:18:44,,81442326017,8144,2,Indoor 03,,,true,false,46,10,11,11,,,11,11,,,37,41,41,41,41,0.40,0,1663,,,0,,,,,29.60,,0,,,,,,,,,,,,,,,,,0.778,,,0,22.2,,50,,0,0
03/21/2026 18:33:44,,81442326017,8144,2,Indoor 03,,,true,false,38,8,8,9,,,9,9,,,29,33,33,33,33,0.40,0,1689,,,0,,,,,29.60,,0,,,,,,,,,,,,,,,,,0.785,,,0,22.3,,50,,0,0
03/21/2026 18:48:44,,81442326017,8144,2,Indoor 03,,,true,false,38,8,9,9,,,9,9,,,31,35,35,35,35,0.40,0,1689,,,0,,,,,29.59,,0,,,,,,,,,,,,,,,,,0.796,,,0,22.4,,50,,0,0
03/21/2026 19:03:44,,81442326017,8144,2,Indoor 03,,,true,false,25,6,6,6,,,6,6,,,19,22,22,22,22,0.40,0,1701,,,0,,,,,29.59,,0,,,,,,,,,,,,,,,,,0.813,,,0,22.5,,50,,0,0
03/21/2026 19:18:44,,81442326017,8144,2,Indoor 03,,,true,false,33,7,7,8,,,8,8,,,25,28,28,28,28,0.41,0,1746,,,0,,,,,29.59,,0,,,,,,,,,,,,,,,,,0.837,,,0,22.6,,50,,0,0
03/21/2026 19:33:44,,81442326017,8144,2,Indoor 03,,,true,false,42,9,9,10,,,10,10,,,32,36,36,36,36,0.42,0,1763,,,0,,,,,29.59,,0,,,,,,,,,,,,,,,,,0.832,,,0,22.7,,50,,0,0
03/21/2026 19:48:44,,81442326017,8144,2,Indoor 03,,,true,false,25,6,6,6,,,6,6,,,20,22,22,22,22,0.41,0,1769,,,0,,,,,29.58,,0,,,,,,,,,,,,,,,,,0.826,,,0,22.8,,50,,0,0
03/21/2026 20:03:44,,81442326017,8144,2,Indoor 03,,,true,false,29,6,7,7,,,7,7,,,24,27,27,27,27,0.40,0,1775,,,0,,,,,29.58,,0,,,,,,,,,,,,,,,,,0.842,,,0,22.8,,50,,0,0
03/21/2026 20:18:44,,81442326017,8144,2,Indoor 03,,,true,false,33,7,8,8,,,8,8,,,27,31,31,31,31,0.41,0,1805,,,0,,,,,29.58,,0,,,,,,,,,,,,,,,,,0.865,,,0,22.9,,50,,0,0
03/21/2026 20:33:44,,81442326017,8144,2,Indoor 03,,,true,false,50,11,11,12,,,12,12,,,39,44,44,44,44,0.40,0,1841,,,0,,,,,29.57,,0,,,,,,,,,,,,,,,,,0.868,,,0,22.9,,50,,0,0
03/21/2026 20:48:44,,81442326017,8144,2,Indoor 03,,,true,false,25,6,6,6,,,6,6,,,20,22,22,22,22,0.39,0,1827,,,0,,,,,29.57,,0,,,,,,,,,,,,,,,,,0.869,,,0,22.9,,50,,0,0
03/21/2026 21:03:44,,81442326017,8144,2,Indoor 03,,,true,false,25,6,6,6,,,6,6,,,19,22,22,22,22,0.39,0,1796,,,0,,,,,29.57,,0,,,,,,,,,,,,,,,,,0.887,,,0,22.9,,50,,0,0
03/21/2026 21:18:44,,81442326017,8144,2,Indoor 03,,,true,false,25,6,5,6,,,6,6,,,19,21,21,21,21,0.39,0,1775,,,0,,,,,29.58,,0,,,,,,,,,,,,,,,,,0.921,,,0,22.9,,50,,0,0
03/21/2026 21:33:44,,81442326017,8144,2,Indoor 03,,,true,false,25,6,5,6,,,6,6,,,18,21,21,21,21,0.41,0,1767,,,0,,,,,29.58,,0,,,,,,,,,,,,,,,,,0.930,,,0,22.9,,50,,0,0
03/21/2026 21:48:44,,81442326017,8144,2,Indoor 03,,,true,false,25,6,5,6,,,6,6,,,18,21,21,21,21,0.41,0,1758,,,0,,,,,29.58,,0,,,,,,,,,,,,,,,,,0.925,,,0,22.9,,50,,0,0
03/21/2026 22:03:44,,81442326017,8144,2,Indoor 03,,,true,false,21,5,5,5,,,5,5,,,18,20,20,20,20,0.40,0,1786,,,0,,,,,29.58,,0,,,,,,,,,,,,,,,,,0.922,,,0,22.9,,52,,0,0
03/21/2026 22:18:44,,81442326017,8144,2,Indoor 03,,,true,false,25,6,5,6,,,6,6,,,18,20,20,20,20,0.39,0,1829,,,0,,,,,29.58,,0,,,,,,,,,,,,,,,,,0.919,,,0,23.0,,52,,0,0
03/21/2026 22:33:44,,81442326017,8144,2,Indoor 03,,,true,false,25,6,5,6,,,6,6,,,19,21,21,21,21,0.39,0,1844,,,0,,,,,29.58,,0,,,,,,,,,,,,,,,,,0.915,,,0,23.1,,52,,0,0
03/21/2026 22:48:44,,81442326017,8144,2,Indoor 03,,,true,false,25,6,5,6,,,6,6,,,18,20,20,20,20,0.40,0,1884,,,0,,,,,29.59,,0,,,,,,,,,,,,,,,,,0.910,,,0,23.1,,52,,0,0
03/21/2026 23:03:44,,81442326017,8144,2,Indoor 03,,,true,false,25,6,5,6,,,6,6,,,18,20,20,20,20,0.40,0,1889,,,0,,,,,29.59,,0,,,,,,,,,,,,,,,,,0.907,,,0,23.1,,52,,0,0
03/21/2026 23:18:44,,81442326017,8144,2,Indoor 03,,,true,false,21,5,5,5,,,5,5,,,17,20,20,20,20,0.40,0,1919,,,0,,,,,29.60,,0,,,,,,,,,,,,,,,,,0.905,,,0,23.1,,52,,0,0
03/21/2026 23:33:44,,81442326017,8144,2,Indoor 03,,,true,false,21,5,5,5,,,5,5,,,17,19,19,19,19,0.39,0,1947,,,0,,,,,29.60,,0,,,,,,,,,,,,,,,,,0.901,,,0,23.1,,51,,0,0
03/21/2026 23:48:44,,81442326017,8144,2,Indoor 03,,,true,false,21,5,5,5,,,5,5,,,17,19,19,19,19,0.39,0,1952,,,0,,,,,29.60,,0,,,,,,,,,,,,,,,,,0.896,,,0,23.1,,51,,0,0
03/22/2026 00:03:44,,81442326017,8144,2,Indoor 03,,,true,false,21,5,5,5,,,5,5,,,16,18,18,18,18,0.38,0,1974,,,0,,,,,29.61,,0,,,,,,,,,,,,,,,,,0.895,,,0,23.1,,51,,0,0
03/22/2026 00:18:44,,81442326017,8144,2,Indoor 03,,,true,false,21,5,5,5,,,5,5,,,16,17,17,17,17,0.39,0,1990,,,0,,,,,29.61,,0,,,,,,,,,,,,,,,,,0.892,,,0,23.0,,51,,0,0
03/22/2026 00:33:44,,81442326017,8144,2,Indoor 03,,,true,false,21,5,4,5,,,5,5,,,15,17,17,17,17,0.39,0,1997,,,0,,,,,29.61,,0,,,,,,,,,,,,,,,,,0.887,,,0,23.0,,51,,0,0
03/22/2026 00:48:44,,81442326017,8144,2,Indoor 03,,,true,false,21,5,4,5,,,5,5,,,15,17,17,17,17,0.40,0,1998,,,0,,,,,29.62,,0,,,,,,,,,,,,,,,,,0.882,,,0,23.0,,51,,0,0
03/22/2026 01:03:44,,81442326017,8144,2,Indoor 03,,,true,false,21,5,5,5,,,5,5,,,15,17,17,17,17,0.39,0,2021,,,0,,,,,29.62,,0,,,,,,,,,,,,,,,,,0.880,,,0,23.0,,51,,0,0
03/22/2026 01:18:44,,81442326017,8144,2,Indoor 03,,,true,false,21,5,4,5,,,5,5,,,15,17,17,17,17,0.39,0,2037,,,0,,,,,29.62,,0,,,,,,,,,,,,,,,,,0.913,,,0,22.9,,51,,0,0
03/22/2026 01:33:44,,81442326017,8144,2,Indoor 03,,,true,false,21,5,4,5,,,5,5,,,15,17,17,17,17,0.39,0,2023,,,0,,,,,29.62,,0,,,,,,,,,,,,,,,,,0.949,,,0,22.9,,51,,0,0
03/22/2026 01:48:44,,81442326017,8144,2,Indoor 03,,,true,false,21,5,5,5,,,5,5,,,16,17,17,17,18,0.39,0,2025,,,0,,,,,29.62,,0,,,,,,,,,,,,,,,,,0.974,,,0,22.9,,51,,0,0
03/22/2026 02:03:44,,81442326017,8144,2,Indoor 03,,,true,false,29,6,7,7,,,7,7,,,23,26,26,26,26,0.41,0,2097,,,0,,,,,29.62,,0,,,,,,,,,,,,,,,,,0.986,,,0,22.9,,51,,0,0
03/22/2026 02:18:44,,81442326017,8144,2,Indoor 03,,,true,false,21,5,5,5,,,5,5,,,18,20,20,20,20,0.42,0,2083,,,0,,,,,29.62,,0,,,,,,,,,,,,,,,,,1.016,,,0,22.9,,51,,0,0
03/22/2026 02:33:44,,81442326017,8144,2,Indoor 03,,,true,false,25,6,5,6,,,6,6,,,18,20,20,20,20,0.40,0,2113,,,0,,,,,29.62,,0,,,,,,,,,,,,,,,,,1.008,,,0,22.9,,51,,0,0
03/22/2026 02:48:44,,81442326017,8144,2,Indoor 03,,,true,false,29,6,6,7,,,7,7,,,21,24,24,24,24,0.41,0,2120,,,0,,,,,29.62,,0,,,,,,,,,,,,,,,,,1.022,,,0,23.0,,51,,0,0
03/22/2026 03:03:44,,81442326017,8144,2,Indoor 03,,,true,false,25,6,6,6,,,6,6,,,20,23,23,23,23,0.40,0,2091,,,0,,,,,29.62,,0,,,,,,,,,,,,,,,,,1.056,,,0,22.9,,51,,0,0
03/22/2026 03:18:44,,81442326017,8144,2,Indoor 03,,,true,false,29,6,6,7,,,7,7,,,22,25,25,25,25,0.40,0,2065,,,0,,,,,29.62,,0,,,,,,,,,,,,,,,,,1.028,,,0,22.9,,51,,0,0
03/22/2026 03:33:44,,81442326017,8144,2,Indoor 03,,,true,false,29,6,6,7,,,7,7,,,22,25,25,25,25,0.41,0,2069,,,0,,,,,29.62,,0,,,,,,,,,,,,,,,,,1.028,,,0,23.0,,51,,0,0
03/22/2026 03:48:44,,81442326017,8144,2,Indoor 03,,,true,false,33,7,8,8,,,8,8,,,27,30,30,30,30,0.40,0,2073,,,0,,,,,29.62,,0,,,,,,,,,,,,,,,,,1.022,,,0,23.0,,51,,0,0
03/22/2026 04:03:44,,81442326017,8144,2,Indoor 03,,,true,false,33,7,7,8,,,8,8,,,25,28,28,28,28,0.40,0,2095,,,0,,,,,29.63,,0,,,,,,,,,,,,,,,,,1.013,,,0,23.0,,51,,0,0
03/22/2026 04:18:44,,81442326017,8144,2,Indoor 03,,,true,false,33,7,8,8,,,8,8,,,28,31,31,31,31,0.38,0,2091,,,0,,,,,29.63,,0,,,,,,,,,,,,,,,,,1.004,,,0,23.0,,51,,0,0
03/22/2026 04:33:44,,81442326017,8144,2,Indoor 03,,,true,false,38,8,8,9,,,9,9,,,29,32,32,32,32,0.40,0,2093,,,0,,,,,29.63,,0,,,,,,,,,,,,,,,,,0.995,,,0,23.0,,51,,0,0
03/22/2026 04:48:44,,81442326017,8144,2,Indoor 03,,,true,false,38,8,8,9,,,9,9,,,28,32,32,32,32,0.40,0,2091,,,0,,,,,29.63,,0,,,,,,,,,,,,,,,,,0.985,,,0,23.0,,51,,0,0
03/22/2026 05:03:44,,81442326017,8144,2,Indoor 03,,,true,false,46,10,11,11,,,11,11,,,37,41,41,41,41,0.40,0,2082,,,0,,,,,29.62,,0,,,,,,,,,,,,,,,,,0.981,,,0,23.1,,51,,0,0
03/22/2026 05:18:44,,81442326017,8144,2,Indoor 03,,,true,false,38,8,8,9,,,9,9,,,29,32,32,33,33,0.39,0,2073,,,0,,,,,29.63,,0,,,,,,,,,,,,,,,,,1.030,,,0,23.1,,51,,0,0
03/22/2026 05:33:44,,81442326017,8144,2,Indoor 03,,,true,false,42,9,9,10,,,10,10,,,31,35,35,35,35,0.39,0,2076,,,0,,,,,29.62,,0,,,,,,,,,,,,,,,,,1.084,,,0,23.1,,51,,0,0
03/22/2026 05:48:44,,81442326017,8144,2,Indoor 03,,,true,false,38,8,8,9,,,9,9,,,29,32,32,32,32,0.38,0,2063,,,0,,,,,29.63,,0,,,,,,,,,,,,,,,,,1.069,,,0,23.0,,51,,0,0
03/22/2026 06:03:44,,81442326017,8144,2,Indoor 03,,,true,false,38,8,8,9,,,9,9,,,28,31,31,31,31,0.40,0,2066,,,0,,,,,29.62,,0,,,,,,,,,,,,,,,,,1.047,,,0,23.0,,51,,0,0
03/22/2026 06:18:44,,81442326017,8144,2,Indoor 03,,,true,false,38,8,9,9,,,9,9,,,30,33,33,33,33,0.39,0,2075,,,0,,,,,29.62,,0,,,,,,,,,,,,,,,,,1.034,,,0,23.0,,51,,0,0
03/22/2026 06:33:44,,81442326017,8144,2,Indoor 03,,,true,false,38,8,9,9,,,9,9,,,31,35,35,35,35,0.41,0,2081,,,0,,,,,29.62,,0,,,,,,,,,,,,,,,,,1.020,,,0,23.0,,51,,0,0
03/22/2026 06:48:44,,81442326017,8144,2,Indoor 03,,,true,false,42,9,9,10,,,10,10,,,32,36,36,36,36,0.40,0,2077,,,0,,,,,29.62,,0,,,,,,,,,,,,,,,,,1.010,,,0,23.0,,51,,0,0
03/22/2026 07:03:44,,81442326017,8144,2,Indoor 03,,,true,false,42,9,9,10,,,10,10,,,32,36,36,36,36,0.39,0,2066,,,0,,,,,29.62,,0,,,,,,,,,,,,,,,,,0.997,,,0,23.0,,51,,0,0
03/22/2026 07:18:44,,81442326017,8144,2,Indoor 03,,,true,false,42,9,9,10,,,10,10,,,32,36,36,36,36,0.39,0,2041,,,0,,,,,29.61,,0,,,,,,,,,,,,,,,,,1.016,,,0,23.0,,51,,0,0
03/22/2026 07:33:44,,81442326017,8144,2,Indoor 03,,,true,false,46,10,11,11,,,11,11,,,37,42,42,42,42,0.38,0,2083,,,0,,,,,29.61,,0,,,,,,,,,,,,,,,,,1.027,,,0,23.1,,51,,0,0
03/22/2026 07:48:44,,81442326017,8144,2,Indoor 03,,,true,false,82,25,25,27,,,27,27,,,86,97,97,97,97,0.38,0,2101,,,0,,,,,29.60,,0,,,,,,,,,,,,,,,,,1.014,,,0,23.2,,51,,0,0
03/22/2026 08:03:44,,81442326017,8144,2,Indoor 03,,,true,false,110,36,37,39,,,39,39,,,126,142,142,142,142,0.37,0,2109,,,0,,,,,29.60,,0,,,,,,,,,,,,,,,,,1.005,,,0,23.2,,51,,0,0
03/22/2026 08:18:44,,81442326017,8144,2,Indoor 03,,,true,false,107,35,36,38,,,38,38,,,122,138,138,138,138,0.37,0,2109,,,0,,,,,29.60,,0,,,,,,,,,,,,,,,,,1.004,,,0,23.2,,51,,0,0
03/22/2026 08:33:44,,81442326017,8144,2,Indoor 03,,,true,false,102,33,34,36,,,36,36,,,116,131,131,131,131,0.37,0,2084,,,0,,,,,29.60,,0,,,,,,,,,,,,,,,,,0.994,,,0,23.2,,51,,0,0
03/22/2026 08:48:44,,81442326017,8144,2,Indoor 03,,,true,false,97,31,32,34,,,34,34,,,112,125,126,126,126,0.37,0,2085,,,0,,,,,29.60,,0,,,,,,,,,,,,,,,,,0.986,,,0,23.1,,51,,0,0
03/22/2026 09:03:44,,81442326017,8144,2,Indoor 03,,,true,false,95,31,32,33,,,33,33,,,109,122,122,122,122,0.37,0,2071,,,0,,,,,29.60,,0,,,,,,,,,,,,,,,,,0.973,,,0,23.1,,51,,0,0
03/22/2026 09:18:44,,81442326017,8144,2,Indoor 03,,,true,false,93,30,31,32,,,32,32,,,105,118,118,118,119,0.37,0,2100,,,0,,,,,29.60,,0,,,,,,,,,,,,,,,,,0.985,,,0,23.0,,51,,0,0
03/22/2026 09:33:44,,81442326017,8144,2,Indoor 03,,,true,false,91,29,29,31,,,31,31,,,100,113,113,113,113,0.37,0,2026,,,0,,,,,29.60,,0,,,,,,,,,,,,,,,,,0.995,,,0,22.8,,51,,0,0
03/22/2026 09:48:44,,81442326017,8144,2,Indoor 03,,,true,false,89,28,28,30,,,30,30,,,97,109,109,109,109,0.38,0,2006,,,0,,,,,29.60,,0,,,,,,,,,,,,,,,,,0.979,,,0,22.7,,51,,0,0
03/22/2026 10:03:44,,81442326017,8144,2,Indoor 03,,,true,false,89,28,28,30,,,30,30,,,96,108,108,108,109,0.37,0,1997,,,0,,,,,29.60,,0,,,,,,,,,,,,,,,,,0.968,,,0,22.6,,51,,0,0
03/22/2026 10:18:44,,81442326017,8144,2,Indoor 03,,,true,false,87,27,27,29,,,29,29,,,94,106,106,106,106,0.37,0,1984,,,0,,,,,29.61,,0,,,,,,,,,,,,,,,,,0.958,,,0,22.5,,51,,0,0
03/22/2026 10:33:44,,81442326017,8144,2,Indoor 03,,,true,false,84,26,27,28,,,28,28,,,92,104,104,104,104,0.38,0,1957,,,0,,,,,29.61,,0,,,,,,,,,,,,,,,,,0.950,,,0,22.4,,52,,0,0
03/22/2026 10:48:44,,81442326017,8144,2,Indoor 03,,,true,false,84,26,26,28,,,28,28,,,90,101,101,101,101,0.37,0,1943,,,0,,,,,29.61,,0,,,,,,,,,,,,,,,,,0.939,,,0,22.4,,52,,0,0
03/22/2026 11:03:44,,81442326017,8144,2,Indoor 03,,,true,false,82,25,26,27,,,27,27,,,88,99,100,100,100,0.37,0,1921,,,0,,,,,29.62,,0,,,,,,,,,,,,,,,,,0.931,,,0,22.4,,52,,0,0
03/22/2026 11:18:44,,81442326017,8144,2,Indoor 03,,,true,false,80,24,24,26,,,26,26,,,85,95,95,95,95,0.37,0,1889,,,0,,,,,29.62,,0,,,,,,,,,,,,,,,,,0.918,,,0,22.3,,52,,0,0
03/22/2026 11:33:44,,81442326017,8144,2,Indoor 03,,,true,false,78,23,24,25,,,25,25,,,81,91,92,92,92,0.37,0,1873,,,0,,,,,29.62,,0,,,,,,,,,,,,,,,,,0.906,,,0,22.3,,52,,0,0
03/22/2026 11:48:44,,81442326017,8144,2,Indoor 03,,,true,false,72,20,21,22,,,22,22,,,72,81,81,81,81,0.37,0,1837,,,0,,,,,29.62,,0,,,,,,,,,,,,,,,,,0.907,,,0,22.5,,52,,0,0
03/22/2026 12:03:44,,81442326017,8144,2,Indoor 03,,,true,false,70,19,19,21,,,21,21,,,67,75,76,76,76,0.37,0,1845,,,0,,,,,29.61,,0,,,,,,,,,,,,,,,,,0.932,,,0,22.5,,52,,0,0
03/22/2026 12:18:44,,81442326017,8144,2,Indoor 03,,,true,false,68,19,19,20,,,20,20,,,66,75,75,75,75,0.37,0,1837,,,0,,,,,29.61,,0,,,,,,,,,,,,,,,,,0.908,,,0,22.5,,52,,0,0
03/22/2026 12:33:44,,81442326017,8144,2,Indoor 03,,,true,false,70,19,19,21,,,21,21,,,67,75,75,75,76,0.37,0,1831,,,0,,,,,29.61,,0,,,,,,,,,,,,,,,,,0.901,,,0,22.4,,52,,0,0
03/22/2026 12:48:44,,81442326017,8144,2,Indoor 03,,,true,false,68,19,19,20,,,20,20,,,65,74,74,74,74,0.37,0,1827,,,0,,,,,29.61,,0,,,,,,,,,,,,,,,,,0.886,,,0,22.3,,52,,0,0
03/22/2026 13:03:44,,81442326017,8144,2,Indoor 03,,,true,false,68,19,18,20,,,20,20,,,64,72,72,72,72,0.37,0,1810,,,0,,,,,29.62,,0,,,,,,,,,,,,,,,,,0.877,,,0,22.3,,52,,0,0
03/22/2026 13:18:44,,81442326017,8144,2,Indoor 03,,,true,false,66,18,18,19,,,19,19,,,63,70,71,71,71,0.37,0,1797,,,0,,,,,29.63,,0,,,,,,,,,,,,,,,,,0.866,,,0,22.3,,52,,0,0
03/22/2026 13:33:44,,81442326017,8144,2,Indoor 03,,,true,false,66,18,18,19,,,19,19,,,61,69,69,69,69,0.38,0,1793,,,0,,,,,29.63,,0,,,,,,,,,,,,,,,,,0.859,,,0,22.2,,52,,0,0
03/22/2026 13:48:44,,81442326017,8144,2,Indoor 03,,,true,false,66,18,18,19,,,19,19,,,61,68,69,69,69,0.37,0,1787,,,0,,,,,29.63,,0,,,,,,,,,,,,,,,,,0.846,,,0,22.2,,52,,0,0
03/22/2026 14:03:44,,81442326017,8144,2,Indoor 03,,,true,false,63,17,17,18,,,18,18,,,59,66,66,66,66,0.37,0,1796,,,0,,,,,29.63,,0,,,,,,,,,,,,,,,,,0.840,,,0,22.2,,52,,0,0
03/22/2026 14:18:44,,81442326017,8144,2,Indoor 03,,,true,false,63,17,17,18,,,18,18,,,59,66,66,66,66,0.38,0,1809,,,0,,,,,29.63,,0,,,,,,,,,,,,,,,,,0.834,,,0,22.2,,53,,0,0
03/22/2026 14:33:44,,81442326017,8144,2,Indoor 03,,,true,false,63,17,17,18,,,18,18,,,59,66,66,66,66,0.38,0,1817,,,0,,,,,29.63,,0,,,,,,,,,,,,,,,,,0.881,,,0,22.2,,52,,0,0
03/22/2026 14:48:44,,81442326017,8144,2,Indoor 03,,,true,false,59,15,15,16,,,16,16,,,52,59,59,59,59,0.38,0,1786,,,0,,,,,29.63,,0,,,,,,,,,,,,,,,,,0.889,,,0,22.4,,52,,0,0
03/22/2026 15:03:44,,81442326017,8144,2,Indoor 03,,,true,false,59,15,15,16,,,16,16,,,51,58,58,58,58,0.38,0,1796,,,0,,,,,29.63,,0,,,,,,,,,,,,,,,,,0.887,,,0,22.4,,52,,0,0
03/22/2026 15:18:44,,81442326017,8144,2,Indoor 03,,,true,false,57,14,14,15,,,15,15,,,49,55,55,55,55,0.38,0,1831,,,0,,,,,29.62,,0,,,,,,,,,,,,,,,,,0.887,,,0,22.4,,52,,0,0
03/22/2026 15:33:44,,81442326017,8144,2,Indoor 03,,,true,false,57,14,15,15,,,15,15,,,50,56,56,56,56,0.37,0,1848,,,0,,,,,29.62,,0,,,,,,,,,,,,,,,,,0.881,,,0,22.4,,52,,0,0
03/22/2026 15:48:44,,81442326017,8144,2,Indoor 03,,,true,false,55,13,14,14,,,14,14,,,47,53,53,53,53,0.37,0,1836,,,0,,,,,29.61,,0,,,,,,,,,,,,,,,,,0.870,,,0,22.4,,52,,0,0
03/22/2026 16:03:44,,81442326017,8144,2,Indoor 03,,,true,false,55,13,13,14,,,14,14,,,46,52,52,52,52,0.38,0,1841,,,0,,,,,29.61,,0,,,,,,,,,,,,,,,,,0.864,,,0,22.4,,52,,0,0
03/22/2026 16:18:44,,81442326017,8144,2,Indoor 03,,,true,false,55,13,13,14,,,14,14,,,47,52,52,52,52,0.37,0,1861,,,0,,,,,29.61,,0,,,,,,,,,,,,,,,,,0.870,,,0,22.3,,52,,0,0
03/22/2026 16:33:44,,81442326017,8144,2,Indoor 03,,,true,false,55,13,13,14,,,14,14,,,46,52,52,52,52,0.37,0,1892,,,0,,,,,29.60,,0,,,,,,,,,,,,,,,,,0.883,,,0,22.3,,52,,0,0
03/22/2026 16:48:44,,81442326017,8144,2,Indoor 03,,,true,false,55,13,13,14,,,14,14,,,46,51,51,51,51,0.37,0,1901,,,0,,,,,29.60,,0,,,,,,,,,,,,,,,,,0.930,,,0,22.3,,52,,0,0
03/22/2026 17:03:44,,81442326017,8144,2,Indoor 03,,,true,false,55,13,13,14,,,14,14,,,47,52,52,52,52,0.37,0,1913,,,0,,,,,29.59,,0,,,,,,,,,,,,,,,,,0.895,,,0,22.3,,53,,0,0
03/22/2026 17:18:44,,81442326017,8144,2,Indoor 03,,,true,false,63,17,17,18,,,18,18,,,59,66,67,67,67,0.38,0,1990,,,0,,,,,29.59,,0,,,,,,,,,,,,,,,,,0.883,,,0,22.3,,53,,0,0
03/22/2026 17:33:44,,81442326017,8144,2,Indoor 03,,,true,false,55,13,13,14,,,14,14,,,46,52,52,52,52,0.37,0,1933,,,0,,,,,29.58,,0,,,,,,,,,,,,,,,,,0.869,,,0,22.4,,52,,0,0
03/22/2026 17:48:44,,81442326017,8144,2,Indoor 03,,,true,false,53,12,13,13,,,13,13,,,43,49,49,49,49,0.37,0,1961,,,0,,,,,29.57,,0,,,,,,,,,,,,,,,,,0.857,,,0,22.6,,52,,0,0
03/22/2026 18:03:44,,81442326017,8144,2,Indoor 03,,,true,false,59,15,15,16,,,16,16,,,53,59,59,59,59,0.38,0,1983,,,0,,,,,29.56,,0,,,,,,,,,,,,,,,,,0.851,,,0,22.7,,52,,0,0
03/22/2026 18:18:44,,81442326017,8144,2,Indoor 03,,,true,false,53,12,12,13,,,13,13,,,42,47,47,47,47,0.37,0,1969,,,0,,,,,29.55,,0,,,,,,,,,,,,,,,,,0.837,,,0,22.8,,52,,0,0
03/22/2026 18:33:44,,81442326017,8144,2,Indoor 03,,,true,false,53,12,12,13,,,13,13,,,42,48,48,48,48,0.38,0,1985,,,0,,,,,29.54,,0,,,,,,,,,,,,,,,,,0.825,,,0,22.9,,52,,0,0
03/22/2026 18:48:44,,81442326017,8144,2,Indoor 03,,,true,false,53,12,12,13,,,13,13,,,42,47,47,47,47,0.38,0,1977,,,0,,,,,29.53,,0,,,,,,,,,,,,,,,,,0.815,,,0,22.9,,52,,0,0
03/22/2026 19:03:44,,81442326017,8144,2,Indoor 03,,,true,false,68,19,19,20,,,20,20,,,64,72,72,72,72,0.38,0,2007,,,0,,,,,29.52,,0,,,,,,,,,,,,,,,,,0.806,,,0,23.0,,52,,0,0
03/22/2026 19:18:44,,81442326017,8144,2,Indoor 03,,,true,false,57,14,14,15,,,15,15,,,49,55,55,55,55,0.38,0,2002,,,0,,,,,29.51,,0,,,,,,,,,,,,,,,,,0.799,,,0,23.0,,52,,0,0
03/22/2026 19:33:44,,81442326017,8144,2,Indoor 03,,,true,false,53,12,12,13,,,13,13,,,42,48,48,48,48,0.38,0,1993,,,0,,,,,29.51,,0,,,,,,,,,,,,,,,,,0.785,,,0,23.1,,52,,0,0
03/22/2026 19:48:44,,81442326017,8144,2,Indoor 03,,,true,false,91,29,29,31,,,31,31,,,100,113,113,113,113,0.39,0,2004,,,0,,,,,29.50,,0,,,,,,,,,,,,,,,,,0.768,,,0,23.1,,52,,0,0
03/22/2026 20:03:44,,81442326017,8144,2,Indoor 03,,,true,false,50,11,12,12,,,12,12,,,40,45,45,45,45,0.38,0,1987,,,0,,,,,29.50,,0,,,,,,,,,,,,,,,,,0.750,,,0,23.1,,52,,0,0
03/22/2026 20:18:44,,81442326017,8144,2,Indoor 03,,,true,false,50,11,11,12,,,12,12,,,38,43,43,43,43,0.38,0,1945,,,0,,,,,29.50,,0,,,,,,,,,,,,,,,,,0.727,,,0,23.1,,51,,0,0
03/22/2026 20:33:44,,81442326017,8144,2,Indoor 03,,,true,false,50,11,11,12,,,12,12,,,38,42,42,42,42,0.38,0,1895,,,0,,,,,29.49,,0,,,,,,,,,,,,,,,,,0.696,,,0,23.1,,51,,0,0
03/22/2026 20:48:44,,81442326017,8144,2,Indoor 03,,,true,false,50,11,11,12,,,12,12,,,38,42,42,42,42,0.36,0,1863,,,0,,,,,29.49,,0,,,,,,,,,,,,,,,,,0.672,,,0,23.0,,51,,0,0
03/22/2026 21:03:44,,81442326017,8144,2,Indoor 03,,,true,false,46,10,10,11,,,11,11,,,35,40,40,40,40,0.37,0,1850,,,0,,,,,29.49,,0,,,,,,,,,,,,,,,,,0.659,,,0,23.0,,51,,0,0
03/22/2026 21:18:44,,81442326017,8144,2,Indoor 03,,,true,false,50,11,11,12,,,12,12,,,38,43,43,43,43,0.38,0,1856,,,0,,,,,29.49,,0,,,,,,,,,,,,,,,,,0.641,,,0,23.0,,52,,0,0
03/22/2026 21:33:44,,81442326017,8144,2,Indoor 03,,,true,false,42,9,10,10,,,10,10,,,33,38,38,38,38,0.37,0,1895,,,0,,,,,29.48,,0,,,,,,,,,,,,,,,,,0.625,,,0,23.1,,53,,0,0
03/22/2026 21:48:44,,81442326017,8144,2,Indoor 03,,,true,false,42,9,10,10,,,10,10,,,33,37,37,37,37,0.37,0,1879,,,0,,,,,29.48,,0,,,,,,,,,,,,,,,,,0.599,,,0,23.1,,52,,0,0
03/22/2026 22:03:44,,81442326017,8144,2,Indoor 03,,,true,false,42,9,9,10,,,10,10,,,32,36,36,36,36,0.37,0,1870,,,0,,,,,29.49,,0,,,,,,,,,,,,,,,,,0.571,,,0,23.2,,52,,0,0
03/22/2026 22:18:44,,81442326017,8144,2,Indoor 03,,,true,false,42,9,9,10,,,10,10,,,31,35,35,35,35,0.37,0,1878,,,0,,,,,29.49,,0,,,,,,,,,,,,,,,,,0.543,,,0,23.2,,52,,0,0
03/22/2026 22:33:44,,81442326017,8144,2,Indoor 03,,,true,false,38,8,9,9,,,9,9,,,30,34,34,34,34,0.37,0,1896,,,0,,,,,29.49,,0,,,,,,,,,,,,,,,,,0.530,,,0,23.3,,52,,0,0
03/22/2026 22:48:44,,81442326017,8144,2,Indoor 03,,,true,false,38,8,9,9,,,9,9,,,29,33,33,33,33,0.37,0,1899,,,0,,,,,29.49,,0,,,,,,,,,,,,,,,,,0.507,,,0,23.2,,52,,0,0
03/22/2026 23:03:44,,81442326017,8144,2,Indoor 03,,,true,false,38,8,8,9,,,9,9,,,28,32,32,32,32,0.37,0,1891,,,0,,,,,29.49,,0,,,,,,,,,,,,,,,,,0.500,,,0,23.2,,52,,0,0
03/22/2026 23:18:44,,81442326017,8144,2,Indoor 03,,,true,false,33,7,8,8,,,8,8,,,27,30,30,30,30,0.37,0,1927,,,0,,,,,29.49,,0,,,,,,,,,,,,,,,,,0.502,,,0,23.2,,52,,0,0
03/22/2026 23:33:44,,81442326017,8144,2,Indoor 03,,,true,false,33,7,8,8,,,8,8,,,26,29,29,29,29,0.37,0,1930,,,0,,,,,29.49,,0,,,,,,,,,,,,,,,,,0.488,,,0,23.2,,52,,0,0
03/22/2026 23:48:44,,81442326017,8144,2,Indoor 03,,,true,false,33,7,8,8,,,8,8,,,26,29,30,30,30,0.37,0,1926,,,0,,,,,29.49,,0,,,,,,,,,,,,,,,,,0.482,,,0,23.2,,52,,0,0
03/23/2026 00:03:44,,81442326017,8144,2,Indoor 03,,,true,false,33,7,7,8,,,8,8,,,25,29,29,29,29,0.38,0,1952,,,0,,,,,29.49,,0,,,,,,,,,,,,,,,,,0.469,,,0,23.2,,52,,0,0
03/23/2026 00:18:44,,81442326017,8144,2,Indoor 03,,,true,false,33,7,7,8,,,8,8,,,25,28,28,28,28,0.38,0,1967,,,0,,,,,29.49,,0,,,,,,,,,,,,,,,,,0.463,,,0,23.2,,52,,0,0
03/23/2026 00:33:44,,81442326017,8144,2,Indoor 03,,,true,false,33,7,7,8,,,8,8,,,25,28,28,28,28,0.38,0,2004,,,0,,,,,29.49,,0,,,,,,,,,,,,,,,,,0.455,,,0,23.2,,52,,0,0
03/23/2026 00:48:44,,81442326017,8144,2,Indoor 03,,,true,false,29,6,7,7,,,7,7,,,24,27,27,27,27,0.37,0,2007,,,0,,,,,29.50,,0,,,,,,,,,,,,,,,,,0.452,,,0,23.2,,52,,0,0
03/23/2026 01:03:44,,81442326017,8144,2,Indoor 03,,,true,false,29,6,7,7,,,7,7,,,24,27,27,27,27,0.37,0,2046,,,0,,,,,29.50,,0,,,,,,,,,,,,,,,,,0.458,,,0,23.2,,52,,0,0
03/23/2026 01:18:44,,81442326017,8144,2,Indoor 03,,,true,false,29,6,7,7,,,7,7,,,23,26,26,26,26,0.38,0,2058,,,0,,,,,29.51,,0,,,,,,,,,,,,,,,,,0.463,,,0,23.2,,52,,0,0
03/23/2026 01:33:44,,81442326017,8144,2,Indoor 03,,,true,false,29,6,7,7,,,7,7,,,23,26,26,26,26,0.38,0,2087,,,0,,,,,29.51,,0,,,,,,,,,,,,,,,,,0.468,,,0,23.2,,53,,0,0
03/23/2026 01:48:44,,81442326017,8144,2,Indoor 03,,,true,false,29,6,7,7,,,7,7,,,24,27,27,27,27,0.38,0,2138,,,0,,,,,29.51,,0,,,,,,,,,,,,,,,,,0.492,,,0,23.2,,53,,0,0
03/23/2026 02:03:44,,81442326017,8144,2,Indoor 03,,,true,false,29,6,7,7,,,7,7,,,23,26,26,26,26,0.37,0,2174,,,0,,,,,29.51,,0,,,,,,,,,,,,,,,,,0.494,,,0,23.1,,53,,0,0
03/23/2026 02:18:44,,81442326017,8144,2,Indoor 03,,,true,false,87,27,27,29,,,29,29,,,94,105,105,105,105,0.40,0,2153,,,0,,,,,29.51,,0,,,,,,,,,,,,,,,,,0.485,,,0,23.1,,53,,0,0
03/23/2026 02:33:44,,81442326017,8144,2,Indoor 03,,,true,false,42,9,9,10,,,10,10,,,32,36,36,36,36,0.40,0,2173,,,0,,,,,29.51,,0,,,,,,,,,,,,,,,,,0.479,,,0,23.1,,54,,0,0
03/23/2026 02:48:44,,81442326017,8144,2,Indoor 03,,,true,false,42,9,9,10,,,10,10,,,31,35,35,35,35,0.39,0,2180,,,0,,,,,29.51,,0,,,,,,,,,,,,,,,,,0.482,,,0,23.2,,54,,0,0
03/23/2026 03:03:44,,81442326017,8144,2,Indoor 03,,,true,false,38,8,8,9,,,9,9,,,28,31,31,31,31,0.37,0,2197,,,0,,,,,29.50,,0,,,,,,,,,,,,,,,,,0.485,,,0,23.3,,53,,0,0
03/23/2026 03:18:44,,81442326017,8144,2,Indoor 03,,,true,false,55,13,13,14,,,14,14,,,45,51,51,51,51,0.38,0,2222,,,0,,,,,29.50,,0,,,,,,,,,,,,,,,,,0.490,,,0,23.3,,53,,0,0
03/23/2026 03:33:44,,81442326017,8144,2,Indoor 03,,,true,false,107,36,36,38,,,38,39,,,125,140,140,140,140,0.40,0,2258,,,0,,,,,29.50,,0,,,,,,,,,,,,,,,,,0.504,,,0,23.3,,53,,0,0
03/23/2026 03:48:44,,81442326017,8144,2,Indoor 03,,,true,false,38,8,8,9,,,9,9,,,28,31,31,31,31,0.37,0,2254,,,0,,,,,29.50,,0,,,,,,,,,,,,,,,,,0.511,,,0,23.4,,53,,0,0
03/23/2026 04:03:44,,81442326017,8144,2,Indoor 03,,,true,false,66,18,18,19,,,19,19,,,62,69,69,70,70,0.41,0,2254,,,0,,,,,29.49,,0,,,,,,,,,,,,,,,,,0.515,,,0,23.4,,53,,0,0
03/23/2026 04:18:44,,81442326017,8144,2,Indoor 03,,,true,false,38,8,9,9,,,9,9,,,29,33,33,33,33,0.39,0,2272,,,0,,,,,29.48,,0,,,,,,,,,,,,,,,,,0.517,,,0,23.4,,53,,0,0
03/23/2026 04:33:44,,81442326017,8144,2,Indoor 03,,,true,false,53,12,12,13,,,13,13,,,42,47,48,48,48,0.38,0,2286,,,0,,,,,29.47,,0,,,,,,,,,,,,,,,,,0.518,,,0,23.4,,53,,0,0
03/23/2026 04:48:44,,81442326017,8144,2,Indoor 03,,,true,false,38,8,8,9,,,9,9,,,28,32,32,32,32,0.38,0,2295,,,0,,,,,29.47,,0,,,,,,,,,,,,,,,,,0.516,,,0,23.4,,53,,0,0
03/23/2026 05:03:44,,81442326017,8144,2,Indoor 03,,,true,false,38,8,8,9,,,9,9,,,28,31,31,31,31,0.37,0,2325,,,0,,,,,29.47,,0,,,,,,,,,,,,,,,,,0.526,,,0,23.4,,53,,0,0
03/23/2026 05:18:44,,81442326017,8144,2,Indoor 03,,,true,false,33,7,8,8,,,8,8,,,27,30,31,31,31,0.38,0,2322,,,0,,,,,29.47,,0,,,,,,,,,,,,,,,,,0.535,,,0,23.4,,53,,0,0
03/23/2026 05:33:44,,81442326017,8144,2,Indoor 03,,,true,false,33,7,8,8,,,8,8,,,27,30,31,31,31,0.37,0,2330,,,0,,,,,29.46,,0,,,,,,,,,,,,,,,,,0.559,,,0,23.4,,53,,0,0
03/23/2026 05:48:44,,81442326017,8144,2,Indoor 03,,,true,false,33,7,7,8,,,8,8,,,25,28,28,28,28,0.38,0,2352,,,0,,,,,29.46,,0,,,,,,,,,,,,,,,,,0.584,,,0,23.4,,53,,0,0
03/23/2026 06:03:44,,81442326017,8144,2,Indoor 03,,,true,false,33,7,8,8,,,8,8,,,26,30,30,30,30,0.37,0,2362,,,0,,,,,29.46,,0,,,,,,,,,,,,,,,,,0.603,,,0,23.3,,53,,0,0
03/23/2026 06:18:44,,81442326017,8144,2,Indoor 03,,,true,false,33,7,7,8,,,8,8,,,25,28,28,29,29,0.37,0,2359,,,0,,,,,29.46,,0,,,,,,,,,,,,,,,,,0.592,,,0,23.2,,53,,0,0
03/23/2026 06:33:44,,81442326017,8144,2,Indoor 03,,,true,false,33,7,7,8,,,8,8,,,25,28,28,28,28,0.37,0,2385,,,0,,,,,29.47,,0,,,,,,,,,,,,,,,,,0.645,,,0,23.1,,54,,0,0
03/23/2026 06:48:44,,81442326017,8144,2,Indoor 03,,,true,false,33,7,7,8,,,8,8,,,25,28,28,28,28,0.38,0,2393,,,0,,,,,29.47,,0,,,,,,,,,,,,,,,,,0.757,,,0,23.0,,54,,0,0
03/23/2026 07:03:44,,81442326017,8144,2,Indoor 03,,,true,false,29,6,7,7,,,7,7,,,24,27,27,27,27,0.36,0,2404,,,0,,,,,29.47,,0,,,,,,,,,,,,,,,,,0.774,,,0,22.9,,54,,0,0
03/23/2026 07:18:43,,81442326017,8144,2,Indoor 03,,,true,false,29,6,7,7,,,7,7,,,24,27,27,27,27,0.37,0,2417,,,0,,,,,29.47,,0,,,,,,,,,,,,,,,,,0.788,,,0,22.9,,54,,0,0
03/23/2026 07:33:43,,81442326017,8144,2,Indoor 03,,,true,false,29,6,6,7,,,7,7,,,22,25,25,25,25,0.37,0,2436,,,0,,,,,29.46,,0,,,,,,,,,,,,,,,,,0.800,,,0,22.9,,54,,0,0
03/23/2026 07:48:43,,81442326017,8144,2,Indoor 03,,,true,false,29,6,7,7,,,7,7,,,23,26,26,26,26,0.36,0,2437,,,0,,,,,29.46,,0,,,,,,,,,,,,,,,,,0.803,,,0,22.9,,55,,0,0
03/23/2026 08:03:43,,81442326017,8144,2,Indoor 03,,,true,false,29,6,6,7,,,7,7,,,22,25,25,25,25,0.37,0,2459,,,0,,,,,29.45,,0,,,,,,,,,,,,,,,,,0.806,,,0,22.9,,55,,0,0
03/23/2026 08:18:43,,81442326017,8144,2,Indoor 03,,,true,false,29,6,7,7,,,7,7,,,23,25,26,26,26,0.38,0,2458,,,0,,,,,29.45,,0,,,,,,,,,,,,,,,,,0.806,,,0,22.8,,55,,0,0
03/23/2026 08:33:43,,81442326017,8144,2,Indoor 03,,,true,false,29,6,7,7,,,7,7,,,22,25,25,25,25,0.37,0,2462,,,0,,,,,29.45,,0,,,,,,,,,,,,,,,,,0.804,,,0,22.7,,55,,0,0
03/23/2026 08:48:43,,81442326017,8144,2,Indoor 03,,,true,false,29,6,6,7,,,7,7,,,22,25,25,25,25,0.37,0,2457,,,0,,,,,29.45,,0,,,,,,,,,,,,,,,,,0.802,,,0,22.6,,55,,0,0
03/23/2026 09:03:43,,81442326017,8144,2,Indoor 03,,,true,false,29,6,6,7,,,7,7,,,22,24,24,24,24,0.37,0,2459,,,0,,,,,29.45,,0,,,,,,,,,,,,,,,,,0.802,,,0,22.6,,55,,0,0
03/23/2026 09:18:43,,81442326017,8144,2,Indoor 03,,,true,false,29,6,6,7,,,7,7,,,22,25,25,25,25,0.36,0,2480,,,0,,,,,29.45,,0,,,,,,,,,,,,,,,,,0.810,,,0,22.6,,55,,0,0
03/23/2026 09:33:43,,81442326017,8144,2,Indoor 03,,,true,false,25,6,6,6,,,6,6,,,21,23,23,23,24,0.37,0,2489,,,0,,,,,29.45,,0,,,,,,,,,,,,,,,,,0.810,,,0,22.6,,55,,0,0
03/23/2026 09:48:43,,81442326017,8144,2,Indoor 03,,,true,false,25,6,6,6,,,6,6,,,21,23,23,23,23,0.38,0,2486,,,0,,,,,29.45,,0,,,,,,,,,,,,,,,,,0.807,,,0,22.6,,55,,0,0
03/23/2026 10:03:43,,81442326017,8144,2,Indoor 03,,,true,false,25,6,6,6,,,6,6,,,21,24,24,24,24,0.36,0,2485,,,0,,,,,29.46,,0,,,,,,,,,,,,,,,,,0.801,,,0,22.6,,55,,0,0
03/23/2026 10:18:43,,81442326017,8144,2,Indoor 03,,,true,false,25,6,6,6,,,6,6,,,21,24,24,24,24,0.38,0,2485,,,0,,,,,29.46,,0,,,,,,,,,,,,,,,,,0.797,,,0,22.5,,55,,0,0
03/23/2026 10:33:43,,81442326017,8144,2,Indoor 03,,,true,false,25,6,6,6,,,6,6,,,21,23,23,23,23,0.38,0,2491,,,0,,,,,29.47,,0,,,,,,,,,,,,,,,,,0.796,,,0,22.5,,55,,0,0
03/23/2026 10:48:43,,81442326017,8144,2,Indoor 03,,,true,false,25,6,6,6,,,6,6,,,21,23,23,23,23,0.38,0,2493,,,0,,,,,29.47,,0,,,,,,,,,,,,,,,,,0.793,,,0,22.4,,55,,0,0
03/23/2026 11:03:43,,81442326017,8144,2,Indoor 03,,,true,false,25,6,6,6,,,6,6,,,21,23,23,23,23,0.37,0,2492,,,0,,,,,29.48,,0,,,,,,,,,,,,,,,,,0.789,,,0,22.5,,55,,0,0
03/23/2026 11:18:43,,81442326017,8144,2,Indoor 03,,,true,false,29,6,6,7,,,7,7,,,21,24,24,24,24,0.38,0,2487,,,0,,,,,29.48,,0,,,,,,,,,,,,,,,,,0.787,,,0,22.5,,55,,0,0
03/23/2026 11:33:43,,81442326017,8144,2,Indoor 03,,,true,false,25,6,6,6,,,6,6,,,20,23,23,23,23,0.37,0,2491,,,0,,,,,29.49,,0,,,,,,,,,,,,,,,,,0.784,,,0,22.5,,55,,0,0
03/23/2026 11:48:43,,81442326017,8144,2,Indoor 03,,,true,false,25,6,6,6,,,6,6,,,21,23,24,24,24,0.38,0,2481,,,0,,,,,29.49,,0,,,,,,,,,,,,,,,,,0.778,,,0,22.5,,55,,0,0
03/23/2026 12:03:43,,81442326017,8144,2,Indoor 03,,,true,false,29,6,6,7,,,7,7,,,22,24,24,24,24,0.38,0,2477,,,0,,,,,29.50,,0,,,,,,,,,,,,,,,,,0.775,,,0,22.4,,55,,0,0
03/23/2026 12:18:43,,81442326017,8144,2,Indoor 03,,,true,false,25,6,6,6,,,6,6,,,21,24,24,24,24,0.37,0,2484,,,0,,,,,29.50,,0,,,,,,,,,,,,,,,,,0.771,,,0,22.4,,55,,0,0
03/23/2026 12:33:43,,81442326017,8144,2,Indoor 03,,,true,false,25,6,6,6,,,6,6,,,21,23,23,23,23,0.37,0,2480,,,0,,,,,29.50,,0,,,,,,,,,,,,,,,,,0.768,,,0,22.4,,55,,0,0
03/23/2026 12:48:43,,81442326017,8144,2,Indoor 03,,,true,false,25,6,6,6,,,6,6,,,21,24,24,24,24,0.37,0,2477,,,0,,,,,29.52,,0,,,,,,,,,,,,,,,,,0.756,,,0,22.4,,55,,0,0
03/23/2026 13:03:43,,81442326017,8144,2,Indoor 03,,,true,false,29,6,6,7,,,7,7,,,22,24,24,24,24,0.37,0,2454,,,0,,,,,29.52,,0,,,,,,,,,,,,,,,,,0.730,,,0,22.4,,55,,0,0
03/23/2026 13:18:43,,81442326017,8144,2,Indoor 03,,,true,false,29,6,6,7,,,7,7,,,22,24,24,24,24,0.37,0,2450,,,0,,,,,29.52,,0,,,,,,,,,,,,,,,,,0.725,,,0,22.4,,55,,0,0
03/23/2026 13:33:43,,81442326017,8144,2,Indoor 03,,,true,false,25,6,6,6,,,6,6,,,21,23,23,23,23,0.37,0,2464,,,0,,,,,29.52,,0,,,,,,,,,,,,,,,,,0.720,,,0,22.4,,55,,0,0
03/23/2026 13:48:43,,81442326017,8144,2,Indoor 03,,,true,false,25,6,6,6,,,6,6,,,21,23,23,23,23,0.37,0,2461,,,0,,,,,29.52,,0,,,,,,,,,,,,,,,,,0.868,,,0,22.4,,55,,0,0
03/23/2026 14:03:43,,81442326017,8144,2,Indoor 03,,,true,false,25,6,6,6,,,6,6,,,21,23,23,23,23,0.38,0,2463,,,0,,,,,29.53,,0,,,,,,,,,,,,,,,,,0.902,,,0,22.4,,55,,0,0
03/23/2026 14:18:43,,81442326017,8144,2,Indoor 03,,,true,false,29,6,6,7,,,7,7,,,21,24,24,24,24,0.38,0,2452,,,0,,,,,29.54,,0,,,,,,,,,,,,,,,,,0.867,,,0,22.4,,55,,0,0
03/23/2026 14:33:43,,81442326017,8144,2,Indoor 03,,,true,false,29,6,6,7,,,7,7,,,21,24,24,24,24,0.37,0,2434,,,0,,,,,29.55,,0,,,,,,,,,,,,,,,,,0.845,,,0,22.4,,55,,0,0
03/23/2026 14:48:43,,81442326017,8144,2,Indoor 03,,,true,false,29,6,6,7,,,7,7,,,21,24,24,24,24,0.37,0,2427,,,0,,,,,29.55,,0,,,,,,,,,,,,,,,,,0.829,,,0,22.4,,55,,0,0
03/23/2026 15:03:43,,81442326017,8144,2,Indoor 03,,,true,false,25,6,6,6,,,6,6,,,21,24,24,24,24,0.38,0,2422,,,0,,,,,29.56,,0,,,,,,,,,,,,,,,,,0.814,,,0,22.4,,55,,0,0
03/23/2026 15:18:43,,81442326017,8144,2,Indoor 03,,,true,false,25,6,6,6,,,6,6,,,21,23,23,23,23,0.38,0,2407,,,0,,,,,29.56,,0,,,,,,,,,,,,,,,,,0.814,,,0,22.4,,55,,0,0
03/23/2026 15:33:43,,81442326017,8144,2,Indoor 03,,,true,false,25,6,6,6,,,6,6,,,20,22,22,22,22,0.38,0,2395,,,0,,,,,29.57,,0,,,,,,,,,,,,,,,,,0.818,,,0,22.5,,56,,0,0
03/23/2026 15:48:43,,81442326017,8144,2,Indoor 03,,,true,false,25,6,6,6,,,6,6,,,21,24,24,24,24,0.37,0,2369,,,0,,,,,29.57,,0,,,,,,,,,,,,,,,,,0.813,,,0,22.5,,56,,0,0
03/23/2026 16:03:43,,81442326017,8144,2,Indoor 03,,,true,false,25,6,6,6,,,6,6,,,20,23,23,23,23,0.37,0,2354,,,0,,,,,29.57,,0,,,,,,,,,,,,,,,,,0.805,,,0,22.5,,56,,0,0
03/23/2026 16:18:43,,81442326017,8144,2,Indoor 03,,,true,false,25,6,6,6,,,6,6,,,20,23,23,23,23,0.37,0,2319,,,0,,,,,29.58,,0,,,,,,,,,,,,,,,,,0.787,,,0,22.5,,56,,0,0
03/23/2026 16:33:43,,81442326017,8144,2,Indoor 03,,,true,false,25,6,6,6,,,6,6,,,21,24,24,24,24,0.38,0,2254,,,0,,,,,29.58,,0,,,,,,,,,,,,,,,,,0.755,,,0,22.5,,56,,0,0
03/23/2026 16:48:43,,81442326017,8144,2,Indoor 03,,,true,false,25,6,6,6,,,6,6,,,20,23,23,23,23,0.38,0,2214,,,0,,,,,29.58,,0,,,,,,,,,,,,,,,,,0.730,,,0,22.4,,55,,0,0
03/23/2026 17:03:43,,81442326017,8144,2,Indoor 03,,,true,false,25,6,6,6,,,6,6,,,20,23,23,23,23,0.37,0,2200,,,0,,,,,29.58,,0,,,,,,,,,,,,,,,,,0.713,,,0,22.4,,55,,0,0
03/23/2026 17:18:43,,81442326017,8144,2,Indoor 03,,,true,false,25,6,6,6,,,6,6,,,21,23,23,23,23,0.37,0,2170,,,0,,,,,29.58,,0,,,,,,,,,,,,,,,,,0.681,,,0,22.4,,55,,0,0
03/23/2026 17:33:43,,81442326017,8144,2,Indoor 03,,,true,false,25,6,6,6,,,6,6,,,20,23,23,23,23,0.38,0,2158,,,0,,,,,29.58,,0,,,,,,,,,,,,,,,,,0.651,,,0,22.5,,55,,0,0
03/23/2026 17:48:43,,81442326017,8144,2,Indoor 03,,,true,false,25,6,6,6,,,6,6,,,20,23,23,23,23,0.38,0,2143,,,0,,,,,29.57,,0,,,,,,,,,,,,,,,,,0.624,,,0,22.5,,55,,0,0
03/23/2026 18:03:43,,81442326017,8144,2,Indoor 03,,,true,false,25,6,6,6,,,6,6,,,21,24,24,24,24,0.39,0,2206,,,0,,,,,29.57,,0,,,,,,,,,,,,,,,,,0.611,,,0,22.5,,56,,0,0
03/23/2026 18:18:43,,81442326017,8144,2,Indoor 03,,,true,false,25,6,6,6,,,6,6,,,20,22,23,23,23,0.39,0,2150,,,0,,,,,29.57,,0,,,,,,,,,,,,,,,,,0.590,,,0,22.6,,56,,0,0
03/23/2026 18:33:43,,81442326017,8144,2,Indoor 03,,,true,false,25,6,6,6,,,6,6,,,20,22,22,22,22,0.38,0,2150,,,0,,,,,29.57,,0,,,,,,,,,,,,,,,,,0.558,,,0,22.8,,56,,0,0
03/23/2026 18:48:43,,81442326017,8144,2,Indoor 03,,,true,false,25,6,6,6,,,6,6,,,20,22,22,22,22,0.38,0,2140,,,0,,,,,29.57,,0,,,,,,,,,,,,,,,,,0.523,,,0,22.9,,55,,0,0
03/23/2026 19:03:43,,81442326017,8144,2,Indoor 03,,,true,false,29,6,7,7,,,7,7,,,24,27,27,27,27,0.37,0,2133,,,0,,,,,29.57,,0,,,,,,,,,,,,,,,,,0.482,,,0,23.0,,55,,0,0
03/23/2026 19:18:43,,81442326017,8144,2,Indoor 03,,,true,false,29,6,7,7,,,7,7,,,24,27,27,27,27,0.36,0,2129,,,0,,,,,29.57,,0,,,,,,,,,,,,,,,,,0.439,,,0,23.1,,55,,0,0
03/23/2026 19:33:43,,81442326017,8144,2,Indoor 03,,,true,false,29,6,6,7,,,7,7,,,21,24,24,24,24,0.37,0,2116,,,0,,,,,29.57,,0,,,,,,,,,,,,,,,,,0.359,,,0,23.1,,55,,0,0
03/23/2026 19:48:43,,81442326017,8144,2,Indoor 03,,,true,false,25,6,6,6,,,6,6,,,20,23,23,23,23,0.37,0,2088,,,0,,,,,29.58,,0,,,,,,,,,,,,,,,,,0.292,,,0,23.1,,55,,0,0
03/23/2026 20:03:43,,81442326017,8144,2,Indoor 03,,,true,false,25,6,6,6,,,6,6,,,19,22,22,22,22,0.37,0,2073,,,0,,,,,29.59,,0,,,,,,,,,,,,,,,,,0.243,,,0,23.1,,55,,0,0
03/23/2026 20:18:43,,81442326017,8144,2,Indoor 03,,,true,false,25,6,6,6,,,6,6,,,19,22,22,22,22,0.37,0,2035,,,0,,,,,29.60,,0,,,,,,,,,,,,,,,,,0.199,,,0,23.2,,55,,0,0
03/23/2026 20:33:43,,81442326017,8144,2,Indoor 03,,,true,false,25,6,6,6,,,6,6,,,19,22,22,22,22,0.37,0,1991,,,0,,,,,29.61,,0,,,,,,,,,,,,,,,,,0.164,,,0,23.2,,55,,0,0
03/23/2026 20:48:43,,81442326017,8144,2,Indoor 03,,,true,false,25,6,5,6,,,6,6,,,18,20,20,20,20,0.38,0,1965,,,0,,,,,29.63,,0,,,,,,,,,,,,,,,,,0.126,,,0,23.2,,55,,0,0
03/23/2026 21:03:43,,81442326017,8144,2,Indoor 03,,,true,false,21,5,5,5,,,5,5,,,18,20,20,20,20,0.37,0,1925,,,0,,,,,29.64,,0,,,,,,,,,,,,,,,,,0.097,,,0,23.2,,55,,0,0
03/23/2026 21:18:43,,81442326017,8144,2,Indoor 03,,,true,false,21,5,5,5,,,5,5,,,16,18,18,18,18,0.36,0,1866,,,0,,,,,29.65,,0,,,,,,,,,,,,,,,,,0.072,,,0,23.2,,55,,0,0
03/23/2026 21:33:43,,81442326017,8144,2,Indoor 03,,,true,false,21,5,5,5,,,5,5,,,16,18,18,18,18,0.37,0,1808,,,0,,,,,29.67,,0,,,,,,,,,,,,,,,,,0.048,,,0,23.2,,54,,0,0
03/23/2026 21:48:43,,81442326017,8144,2,Indoor 03,,,true,false,21,5,4,5,,,5,5,,,15,17,17,17,17,0.37,0,1797,,,0,,,,,29.68,,0,,,,,,,,,,,,,,,,,0.037,,,0,23.2,,54,,0,0
03/23/2026 22:03:43,,81442326017,8144,2,Indoor 03,,,true,false,21,5,4,5,,,5,5,,,15,16,17,17,17,0.36,0,1756,,,0,,,,,29.70,,0,,,,,,,,,,,,,,,,,0.028,,,0,23.2,,54,,0,0
03/23/2026 22:18:43,,81442326017,8144,2,Indoor 03,,,true,false,17,4,4,4,,,4,4,,,14,16,16,16,16,0.38,0,1720,,,0,,,,,29.72,,0,,,,,,,,,,,,,,,,,0.021,,,0,23.3,,54,,0,0
03/23/2026 22:33:43,,81442326017,8144,2,Indoor 03,,,true,false,17,4,4,4,,,4,4,,,14,16,16,16,16,0.37,0,1729,,,0,,,,,29.73,,0,,,,,,,,,,,,,,,,,0.008,,,0,23.4,,53,,0,0
03/23/2026 22:48:43,,81442326017,8144,2,Indoor 03,,,true,false,17,4,4,4,,,4,4,,,14,16,16,16,16,0.39,0,1683,,,0,,,,,29.75,,0,,,,,,,,,,,,,,,,,0.000,,,0,23.6,,53,,0,0
03/23/2026 23:03:43,,81442326017,8144,2,Indoor 03,,,true,false,17,4,4,4,,,4,4,,,13,14,14,14,14,0.37,0,1638,,,0,,,,,29.77,,0,,,,,,,,,,,,,,,,,0.000,,,0,23.6,,52,,0,0
03/23/2026 23:18:43,,81442326017,8144,2,Indoor 03,,,true,false,17,4,4,4,,,4,4,,,12,14,14,14,14,0.37,0,1571,,,0,,,,,29.78,,0,,,,,,,,,,,,,,,,,0.000,,,0,23.6,,52,,0,0
03/23/2026 23:33:43,,81442326017,8144,2,Indoor 03,,,true,false,17,4,3,4,,,4,4,,,12,13,13,13,13,0.37,0,1534,,,0,,,,,29.79,,0,,,,,,,,,,,,,,,,,0.000,,,0,23.6,,51,,0,0
03/23/2026 23:48:43,,81442326017,8144,2,Indoor 03,,,true,false,13,3,3,3,,,3,3,,,11,12,12,12,12,0.37,0,1493,,,0,,,,,29.81,,0,,,,,,,,,,,,,,,,,0.000,,,0,23.6,,51,,0,0
03/24/2026 00:03:43,,81442326017,8144,2,Indoor 03,,,true,false,25,6,5,6,,,6,6,,,18,21,21,21,21,0.40,0,1519,,,0,,,,,29.82,,0,,,,,,,,,,,,,,,,,0.000,,,0,23.6,,51,,0,0
03/24/2026 00:18:43,,81442326017,8144,2,Indoor 03,,,true,false,55,13,13,14,,,14,14,,,46,51,52,52,52,0.42,0,1615,,,0,,,,,29.83,,0,,,,,,,,,,,,,,,,,0.000,,,0,23.6,,51,,0,0
03/24/2026 00:33:43,,81442326017,8144,2,Indoor 03,,,true,false,13,3,3,3,,,3,3,,,11,13,13,13,13,0.38,0,1537,,,0,,,,,29.84,,0,,,,,,,,,,,,,,,,,0.000,,,0,23.5,,51,,0,0
03/24/2026 00:48:43,,81442326017,8144,2,Indoor 03,,,true,false,13,3,3,3,,,3,3,,,11,12,12,12,12,0.37,0,1517,,,0,,,,,29.85,,0,,,,,,,,,,,,,,,,,0.000,,,0,23.4,,51,,0,0
03/24/2026 01:03:43,,81442326017,8144,2,Indoor 03,,,true,false,13,3,3,3,,,3,3,,,10,11,11,11,11,0.35,0,1494,,,0,,,,,29.86,,0,,,,,,,,,,,,,,,,,0.000,,,0,23.4,,51,,0,0
03/24/2026 01:18:43,,81442326017,8144,2,Indoor 03,,,true,false,13,3,3,3,,,3,3,,,10,11,11,11,11,0.36,0,1467,,,0,,,,,29.87,,0,,,,,,,,,,,,,,,,,0.000,,,0,23.4,,51,,0,0
03/24/2026 01:33:43,,81442326017,8144,2,Indoor 03,,,true,false,13,3,3,3,,,3,3,,,10,11,11,11,11,0.39,0,1475,,,0,,,,,29.88,,0,,,,,,,,,,,,,,,,,0.000,,,0,23.4,,51,,0,0
03/24/2026 01:48:43,,81442326017,8144,2,Indoor 03,,,true,false,13,3,3,3,,,3,3,,,10,11,11,11,11,0.37,0,1476,,,0,,,,,29.88,,0,,,,,,,,,,,,,,,,,0.000,,,0,23.5,,51,,0,0
03/24/2026 02:03:43,,81442326017,8144,2,Indoor 03,,,true,false,13,3,3,3,,,3,3,,,9,10,10,10,10,0.37,0,1458,,,0,,,,,29.89,,0,,,,,,,,,,,,,,,,,0.000,,,0,23.4,,50,,0,0
03/24/2026 02:18:43,,81442326017,8144,2,Indoor 03,,,true,false,13,3,3,3,,,3,3,,,9,10,10,10,10,0.37,0,1441,,,0,,,,,29.89,,0,,,,,,,,,,,,,,,,,0.000,,,0,23.4,,50,,0,0
03/24/2026 02:33:43,,81442326017,8144,2,Indoor 03,,,true,false,13,3,3,3,,,3,3,,,9,10,10,10,10,0.37,0,1434,,,0,,,,,29.90,,0,,,,,,,,,,,,,,,,,0.000,,,0,23.4,,50,,0,0
03/24/2026 02:48:43,,81442326017,8144,2,Indoor 03,,,true,false,13,3,3,3,,,3,3,,,10,11,11,11,11,0.39,0,1429,,,0,,,,,29.91,,0,,,,,,,,,,,,,,,,,0.000,,,0,23.4,,50,,0,0
03/24/2026 03:03:43,,81442326017,8144,2,Indoor 03,,,true,false,13,3,3,3,,,3,3,,,9,10,10,10,10,0.39,0,1421,,,0,,,,,29.91,,0,,,,,,,,,,,,,,,,,0.000,,,0,23.4,,50,,0,0
03/24/2026 03:18:43,,81442326017,8144,2,Indoor 03,,,true,false,13,3,2,3,,,3,3,,,8,9,9,10,10,0.38,0,1414,,,0,,,,,29.92,,0,,,,,,,,,,,,,,,,,0.000,,,0,23.4,,50,,0,0
03/24/2026 03:33:43,,81442326017,8144,2,Indoor 03,,,true,false,13,3,2,3,,,3,3,,,9,10,10,10,10,0.37,0,1394,,,0,,,,,29.93,,0,,,,,,,,,,,,,,,,,0.000,,,0,23.5,,50,,0,0
03/24/2026 03:48:43,,81442326017,8144,2,Indoor 03,,,true,false,8,2,2,2,,,2,2,,,8,9,9,9,9,0.36,0,1396,,,0,,,,,29.94,,0,,,,,,,,,,,,,,,,,0.000,,,0,23.5,,50,,0,0
03/24/2026 04:03:43,,81442326017,8144,2,Indoor 03,,,true,false,13,3,2,3,,,3,3,,,8,9,10,10,10,0.37,0,1377,,,0,,,,,29.94,,0,,,,,,,,,,,,,,,,,0.000,,,0,23.5,,49,,0,0
03/24/2026 04:18:43,,81442326017,8144,2,Indoor 03,,,true,false,13,3,3,3,,,3,3,,,9,10,10,10,10,0.37,0,1362,,,0,,,,,29.95,,0,,,,,,,,,,,,,,,,,0.000,,,0,23.5,,49,,0,0
03/24/2026 04:33:43,,81442326017,8144,2,Indoor 03,,,true,false,8,2,2,2,,,2,2,,,8,9,9,9,9,0.38,0,1370,,,0,,,,,29.96,,0,,,,,,,,,,,,,,,,,0.000,,,0,23.5,,49,,0,0
03/24/2026 04:48:43,,81442326017,8144,2,Indoor 03,,,true,false,8,2,2,2,,,2,2,,,8,9,9,9,9,0.39,0,1328,,,0,,,,,29.96,,0,,,,,,,,,,,,,,,,,0.000,,,0,23.5,,49,,0,0
03/24/2026 05:03:43,,81442326017,8144,2,Indoor 03,,,true,false,8,2,2,2,,,2,2,,,7,8,8,8,8,0.38,0,1298,,,0,,,,,29.97,,0,,,,,,,,,,,,,,,,,0.000,,,0,23.4,,48,,0,0
03/24/2026 05:18:43,,81442326017,8144,2,Indoor 03,,,true,false,8,2,2,2,,,2,2,,,8,8,8,8,8,0.39,0,1290,,,0,,,,,29.97,,0,,,,,,,,,,,,,,,,,0.000,,,0,23.4,,48,,0,0
03/24/2026 05:33:43,,81442326017,8144,2,Indoor 03,,,true,false,13,3,2,3,,,3,3,,,8,9,9,9,9,0.39,0,1298,,,0,,,,,29.97,,0,,,,,,,,,,,,,,,,,0.000,,,0,23.4,,49,,0,0
03/24/2026 05:48:43,,81442326017,8144,2,Indoor 03,,,true,false,8,2,2,2,,,2,2,,,8,8,8,8,8,0.39,0,1311,,,0,,,,,29.98,,0,,,,,,,,,,,,,,,,,0.000,,,0,23.5,,50,,0,0
03/24/2026 06:03:43,,81442326017,8144,2,Indoor 03,,,true,false,8,2,2,2,,,2,2,,,7,8,8,8,8,0.39,0,1278,,,0,,,,,29.98,,0,,,,,,,,,,,,,,,,,0.017,,,0,23.5,,51,,0,0
03/24/2026 06:18:43,,81442326017,8144,2,Indoor 03,,,true,false,13,3,2,3,,,3,3,,,8,9,9,9,9,0.39,0,1281,,,0,,,,,29.99,,0,,,,,,,,,,,,,,,,,0.018,,,0,23.5,,51,,0,0
03/24/2026 06:33:43,,81442326017,8144,2,Indoor 03,,,true,false,8,2,2,2,,,2,2,,,8,9,9,9,9,0.40,0,1276,,,0,,,,,30.00,,0,,,,,,,,,,,,,,,,,0.020,,,0,23.4,,50,,0,0
03/24/2026 06:48:43,,81442326017,8144,2,Indoor 03,,,true,false,8,2,2,2,,,2,2,,,8,9,9,9,9,0.40,0,1263,,,0,,,,,30.00,,0,,,,,,,,,,,,,,,,,0.021,,,0,23.4,,50,,0,0
03/24/2026 07:03:43,,81442326017,8144,2,Indoor 03,,,true,false,8,2,2,2,,,2,2,,,8,9,9,9,9,0.41,0,1262,,,0,,,,,30.00,,0,,,,,,,,,,,,,,,,,0.024,,,0,23.4,,49,,0,0
03/24/2026 07:18:43,,81442326017,8144,2,Indoor 03,,,true,false,8,2,2,2,,,2,2,,,7,8,8,8,8,0.41,0,1217,,,0,,,,,30.00,,0,,,,,,,,,,,,,,,,,0.020,,,0,23.3,,49,,0,0
03/24/2026 07:33:43,,81442326017,8144,2,Indoor 03,,,true,false,8,2,2,2,,,2,2,,,8,9,9,9,9,0.40,0,1222,,,0,,,,,30.00,,0,,,,,,,,,,,,,,,,,0.017,,,0,23.2,,49,,0,0
03/24/2026 07:48:43,,81442326017,8144,2,Indoor 03,,,true,false,8,2,2,2,,,2,2,,,7,8,8,8,8,0.39,0,1234,,,0,,,,,30.00,,0,,,,,,,,,,,,,,,,,0.019,,,0,23.1,,49,,0,0
03/24/2026 08:03:43,,81442326017,8144,2,Indoor 03,,,true,false,8,2,2,2,,,2,2,,,7,8,8,8,8,0.38,0,1242,,,0,,,,,30.01,,0,,,,,,,,,,,,,,,,,0.027,,,0,23.0,,49,,0,0
03/24/2026 08:18:43,,81442326017,8144,2,Indoor 03,,,true,false,8,2,2,2,,,2,2,,,6,7,7,7,7,0.40,0,1232,,,0,,,,,30.01,,0,,,,,,,,,,,,,,,,,0.032,,,0,22.9,,49,,0,0
03/24/2026 08:33:43,,81442326017,8144,2,Indoor 03,,,true,false,8,2,2,2,,,2,2,,,6,7,7,7,7,0.38,0,1220,,,0,,,,,30.02,,0,,,,,,,,,,,,,,,,,0.041,,,0,22.8,,49,,0,0
03/24/2026 08:48:43,,81442326017,8144,2,Indoor 03,,,true,false,8,2,2,2,,,2,2,,,6,7,7,7,7,0.38,0,1203,,,0,,,,,30.03,,0,,,,,,,,,,,,,,,,,0.040,,,0,22.7,,49,,0,0
03/24/2026 09:03:43,,81442326017,8144,2,Indoor 03,,,true,false,8,2,2,2,,,2,2,,,6,6,6,6,6,0.39,0,1190,,,0,,,,,30.03,,0,,,,,,,,,,,,,,,,,0.042,,,0,22.6,,49,,0,0
03/24/2026 09:18:43,,81442326017,8144,2,Indoor 03,,,true,false,8,2,2,2,,,2,2,,,6,6,6,6,6,0.38,0,1167,,,0,,,,,30.04,,0,,,,,,,,,,,,,,,,,0.040,,,0,22.5,,49,,0,0
03/24/2026 09:33:43,,81442326017,8144,2,Indoor 03,,,true,false,8,2,2,2,,,2,2,,,6,7,7,7,7,0.39,0,1145,,,0,,,,,30.05,,0,,,,,,,,,,,,,,,,,0.047,,,0,22.4,,49,,0,0
03/24/2026 09:48:43,,81442326017,8144,2,Indoor 03,,,true,false,8,2,2,2,,,2,2,,,6,6,6,6,6,0.40,0,1145,,,0,,,,,30.06,,0,,,,,,,,,,,,,,,,,0.049,,,0,22.4,,49,,0,0
03/24/2026 10:03:43,,81442326017,8144,2,Indoor 03,,,true,false,8,2,2,2,,,2,2,,,5,6,6,6,6,0.38,0,1139,,,0,,,,,30.07,,0,,,,,,,,,,,,,,,,,0.051,,,0,22.3,,49,,0,0
03/24/2026 10:18:43,,81442326017,8144,2,Indoor 03,,,true,false,8,2,1,2,,,2,2,,,5,6,6,6,6,0.38,0,1119,,,0,,,,,30.07,,0,,,,,,,,,,,,,,,,,0.049,,,0,22.3,,49,,0,0
03/24/2026 10:33:43,,81442326017,8144,2,Indoor 03,,,true,false,4,1,1,1,,,1,1,,,5,5,5,5,5,0.38,0,1100,,,0,,,,,30.08,,0,,,,,,,,,,,,,,,,,0.048,,,0,22.2,,49,,0,0
03/24/2026 10:48:43,,81442326017,8144,2,Indoor 03,,,true,false,4,1,1,1,,,1,1,,,5,6,6,6,6,0.37,0,1083,,,0,,,,,30.09,,0,,,,,,,,,,,,,,,,,0.046,,,0,22.2,,48,,0,0
03/24/2026 11:03:43,,81442326017,8144,2,Indoor 03,,,true,false,4,1,1,1,,,1,1,,,5,5,5,5,5,0.37,0,1073,,,0,,,,,30.10,,0,,,,,,,,,,,,,,,,,0.048,,,0,22.2,,48,,0,0
03/24/2026 11:18:43,,81442326017,8144,2,Indoor 03,,,true,false,4,1,1,1,,,1,1,,,4,5,5,5,5,0.38,0,1044,,,0,,,,,30.11,,0,,,,,,,,,,,,,,,,,0.044,,,0,22.4,,48,,0,0
03/24/2026 11:33:43,,81442326017,8144,2,Indoor 03,,,true,false,4,1,1,1,,,1,1,,,4,5,5,5,5,0.38,0,1043,,,0,,,,,30.12,,0,,,,,,,,,,,,,,,,,0.044,,,0,22.4,,48,,0,0
03/24/2026 11:48:43,,81442326017,8144,2,Indoor 03,,,true,false,4,1,1,1,,,1,1,,,4,5,5,5,5,0.38,0,1039,,,0,,,,,30.12,,0,,,,,,,,,,,,,,,,,0.061,,,0,22.3,,48,,0,0
03/24/2026 12:03:43,,81442326017,8144,2,Indoor 03,,,true,false,4,1,1,1,,,1,1,,,4,5,5,5,5,0.38,0,1019,,,0,,,,,30.13,,0,,,,,,,,,,,,,,,,,0.048,,,0,22.3,,47,,0,0
03/24/2026 12:18:43,,81442326017,8144,2,Indoor 03,,,true,false,4,1,1,1,,,1,1,,,4,5,5,5,5,0.39,0,999,,,0,,,,,30.13,,0,,,,,,,,,,,,,,,,,0.041,,,0,22.2,,47,,0,0
03/24/2026 12:33:43,,81442326017,8144,2,Indoor 03,,,true,false,4,1,1,1,,,1,1,,,5,5,5,5,5,0.38,0,984,,,0,,,,,30.13,,0,,,,,,,,,,,,,,,,,0.065,,,0,22.1,,47,,0,0
03/24/2026 12:48:43,,81442326017,8144,2,Indoor 03,,,true,false,4,1,1,1,,,1,1,,,4,5,5,5,5,0.38,0,993,,,0,,,,,30.14,,0,,,,,,,,,,,,,,,,,0.112,,,0,22.1,,47,,0,0
03/24/2026 13:03:43,,81442326017,8144,2,Indoor 03,,,true,false,4,1,1,1,,,1,1,,,3,4,4,4,4,0.38,0,967,,,0,,,,,30.14,,0,,,,,,,,,,,,,,,,,0.083,,,0,22.3,,47,,0,0
03/24/2026 13:18:43,,81442326017,8144,2,Indoor 03,,,true,false,4,1,1,1,,,1,1,,,4,4,4,4,4,0.37,0,961,,,0,,,,,30.15,,0,,,,,,,,,,,,,,,,,0.073,,,0,22.4,,47,,0,0
03/24/2026 13:33:43,,81442326017,8144,2,Indoor 03,,,true,false,4,1,1,1,,,1,1,,,3,4,4,4,4,0.36,0,971,,,0,,,,,30.15,,0,,,,,,,,,,,,,,,,,0.336,,,0,22.3,,46,,0,0
03/24/2026 13:48:43,,81442326017,8144,2,Indoor 03,,,true,false,4,1,1,1,,,1,1,,,4,4,4,4,4,0.36,0,945,,,0,,,,,30.16,,0,,,,,,,,,,,,,,,,,0.150,,,0,22.2,,46,,0,0
03/24/2026 14:03:43,,81442326017,8144,2,Indoor 03,,,true,false,4,1,1,1,,,1,1,,,3,4,4,4,4,0.37,0,942,,,0,,,,,30.16,,0,,,,,,,,,,,,,,,,,0.114,,,0,22.1,,46,,0,0
03/24/2026 14:18:43,,81442326017,8144,2,Indoor 03,,,true,false,4,1,1,1,,,1,1,,,4,4,4,4,4,0.37,0,936,,,0,,,,,30.16,,0,,,,,,,,,,,,,,,,,0.260,,,0,22.1,,46,,0,0
03/24/2026 14:33:43,,81442326017,8144,2,Indoor 03,,,true,false,4,1,1,1,,,1,1,,,3,4,4,4,4,0.38,0,934,,,0,,,,,30.16,,0,,,,,,,,,,,,,,,,,0.755,,,0,22.1,,46,,0,0
03/24/2026 14:48:43,,81442326017,8144,2,Indoor 03,,,true,false,4,1,1,1,,,1,1,,,3,3,3,3,3,0.37,0,919,,,0,,,,,30.16,,0,,,,,,,,,,,,,,,,,0.893,,,0,22.2,,46,,0,0
03/24/2026 15:03:43,,81442326017,8144,2,Indoor 03,,,true,false,4,1,1,1,,,1,1,,,3,4,4,4,4,0.37,0,918,,,0,,,,,30.16,,0,,,,,,,,,,,,,,,,,0.874,,,0,22.3,,45,,0,0
03/24/2026 15:18:43,,81442326017,8144,2,Indoor 03,,,true,false,4,1,1,1,,,1,1,,,3,4,4,4,4,0.37,0,942,,,0,,,,,30.16,,0,,,,,,,,,,,,,,,,,0.840,,,0,22.2,,45,,0,0
03/24/2026 15:33:43,,81442326017,8144,2,Indoor 03,,,true,false,4,1,1,1,,,1,1,,,3,4,4,4,4,0.39,0,929,,,0,,,,,30.17,,0,,,,,,,,,,,,,,,,,0.819,,,0,22.2,,45,,0,0
03/24/2026 15:48:43,,81442326017,8144,2,Indoor 03,,,true,false,4,1,1,1,,,1,1,,,3,3,3,3,3,0.38,0,945,,,0,,,,,30.16,,0,,,,,,,,,,,,,,,,,0.804,,,0,22.1,,45,,0,0
03/24/2026 16:03:43,,81442326017,8144,2,Indoor 03,,,true,false,4,1,1,1,,,1,1,,,3,4,4,4,4,0.37,0,933,,,0,,,,,30.16,,0,,,,,,,,,,,,,,,,,0.759,,,0,22.1,,45,,0,0
03/24/2026 16:18:43,,81442326017,8144,2,Indoor 03,,,true,false,4,1,1,1,,,1,1,,,3,3,3,3,3,0.37,0,955,,,0,,,,,30.16,,0,,,,,,,,,,,,,,,,,0.851,,,0,22.1,,45,,0,0
03/24/2026 16:33:43,,81442326017,8144,2,Indoor 03,,,true,false,4,1,1,1,,,1,1,,,3,4,4,4,4,0.37,0,972,,,0,,,,,30.15,,0,,,,,,,,,,,,,,,,,0.831,,,0,22.1,,45,,0,0
03/24/2026 16:48:43,,81442326017,8144,2,Indoor 03,,,true,false,4,1,1,1,,,1,1,,,3,3,3,3,3,0.37,0,958,,,0,,,,,30.15,,0,,,,,,,,,,,,,,,,,0.825,,,0,22.1,,45,,0,0
03/24/2026 17:03:43,,81442326017,8144,2,Indoor 03,,,true,false,4,1,1,1,,,1,1,,,3,3,3,3,3,0.37,0,952,,,0,,,,,30.15,,0,,,,,,,,,,,,,,,,,0.964,,,0,22.4,,45,,0,0
03/24/2026 17:18:43,,81442326017,8144,2,Indoor 03,,,true,false,4,1,1,1,,,1,1,,,3,3,3,3,3,0.36,0,993,,,0,,,,,30.15,,0,,,,,,,,,,,,,,,,,1.000,,,0,22.3,,45,,0,0
03/24/2026 17:33:43,,81442326017,8144,2,Indoor 03,,,true,false,4,1,1,1,,,1,1,,,3,3,3,3,3,0.36,0,1003,,,0,,,,,30.15,,0,,,,,,,,,,,,,,,,,0.939,,,0,22.3,,45,,0,0
03/24/2026 17:48:43,,81442326017,8144,2,Indoor 03,,,true,false,4,1,1,1,,,1,1,,,3,3,3,3,3,0.37,0,999,,,0,,,,,30.14,,0,,,,,,,,,,,,,,,,,0.900,,,0,22.3,,45,,0,0
03/24/2026 18:03:43,,81442326017,8144,2,Indoor 03,,,true,false,4,1,1,1,,,1,1,,,4,4,4,4,4,0.38,0,1071,,,0,,,,,30.14,,0,,,,,,,,,,,,,,,,,0.887,,,0,22.3,,45,,0,0
03/24/2026 18:18:43,,81442326017,8144,2,Indoor 03,,,true,false,4,1,1,1,,,1,1,,,4,5,5,5,5,0.39,0,1058,,,0,,,,,30.13,,0,,,,,,,,,,,,,,,,,1.027,,,0,22.3,,45,,0,0
03/24/2026 18:33:43,,81442326017,8144,2,Indoor 03,,,true,false,4,1,1,1,,,1,1,,,4,5,5,5,5,0.40,0,1049,,,0,,,,,30.13,,0,,,,,,,,,,,,,,,,,0.925,,,0,22.4,,44,,0,0
03/24/2026 18:48:43,,81442326017,8144,2,Indoor 03,,,true,false,4,1,1,1,,,1,1,,,4,5,5,5,5,0.40,0,1034,,,0,,,,,30.12,,0,,,,,,,,,,,,,,,,,0.883,,,0,22.4,,44,,0,0
03/24/2026 19:03:43,,81442326017,8144,2,Indoor 03,,,true,false,8,2,2,2,,,2,2,,,5,6,6,6,6,0.38,0,1024,,,0,,,,,30.11,,0,,,,,,,,,,,,,,,,,0.849,,,0,22.3,,44,,0,0
03/24/2026 19:18:43,,81442326017,8144,2,Indoor 03,,,true,false,8,2,2,2,,,2,2,,,7,8,8,8,8,0.39,0,1010,,,0,,,,,30.10,,0,,,,,,,,,,,,,,,,,0.818,,,0,22.3,,44,,0,0
03/24/2026 19:33:43,,81442326017,8144,2,Indoor 03,,,true,false,8,2,2,2,,,2,2,,,7,8,8,8,8,0.40,0,984,,,0,,,,,30.09,,0,,,,,,,,,,,,,,,,,0.769,,,0,22.2,,44,,0,0
03/24/2026 19:48:43,,81442326017,8144,2,Indoor 03,,,true,false,8,2,2,2,,,2,2,,,6,7,7,7,7,0.39,0,963,,,0,,,,,30.08,,0,,,,,,,,,,,,,,,,,0.699,,,0,22.2,,44,,0,0
03/24/2026 20:03:43,,81442326017,8144,2,Indoor 03,,,true,false,8,2,2,2,,,2,2,,,6,7,7,7,7,0.37,0,921,,,0,,,,,30.08,,0,,,,,,,,,,,,,,,,,0.593,,,0,22.4,,44,,0,0
03/24/2026 20:18:43,,81442326017,8144,2,Indoor 03,,,true,false,8,2,2,2,,,2,2,,,6,7,7,7,7,0.38,0,910,,,0,,,,,30.09,,0,,,,,,,,,,,,,,,,,0.499,,,0,22.4,,44,,0,0
03/24/2026 20:33:43,,81442326017,8144,2,Indoor 03,,,true,false,8,2,2,2,,,2,2,,,6,7,7,7,7,0.39,0,918,,,0,,,,,30.09,,0,,,,,,,,,,,,,,,,,0.419,,,0,22.3,,44,,0,0
03/24/2026 20:48:43,,81442326017,8144,2,Indoor 03,,,true,false,8,2,2,2,,,2,2,,,6,7,7,7,7,0.38,0,897,,,0,,,,,30.08,,0,,,,,,,,,,,,,,,,,0.331,,,0,22.2,,44,,0,0
03/24/2026 21:03:43,,81442326017,8144,2,Indoor 03,,,true,false,8,2,2,2,,,2,2,,,6,7,7,7,7,0.39,0,900,,,0,,,,,30.08,,0,,,,,,,,,,,,,,,,,0.280,,,0,22.2,,44,,0,0
03/24/2026 21:18:43,,81442326017,8144,2,Indoor 03,,,true,false,8,2,2,2,,,2,2,,,6,7,7,7,7,0.40,0,883,,,0,,,,,30.07,,0,,,,,,,,,,,,,,,,,0.206,,,0,22.1,,44,,0,0
03/24/2026 21:33:43,,81442326017,8144,2,Indoor 03,,,true,false,8,2,2,2,,,2,2,,,6,6,6,6,6,0.38,0,856,,,0,,,,,30.07,,0,,,,,,,,,,,,,,,,,0.151,,,0,22.3,,44,,0,0
03/24/2026 21:48:43,,81442326017,8144,2,Indoor 03,,,true,false,8,2,1,2,,,2,2,,,5,6,6,6,6,0.37,0,841,,,0,,,,,30.07,,0,,,,,,,,,,,,,,,,,0.123,,,0,22.4,,43,,0,0
03/24/2026 22:03:43,,81442326017,8144,2,Indoor 03,,,true,false,8,2,2,2,,,2,2,,,6,6,6,6,6,0.38,0,828,,,0,,,,,30.07,,0,,,,,,,,,,,,,,,,,0.104,,,0,22.3,,43,,0,0
03/24/2026 22:18:43,,81442326017,8144,2,Indoor 03,,,true,false,8,2,1,2,,,2,2,,,5,6,6,6,6,0.38,0,862,,,0,,,,,30.07,,0,,,,,,,,,,,,,,,,,0.094,,,0,22.3,,44,,0,0
03/24/2026 22:33:43,,81442326017,8144,2,Indoor 03,,,true,false,13,3,3,3,,,3,3,,,11,12,12,12,12,0.39,0,978,,,0,,,,,30.07,,0,,,,,,,,,,,,,,,,,0.170,,,0,22.3,,45,,0,0
03/24/2026 22:48:43,,81442326017,8144,2,Indoor 03,,,true,false,25,6,6,6,,,6,6,,,19,22,22,22,22,0.39,0,980,,,0,,,,,30.07,,0,,,,,,,,,,,,,,,,,0.405,,,0,22.4,,49,,0,0
03/24/2026 23:03:43,,81442326017,8144,2,Indoor 03,,,true,false,155,58,55,63,,,67,69,,,183,210,213,213,214,0.50,0,969,,,0,,,,,30.08,,0,,,,,,,,,,,,,,,,,0.547,,,0,22.6,,54,,0,0
03/24/2026 23:18:43,,81442326017,8144,2,Indoor 03,,,true,false,165,67,73,82,,,86,88,,,244,279,282,283,283,0.56,0,1009,,,0,,,,,30.08,,0,,,,,,,,,,,,,,,,,0.554,,,0,22.8,,55,,0,0
03/24/2026 23:33:43,,81442326017,8144,2,Indoor 03,,,true,false,157,60,61,68,,,71,73,,,202,231,234,234,234,0.55,0,1054,,,0,,,,,30.09,,0,,,,,,,,,,,,,,,,,0.516,,,0,23.0,,55,,0,0
03/24/2026 23:48:43,,81442326017,8144,2,Indoor 03,,,true,false,154,56,56,62,,,65,66,,,186,213,215,215,215,0.55,0,1058,,,0,,,,,30.09,,0,,,,,,,,,,,,,,,,,0.465,,,0,23.1,,54,,0,0
03/25/2026 00:03:43,,81442326017,8144,2,Indoor 03,,,true,false,153,55,53,60,,,62,64,,,176,202,204,204,205,0.56,0,1107,,,0,,,,,30.10,,0,,,,,,,,,,,,,,,,,0.519,,,0,23.0,,53,,0,0
03/25/2026 00:18:43,,81442326017,8144,2,Indoor 03,,,true,false,147,52,49,54,,,56,57,,,163,186,187,188,188,0.54,0,1073,,,0,,,,,30.10,,0,,,,,,,,,,,,,,,,,0.509,,,0,23.0,,52,,0,0
03/25/2026 00:33:43,,81442326017,8144,2,Indoor 03,,,true,false,139,51,46,51,,,54,55,,,155,176,178,179,179,0.55,0,1052,,,0,,,,,30.10,,0,,,,,,,,,,,,,,,,,0.457,,,0,23.0,,51,,0,0
03/25/2026 00:48:43,,81442326017,8144,2,Indoor 03,,,true,false,132,47,43,48,,,50,51,,,144,164,166,166,166,0.55,0,1070,,,0,,,,,30.11,,0,,,,,,,,,,,,,,,,,0.484,,,0,23.0,,50,,0,0
03/25/2026 01:03:43,,81442326017,8144,2,Indoor 03,,,true,false,127,45,42,46,,,48,49,,,140,159,161,161,161,0.55,0,1086,,,0,,,,,30.11,,0,,,,,,,,,,,,,,,,,0.500,,,0,23.0,,50,,0,0
03/25/2026 01:18:43,,81442326017,8144,2,Indoor 03,,,true,false,119,43,39,43,,,45,46,,,132,150,151,152,152,0.54,0,1110,,,0,,,,,30.12,,0,,,,,,,,,,,,,,,,,0.489,,,0,22.9,,50,,0,0
03/25/2026 01:33:43,,81442326017,8144,2,Indoor 03,,,true,false,112,39,36,40,,,41,42,,,122,139,140,140,140,0.53,0,1147,,,0,,,,,30.12,,0,,,,,,,,,,,,,,,,,0.502,,,0,22.9,,50,,0,0
03/25/2026 01:48:43,,81442326017,8144,2,Indoor 03,,,true,false,105,36,34,37,,,38,39,,,113,129,130,130,130,0.54,0,1204,,,0,,,,,30.12,,0,,,,,,,,,,,,,,,,,0.679,,,0,22.9,,49,,0,0
03/25/2026 02:03:43,,81442326017,8144,2,Indoor 03,,,true,false,97,33,31,34,,,35,36,,,103,117,118,118,119,0.54,0,1202,,,0,,,,,30.12,,0,,,,,,,,,,,,,,,,,0.903,,,0,23.0,,49,,0,0
03/25/2026 02:18:43,,81442326017,8144,2,Indoor 03,,,true,false,93,31,29,32,,,33,34,,,100,113,114,114,114,0.54,0,1190,,,0,,,,,30.11,,0,,,,,,,,,,,,,,,,,0.886,,,0,23.0,,49,,0,0
03/25/2026 02:33:43,,81442326017,8144,2,Indoor 03,,,true,false,95,31,30,33,,,34,34,,,101,115,116,116,116,0.53,0,1189,,,0,,,,,30.12,,0,,,,,,,,,,,,,,,,,0.891,,,0,23.0,,49,,0,0
03/25/2026 02:48:43,,81442326017,8144,2,Indoor 03,,,true,false,95,31,30,33,,,33,34,,,102,115,116,116,116,0.51,0,1212,,,0,,,,,30.12,,0,,,,,,,,,,,,,,,,,0.904,,,0,23.0,,49,,0,0
03/25/2026 03:03:43,,81442326017,8144,2,Indoor 03,,,true,false,97,32,31,34,,,35,35,,,103,117,118,118,118,0.53,0,1209,,,0,,,,,30.12,,0,,,,,,,,,,,,,,,,,0.919,,,0,23.1,,49,,0,0
03/25/2026 03:18:43,,81442326017,8144,2,Indoor 03,,,true,false,84,27,27,28,,,29,29,,,90,102,102,103,103,0.50,0,1219,,,0,,,,,30.12,,0,,,,,,,,,,,,,,,,,0.949,,,0,23.2,,48,,0,0
03/25/2026 03:33:43,,81442326017,8144,2,Indoor 03,,,true,false,80,25,24,26,,,26,27,,,82,93,93,94,94,0.51,0,1229,,,0,,,,,30.12,,0,,,,,,,,,,,,,,,,,0.953,,,0,23.2,,48,,0,0
03/25/2026 03:48:43,,81442326017,8144,2,Indoor 03,,,true,false,82,26,25,27,,,28,28,,,86,97,97,97,97,0.50,0,1239,,,0,,,,,30.11,,0,,,,,,,,,,,,,,,,,0.940,,,0,23.2,,48,,0,0
03/25/2026 04:03:43,,81442326017,8144,2,Indoor 03,,,true,false,74,21,21,23,,,23,23,,,73,82,83,83,83,0.50,0,1250,,,0,,,,,30.11,,0,,,,,,,,,,,,,,,,,0.921,,,0,23.2,,49,,0,0
03/25/2026 04:18:43,,81442326017,8144,2,Indoor 03,,,true,false,72,20,20,22,,,22,22,,,69,78,78,78,78,0.49,0,1262,,,0,,,,,30.10,,0,,,,,,,,,,,,,,,,,0.899,,,0,23.2,,48,,0,0
03/25/2026 04:33:43,,81442326017,8144,2,Indoor 03,,,true,false,68,19,19,20,,,21,21,,,65,74,74,74,74,0.49,0,1260,,,0,,,,,30.11,,0,,,,,,,,,,,,,,,,,0.876,,,0,23.1,,48,,0,0
03/25/2026 04:48:43,,81442326017,8144,2,Indoor 03,,,true,false,66,19,18,19,,,20,20,,,62,70,70,70,71,0.48,0,1265,,,0,,,,,30.11,,0,,,,,,,,,,,,,,,,,0.877,,,0,22.9,,52,,0,0
03/25/2026 05:03:43,,81442326017,8144,2,Indoor 03,,,true,false,63,17,17,18,,,18,18,,,57,64,65,65,65,0.48,0,1256,,,0,,,,,30.10,,0,,,,,,,,,,,,,,,,,0.874,,,0,22.7,,54,,0,0
03/25/2026 05:18:43,,81442326017,8144,2,Indoor 03,,,true,false,61,16,16,17,,,17,17,,,56,63,63,63,63,0.48,0,1260,,,0,,,,,30.10,,0,,,,,,,,,,,,,,,,,0.860,,,0,22.6,,54,,0,0
03/25/2026 05:33:43,,81442326017,8144,2,Indoor 03,,,true,false,59,15,15,16,,,16,16,,,52,59,59,59,59,0.47,0,1262,,,0,,,,,30.11,,0,,,,,,,,,,,,,,,,,0.845,,,0,22.6,,54,,0,0
03/25/2026 05:48:43,,81442326017,8144,2,Indoor 03,,,true,false,59,15,15,16,,,16,16,,,52,59,59,59,59,0.47,0,1263,,,0,,,,,30.12,,0,,,,,,,,,,,,,,,,,0.827,,,0,22.5,,54,,0,0
03/25/2026 06:03:43,,81442326017,8144,2,Indoor 03,,,true,false,57,14,14,15,,,15,15,,,47,53,53,53,53,0.47,0,1258,,,0,,,,,30.12,,0,,,,,,,,,,,,,,,,,0.809,,,0,22.4,,54,,0,0
03/25/2026 06:18:43,,81442326017,8144,2,Indoor 03,,,true,false,55,13,13,14,,,14,14,,,47,52,52,52,52,0.46,0,1250,,,0,,,,,30.11,,0,,,,,,,,,,,,,,,,,0.788,,,0,22.3,,54,,0,0
03/25/2026 06:33:43,,81442326017,8144,2,Indoor 03,,,true,false,55,13,13,14,,,14,14,,,45,50,51,51,51,0.48,0,1245,,,0,,,,,30.10,,0,,,,,,,,,,,,,,,,,0.764,,,0,22.3,,54,,0,0
03/25/2026 06:48:43,,81442326017,8144,2,Indoor 03,,,true,false,53,12,12,13,,,13,13,,,43,48,49,49,49,0.45,0,1245,,,0,,,,,30.10,,0,,,,,,,,,,,,,,,,,0.737,,,0,22.2,,54,,0,0
03/25/2026 07:03:43,,81442326017,8144,2,Indoor 03,,,true,false,53,12,12,13,,,13,13,,,41,46,46,46,46,0.46,0,1231,,,0,,,,,30.11,,0,,,,,,,,,,,,,,,,,0.707,,,0,22.1,,54,,0,0
03/25/2026 07:18:43,,81442326017,8144,2,Indoor 03,,,true,false,50,11,12,12,,,12,12,,,40,45,45,45,45,0.46,0,1218,,,0,,,,,30.10,,0,,,,,,,,,,,,,,,,,0.669,,,0,22.1,,54,,0,0
03/25/2026 07:33:43,,81442326017,8144,2,Indoor 03,,,true,false,46,10,11,11,,,11,11,,,37,42,42,42,42,0.46,0,1211,,,0,,,,,30.09,,0,,,,,,,,,,,,,,,,,0.623,,,0,22.1,,54,,0,0
03/25/2026 07:48:43,,81442326017,8144,2,Indoor 03,,,true,false,42,9,10,10,,,10,10,,,33,37,37,38,38,0.45,0,1198,,,0,,,,,30.08,,0,,,,,,,,,,,,,,,,,0.540,,,0,22.1,,53,,0,0
03/25/2026 08:03:43,,81442326017,8144,2,Indoor 03,,,true,false,38,8,9,9,,,9,9,,,30,33,34,34,34,0.45,0,1170,,,0,,,,,30.08,,0,,,,,,,,,,,,,,,,,0.496,,,0,22.6,,53,,0,0
03/25/2026 08:18:43,,81442326017,8144,2,Indoor 03,,,true,false,38,8,8,9,,,9,9,,,29,32,32,32,32,0.45,0,1171,,,0,,,,,30.09,,0,,,,,,,,,,,,,,,,,0.462,,,0,22.5,,53,,0,0
03/25/2026 08:33:43,,81442326017,8144,2,Indoor 03,,,true,false,38,8,8,9,,,9,9,,,28,31,31,31,31,0.47,0,1163,,,0,,,,,30.09,,0,,,,,,,,,,,,,,,,,0.403,,,0,22.4,,53,,0,0
03/25/2026 08:48:43,,81442326017,8144,2,Indoor 03,,,true,false,33,7,8,8,,,8,8,,,27,31,31,31,31,0.44,0,1165,,,0,,,,,30.09,,0,,,,,,,,,,,,,,,,,0.342,,,0,22.3,,53,,0,0
03/25/2026 09:03:43,,81442326017,8144,2,Indoor 03,,,true,false,33,7,8,8,,,8,8,,,26,29,29,29,29,0.44,0,1165,,,0,,,,,30.08,,0,,,,,,,,,,,,,,,,,0.277,,,0,22.2,,52,,0,0
03/25/2026 09:18:43,,81442326017,8144,2,Indoor 03,,,true,false,29,6,7,7,,,7,7,,,24,27,27,27,27,0.43,0,1155,,,0,,,,,30.08,,0,,,,,,,,,,,,,,,,,0.213,,,0,22.2,,52,,0,0
03/25/2026 09:33:43,,81442326017,8144,2,Indoor 03,,,true,false,29,6,6,7,,,7,7,,,21,24,24,24,24,0.44,0,1138,,,0,,,,,30.08,,0,,,,,,,,,,,,,,,,,0.192,,,0,22.6,,52,,0,0
03/25/2026 09:48:43,,81442326017,8144,2,Indoor 03,,,true,false,29,6,6,7,,,7,7,,,21,24,24,24,24,0.44,0,1139,,,0,,,,,30.09,,0,,,,,,,,,,,,,,,,,0.176,,,0,22.5,,52,,0,0
03/25/2026 10:03:43,,81442326017,8144,2,Indoor 03,,,true,false,25,6,6,6,,,6,6,,,21,23,23,23,23,0.45,0,1128,,,0,,,,,30.09,,0,,,,,,,,,,,,,,,,,0.148,,,0,22.3,,52,,0,0
03/25/2026 10:18:43,,81442326017,8144,2,Indoor 03,,,true,false,25,6,6,6,,,6,6,,,20,22,22,22,22,0.44,0,1120,,,0,,,,,30.09,,0,,,,,,,,,,,,,,,,,0.132,,,0,22.2,,52,,0,0
03/25/2026 10:33:43,,81442326017,8144,2,Indoor 03,,,true,false,25,6,5,6,,,6,6,,,19,21,21,21,21,0.45,0,1122,,,0,,,,,30.09,,0,,,,,,,,,,,,,,,,,0.113,,,0,22.1,,52,,0,0
03/25/2026 10:48:43,,81442326017,8144,2,Indoor 03,,,true,false,21,5,5,5,,,5,5,,,16,18,18,18,18,0.43,0,1106,,,0,,,,,30.09,,0,,,,,,,,,,,,,,,,,0.099,,,0,22.4,,51,,0,0
03/25/2026 11:03:43,,81442326017,8144,2,Indoor 03,,,true,false,21,5,4,5,,,5,5,,,15,17,17,17,17,0.41,0,1105,,,0,,,,,30.10,,0,,,,,,,,,,,,,,,,,0.104,,,0,22.6,,51,,0,0
03/25/2026 11:18:43,,81442326017,8144,2,Indoor 03,,,true,false,21,5,5,5,,,5,5,,,16,18,18,18,18,0.41,0,1109,,,0,,,,,30.10,,0,,,,,,,,,,,,,,,,,0.095,,,0,22.4,,51,,0,0
03/25/2026 11:33:43,,81442326017,8144,2,Indoor 03,,,true,false,21,5,5,5,,,5,5,,,16,18,18,18,18,0.42,0,1105,,,0,,,,,30.10,,0,,,,,,,,,,,,,,,,,0.084,,,0,22.3,,51,,0,0
03/25/2026 11:48:43,,81442326017,8144,2,Indoor 03,,,true,false,21,5,4,5,,,5,5,,,15,17,17,17,17,0.41,0,1101,,,0,,,,,30.10,,0,,,,,,,,,,,,,,,,,0.074,,,0,22.2,,52,,0,0
03/25/2026 12:03:43,,81442326017,8144,2,Indoor 03,,,true,false,17,4,4,4,,,4,4,,,13,15,15,15,15,0.42,0,1093,,,0,,,,,30.10,,0,,,,,,,,,,,,,,,,,0.059,,,0,22.4,,51,,0,0
03/25/2026 12:18:43,,81442326017,8144,2,Indoor 03,,,true,false,17,4,4,4,,,4,4,,,13,15,15,15,15,0.43,0,1097,,,0,,,,,30.11,,0,,,,,,,,,,,,,,,,,0.065,,,0,22.5,,51,,0,0
03/25/2026 12:33:43,,81442326017,8144,2,Indoor 03,,,true,false,17,4,4,4,,,4,4,,,13,14,14,14,14,0.43,0,1100,,,0,,,,,30.12,,0,,,,,,,,,,,,,,,,,0.062,,,0,22.4,,51,,0,0
03/25/2026 12:48:43,,81442326017,8144,2,Indoor 03,,,true,false,17,4,4,4,,,4,4,,,12,14,14,14,14,0.43,0,1104,,,0,,,,,30.12,,0,,,,,,,,,,,,,,,,,0.091,,,0,22.2,,51,,0,0
03/25/2026 13:03:43,,81442326017,8144,2,Indoor 03,,,true,false,17,4,3,4,,,4,4,,,12,14,14,14,14,0.44,0,1100,,,0,,,,,30.13,,0,,,,,,,,,,,,,,,,,0.091,,,0,22.1,,51,,0,0
03/25/2026 13:18:43,,81442326017,8144,2,Indoor 03,,,true,false,13,3,3,3,,,3,3,,,11,12,12,12,12,0.41,0,1083,,,0,,,,,30.13,,0,,,,,,,,,,,,,,,,,0.057,,,0,22.3,,51,,0,0
03/25/2026 13:33:43,,81442326017,8144,2,Indoor 03,,,true,false,13,3,3,3,,,3,3,,,11,12,12,12,12,0.40,0,1074,,,0,,,,,30.13,,0,,,,,,,,,,,,,,,,,0.057,,,0,22.5,,51,,0,0
03/25/2026 13:48:43,,81442326017,8144,2,Indoor 03,,,true,false,13,3,3,3,,,3,3,,,11,12,12,12,12,0.41,0,1090,,,0,,,,,30.13,,0,,,,,,,,,,,,,,,,,0.055,,,0,22.4,,51,,0,0
03/25/2026 14:03:43,,81442326017,8144,2,Indoor 03,,,true,false,13,3,3,3,,,3,3,,,11,12,12,12,12,0.41,0,1102,,,0,,,,,30.13,,0,,,,,,,,,,,,,,,,,0.184,,,0,22.3,,51,,0,0
03/25/2026 14:18:43,,81442326017,8144,2,Indoor 03,,,true,false,13,3,3,3,,,3,3,,,11,12,12,12,12,0.41,0,1124,,,0,,,,,30.13,,0,,,,,,,,,,,,,,,,,0.521,,,0,22.2,,51,,0,0
03/25/2026 14:33:43,,81442326017,8144,2,Indoor 03,,,true,false,13,3,3,3,,,3,3,,,11,12,12,12,12,0.41,0,1112,,,0,,,,,30.13,,0,,,,,,,,,,,,,,,,,0.244,,,0,22.1,,51,,0,0
03/25/2026 14:48:43,,81442326017,8144,2,Indoor 03,,,true,false,13,3,3,3,,,3,3,,,10,12,12,12,12,0.41,0,1132,,,0,,,,,30.12,,0,,,,,,,,,,,,,,,,,0.171,,,0,22.1,,51,,0,0
03/25/2026 15:03:43,,81442326017,8144,2,Indoor 03,,,true,false,13,3,3,3,,,3,3,,,11,12,12,12,12,0.40,0,1160,,,0,,,,,30.12,,0,,,,,,,,,,,,,,,,,0.139,,,0,22.1,,51,,0,0
03/25/2026 17:18:21,,81442326017,8144,2,Indoor 03,,,true,false,17,4,4,4,,,4,4,,,14,15,15,15,15,0.40,0,548,,,0,,,,,30.09,,0,,,,,,,,,,,,,,,,,0.000,,,0,20.5,,38,,0,5
03/25/2026 17:33:21,,81442326017,8144,2,Indoor 03,,,true,false,17,4,4,4,,,4,4,,,15,17,17,17,17,0.39,0,509,,,0,,,,,30.08,,0,,,,,,,,,,,,,,,,,0.000,,,0,20.1,,38,,0,4
03/25/2026 17:48:21,,81442326017,8144,2,Indoor 03,,,true,false,21,5,4,5,,,5,5,,,15,17,17,17,17,0.40,0,479,,,0,,,,,30.07,,0,,,,,,,,,,,,,,,,,0.000,,,0,20.1,,39,,0,4
03/25/2026 18:03:21,,81442326017,8144,2,Indoor 03,,,true,false,21,5,4,5,,,5,5,,,15,17,17,17,17,0.39,0,507,,,0,,,,,30.06,,0,,,,,,,,,,,,,,,,,0.000,,,0,20.1,,39,,0,4
03/25/2026 18:18:21,,81442326017,8144,2,Indoor 03,,,true,false,17,4,4,4,,,4,4,,,14,16,16,16,16,0.40,0,537,,,0,,,,,30.05,,0,,,,,,,,,,,,,,,,,0.019,,,0,20.2,,41,,0,0
03/25/2026 18:33:21,,81442326017,8144,2,Indoor 03,,,true,false,17,4,4,4,,,4,4,,,13,15,15,15,15,0.39,0,530,,,0,,,,,30.04,,0,,,,,,,,,,,,,,,,,0.021,,,0,20.3,,41,,0,0
03/25/2026 18:48:21,,81442326017,8144,2,Indoor 03,,,true,false,17,4,4,4,,,4,4,,,15,16,16,16,16,0.40,0,515,,,0,,,,,30.03,,0,,,,,,,,,,,,,,,,,0.324,,,0,20.4,,39,,0,0
03/25/2026 19:03:21,,81442326017,8144,2,Indoor 03,,,true,false,17,4,4,4,,,4,4,,,15,17,17,17,17,0.41,0,542,,,0,,,,,30.02,,0,,,,,,,,,,,,,,,,,0.054,,,0,20.5,,39,,0,0
03/25/2026 19:18:21,,81442326017,8144,2,Indoor 03,,,true,false,21,5,4,5,,,5,5,,,16,17,17,17,18,0.39,0,562,,,0,,,,,30.00,,0,,,,,,,,,,,,,,,,,0.030,,,0,20.5,,40,,0,0
03/25/2026 19:33:21,,81442326017,8144,2,Indoor 03,,,true,false,25,6,6,6,,,6,6,,,20,23,23,23,23,0.38,0,532,,,0,,,,,29.99,,0,,,,,,,,,,,,,,,,,0.029,,,0,20.5,,40,,0,0
03/25/2026 19:48:21,,81442326017,8144,2,Indoor 03,,,true,false,29,6,7,7,,,7,7,,,25,28,28,28,28,0.38,0,525,,,0,,,,,29.99,,0,,,,,,,,,,,,,,,,,0.029,,,0,20.5,,39,,0,0
03/25/2026 20:03:21,,81442326017,8144,2,Indoor 03,,,true,false,38,8,9,9,,,9,9,,,30,34,34,34,34,0.39,0,531,,,0,,,,,29.99,,0,,,,,,,,,,,,,,,,,0.022,,,0,20.5,,39,,0,0
03/25/2026 20:18:21,,81442326017,8144,2,Indoor 03,,,true,false,33,7,7,8,,,8,8,,,26,29,29,29,29,0.41,0,514,,,0,,,,,29.99,,0,,,,,,,,,,,,,,,,,0.017,,,0,20.4,,38,,0,0
03/25/2026 20:33:21,,81442326017,8144,2,Indoor 03,,,true,false,29,6,6,7,,,7,7,,,22,25,25,25,25,0.39,0,503,,,0,,,,,29.98,,0,,,,,,,,,,,,,,,,,0.001,,,0,20.4,,38,,0,0
03/25/2026 20:48:21,,81442326017,8144,2,Indoor 03,,,true,false,42,9,9,10,,,10,10,,,33,37,37,37,37,0.40,0,503,,,0,,,,,29.98,,0,,,,,,,,,,,,,,,,,0.000,,,0,20.3,,37,,0,0
03/25/2026 21:03:21,,81442326017,8144,2,Indoor 03,,,true,false,63,17,17,18,,,18,18,,,60,67,67,67,67,0.39,0,502,,,0,,,,,29.98,,0,,,,,,,,,,,,,,,,,0.001,,,0,20.1,,37,,0,0
03/25/2026 21:18:21,,81442326017,8144,2,Indoor 03,,,true,false,76,22,23,24,,,24,24,,,80,89,90,90,90,0.39,0,501,,,0,,,,,29.97,,0,,,,,,,,,,,,,,,,,0.000,,,0,20.0,,37,,0,0
03/25/2026 21:33:21,,81442326017,8144,2,Indoor 03,,,true,false,55,13,13,14,,,14,14,,,46,52,52,52,52,0.40,0,503,,,0,,,,,29.96,,0,,,,,,,,,,,,,,,,,0.000,,,0,19.9,,36,,0,0
03/25/2026 21:48:21,,81442326017,8144,2,Indoor 03,,,true,false,29,6,7,7,,,7,7,,,23,26,26,26,26,0.39,0,507,,,0,,,,,29.96,,0,,,,,,,,,,,,,,,,,0.000,,,0,19.9,,37,,0,0
03/25/2026 22:03:21,,81442326017,8144,2,Indoor 03,,,true,false,25,6,6,6,,,6,6,,,20,23,23,23,23,0.40,0,503,,,0,,,,,29.96,,0,,,,,,,,,,,,,,,,,0.000,,,0,19.8,,37,,0,0
03/25/2026 22:18:21,,81442326017,8144,2,Indoor 03,,,true,false,29,6,7,7,,,7,7,,,24,27,27,27,27,0.40,0,500,,,0,,,,,29.96,,0,,,,,,,,,,,,,,,,,0.001,,,0,19.7,,37,,0,0
03/25/2026 22:33:21,,81442326017,8144,2,Indoor 03,,,true,false,33,7,7,8,,,8,8,,,25,28,28,28,28,0.41,0,502,,,0,,,,,29.96,,0,,,,,,,,,,,,,,,,,0.014,,,0,19.7,,37,,0,0
03/25/2026 22:48:21,,81442326017,8144,2,Indoor 03,,,true,false,33,7,7,8,,,8,8,,,26,29,29,29,29,0.41,0,499,,,0,,,,,29.95,,0,,,,,,,,,,,,,,,,,0.017,,,0,19.7,,37,,0,0
03/25/2026 23:03:21,,81442326017,8144,2,Indoor 03,,,true,false,33,7,7,8,,,8,8,,,26,29,29,29,29,0.40,0,510,,,0,,,,,29.96,,0,,,,,,,,,,,,,,,,,0.038,,,0,19.6,,37,,0,0
03/25/2026 23:18:21,,81442326017,8144,2,Indoor 03,,,true,false,33,7,8,8,,,8,8,,,27,30,30,31,31,0.39,0,509,,,0,,,,,29.96,,0,,,,,,,,,,,,,,,,,0.060,,,0,19.7,,38,,0,0
03/25/2026 23:33:21,,81442326017,8144,2,Indoor 03,,,true,false,33,7,7,8,,,8,8,,,25,28,28,28,28,0.40,0,500,,,0,,,,,29.96,,0,,,,,,,,,,,,,,,,,0.034,,,0,19.7,,38,,0,0
03/25/2026 23:48:21,,81442326017,8144,2,Indoor 03,,,true,false,33,7,7,8,,,8,8,,,25,28,28,28,28,0.40,0,501,,,0,,,,,29.96,,0,,,,,,,,,,,,,,,,,0.031,,,0,19.8,,38,,0,0
03/26/2026 00:03:21,,81442326017,8144,2,Indoor 03,,,true,false,33,7,8,8,,,8,8,,,28,32,32,32,32,0.40,0,506,,,0,,,,,29.96,,0,,,,,,,,,,,,,,,,,0.511,,,0,19.9,,38,,0,0
03/26/2026 00:18:21,,81442326017,8144,2,Indoor 03,,,true,false,42,9,9,10,,,10,10,,,32,36,36,36,36,0.40,0,500,,,0,,,,,29.95,,0,,,,,,,,,,,,,,,,,0.690,,,0,19.9,,38,,0,0
03/26/2026 00:33:21,,81442326017,8144,2,Indoor 03,,,true,false,55,13,13,14,,,14,14,,,45,51,51,51,51,0.42,0,527,,,0,,,,,29.95,,0,,,,,,,,,,,,,,,,,0.188,,,0,19.9,,39,,0,0
03/26/2026 00:48:21,,81442326017,8144,2,Indoor 03,,,true,false,42,9,10,10,,,10,10,,,34,39,39,39,39,0.41,0,533,,,0,,,,,29.95,,0,,,,,,,,,,,,,,,,,0.177,,,0,19.9,,39,,0,0
03/26/2026 01:03:21,,81442326017,8144,2,Indoor 03,,,true,false,50,11,11,12,,,12,12,,,39,44,44,44,44,0.40,0,535,,,0,,,,,29.96,,0,,,,,,,,,,,,,,,,,0.094,,,0,19.9,,39,,0,0
03/26/2026 01:18:21,,81442326017,8144,2,Indoor 03,,,true,false,53,12,12,13,,,13,13,,,42,47,47,47,47,0.39,0,533,,,0,,,,,29.96,,0,,,,,,,,,,,,,,,,,0.111,,,0,19.9,,39,,0,4
03/26/2026 01:33:21,,81442326017,8144,2,Indoor 03,,,true,false,53,12,13,13,,,13,13,,,45,50,50,50,50,0.40,0,533,,,0,,,,,29.96,,0,,,,,,,,,,,,,,,,,0.119,,,0,19.9,,39,,0,4
03/26/2026 01:48:21,,81442326017,8144,2,Indoor 03,,,true,false,50,11,11,12,,,12,12,,,40,45,45,45,45,0.39,0,548,,,0,,,,,29.96,,0,,,,,,,,,,,,,,,,,0.371,,,0,20.0,,40,,0,4
03/26/2026 02:03:21,,81442326017,8144,2,Indoor 03,,,true,false,50,11,12,12,,,12,12,,,42,47,47,47,47,0.39,0,548,,,0,,,,,29.95,,0,,,,,,,,,,,,,,,,,0.299,,,0,19.9,,40,,0,4
03/26/2026 02:18:21,,81442326017,8144,2,Indoor 03,,,true,false,53,12,12,13,,,13,13,,,44,49,49,49,49,0.40,0,543,,,0,,,,,29.94,,0,,,,,,,,,,,,,,,,,0.097,,,0,19.9,,40,,0,4
03/26/2026 02:33:21,,81442326017,8144,2,Indoor 03,,,true,false,55,13,13,14,,,14,14,,,47,53,53,53,53,0.40,0,545,,,0,,,,,29.94,,0,,,,,,,,,,,,,,,,,0.068,,,0,19.8,,40,,0,4
03/26/2026 02:48:21,,81442326017,8144,2,Indoor 03,,,true,false,57,14,14,15,,,15,15,,,50,56,56,56,56,0.39,0,543,,,0,,,,,29.94,,0,,,,,,,,,,,,,,,,,0.045,,,0,19.8,,40,,0,4
03/26/2026 03:03:21,,81442326017,8144,2,Indoor 03,,,true,false,59,15,15,16,,,16,16,,,52,59,59,59,59,0.40,0,532,,,0,,,,,29.94,,0,,,,,,,,,,,,,,,,,0.082,,,0,19.8,,40,,0,4
03/26/2026 03:18:21,,81442326017,8144,2,Indoor 03,,,true,false,59,15,15,16,,,16,16,,,53,59,59,59,60,0.39,0,532,,,0,,,,,29.94,,0,,,,,,,,,,,,,,,,,0.114,,,0,19.7,,41,,0,4
03/26/2026 03:33:21,,81442326017,8144,2,Indoor 03,,,true,false,59,15,15,16,,,16,16,,,54,61,61,61,61,0.39,0,533,,,0,,,,,29.94,,0,,,,,,,,,,,,,,,,,0.073,,,0,19.7,,41,,0,4
03/26/2026 03:48:21,,81442326017,8144,2,Indoor 03,,,true,false,61,16,16,17,,,17,17,,,56,63,63,63,63,0.40,0,529,,,0,,,,,29.94,,0,,,,,,,,,,,,,,,,,0.055,,,0,19.7,,41,,0,4
03/26/2026 04:03:21,,81442326017,8144,2,Indoor 03,,,true,false,66,18,18,19,,,19,19,,,63,71,71,71,71,0.40,0,524,,,0,,,,,29.93,,0,,,,,,,,,,,,,,,,,0.042,,,0,19.6,,42,,0,4
03/26/2026 04:18:21,,81442326017,8144,2,Indoor 03,,,true,false,63,17,17,18,,,18,18,,,62,69,69,69,69,0.40,0,523,,,0,,,,,29.93,,0,,,,,,,,,,,,,,,,,0.042,,,0,19.6,,43,,0,0
03/26/2026 04:33:21,,81442326017,8144,2,Indoor 03,,,true,false,63,17,17,18,,,18,18,,,61,69,69,69,69,0.39,0,514,,,0,,,,,29.94,,0,,,,,,,,,,,,,,,,,0.048,,,0,19.7,,44,,0,0
03/26/2026 04:48:21,,81442326017,8144,2,Indoor 03,,,true,false,59,15,15,16,,,16,16,,,54,61,61,61,61,0.39,0,513,,,0,,,,,29.93,,0,,,,,,,,,,,,,,,,,0.054,,,0,19.7,,45,,0,0
03/26/2026 05:03:21,,81442326017,8144,2,Indoor 03,,,true,false,59,15,15,16,,,16,16,,,53,59,59,59,59,0.39,0,512,,,0,,,,,29.93,,0,,,,,,,,,,,,,,,,,0.063,,,0,19.7,,46,,0,0
03/26/2026 05:18:21,,81442326017,8144,2,Indoor 03,,,true,false,59,15,16,16,,,16,16,,,55,62,62,62,62,0.40,0,511,,,0,,,,,29.93,,0,,,,,,,,,,,,,,,,,0.073,,,0,19.7,,47,,0,0
03/26/2026 05:33:21,,81442326017,8144,2,Indoor 03,,,true,false,57,14,15,15,,,15,15,,,52,58,58,58,58,0.40,0,510,,,0,,,,,29.93,,0,,,,,,,,,,,,,,,,,0.079,,,0,19.7,,48,,0,0
03/26/2026 05:48:21,,81442326017,8144,2,Indoor 03,,,true,false,55,13,13,14,,,14,14,,,46,52,52,52,52,0.39,0,510,,,0,,,,,29.92,,0,,,,,,,,,,,,,,,,,0.082,,,0,19.7,,49,,0,0
03/26/2026 06:03:21,,81442326017,8144,2,Indoor 03,,,true,false,53,12,12,13,,,13,13,,,42,48,48,48,48,0.40,0,496,,,0,,,,,29.92,,0,,,,,,,,,,,,,,,,,0.088,,,0,19.7,,50,,0,0
03/26/2026 06:18:21,,81442326017,8144,2,Indoor 03,,,true,false,50,11,11,12,,,12,12,,,40,45,45,45,45,0.40,0,492,,,0,,,,,29.92,,0,,,,,,,,,,,,,,,,,0.097,,,0,19.7,,51,,0,0
03/26/2026 06:33:21,,81442326017,8144,2,Indoor 03,,,true,false,46,10,11,11,,,11,11,,,38,43,43,43,43,0.41,0,490,,,0,,,,,29.92,,0,,,,,,,,,,,,,,,,,0.108,,,0,19.7,,51,,0,0
03/26/2026 06:48:21,,81442326017,8144,2,Indoor 03,,,true,false,46,10,11,11,,,11,11,,,37,42,42,42,42,0.41,0,485,,,0,,,,,29.91,,0,,,,,,,,,,,,,,,,,0.116,,,0,19.7,,52,,0,0
03/26/2026 07:03:21,,81442326017,8144,2,Indoor 03,,,true,false,46,10,11,11,,,11,11,,,37,42,42,42,42,0.39,0,485,,,0,,,,,29.91,,0,,,,,,,,,,,,,,,,,0.116,,,0,19.7,,52,,0,0
03/26/2026 07:18:21,,81442326017,8144,2,Indoor 03,,,true,false,42,9,10,10,,,10,10,,,34,38,38,38,38,0.40,0,485,,,0,,,,,29.91,,0,,,,,,,,,,,,,,,,,0.226,,,0,19.7,,53,,0,0
03/26/2026 07:33:21,,81442326017,8144,2,Indoor 03,,,true,false,38,8,9,9,,,9,9,,,30,34,34,34,34,0.41,0,486,,,0,,,,,29.91,,0,,,,,,,,,,,,,,,,,0.165,,,0,19.6,,53,,0,0
03/26/2026 07:48:21,,81442326017,8144,2,Indoor 03,,,true,false,38,8,8,9,,,9,9,,,29,32,33,33,33,0.41,0,481,,,0,,,,,29.91,,0,,,,,,,,,,,,,,,,,0.142,,,0,19.7,,54,,0,0
03/26/2026 08:03:21,,81442326017,8144,2,Indoor 03,,,true,false,33,7,8,8,,,8,8,,,28,32,32,32,32,0.40,0,488,,,0,,,,,29.91,,0,,,,,,,,,,,,,,,,,0.137,,,0,19.7,,54,,0,0
03/26/2026 08:18:21,,81442326017,8144,2,Indoor 03,,,true,false,29,6,7,7,,,7,7,,,24,27,27,27,27,0.40,0,489,,,0,,,,,29.91,,0,,,,,,,,,,,,,,,,,0.144,,,0,19.7,,54,,0,0
03/26/2026 08:33:21,,81442326017,8144,2,Indoor 03,,,true,false,29,6,7,7,,,7,7,,,25,28,28,28,28,0.40,0,487,,,0,,,,,29.91,,0,,,,,,,,,,,,,,,,,0.149,,,0,19.7,,55,,0,0
03/26/2026 08:48:21,,81442326017,8144,2,Indoor 03,,,true,false,33,7,7,8,,,8,8,,,25,28,29,29,29,0.40,0,491,,,0,,,,,29.91,,0,,,,,,,,,,,,,,,,,0.314,,,0,19.7,,55,,0,0
03/26/2026 09:03:21,,81442326017,8144,2,Indoor 03,,,true,false,29,6,6,7,,,7,7,,,22,25,25,25,25,0.40,0,496,,,0,,,,,29.91,,0,,,,,,,,,,,,,,,,,0.342,,,0,19.7,,55,,0,0
03/26/2026 09:18:21,,81442326017,8144,2,Indoor 03,,,true,false,25,6,6,6,,,6,6,,,20,22,22,22,22,0.39,0,495,,,0,,,,,29.91,,0,,,,,,,,,,,,,,,,,0.206,,,0,19.7,,56,,0,0
03/26/2026 09:33:21,,81442326017,8144,2,Indoor 03,,,true,false,25,6,5,6,,,6,6,,,19,22,22,22,22,0.39,0,496,,,0,,,,,29.90,,0,,,,,,,,,,,,,,,,,0.194,,,0,19.7,,56,,0,0
03/26/2026 09:48:21,,81442326017,8144,2,Indoor 03,,,true,false,25,6,6,6,,,6,6,,,20,22,22,22,22,0.39,0,495,,,0,,,,,29.90,,0,,,,,,,,,,,,,,,,,0.195,,,0,19.7,,56,,0,0
03/26/2026 10:03:21,,81442326017,8144,2,Indoor 03,,,true,false,25,6,6,6,,,6,6,,,19,22,22,22,22,0.39,0,492,,,0,,,,,29.91,,0,,,,,,,,,,,,,,,,,0.205,,,0,19.7,,56,,0,0
03/26/2026 10:18:21,,81442326017,8144,2,Indoor 03,,,true,false,25,6,5,6,,,6,6,,,19,22,22,22,22,0.39,0,495,,,0,,,,,29.90,,0,,,,,,,,,,,,,,,,,0.212,,,0,19.7,,56,,0,0
03/26/2026 10:33:21,,81442326017,8144,2,Indoor 03,,,true,false,21,5,5,5,,,5,5,,,18,20,20,20,20,0.40,0,491,,,0,,,,,29.90,,0,,,,,,,,,,,,,,,,,0.259,,,0,19.7,,57,,0,0
03/26/2026 10:48:21,,81442326017,8144,2,Indoor 03,,,true,false,21,5,5,5,,,5,5,,,18,20,20,20,20,0.38,0,489,,,0,,,,,29.90,,0,,,,,,,,,,,,,,,,,0.294,,,0,19.7,,57,,0,0
03/26/2026 11:03:21,,81442326017,8144,2,Indoor 03,,,true,false,21,5,5,5,,,5,5,,,18,20,20,20,20,0.38,0,495,,,0,,,,,29.90,,0,,,,,,,,,,,,,,,,,0.301,,,0,19.7,,57,,0,0
03/26/2026 11:18:21,,81442326017,8144,2,Indoor 03,,,true,false,25,6,5,6,,,6,6,,,19,21,21,21,21,0.38,0,506,,,0,,,,,29.91,,0,,,,,,,,,,,,,,,,,0.313,,,0,19.7,,57,,0,0
03/26/2026 11:33:21,,81442326017,8144,2,Indoor 03,,,true,false,25,6,6,6,,,6,6,,,21,24,24,24,24,0.38,0,503,,,0,,,,,29.91,,0,,,,,,,,,,,,,,,,,0.348,,,0,19.7,,58,,0,0
03/26/2026 11:48:21,,81442326017,8144,2,Indoor 03,,,true,false,25,6,6,6,,,6,6,,,21,24,24,24,24,0.39,0,500,,,0,,,,,29.91,,0,,,,,,,,,,,,,,,,,0.378,,,0,19.7,,58,,0,0
03/26/2026 12:03:21,,81442326017,8144,2,Indoor 03,,,true,false,25,6,6,6,,,6,6,,,20,23,23,23,23,0.39,0,501,,,0,,,,,29.91,,0,,,,,,,,,,,,,,,,,0.390,,,0,19.8,,58,,0,0
03/26/2026 12:18:21,,81442326017,8144,2,Indoor 03,,,true,false,25,6,5,6,,,6,6,,,19,22,22,22,22,0.39,0,497,,,0,,,,,29.91,,0,,,,,,,,,,,,,,,,,0.412,,,0,19.8,,58,,0,0
03/26/2026 12:33:21,,81442326017,8144,2,Indoor 03,,,true,false,25,6,6,6,,,6,6,,,21,24,24,24,24,0.39,0,503,,,0,,,,,29.91,,0,,,,,,,,,,,,,,,,,0.449,,,0,19.7,,59,,0,0
03/26/2026 12:48:21,,81442326017,8144,2,Indoor 03,,,true,false,25,6,6,6,,,6,6,,,20,22,23,23,23,0.39,0,503,,,0,,,,,29.91,,0,,,,,,,,,,,,,,,,,0.484,,,0,19.7,,59,,0,0
03/26/2026 13:03:21,,81442326017,8144,2,Indoor 03,,,true,false,25,6,6,6,,,6,6,,,22,24,24,24,24,0.38,0,496,,,0,,,,,29.91,,0,,,,,,,,,,,,,,,,,0.509,,,0,19.7,,59,,0,0
03/26/2026 13:18:21,,81442326017,8144,2,Indoor 03,,,true,false,29,6,6,7,,,7,7,,,23,26,26,26,26,0.37,0,491,,,0,,,,,29.91,,0,,,,,,,,,,,,,,,,,0.529,,,0,19.7,,59,,0,0
03/26/2026 13:33:21,,81442326017,8144,2,Indoor 03,,,true,false,33,7,7,8,,,8,8,,,27,30,30,30,30,0.38,0,492,,,0,,,,,29.92,,0,,,,,,,,,,,,,,,,,0.540,,,0,19.7,,59,,0,0
03/26/2026 13:48:21,,81442326017,8144,2,Indoor 03,,,true,false,38,8,9,9,,,9,9,,,31,35,35,35,35,0.38,0,501,,,0,,,,,29.92,,0,,,,,,,,,,,,,,,,,0.548,,,0,19.7,,59,,0,0
03/26/2026 14:03:21,,81442326017,8144,2,Indoor 03,,,true,false,42,9,9,10,,,10,10,,,33,37,37,37,37,0.38,0,501,,,0,,,,,29.91,,0,,,,,,,,,,,,,,,,,0.575,,,0,19.6,,59,,0,0
03/26/2026 14:18:21,,81442326017,8144,2,Indoor 03,,,true,false,46,10,10,11,,,11,11,,,35,40,40,40,40,0.38,0,499,,,0,,,,,29.91,,0,,,,,,,,,,,,,,,,,0.595,,,0,19.6,,58,,0,0
03/26/2026 14:33:21,,81442326017,8144,2,Indoor 03,,,true,false,50,11,11,12,,,12,12,,,39,43,44,44,44,0.39,0,493,,,0,,,,,29.90,,0,,,,,,,,,,,,,,,,,0.642,,,0,19.6,,59,,0,0
03/26/2026 14:48:21,,81442326017,8144,2,Indoor 03,,,true,false,53,12,12,13,,,13,13,,,42,47,47,47,47,0.38,0,496,,,0,,,,,29.90,,0,,,,,,,,,,,,,,,,,0.646,,,0,19.6,,58,,0,0
03/26/2026 15:03:21,,81442326017,8144,2,Indoor 03,,,true,false,53,12,12,13,,,13,13,,,44,49,49,49,49,0.38,0,502,,,0,,,,,29.90,,0,,,,,,,,,,,,,,,,,0.681,,,0,19.6,,58,,0,0
03/26/2026 15:18:21,,81442326017,8144,2,Indoor 03,,,true,false,53,12,12,13,,,13,13,,,44,49,49,49,49,0.39,0,503,,,0,,,,,29.89,,0,,,,,,,,,,,,,,,,,0.705,,,0,19.6,,58,,0,0
03/26/2026 15:33:21,,81442326017,8144,2,Indoor 03,,,true,false,53,12,13,13,,,13,13,,,44,50,50,50,50,0.38,0,508,,,0,,,,,29.88,,0,,,,,,,,,,,,,,,,,0.728,,,0,19.6,,57,,0,0
03/26/2026 15:48:21,,81442326017,8144,2,Indoor 03,,,true,false,53,12,13,13,,,13,13,,,45,51,51,51,51,0.39,0,488,,,0,,,,,29.88,,0,,,,,,,,,,,,,,,,,0.796,,,0,19.7,,60,,0,0
03/26/2026 16:03:21,,81442326017,8144,2,Indoor 03,,,true,false,57,14,15,15,,,15,15,,,51,58,58,58,58,0.38,0,504,,,0,,,,,29.88,,0,,,,,,,,,,,,,,,,,0.888,,,0,20.3,,62,,0,0
03/26/2026 16:18:21,,81442326017,8144,2,Indoor 03,,,true,false,57,14,15,15,,,15,15,,,51,57,57,57,57,0.39,0,527,,,0,,,,,29.87,,0,,,,,,,,,,,,,,,,,0.890,,,0,20.9,,58,,0,0
03/26/2026 16:33:21,,81442326017,8144,2,Indoor 03,,,true,false,59,15,15,16,,,16,16,,,51,57,58,58,58,0.38,0,510,,,0,,,,,29.86,,0,,,,,,,,,,,,,,,,,0.888,,,0,21.4,,56,,0,0
03/26/2026 16:48:21,,81442326017,8144,2,Indoor 03,,,true,false,55,13,14,14,,,14,14,,,48,53,53,53,53,0.37,0,505,,,0,,,,,29.86,,0,,,,,,,,,,,,,,,,,0.841,,,0,21.1,,52,,0,0
03/26/2026 17:03:21,,81442326017,8144,2,Indoor 03,,,true,false,55,13,14,14,,,14,14,,,48,54,54,54,54,0.38,0,465,,,0,,,,,29.85,,0,,,,,,,,,,,,,,,,,0.815,,,0,20.3,,51,,0,0
03/26/2026 17:18:21,,81442326017,8144,2,Indoor 03,,,true,false,57,14,14,15,,,15,15,,,49,55,55,55,55,0.38,0,453,,,0,,,,,29.84,,0,,,,,,,,,,,,,,,,,0.840,,,0,20.0,,52,,0,0
03/26/2026 17:33:21,,81442326017,8144,2,Indoor 03,,,true,false,55,13,13,14,,,14,14,,,48,54,54,54,54,0.38,0,447,,,0,,,,,29.83,,0,,,,,,,,,,,,,,,,,0.881,,,0,19.9,,53,,0,0
03/26/2026 17:48:21,,81442326017,8144,2,Indoor 03,,,true,false,55,13,13,14,,,14,14,,,46,52,52,52,52,0.38,0,449,,,0,,,,,29.82,,0,,,,,,,,,,,,,,,,,0.902,,,0,19.8,,53,,0,0
03/26/2026 18:03:21,,81442326017,8144,2,Indoor 03,,,true,false,55,13,13,14,,,14,14,,,47,53,53,53,53,0.37,0,452,,,0,,,,,29.81,,0,,,,,,,,,,,,,,,,,0.925,,,0,19.9,,52,,0,0
03/26/2026 18:18:21,,81442326017,8144,2,Indoor 03,,,true,false,55,13,14,14,,,14,14,,,48,54,54,54,54,0.37,0,448,,,0,,,,,29.80,,0,,,,,,,,,,,,,,,,,0.936,,,0,19.8,,52,,0,0
03/26/2026 18:33:21,,81442326017,8144,2,Indoor 03,,,true,false,55,13,14,14,,,14,14,,,48,54,54,54,54,0.38,0,451,,,0,,,,,29.79,,0,,,,,,,,,,,,,,,,,0.949,,,0,19.8,,52,,0,0
03/26/2026 18:48:21,,81442326017,8144,2,Indoor 03,,,true,false,50,11,12,12,,,12,12,,,42,47,47,47,47,0.38,0,466,,,0,,,,,29.78,,0,,,,,,,,,,,,,,,,,0.964,,,0,19.8,,51,,0,0
03/26/2026 19:03:21,,81442326017,8144,2,Indoor 03,,,true,false,50,11,11,12,,,12,12,,,40,45,45,45,45,0.38,0,484,,,0,,,,,29.76,,0,,,,,,,,,,,,,,,,,0.968,,,0,19.9,,51,,0,0
03/26/2026 19:18:21,,81442326017,8144,2,Indoor 03,,,true,false,46,10,11,11,,,11,11,,,37,42,42,42,42,0.38,0,504,,,0,,,,,29.76,,0,,,,,,,,,,,,,,,,,0.975,,,0,19.9,,51,,0,0
03/26/2026 19:33:21,,81442326017,8144,2,Indoor 03,,,true,false,46,10,10,11,,,11,11,,,36,40,40,40,40,0.38,0,612,,,0,,,,,29.75,,0,,,,,,,,,,,,,,,,,1.001,,,0,20.1,,51,,0,0
03/26/2026 19:48:21,,81442326017,8144,2,Indoor 03,,,true,false,50,11,11,12,,,12,12,,,40,45,45,45,45,0.39,0,642,,,0,,,,,29.75,,0,,,,,,,,,,,,,,,,,1.049,,,0,20.2,,51,,0,0
03/26/2026 20:03:21,,81442326017,8144,2,Indoor 03,,,true,false,59,15,15,16,,,16,16,,,53,59,59,59,59,0.41,0,633,,,0,,,,,29.74,,0,,,,,,,,,,,,,,,,,1.047,,,0,20.2,,51,,0,0
03/26/2026 20:18:21,,81442326017,8144,2,Indoor 03,,,true,false,55,13,13,14,,,14,14,,,45,51,51,51,51,0.39,0,610,,,0,,,,,29.74,,0,,,,,,,,,,,,,,,,,1.022,,,0,20.2,,51,,0,0
03/26/2026 20:33:21,,81442326017,8144,2,Indoor 03,,,true,false,53,12,12,13,,,13,13,,,43,48,49,49,49,0.38,0,591,,,0,,,,,29.74,,0,,,,,,,,,,,,,,,,,1.005,,,0,20.1,,51,,0,0
03/26/2026 20:48:21,,81442326017,8144,2,Indoor 03,,,true,false,50,11,11,12,,,12,12,,,40,45,45,45,45,0.37,0,520,,,0,,,,,29.73,,0,,,,,,,,,,,,,,,,,0.978,,,0,19.9,,50,,0,0
03/26/2026 21:03:21,,81442326017,8144,2,Indoor 03,,,true,false,46,10,11,11,,,11,11,,,37,42,42,42,42,0.37,0,503,,,0,,,,,29.73,,0,,,,,,,,,,,,,,,,,0.971,,,0,19.8,,51,,0,0
03/26/2026 21:18:21,,81442326017,8144,2,Indoor 03,,,true,false,46,10,10,11,,,11,11,,,36,41,41,41,41,0.38,0,498,,,0,,,,,29.72,,0,,,,,,,,,,,,,,,,,0.967,,,0,19.7,,51,,0,0
03/26/2026 21:33:21,,81442326017,8144,2,Indoor 03,,,true,false,46,10,10,11,,,11,11,,,35,40,40,40,40,0.37,0,502,,,0,,,,,29.72,,0,,,,,,,,,,,,,,,,,0.965,,,0,19.7,,51,,0,0
03/26/2026 21:48:21,,81442326017,8144,2,Indoor 03,,,true,false,42,9,10,10,,,10,10,,,34,38,38,38,38,0.38,0,505,,,0,,,,,29.72,,0,,,,,,,,,,,,,,,,,0.971,,,0,19.7,,51,,0,0
03/26/2026 22:03:21,,81442326017,8144,2,Indoor 03,,,true,false,46,10,10,11,,,11,11,,,35,40,40,40,40,0.38,0,510,,,0,,,,,29.73,,0,,,,,,,,,,,,,,,,,0.988,,,0,19.6,,51,,0,0
03/26/2026 22:18:21,,81442326017,8144,2,Indoor 03,,,true,false,46,10,10,11,,,11,11,,,36,41,41,41,41,0.38,0,513,,,0,,,,,29.73,,0,,,,,,,,,,,,,,,,,0.988,,,0,19.6,,51,,0,0
03/26/2026 22:33:21,,81442326017,8144,2,Indoor 03,,,true,false,46,10,11,11,,,11,11,,,38,42,42,42,42,0.39,0,545,,,0,,,,,29.73,,0,,,,,,,,,,,,,,,,,1.004,,,0,19.7,,52,,0,0
03/26/2026 22:48:21,,81442326017,8144,2,Indoor 03,,,true,false,50,11,12,12,,,12,12,,,41,46,46,46,46,0.38,0,568,,,0,,,,,29.73,,0,,,,,,,,,,,,,,,,,1.025,,,0,19.9,,52,,0,0
03/26/2026 23:03:21,,81442326017,8144,2,Indoor 03,,,true,false,57,14,14,15,,,15,15,,,50,56,56,56,56,0.38,0,563,,,0,,,,,29.72,,0,,,,,,,,,,,,,,,,,1.041,,,0,19.9,,52,,0,0
03/26/2026 23:18:21,,81442326017,8144,2,Indoor 03,,,true,false,59,15,15,16,,,16,16,,,54,60,60,60,61,0.38,0,551,,,0,,,,,29.72,,0,,,,,,,,,,,,,,,,,1.042,,,0,19.9,,52,,0,0
03/26/2026 23:33:21,,81442326017,8144,2,Indoor 03,,,true,false,57,14,14,15,,,15,15,,,49,55,56,56,56,0.38,0,509,,,0,,,,,29.71,,0,,,,,,,,,,,,,,,,,1.031,,,0,19.8,,52,,0,0
03/26/2026 23:48:21,,81442326017,8144,2,Indoor 03,,,true,false,53,12,12,13,,,13,13,,,42,47,47,47,47,0.38,0,510,,,0,,,,,29.71,,0,,,,,,,,,,,,,,,,,1.032,,,0,19.7,,53,,0,0
03/27/2026 00:03:21,,81442326017,8144,2,Indoor 03,,,true,false,50,11,12,12,,,12,12,,,41,46,46,46,46,0.38,0,514,,,0,,,,,29.71,,0,,,,,,,,,,,,,,,,,1.036,,,0,19.8,,53,,0,0
03/27/2026 00:18:21,,81442326017,8144,2,Indoor 03,,,true,false,53,12,13,13,,,13,13,,,45,50,50,50,50,0.38,0,515,,,0,,,,,29.71,,0,,,,,,,,,,,,,,,,,1.045,,,0,19.7,,53,,0,0
03/27/2026 00:33:21,,81442326017,8144,2,Indoor 03,,,true,false,50,11,12,12,,,12,12,,,41,46,46,46,46,0.39,0,519,,,0,,,,,29.71,,0,,,,,,,,,,,,,,,,,1.054,,,0,19.7,,54,,0,0
03/27/2026 00:48:21,,81442326017,8144,2,Indoor 03,,,true,false,46,10,10,11,,,11,11,,,36,40,40,40,40,0.39,0,523,,,0,,,,,29.71,,0,,,,,,,,,,,,,,,,,1.057,,,0,19.7,,54,,0,0
03/27/2026 01:03:21,,81442326017,8144,2,Indoor 03,,,true,false,42,9,10,10,,,10,10,,,35,39,39,39,39,0.37,0,524,,,0,,,,,29.71,,0,,,,,,,,,,,,,,,,,1.065,,,0,19.7,,54,,0,0
03/27/2026 01:18:21,,81442326017,8144,2,Indoor 03,,,true,false,42,9,10,10,,,10,10,,,34,39,39,39,39,0.38,0,525,,,0,,,,,29.71,,0,,,,,,,,,,,,,,,,,1.068,,,0,19.7,,54,,0,0
03/27/2026 01:33:21,,81442326017,8144,2,Indoor 03,,,true,false,42,9,9,10,,,10,10,,,32,36,36,36,36,0.38,0,524,,,0,,,,,29.71,,0,,,,,,,,,,,,,,,,,1.066,,,0,19.8,,55,,0,0
03/27/2026 01:48:21,,81442326017,8144,2,Indoor 03,,,true,false,38,8,9,9,,,9,9,,,31,35,35,35,35,0.37,0,530,,,0,,,,,29.71,,0,,,,,,,,,,,,,,,,,1.065,,,0,19.8,,55,,0,0
03/27/2026 02:03:21,,81442326017,8144,2,Indoor 03,,,true,false,42,9,10,10,,,10,10,,,34,38,38,38,38,0.38,0,511,,,0,,,,,29.70,,0,,,,,,,,,,,,,,,,,1.060,,,0,19.8,,55,,0,0
03/27/2026 02:18:21,,81442326017,8144,2,Indoor 03,,,true,false,42,9,10,10,,,10,10,,,35,39,39,39,39,0.38,0,481,,,0,,,,,29.69,,0,,,,,,,,,,,,,,,,,1.058,,,0,19.8,,56,,0,0
03/27/2026 02:33:21,,81442326017,8144,2,Indoor 03,,,true,false,42,9,10,10,,,10,10,,,34,38,38,38,38,0.38,0,469,,,0,,,,,29.68,,0,,,,,,,,,,,,,,,,,1.054,,,0,19.8,,56,,0,0
03/27/2026 02:48:21,,81442326017,8144,2,Indoor 03,,,true,false,42,9,9,10,,,10,10,,,33,37,38,38,38,0.37,0,473,,,0,,,,,29.69,,0,,,,,,,,,,,,,,,,,1.056,,,0,19.8,,56,,0,0
03/27/2026 03:03:21,,81442326017,8144,2,Indoor 03,,,true,false,42,9,10,10,,,10,10,,,34,38,38,38,38,0.37,0,476,,,0,,,,,29.69,,0,,,,,,,,,,,,,,,,,1.051,,,0,19.8,,56,,0,0
03/27/2026 03:18:21,,81442326017,8144,2,Indoor 03,,,true,false,42,9,9,10,,,10,10,,,33,37,37,37,37,0.38,0,471,,,0,,,,,29.69,,0,,,,,,,,,,,,,,,,,1.053,,,0,19.8,,56,,0,0
03/27/2026 03:33:21,,81442326017,8144,2,Indoor 03,,,true,false,42,9,9,10,,,10,10,,,33,37,37,37,37,0.37,0,472,,,0,,,,,29.69,,0,,,,,,,,,,,,,,,,,1.061,,,0,19.8,,57,,0,0
03/27/2026 03:48:21,,81442326017,8144,2,Indoor 03,,,true,false,42,9,9,10,,,10,10,,,32,36,36,36,36,0.38,0,473,,,0,,,,,29.69,,0,,,,,,,,,,,,,,,,,1.071,,,0,19.8,,57,,0,0
03/27/2026 04:03:21,,81442326017,8144,2,Indoor 03,,,true,false,38,8,9,9,,,9,9,,,30,34,34,34,34,0.37,0,476,,,0,,,,,29.70,,0,,,,,,,,,,,,,,,,,1.075,,,0,19.8,,57,,0,0
03/27/2026 04:18:21,,81442326017,8144,2,Indoor 03,,,true,false,38,8,9,9,,,9,9,,,32,35,35,35,36,0.38,0,480,,,0,,,,,29.71,,0,,,,,,,,,,,,,,,,,1.075,,,0,19.8,,57,,0,0
03/27/2026 04:33:21,,81442326017,8144,2,Indoor 03,,,true,false,42,9,9,10,,,10,10,,,32,36,36,37,37,0.37,0,482,,,0,,,,,29.70,,0,,,,,,,,,,,,,,,,,1.080,,,0,19.8,,57,,0,0
03/27/2026 04:48:21,,81442326017,8144,2,Indoor 03,,,true,false,42,9,9,10,,,10,10,,,32,36,36,36,36,0.37,0,481,,,0,,,,,29.70,,0,,,,,,,,,,,,,,,,,1.089,,,0,19.8,,58,,0,0
03/27/2026 05:03:21,,81442326017,8144,2,Indoor 03,,,true,false,38,8,9,9,,,9,9,,,30,34,34,34,34,0.38,0,485,,,0,,,,,29.69,,0,,,,,,,,,,,,,,,,,1.091,,,0,19.8,,58,,0,0
03/27/2026 05:18:21,,81442326017,8144,2,Indoor 03,,,true,false,38,8,8,9,,,9,9,,,29,32,32,32,32,0.37,0,487,,,0,,,,,29.68,,0,,,,,,,,,,,,,,,,,1.101,,,0,19.8,,58,,0,0
03/27/2026 05:33:21,,81442326017,8144,2,Indoor 03,,,true,false,33,7,8,8,,,8,8,,,27,30,30,30,30,0.37,0,485,,,0,,,,,29.67,,0,,,,,,,,,,,,,,,,,1.105,,,0,19.8,,58,,0,0
03/27/2026 05:48:21,,81442326017,8144,2,Indoor 03,,,true,false,29,6,7,7,,,7,7,,,24,27,27,27,27,0.37,0,486,,,0,,,,,29.68,,0,,,,,,,,,,,,,,,,,1.107,,,0,19.8,,58,,0,0
03/27/2026 06:03:21,,81442326017,8144,2,Indoor 03,,,true,false,29,6,7,7,,,7,7,,,25,28,28,28,28,0.38,0,479,,,0,,,,,29.67,,0,,,,,,,,,,,,,,,,,1.105,,,0,19.8,,58,,0,0
03/27/2026 06:18:21,,81442326017,8144,2,Indoor 03,,,true,false,29,6,7,7,,,7,7,,,24,26,27,27,27,0.37,0,477,,,0,,,,,29.67,,0,,,,,,,,,,,,,,,,,1.105,,,0,19.8,,58,,0,0
03/27/2026 06:33:21,,81442326017,8144,2,Indoor 03,,,true,false,29,6,7,7,,,7,7,,,25,28,28,28,28,0.37,0,472,,,0,,,,,29.67,,0,,,,,,,,,,,,,,,,,1.104,,,0,19.8,,58,,0,0
03/27/2026 06:48:21,,81442326017,8144,2,Indoor 03,,,true,false,33,7,7,8,,,8,8,,,26,29,30,30,30,0.38,0,579,,,0,,,,,29.67,,0,,,,,,,,,,,,,,,,,1.205,,,0,19.9,,60,,0,0
03/27/2026 07:03:21,,81442326017,8144,2,Indoor 03,,,true,false,33,7,8,8,,,8,8,,,27,31,31,31,31,0.38,0,654,,,0,,,,,29.66,,0,,,,,,,,,,,,,,,,,1.334,,,0,20.1,,59,,0,0
03/27/2026 07:18:21,,81442326017,8144,2,Indoor 03,,,true,false,33,7,8,8,,,8,8,,,28,32,32,32,32,0.38,0,610,,,0,,,,,29.66,,0,,,,,,,,,,,,,,,,,1.305,,,0,20.0,,59,,0,0
03/27/2026 07:33:21,,81442326017,8144,2,Indoor 03,,,true,false,38,8,8,9,,,9,9,,,29,32,32,32,32,0.38,0,588,,,0,,,,,29.66,,0,,,,,,,,,,,,,,,,,1.317,,,0,20.0,,60,,0,0
03/27/2026 07:48:21,,81442326017,8144,2,Indoor 03,,,true,false,38,8,8,9,,,9,9,,,29,32,32,32,32,0.38,0,565,,,0,,,,,29.66,,0,,,,,,,,,,,,,,,,,1.334,,,0,20.0,,61,,0,0
03/27/2026 08:03:21,,81442326017,8144,2,Indoor 03,,,true,false,38,8,8,9,,,9,9,,,29,33,33,33,33,0.39,0,560,,,0,,,,,29.66,,0,,,,,,,,,,,,,,,,,1.333,,,0,20.0,,60,,0,0
03/27/2026 08:18:21,,81442326017,8144,2,Indoor 03,,,true,false,38,8,8,9,,,9,9,,,28,32,32,32,32,0.38,0,555,,,0,,,,,29.66,,0,,,,,,,,,,,,,,,,,1.312,,,0,20.0,,60,,0,0
03/27/2026 08:33:21,,81442326017,8144,2,Indoor 03,,,true,false,33,7,8,8,,,8,8,,,27,31,31,31,31,0.38,0,554,,,0,,,,,29.66,,0,,,,,,,,,,,,,,,,,1.321,,,0,20.0,,61,,0,0
03/27/2026 08:48:21,,81442326017,8144,2,Indoor 03,,,true,false,33,7,7,8,,,8,8,,,26,29,29,29,29,0.37,0,542,,,0,,,,,29.66,,0,,,,,,,,,,,,,,,,,1.321,,,0,20.0,,61,,0,0
03/27/2026 09:03:21,,81442326017,8144,2,Indoor 03,,,true,false,33,7,7,8,,,8,8,,,25,29,29,29,29,0.39,0,544,,,0,,,,,29.66,,0,,,,,,,,,,,,,,,,,1.368,,,0,20.0,,61,,0,0
03/27/2026 09:18:21,,81442326017,8144,2,Indoor 03,,,true,false,33,7,7,8,,,8,8,,,25,28,28,28,28,0.38,0,545,,,0,,,,,29.66,,0,,,,,,,,,,,,,,,,,1.326,,,0,19.9,,61,,0,4
03/27/2026 09:33:21,,81442326017,8144,2,Indoor 03,,,true,false,33,7,7,8,,,8,8,,,26,29,29,29,29,0.37,0,549,,,0,,,,,29.67,,0,,,,,,,,,,,,,,,,,1.337,,,0,19.9,,62,,0,4
03/27/2026 09:48:21,,81442326017,8144,2,Indoor 03,,,true,false,33,7,7,8,,,8,8,,,25,29,29,29,29,0.39,0,549,,,0,,,,,29.68,,0,,,,,,,,,,,,,,,,,1.340,,,0,19.9,,62,,0,4
03/27/2026 10:03:21,,81442326017,8144,2,Indoor 03,,,true,false,33,7,7,8,,,8,8,,,26,29,29,29,29,0.38,0,558,,,0,,,,,29.68,,0,,,,,,,,,,,,,,,,,1.333,,,0,19.9,,62,,0,4
03/27/2026 10:18:21,,81442326017,8144,2,Indoor 03,,,true,false,33,7,7,8,,,8,8,,,26,29,29,29,29,0.39,0,560,,,0,,,,,29.69,,0,,,,,,,,,,,,,,,,,1.371,,,0,19.9,,62,,0,0
03/27/2026 10:33:21,,81442326017,8144,2,Indoor 03,,,true,false,33,7,8,8,,,8,8,,,28,31,31,31,31,0.38,0,559,,,0,,,,,29.69,,0,,,,,,,,,,,,,,,,,1.369,,,0,19.9,,62,,0,0
03/27/2026 10:48:21,,81442326017,8144,2,Indoor 03,,,true,false,38,8,8,9,,,9,9,,,28,32,32,32,32,0.38,0,556,,,0,,,,,29.69,,0,,,,,,,,,,,,,,,,,1.326,,,0,19.9,,62,,0,0
03/27/2026 11:03:21,,81442326017,8144,2,Indoor 03,,,true,false,53,12,12,13,,,13,13,,,42,47,47,47,47,0.38,0,556,,,0,,,,,29.70,,0,,,,,,,,,,,,,,,,,1.328,,,0,19.9,,62,,0,0
03/27/2026 11:18:21,,81442326017,8144,2,Indoor 03,,,true,false,46,10,10,11,,,11,11,,,37,41,41,41,41,0.39,0,559,,,0,,,,,29.71,,0,,,,,,,,,,,,,,,,,1.323,,,0,19.9,,62,,0,0
03/27/2026 11:33:21,,81442326017,8144,2,Indoor 03,,,true,false,33,7,7,8,,,8,8,,,26,29,29,29,29,0.38,0,557,,,0,,,,,29.72,,0,,,,,,,,,,,,,,,,,1.310,,,0,19.9,,62,,0,0
03/27/2026 11:48:21,,81442326017,8144,2,Indoor 03,,,true,false,29,6,6,7,,,7,7,,,22,25,25,25,25,0.38,0,555,,,0,,,,,29.72,,0,,,,,,,,,,,,,,,,,1.305,,,0,19.8,,63,,0,0
03/27/2026 12:03:21,,81442326017,8144,2,Indoor 03,,,true,false,29,6,6,7,,,7,7,,,23,25,25,25,25,0.38,0,566,,,0,,,,,29.72,,0,,,,,,,,,,,,,,,,,1.462,,,0,19.9,,63,,0,0
03/27/2026 12:18:21,,81442326017,8144,2,Indoor 03,,,true,false,25,6,6,6,,,6,6,,,21,24,24,24,24,0.37,0,555,,,0,,,,,29.72,,0,,,,,,,,,,,,,,,,,1.429,,,0,19.8,,62,,0,0
03/27/2026 12:33:21,,81442326017,8144,2,Indoor 03,,,true,false,25,6,6,6,,,6,6,,,21,24,24,24,24,0.39,0,556,,,0,,,,,29.72,,0,,,,,,,,,,,,,,,,,1.309,,,0,19.9,,62,,0,0
03/27/2026 12:48:21,,81442326017,8144,2,Indoor 03,,,true,false,29,6,6,7,,,7,7,,,23,25,25,25,25,0.38,0,556,,,0,,,,,29.71,,0,,,,,,,,,,,,,,,,,1.263,,,0,19.9,,62,,0,0
03/27/2026 13:03:21,,81442326017,8144,2,Indoor 03,,,true,false,29,6,6,7,,,7,7,,,22,25,25,25,25,0.38,0,556,,,0,,,,,29.71,,0,,,,,,,,,,,,,,,,,1.293,,,0,19.8,,61,,0,0
03/27/2026 13:18:21,,81442326017,8144,2,Indoor 03,,,true,false,33,7,7,8,,,8,8,,,26,29,29,29,29,0.39,0,561,,,0,,,,,29.71,,0,,,,,,,,,,,,,,,,,1.386,,,0,19.8,,61,,0,0
03/27/2026 13:33:21,,81442326017,8144,2,Indoor 03,,,true,false,38,8,8,9,,,9,9,,,30,33,33,33,33,0.38,0,572,,,0,,,,,29.71,,0,,,,,,,,,,,,,,,,,1.223,,,0,19.8,,61,,0,0
03/27/2026 13:48:21,,81442326017,8144,2,Indoor 03,,,true,false,42,9,9,10,,,10,10,,,32,36,36,36,36,0.39,0,600,,,0,,,,,29.71,,0,,,,,,,,,,,,,,,,,1.196,,,0,19.8,,61,,0,0
03/27/2026 14:03:21,,81442326017,8144,2,Indoor 03,,,true,false,46,10,10,11,,,11,11,,,35,40,40,40,40,0.38,0,593,,,0,,,,,29.71,,0,,,,,,,,,,,,,,,,,1.159,,,0,19.9,,59,,0,0
03/27/2026 14:18:21,,81442326017,8144,2,Indoor 03,,,true,false,46,10,10,11,,,11,11,,,36,41,41,41,41,0.38,0,619,,,0,,,,,29.72,,0,,,,,,,,,,,,,,,,,1.202,,,0,19.9,,60,,0,0
03/27/2026 14:33:21,,81442326017,8144,2,Indoor 03,,,true,false,46,10,10,11,,,11,11,,,36,41,41,41,41,0.38,0,577,,,0,,,,,29.72,,0,,,,,,,,,,,,,,,,,1.159,,,0,19.9,,59,,0,0
03/27/2026 14:48:21,,81442326017,8144,2,Indoor 03,,,true,false,42,9,9,10,,,10,10,,,32,36,36,36,36,0.38,0,632,,,0,,,,,29.72,,0,,,,,,,,,,,,,,,,,1.151,,,0,20.0,,58,,0,0
03/27/2026 15:03:21,,81442326017,8144,2,Indoor 03,,,true,false,38,8,9,9,,,9,9,,,30,34,34,34,34,0.37,0,557,,,0,,,,,29.72,,0,,,,,,,,,,,,,,,,,1.070,,,0,19.8,,56,,0,0
03/27/2026 15:18:21,,81442326017,8144,2,Indoor 03,,,true,false,38,8,9,9,,,9,9,,,31,35,35,35,35,0.38,0,510,,,0,,,,,29.71,,0,,,,,,,,,,,,,,,,,1.010,,,0,19.6,,56,,0,0
03/27/2026 15:33:21,,81442326017,8144,2,Indoor 03,,,true,false,42,9,9,10,,,10,10,,,34,38,38,38,38,0.39,0,507,,,0,,,,,29.70,,0,,,,,,,,,,,,,,,,,0.981,,,0,19.5,,55,,0,0
03/27/2026 15:48:21,,81442326017,8144,2,Indoor 03,,,true,false,42,9,9,10,,,10,10,,,33,37,37,37,37,0.38,0,509,,,0,,,,,29.70,,0,,,,,,,,,,,,,,,,,0.961,,,0,19.4,,54,,0,0
03/27/2026 16:03:21,,81442326017,8144,2,Indoor 03,,,true,false,42,9,9,10,,,10,10,,,32,36,36,36,36,0.38,0,511,,,0,,,,,29.69,,0,,,,,,,,,,,,,,,,,0.946,,,0,19.5,,54,,0,0
03/27/2026 16:18:21,,81442326017,8144,2,Indoor 03,,,true,false,42,9,9,10,,,10,10,,,32,36,36,36,36,0.38,0,512,,,0,,,,,29.69,,0,,,,,,,,,,,,,,,,,0.932,,,0,19.5,,53,,0,0
03/27/2026 16:33:21,,81442326017,8144,2,Indoor 03,,,true,false,38,8,9,9,,,9,9,,,31,35,35,35,35,0.38,0,510,,,0,,,,,29.68,,0,,,,,,,,,,,,,,,,,0.906,,,0,19.6,,53,,0,0
03/27/2026 16:48:21,,81442326017,8144,2,Indoor 03,,,true,false,38,8,9,9,,,9,9,,,32,35,36,36,36,0.38,0,509,,,0,,,,,29.68,,0,,,,,,,,,,,,,,,,,0.891,,,0,19.6,,52,,0,0
03/27/2026 17:03:21,,81442326017,8144,2,Indoor 03,,,true,false,42,9,9,10,,,10,10,,,33,37,37,37,37,0.37,0,508,,,0,,,,,29.68,,0,,,,,,,,,,,,,,,,,0.879,,,0,19.7,,52,,0,0
03/27/2026 17:18:21,,81442326017,8144,2,Indoor 03,,,true,false,42,9,10,10,,,10,10,,,34,38,38,38,38,0.38,0,515,,,0,,,,,29.68,,0,,,,,,,,,,,,,,,,,0.859,,,0,19.8,,51,,0,0
03/27/2026 17:33:21,,81442326017,8144,2,Indoor 03,,,true,false,42,9,9,10,,,10,10,,,32,36,36,36,36,0.38,0,514,,,0,,,,,29.67,,0,,,,,,,,,,,,,,,,,0.841,,,0,19.9,,50,,0,0
03/27/2026 17:48:21,,81442326017,8144,2,Indoor 03,,,true,false,38,8,9,9,,,9,9,,,31,35,35,35,35,0.38,0,519,,,0,,,,,29.67,,0,,,,,,,,,,,,,,,,,0.835,,,0,19.9,,50,,0,0
03/27/2026 18:03:21,,81442326017,8144,2,Indoor 03,,,true,false,38,8,9,9,,,9,9,,,31,35,35,35,35,0.37,0,521,,,0,,,,,29.67,,0,,,,,,,,,,,,,,,,,0.829,,,0,20.0,,50,,0,0
03/27/2026 18:18:21,,81442326017,8144,2,Indoor 03,,,true,false,42,9,9,10,,,10,10,,,32,36,36,36,36,0.37,0,520,,,0,,,,,29.66,,0,,,,,,,,,,,,,,,,,0.822,,,0,20.0,,50,,0,0
03/27/2026 18:33:21,,81442326017,8144,2,Indoor 03,,,true,false,42,9,9,10,,,10,10,,,32,36,36,36,36,0.37,0,528,,,0,,,,,29.65,,0,,,,,,,,,,,,,,,,,0.805,,,0,20.1,,49,,0,0
03/27/2026 18:48:21,,81442326017,8144,2,Indoor 03,,,true,false,38,8,9,9,,,9,9,,,31,35,35,35,35,0.37,0,529,,,0,,,,,29.64,,0,,,,,,,,,,,,,,,,,0.797,,,0,20.1,,49,,0,0
03/27/2026 19:03:21,,81442326017,8144,2,Indoor 03,,,true,false,38,8,9,9,,,9,9,,,30,34,34,34,34,0.37,0,527,,,0,,,,,29.64,,0,,,,,,,,,,,,,,,,,0.794,,,0,20.0,,49,,0,0
03/27/2026 19:18:21,,81442326017,8144,2,Indoor 03,,,true,false,38,8,9,9,,,9,9,,,31,34,35,35,35,0.38,0,523,,,0,,,,,29.63,,0,,,,,,,,,,,,,,,,,0.790,,,0,20.1,,49,,0,0
03/27/2026 19:33:21,,81442326017,8144,2,Indoor 03,,,true,false,38,8,9,9,,,9,9,,,31,34,35,35,35,0.38,0,521,,,0,,,,,29.63,,0,,,,,,,,,,,,,,,,,0.785,,,0,20.1,,49,,0,0
03/27/2026 19:48:21,,81442326017,8144,2,Indoor 03,,,true,false,42,9,9,10,,,10,10,,,32,36,36,36,36,0.38,0,523,,,0,,,,,29.63,,0,,,,,,,,,,,,,,,,,0.785,,,0,20.1,,49,,0,0
03/27/2026 20:03:21,,81442326017,8144,2,Indoor 03,,,true,false,42,9,9,10,,,10,10,,,32,36,36,36,36,0.37,0,529,,,0,,,,,29.62,,0,,,,,,,,,,,,,,,,,0.776,,,0,20.0,,49,,0,0
03/27/2026 20:18:21,,81442326017,8144,2,Indoor 03,,,true,false,38,8,9,9,,,9,9,,,31,34,35,35,35,0.38,0,615,,,0,,,,,29.62,,0,,,,,,,,,,,,,,,,,0.891,,,0,20.3,,50,,0,0
03/28/2026 02:20:54,,81442326017,8144,2,Indoor 03,,,true,false,4,1,1,1,,,1,1,,,2,2,2,2,2,0.52,0,518,,,0,,,,,29.85,,0,,,,,,,,,,,,,,,,,0.000,,,0,19.8,,65,,0,5
03/28/2026 02:35:54,,81442326017,8144,2,Indoor 03,,,true,false,4,1,1,1,,,1,1,,,3,3,3,3,3,0.46,0,577,,,0,,,,,29.83,,0,,,,,,,,,,,,,,,,,0.046,,,0,20.1,,66,,0,4
03/28/2026 02:50:54,,81442326017,8144,2,Indoor 03,,,true,false,4,1,1,1,,,1,1,,,3,4,4,4,4,0.45,0,611,,,0,,,,,29.84,,0,,,,,,,,,,,,,,,,,0.109,,,0,20.3,,66,,0,4
03/28/2026 03:05:54,,81442326017,8144,2,Indoor 03,,,true,false,4,1,1,1,,,1,1,,,3,3,3,3,3,0.46,0,601,,,0,,,,,29.86,,0,,,,,,,,,,,,,,,,,0.418,,,0,20.4,,66,,0,4
03/28/2026 03:20:54,,81442326017,8144,2,Indoor 03,,,true,false,4,1,1,1,,,1,1,,,3,3,3,3,3,0.46,0,613,,,0,,,,,29.88,,0,,,,,,,,,,,,,,,,,0.197,,,0,20.4,,65,,0,4
03/28/2026 03:35:54,,81442326017,8144,2,Indoor 03,,,true,false,4,1,1,1,,,1,1,,,2,3,3,3,3,0.47,0,589,,,0,,,,,29.89,,0,,,,,,,,,,,,,,,,,0.157,,,0,20.4,,64,,0,4
03/28/2026 03:50:54,,81442326017,8144,2,Indoor 03,,,true,false,4,1,1,1,,,1,1,,,2,3,3,3,3,0.47,0,493,,,0,,,,,29.89,,0,,,,,,,,,,,,,,,,,0.019,,,0,20.2,,63,,0,4
03/28/2026 04:05:54,,81442326017,8144,2,Indoor 03,,,true,false,4,1,1,1,,,1,1,,,3,3,3,3,3,0.44,0,476,,,0,,,,,29.89,,0,,,,,,,,,,,,,,,,,0.000,,,0,20.0,,62,,0,4
03/28/2026 04:20:54,,81442326017,8144,2,Indoor 03,,,true,false,4,1,1,1,,,1,1,,,3,3,3,3,3,0.42,0,477,,,0,,,,,29.90,,0,,,,,,,,,,,,,,,,,0.000,,,0,20.0,,61,,0,0
03/28/2026 04:35:54,,81442326017,8144,2,Indoor 03,,,true,false,4,1,1,1,,,1,1,,,2,2,2,2,2,0.42,0,475,,,0,,,,,29.90,,0,,,,,,,,,,,,,,,,,0.000,,,0,19.9,,61,,0,0
03/28/2026 04:50:54,,81442326017,8144,2,Indoor 03,,,true,false,4,1,1,1,,,1,1,,,2,2,2,2,2,0.43,0,472,,,0,,,,,29.91,,0,,,,,,,,,,,,,,,,,0.000,,,0,19.9,,61,,0,0
03/28/2026 05:05:54,,81442326017,8144,2,Indoor 03,,,true,false,4,1,1,1,,,1,1,,,2,2,2,2,2,0.42,0,472,,,0,,,,,29.92,,0,,,,,,,,,,,,,,,,,0.000,,,0,19.9,,60,,0,0
03/28/2026 05:20:54,,81442326017,8144,2,Indoor 03,,,true,false,4,1,1,1,,,1,1,,,3,3,3,3,3,0.42,0,475,,,0,,,,,29.93,,0,,,,,,,,,,,,,,,,,0.000,,,0,19.8,,60,,0,0
03/28/2026 05:35:54,,81442326017,8144,2,Indoor 03,,,true,false,4,1,1,1,,,1,1,,,3,3,3,3,3,0.42,0,487,,,0,,,,,29.93,,0,,,,,,,,,,,,,,,,,0.000,,,0,19.8,,61,,0,0
03/28/2026 05:50:54,,81442326017,8144,2,Indoor 03,,,true,false,4,1,1,1,,,1,1,,,4,4,4,4,4,0.41,0,555,,,0,,,,,29.94,,0,,,,,,,,,,,,,,,,,0.192,,,0,19.9,,61,,0,0
03/28/2026 06:05:54,,81442326017,8144,2,Indoor 03,,,true,false,4,1,1,1,,,1,1,,,3,3,3,3,3,0.42,0,630,,,0,,,,,29.95,,0,,,,,,,,,,,,,,,,,0.350,,,0,20.0,,61,,0,0
03/28/2026 06:20:54,,81442326017,8144,2,Indoor 03,,,true,false,4,1,1,1,,,1,1,,,3,4,4,4,4,0.43,0,600,,,0,,,,,29.95,,0,,,,,,,,,,,,,,,,,0.114,,,0,20.1,,60,,0,0
03/28/2026 06:35:54,,81442326017,8144,2,Indoor 03,,,true,false,4,1,1,1,,,1,1,,,5,6,6,6,6,0.41,0,573,,,0,,,,,29.96,,0,,,,,,,,,,,,,,,,,0.062,,,0,20.0,,59,,0,0
03/28/2026 06:50:54,,81442326017,8144,2,Indoor 03,,,true,false,4,1,1,1,,,1,1,,,4,5,5,5,5,0.40,0,563,,,0,,,,,29.96,,0,,,,,,,,,,,,,,,,,0.043,,,0,20.0,,59,,0,0
03/28/2026 07:05:54,,81442326017,8144,2,Indoor 03,,,true,false,4,1,1,1,,,1,1,,,4,4,4,4,4,0.37,0,554,,,0,,,,,29.97,,0,,,,,,,,,,,,,,,,,0.039,,,0,20.0,,59,,0,0
03/28/2026 07:20:54,,81442326017,8144,2,Indoor 03,,,true,false,4,1,1,1,,,1,1,,,3,4,4,4,4,0.37,0,545,,,0,,,,,29.98,,0,,,,,,,,,,,,,,,,,0.034,,,0,20.0,,58,,0,0
03/28/2026 07:35:54,,81442326017,8144,2,Indoor 03,,,true,false,4,1,1,1,,,1,1,,,3,4,4,4,4,0.37,0,537,,,0,,,,,29.98,,0,,,,,,,,,,,,,,,,,0.008,,,0,20.0,,57,,0,0
03/28/2026 07:50:54,,81442326017,8144,2,Indoor 03,,,true,false,4,1,1,1,,,1,1,,,5,6,6,6,6,0.38,0,538,,,0,,,,,29.98,,0,,,,,,,,,,,,,,,,,0.000,,,0,19.9,,57,,0,0
03/28/2026 08:05:54,,81442326017,8144,2,Indoor 03,,,true,false,4,1,1,1,,,1,1,,,4,4,4,4,4,0.38,0,538,,,0,,,,,29.99,,0,,,,,,,,,,,,,,,,,0.000,,,0,19.9,,57,,0,0
03/28/2026 08:20:54,,81442326017,8144,2,Indoor 03,,,true,false,4,1,1,1,,,1,1,,,4,4,4,4,4,0.38,0,541,,,0,,,,,30.00,,0,,,,,,,,,,,,,,,,,0.176,,,0,19.9,,56,,0,0
03/28/2026 08:35:54,,81442326017,8144,2,Indoor 03,,,true,false,4,1,1,1,,,1,1,,,4,5,5,5,5,0.37,0,543,,,0,,,,,30.01,,0,,,,,,,,,,,,,,,,,0.092,,,0,19.9,,56,,0,0
03/28/2026 08:50:54,,81442326017,8144,2,Indoor 03,,,true,false,4,1,1,1,,,1,1,,,4,4,4,4,4,0.37,0,545,,,0,,,,,30.02,,0,,,,,,,,,,,,,,,,,0.024,,,0,19.9,,55,,0,0
03/28/2026 09:05:54,,81442326017,8144,2,Indoor 03,,,true,false,4,1,1,1,,,1,1,,,4,5,5,5,5,0.37,0,540,,,0,,,,,30.03,,0,,,,,,,,,,,,,,,,,0.004,,,0,19.9,,54,,0,0
03/28/2026 09:20:54,,81442326017,8144,2,Indoor 03,,,true,false,4,1,1,1,,,1,1,,,4,4,4,4,4,0.37,0,543,,,0,,,,,30.04,,0,,,,,,,,,,,,,,,,,0.055,,,0,19.9,,52,,0,0
03/28/2026 09:35:54,,81442326017,8144,2,Indoor 03,,,true,false,4,1,1,1,,,1,1,,,4,4,4,4,4,0.38,0,543,,,0,,,,,30.05,,0,,,,,,,,,,,,,,,,,0.000,,,0,19.8,,48,,0,0
03/28/2026 09:50:54,,81442326017,8144,2,Indoor 03,,,true,false,4,1,1,1,,,1,1,,,4,4,4,4,4,0.37,0,553,,,0,,,,,30.06,,0,,,,,,,,,,,,,,,,,0.000,,,0,19.7,,47,,0,0
03/28/2026 10:05:54,,81442326017,8144,2,Indoor 03,,,true,false,4,1,1,1,,,1,1,,,4,5,5,5,5,0.36,0,556,,,0,,,,,30.07,,0,,,,,,,,,,,,,,,,,0.000,,,0,19.7,,47,,0,0
03/28/2026 10:20:54,,81442326017,8144,2,Indoor 03,,,true,false,4,1,1,1,,,1,1,,,4,5,5,5,5,0.36,0,557,,,0,,,,,30.08,,0,,,,,,,,,,,,,,,,,0.000,,,0,19.7,,46,,0,0
03/28/2026 10:35:54,,81442326017,8144,2,Indoor 03,,,true,false,8,2,2,2,,,2,2,,,5,6,6,6,6,0.37,0,544,,,0,,,,,30.09,,0,,,,,,,,,,,,,,,,,0.000,,,0,19.7,,46,,0,0
03/28/2026 10:50:54,,81442326017,8144,2,Indoor 03,,,true,false,8,2,2,2,,,2,2,,,7,8,8,8,8,0.38,0,548,,,0,,,,,30.10,,0,,,,,,,,,,,,,,,,,0.019,,,0,19.7,,45,,0,0
03/28/2026 11:05:54,,81442326017,8144,2,Indoor 03,,,true,false,17,4,3,4,,,4,4,,,12,14,14,14,14,0.39,0,548,,,0,,,,,30.11,,0,,,,,,,,,,,,,,,,,0.390,,,0,19.7,,44,,0,0
03/28/2026 11:20:54,,81442326017,8144,2,Indoor 03,,,true,false,21,5,5,5,,,5,5,,,17,19,19,19,19,0.38,0,558,,,0,,,,,30.13,,0,,,,,,,,,,,,,,,,,0.059,,,0,19.7,,43,,0,0
03/28/2026 11:35:54,,81442326017,8144,2,Indoor 03,,,true,false,17,4,4,4,,,4,4,,,13,15,15,15,15,0.38,0,558,,,0,,,,,30.14,,0,,,,,,,,,,,,,,,,,0.000,,,0,19.7,,42,,0,0
03/28/2026 11:50:54,,81442326017,8144,2,Indoor 03,,,true,false,13,3,3,3,,,3,3,,,11,13,13,13,13,0.38,0,564,,,0,,,,,30.16,,0,,,,,,,,,,,,,,,,,0.002,,,0,19.7,,41,,0,0
03/28/2026 12:05:54,,81442326017,8144,2,Indoor 03,,,true,false,17,4,4,4,,,4,4,,,14,15,15,15,15,0.38,0,564,,,0,,,,,30.17,,0,,,,,,,,,,,,,,,,,0.000,,,0,19.7,,41,,0,0
03/28/2026 12:20:54,,81442326017,8144,2,Indoor 03,,,true,false,8,2,2,2,,,2,2,,,8,9,9,9,9,0.38,0,555,,,0,,,,,30.18,,0,,,,,,,,,,,,,,,,,0.000,,,0,19.6,,39,,0,0
03/28/2026 12:35:54,,81442326017,8144,2,Indoor 03,,,true,false,8,2,2,2,,,2,2,,,6,7,7,7,7,0.38,0,555,,,0,,,,,30.19,,0,,,,,,,,,,,,,,,,,0.000,,,0,19.6,,39,,0,0
03/28/2026 12:50:54,,81442326017,8144,2,Indoor 03,,,true,false,8,2,2,2,,,2,2,,,6,6,7,7,7,0.38,0,562,,,0,,,,,30.20,,0,,,,,,,,,,,,,,,,,0.000,,,0,19.6,,38,,0,0
03/28/2026 13:05:54,,81442326017,8144,2,Indoor 03,,,true,false,4,1,1,1,,,1,1,,,5,6,6,6,6,0.38,0,558,,,0,,,,,30.21,,0,,,,,,,,,,,,,,,,,0.003,,,0,19.6,,37,,0,0
03/28/2026 13:20:54,,81442326017,8144,2,Indoor 03,,,true,false,4,1,1,1,,,1,1,,,5,5,5,5,5,0.38,0,567,,,0,,,,,30.21,,0,,,,,,,,,,,,,,,,,0.544,,,0,19.6,,37,,0,0
03/28/2026 13:35:54,,81442326017,8144,2,Indoor 03,,,true,false,4,1,1,1,,,1,1,,,4,4,4,4,4,0.39,0,566,,,0,,,,,30.22,,0,,,,,,,,,,,,,,,,,0.054,,,0,19.5,,37,,0,0
03/28/2026 13:50:54,,81442326017,8144,2,Indoor 03,,,true,false,4,1,1,1,,,1,1,,,4,4,4,4,4,0.38,0,574,,,0,,,,,30.23,,0,,,,,,,,,,,,,,,,,0.003,,,0,19.5,,36,,0,0
03/28/2026 14:05:54,,81442326017,8144,2,Indoor 03,,,true,false,4,1,1,1,,,1,1,,,4,5,5,5,5,0.38,0,569,,,0,,,,,30.24,,0,,,,,,,,,,,,,,,,,0.000,,,0,19.6,,36,,0,0
03/28/2026 14:20:54,,81442326017,8144,2,Indoor 03,,,true,false,4,1,1,1,,,1,1,,,4,4,4,4,4,0.39,0,595,,,0,,,,,30.25,,0,,,,,,,,,,,,,,,,,0.157,,,0,19.7,,36,,0,0
03/28/2026 14:35:54,,81442326017,8144,2,Indoor 03,,,true,false,4,1,1,1,,,1,1,,,4,4,4,4,4,0.38,0,571,,,0,,,,,30.25,,0,,,,,,,,,,,,,,,,,0.087,,,0,19.7,,34,,0,0
03/28/2026 14:50:54,,81442326017,8144,2,Indoor 03,,,true,false,4,1,1,1,,,1,1,,,4,4,4,4,4,0.39,0,598,,,0,,,,,30.26,,0,,,,,,,,,,,,,,,,,0.018,,,0,19.9,,35,,0,0
03/28/2026 15:05:54,,81442326017,8144,2,Indoor 03,,,true,false,8,2,2,2,,,2,2,,,6,7,7,7,7,0.43,0,639,,,0,,,,,30.26,,0,,,,,,,,,,,,,,,,,0.081,,,0,19.9,,37,,0,0
03/28/2026 15:20:54,,81442326017,8144,2,Indoor 03,,,true,false,4,1,1,1,,,1,1,,,4,5,5,5,5,0.42,0,612,,,0,,,,,30.27,,0,,,,,,,,,,,,,,,,,0.027,,,0,19.9,,34,,0,0
03/28/2026 15:35:54,,81442326017,8144,2,Indoor 03,,,true,false,4,1,1,1,,,1,1,,,4,4,4,4,4,0.40,0,514,,,0,,,,,30.26,,0,,,,,,,,,,,,,,,,,0.000,,,0,19.7,,32,,0,0
03/28/2026 15:50:54,,81442326017,8144,2,Indoor 03,,,true,false,4,1,1,1,,,1,1,,,4,4,4,4,4,0.39,0,469,,,0,,,,,30.26,,0,,,,,,,,,,,,,,,,,0.000,,,0,19.6,,31,,0,0
03/28/2026 16:05:54,,81442326017,8144,2,Indoor 03,,,true,false,8,2,1,2,,,2,2,,,5,6,6,6,6,0.38,0,467,,,0,,,,,30.25,,0,,,,,,,,,,,,,,,,,0.000,,,0,19.5,,31,,0,0
03/28/2026 16:20:54,,81442326017,8144,2,Indoor 03,,,true,false,4,1,1,1,,,1,1,,,4,5,5,5,5,0.40,0,463,,,0,,,,,30.25,,0,,,,,,,,,,,,,,,,,0.000,,,0,19.5,,31,,0,0
03/28/2026 16:35:54,,81442326017,8144,2,Indoor 03,,,true,false,4,1,1,1,,,1,1,,,4,5,5,5,5,0.41,0,469,,,0,,,,,30.24,,0,,,,,,,,,,,,,,,,,0.000,,,0,19.6,,30,,0,0
03/28/2026 16:50:54,,81442326017,8144,2,Indoor 03,,,true,false,4,1,1,1,,,1,1,,,4,5,5,5,5,0.41,0,472,,,0,,,,,30.24,,0,,,,,,,,,,,,,,,,,0.000,,,0,19.7,,30,,0,0
03/28/2026 17:05:54,,81442326017,8144,2,Indoor 03,,,true,false,8,2,1,2,,,2,2,,,5,6,6,6,6,0.40,0,474,,,0,,,,,30.24,,0,,,,,,,,,,,,,,,,,0.000,,,0,19.7,,30,,0,0
03/28/2026 17:20:54,,81442326017,8144,2,Indoor 03,,,true,false,8,2,2,2,,,2,2,,,6,6,6,6,6,0.40,0,475,,,0,,,,,30.24,,0,,,,,,,,,,,,,,,,,0.000,,,0,19.8,,29,,0,0
03/28/2026 17:35:54,,81442326017,8144,2,Indoor 03,,,true,false,4,1,1,1,,,1,1,,,5,5,5,5,5,0.40,0,472,,,0,,,,,30.24,,0,,,,,,,,,,,,,,,,,0.000,,,0,19.9,,29,,0,0
03/28/2026 17:50:54,,81442326017,8144,2,Indoor 03,,,true,false,4,1,1,1,,,1,1,,,4,5,5,5,5,0.38,0,472,,,0,,,,,30.23,,0,,,,,,,,,,,,,,,,,0.000,,,0,20.0,,29,,0,0
03/28/2026 18:05:54,,81442326017,8144,2,Indoor 03,,,true,false,4,1,1,1,,,1,1,,,4,5,5,5,5,0.39,0,477,,,0,,,,,30.23,,0,,,,,,,,,,,,,,,,,0.000,,,0,20.1,,29,,0,0
03/28/2026 18:20:54,,81442326017,8144,2,Indoor 03,,,true,false,4,1,1,1,,,1,1,,,4,5,5,5,5,0.39,0,482,,,0,,,,,30.23,,0,,,,,,,,,,,,,,,,,0.000,,,0,20.2,,29,,0,0
03/28/2026 18:35:54,,81442326017,8144,2,Indoor 03,,,true,false,4,1,1,1,,,1,1,,,4,5,5,5,5,0.39,0,485,,,0,,,,,30.22,,0,,,,,,,,,,,,,,,,,0.000,,,0,20.2,,29,,0,0
03/28/2026 18:50:54,,81442326017,8144,2,Indoor 03,,,true,false,4,1,1,1,,,1,1,,,4,5,5,5,5,0.38,0,486,,,0,,,,,30.22,,0,,,,,,,,,,,,,,,,,0.000,,,0,20.2,,28,,0,0
03/28/2026 19:05:54,,81442326017,8144,2,Indoor 03,,,true,false,4,1,1,1,,,1,1,,,5,6,6,6,6,0.39,0,491,,,0,,,,,30.22,,0,,,,,,,,,,,,,,,,,0.001,,,0,20.2,,28,,0,0
03/28/2026 19:20:54,,81442326017,8144,2,Indoor 03,,,true,false,8,2,2,2,,,2,2,,,7,8,8,8,8,0.40,0,622,,,0,,,,,30.21,,0,,,,,,,,,,,,,,,,,0.062,,,0,20.5,,30,,0,0
03/28/2026 19:35:54,,81442326017,8144,2,Indoor 03,,,true,false,8,2,2,2,,,2,2,,,7,8,8,8,8,0.40,0,809,,,0,,,,,30.21,,0,,,,,,,,,,,,,,,,,0.227,,,0,20.7,,33,,0,0
03/28/2026 19:50:54,,81442326017,8144,2,Indoor 03,,,true,false,8,2,2,2,,,2,2,,,7,8,8,8,8,0.39,0,726,,,0,,,,,30.21,,0,,,,,,,,,,,,,,,,,0.371,,,0,20.8,,32,,0,0
03/28/2026 20:05:54,,81442326017,8144,2,Indoor 03,,,true,false,33,7,7,8,,,8,8,,,25,28,28,28,28,0.38,0,526,,,0,,,,,30.21,,0,,,,,,,,,,,,,,,,,0.074,,,0,20.6,,28,,0,0
03/28/2026 20:20:54,,81442326017,8144,2,Indoor 03,,,true,false,17,4,4,4,,,4,4,,,15,17,17,17,17,0.37,0,478,,,0,,,,,30.21,,0,,,,,,,,,,,,,,,,,0.026,,,0,20.4,,28,,0,0
03/28/2026 20:35:54,,81442326017,8144,2,Indoor 03,,,true,false,8,2,2,2,,,2,2,,,7,8,8,8,8,0.40,0,473,,,0,,,,,30.21,,0,,,,,,,,,,,,,,,,,0.015,,,0,20.3,,27,,0,0
03/28/2026 20:50:54,,81442326017,8144,2,Indoor 03,,,true,false,8,2,2,2,,,2,2,,,5,6,6,6,6,0.40,0,467,,,0,,,,,30.20,,0,,,,,,,,,,,,,,,,,0.005,,,0,20.3,,27,,0,0
03/28/2026 21:05:54,,81442326017,8144,2,Indoor 03,,,true,false,8,2,2,2,,,2,2,,,8,9,9,9,9,0.39,0,479,,,0,,,,,30.20,,0,,,,,,,,,,,,,,,,,0.035,,,0,20.2,,27,,0,0
03/28/2026 21:20:54,,81442326017,8144,2,Indoor 03,,,true,false,8,2,2,2,,,2,2,,,7,8,8,8,8,0.38,0,542,,,0,,,,,30.20,,0,,,,,,,,,,,,,,,,,0.044,,,0,20.4,,28,,0,0
03/28/2026 21:35:54,,81442326017,8144,2,Indoor 03,,,true,false,8,2,2,2,,,2,2,,,6,7,7,7,7,0.39,0,612,,,0,,,,,30.20,,0,,,,,,,,,,,,,,,,,0.087,,,0,20.7,,29,,0,0
03/28/2026 21:50:54,,81442326017,8144,2,Indoor 03,,,true,false,8,2,1,2,,,2,2,,,5,6,6,6,6,0.38,0,619,,,0,,,,,30.20,,0,,,,,,,,,,,,,,,,,0.307,,,0,20.9,,28,,0,0
03/28/2026 22:05:54,,81442326017,8144,2,Indoor 03,,,true,false,8,2,1,2,,,2,2,,,5,6,6,6,6,0.38,0,607,,,0,,,,,30.21,,0,,,,,,,,,,,,,,,,,0.737,,,0,21.0,,28,,0,0
03/28/2026 22:20:54,,81442326017,8144,2,Indoor 03,,,true,false,4,1,1,1,,,1,1,,,5,5,5,5,5,0.38,0,603,,,0,,,,,30.21,,0,,,,,,,,,,,,,,,,,0.743,,,0,20.9,,28,,0,0
03/28/2026 22:35:54,,81442326017,8144,2,Indoor 03,,,true,false,110,36,36,39,,,39,39,,,128,143,144,144,144,0.42,0,629,,,0,,,,,30.22,,0,,,,,,,,,,,,,,,,,0.437,,,0,20.8,,29,,0,0
03/28/2026 22:50:54,,81442326017,8144,2,Indoor 03,,,true,false,29,6,7,7,,,7,7,,,25,28,28,28,28,0.42,0,578,,,0,,,,,30.22,,0,,,,,,,,,,,,,,,,,0.134,,,0,20.5,,29,,0,0
03/28/2026 23:05:54,,81442326017,8144,2,Indoor 03,,,true,false,8,2,2,2,,,2,2,,,6,6,6,6,6,0.41,0,638,,,0,,,,,30.23,,0,,,,,,,,,,,,,,,,,0.111,,,0,20.5,,30,,0,0
03/28/2026 23:20:54,,81442326017,8144,2,Indoor 03,,,true,false,8,2,2,2,,,2,2,,,6,7,7,7,7,0.41,0,640,,,0,,,,,30.23,,0,,,,,,,,,,,,,,,,,0.258,,,0,20.5,,31,,0,0
03/28/2026 23:35:54,,81442326017,8144,2,Indoor 03,,,true,false,8,2,1,2,,,2,2,,,5,6,6,6,6,0.41,0,535,,,0,,,,,30.24,,0,,,,,,,,,,,,,,,,,0.152,,,0,20.3,,29,,0,0
03/28/2026 23:50:54,,81442326017,8144,2,Indoor 03,,,true,false,8,2,2,2,,,2,2,,,6,6,6,6,6,0.40,0,475,,,0,,,,,30.24,,0,,,,,,,,,,,,,,,,,0.041,,,0,20.0,,28,,0,0
03/29/2026 00:05:54,,81442326017,8144,2,Indoor 03,,,true,false,8,2,2,2,,,2,2,,,6,7,7,7,7,0.40,0,468,,,0,,,,,30.25,,0,,,,,,,,,,,,,,,,,0.035,,,0,19.9,,29,,0,0
03/29/2026 00:20:54,,81442326017,8144,2,Indoor 03,,,true,false,8,2,2,2,,,2,2,,,6,7,7,7,7,0.40,0,469,,,0,,,,,30.25,,0,,,,,,,,,,,,,,,,,0.036,,,0,19.7,,30,,0,0
03/29/2026 00:35:54,,81442326017,8144,2,Indoor 03,,,true,false,8,2,2,2,,,2,2,,,6,7,7,7,7,0.40,0,470,,,0,,,,,30.26,,0,,,,,,,,,,,,,,,,,0.041,,,0,19.6,,30,,0,0
03/29/2026 00:50:54,,81442326017,8144,2,Indoor 03,,,true,false,8,2,2,2,,,2,2,,,6,6,7,7,7,0.41,0,470,,,0,,,,,30.26,,0,,,,,,,,,,,,,,,,,0.044,,,0,19.6,,31,,0,0
03/29/2026 01:05:54,,81442326017,8144,2,Indoor 03,,,true,false,8,2,2,2,,,2,2,,,6,7,7,7,7,0.40,0,470,,,0,,,,,30.26,,0,,,,,,,,,,,,,,,,,0.044,,,0,19.5,,31,,0,0
03/29/2026 01:20:54,,81442326017,8144,2,Indoor 03,,,true,false,8,2,2,2,,,2,2,,,7,8,8,8,8,0.38,0,476,,,0,,,,,30.27,,0,,,,,,,,,,,,,,,,,0.038,,,0,19.5,,30,,0,0
03/29/2026 01:35:54,,81442326017,8144,2,Indoor 03,,,true,false,8,2,2,2,,,2,2,,,7,8,8,8,8,0.40,0,475,,,0,,,,,30.27,,0,,,,,,,,,,,,,,,,,0.039,,,0,19.4,,31,,0,0
03/29/2026 01:50:54,,81442326017,8144,2,Indoor 03,,,true,false,13,3,3,3,,,3,3,,,9,10,10,10,10,0.38,0,475,,,0,,,,,30.27,,0,,,,,,,,,,,,,,,,,0.042,,,0,19.4,,31,,0,0
03/29/2026 02:05:54,,81442326017,8144,2,Indoor 03,,,true,false,13,3,2,3,,,3,3,,,8,9,10,10,10,0.40,0,481,,,0,,,,,30.28,,0,,,,,,,,,,,,,,,,,0.046,,,0,19.3,,31,,0,0
03/29/2026 02:20:54,,81442326017,8144,2,Indoor 03,,,true,false,13,3,3,3,,,3,3,,,9,10,10,10,10,0.39,0,487,,,0,,,,,30.28,,0,,,,,,,,,,,,,,,,,0.057,,,0,19.3,,32,,0,4
03/29/2026 02:35:54,,81442326017,8144,2,Indoor 03,,,true,false,13,3,3,3,,,3,3,,,9,10,10,10,10,0.38,0,490,,,0,,,,,30.28,,0,,,,,,,,,,,,,,,,,0.066,,,0,19.3,,33,,0,4
03/29/2026 02:50:54,,81442326017,8144,2,Indoor 03,,,true,false,13,3,3,3,,,3,3,,,10,11,12,12,12,0.40,0,492,,,0,,,,,30.28,,0,,,,,,,,,,,,,,,,,0.078,,,0,19.2,,34,,0,4
03/29/2026 03:05:54,,81442326017,8144,2,Indoor 03,,,true,false,13,3,3,3,,,3,3,,,9,10,10,10,10,0.40,0,490,,,0,,,,,30.28,,0,,,,,,,,,,,,,,,,,0.079,,,0,19.2,,34,,0,4
03/29/2026 03:20:54,,81442326017,8144,2,Indoor 03,,,true,false,13,3,3,3,,,3,3,,,10,11,11,11,11,0.42,0,491,,,0,,,,,30.28,,0,,,,,,,,,,,,,,,,,0.080,,,0,19.2,,33,,0,0
03/29/2026 03:35:54,,81442326017,8144,2,Indoor 03,,,true,false,13,3,3,3,,,3,3,,,11,12,12,12,12,0.41,0,594,,,0,,,,,30.28,,0,,,,,,,,,,,,,,,,,0.256,,,0,19.4,,35,,0,0
03/29/2026 03:50:54,,81442326017,8144,2,Indoor 03,,,true,false,13,3,3,3,,,3,3,,,10,11,11,11,11,0.41,0,544,,,0,,,,,30.29,,0,,,,,,,,,,,,,,,,,0.220,,,0,19.4,,34,,0,0
03/29/2026 04:05:54,,81442326017,8144,2,Indoor 03,,,true,false,13,3,3,3,,,3,3,,,9,11,11,11,11,0.41,0,527,,,0,,,,,30.29,,0,,,,,,,,,,,,,,,,,0.162,,,0,19.4,,34,,0,0
03/29/2026 04:20:54,,81442326017,8144,2,Indoor 03,,,true,false,13,3,3,3,,,3,3,,,9,10,10,10,10,0.41,0,524,,,0,,,,,30.30,,0,,,,,,,,,,,,,,,,,0.152,,,0,19.5,,34,,0,0
03/29/2026 04:35:54,,81442326017,8144,2,Indoor 03,,,true,false,13,3,2,3,,,3,3,,,9,10,10,10,10,0.40,0,522,,,0,,,,,30.30,,0,,,,,,,,,,,,,,,,,0.154,,,0,19.5,,34,,0,0
03/29/2026 04:50:54,,81442326017,8144,2,Indoor 03,,,true,false,13,3,2,3,,,3,3,,,9,10,10,10,10,0.40,0,522,,,0,,,,,30.30,,0,,,,,,,,,,,,,,,,,0.155,,,0,19.5,,34,,0,0
03/29/2026 05:05:54,,81442326017,8144,2,Indoor 03,,,true,false,13,3,3,3,,,3,3,,,11,12,12,12,12,0.40,0,525,,,0,,,,,30.30,,0,,,,,,,,,,,,,,,,,0.146,,,0,19.4,,34,,0,0
03/29/2026 05:20:54,,81442326017,8144,2,Indoor 03,,,true,false,13,3,3,3,,,3,3,,,10,11,11,11,11,0.40,0,524,,,0,,,,,30.31,,0,,,,,,,,,,,,,,,,,0.144,,,0,19.4,,34,,0,0
03/29/2026 05:35:54,,81442326017,8144,2,Indoor 03,,,true,false,13,3,3,3,,,3,3,,,11,12,12,12,12,0.38,0,521,,,0,,,,,30.30,,0,,,,,,,,,,,,,,,,,0.144,,,0,19.4,,34,,0,0
03/29/2026 05:50:54,,81442326017,8144,2,Indoor 03,,,true,false,13,3,3,3,,,3,3,,,10,12,12,12,12,0.38,0,523,,,0,,,,,30.30,,0,,,,,,,,,,,,,,,,,0.137,,,0,19.4,,34,,0,0
03/29/2026 06:05:54,,81442326017,8144,2,Indoor 03,,,true,false,13,3,3,3,,,3,3,,,11,13,13,13,13,0.39,0,524,,,0,,,,,30.30,,0,,,,,,,,,,,,,,,,,0.139,,,0,19.4,,34,,0,0
03/29/2026 06:20:54,,81442326017,8144,2,Indoor 03,,,true,false,13,3,3,3,,,3,3,,,11,12,12,12,12,0.39,0,529,,,0,,,,,30.30,,0,,,,,,,,,,,,,,,,,0.149,,,0,19.4,,34,,0,0
03/29/2026 06:35:54,,81442326017,8144,2,Indoor 03,,,true,false,17,4,3,4,,,4,4,,,12,14,14,14,14,0.40,0,525,,,0,,,,,30.30,,0,,,,,,,,,,,,,,,,,0.139,,,0,19.4,,34,,0,0
03/29/2026 06:50:54,,81442326017,8144,2,Indoor 03,,,true,false,17,4,4,4,,,4,4,,,14,16,16,16,16,0.40,0,530,,,0,,,,,30.31,,0,,,,,,,,,,,,,,,,,0.138,,,0,19.4,,34,,0,0
03/29/2026 07:05:54,,81442326017,8144,2,Indoor 03,,,true,false,17,4,3,4,,,4,4,,,12,13,13,13,13,0.41,0,523,,,0,,,,,30.31,,0,,,,,,,,,,,,,,,,,0.140,,,0,19.4,,34,,0,0
03/29/2026 07:20:54,,81442326017,8144,2,Indoor 03,,,true,false,13,3,3,3,,,3,3,,,10,12,12,12,12,0.39,0,528,,,0,,,,,30.30,,0,,,,,,,,,,,,,,,,,0.141,,,0,19.4,,34,,0,0
03/29/2026 07:35:54,,81442326017,8144,2,Indoor 03,,,true,false,13,3,3,3,,,3,3,,,10,11,11,11,11,0.39,0,528,,,0,,,,,30.30,,0,,,,,,,,,,,,,,,,,0.132,,,0,19.4,,35,,0,0
03/29/2026 07:50:54,,81442326017,8144,2,Indoor 03,,,true,false,13,3,3,3,,,3,3,,,10,11,11,11,11,0.40,0,524,,,0,,,,,30.30,,0,,,,,,,,,,,,,,,,,0.122,,,0,19.4,,34,,0,0
03/29/2026 08:05:54,,81442326017,8144,2,Indoor 03,,,true,false,13,3,3,3,,,3,3,,,10,11,11,11,11,0.41,0,525,,,0,,,,,30.30,,0,,,,,,,,,,,,,,,,,0.121,,,0,19.4,,35,,0,0
03/29/2026 08:20:54,,81442326017,8144,2,Indoor 03,,,true,false,13,3,3,3,,,3,3,,,11,12,12,12,12,0.40,0,526,,,0,,,,,30.31,,0,,,,,,,,,,,,,,,,,0.124,,,0,19.4,,35,,0,0
03/29/2026 08:35:54,,81442326017,8144,2,Indoor 03,,,true,false,13,3,3,3,,,3,3,,,11,12,12,12,12,0.41,0,529,,,0,,,,,30.31,,0,,,,,,,,,,,,,,,,,0.128,,,0,19.4,,35,,0,0
03/29/2026 08:50:54,,81442326017,8144,2,Indoor 03,,,true,false,13,3,3,3,,,3,3,,,11,13,13,13,13,0.43,0,531,,,0,,,,,30.31,,0,,,,,,,,,,,,,,,,,0.134,,,0,19.4,,35,,0,0
03/29/2026 09:05:54,,81442326017,8144,2,Indoor 03,,,true,false,13,3,3,3,,,3,3,,,11,12,12,12,12,0.41,0,568,,,0,,,,,30.31,,0,,,,,,,,,,,,,,,,,0.472,,,0,19.5,,35,,0,0
03/29/2026 09:20:54,,81442326017,8144,2,Indoor 03,,,true,false,13,3,3,3,,,3,3,,,10,11,11,11,11,0.38,0,633,,,0,,,,,30.32,,0,,,,,,,,,,,,,,,,,0.700,,,0,19.5,,35,,0,0
03/29/2026 09:35:54,,81442326017,8144,2,Indoor 03,,,true,false,13,3,3,3,,,3,3,,,10,11,11,11,11,0.39,0,651,,,0,,,,,30.33,,0,,,,,,,,,,,,,,,,,0.651,,,0,19.5,,36,,0,0
03/29/2026 09:50:54,,81442326017,8144,2,Indoor 03,,,true,false,13,3,3,3,,,3,3,,,9,10,10,10,10,0.40,0,653,,,0,,,,,30.34,,0,,,,,,,,,,,,,,,,,0.624,,,0,19.5,,36,,0,0
03/29/2026 10:05:54,,81442326017,8144,2,Indoor 03,,,true,false,13,3,3,3,,,3,3,,,9,10,10,10,10,0.39,0,648,,,0,,,,,30.34,,0,,,,,,,,,,,,,,,,,0.601,,,0,19.5,,36,,0,0
03/29/2026 10:20:54,,81442326017,8144,2,Indoor 03,,,true,false,13,3,3,3,,,3,3,,,9,10,10,10,10,0.39,0,666,,,0,,,,,30.34,,0,,,,,,,,,,,,,,,,,0.719,,,0,19.5,,36,,0,4
03/29/2026 10:35:54,,81442326017,8144,2,Indoor 03,,,true,false,13,3,3,3,,,3,3,,,10,11,11,11,11,0.38,0,668,,,0,,,,,30.34,,0,,,,,,,,,,,,,,,,,0.706,,,0,19.4,,36,,0,4
03/29/2026 10:50:54,,81442326017,8144,2,Indoor 03,,,true,false,13,3,3,3,,,3,3,,,9,11,11,11,11,0.39,0,666,,,0,,,,,30.35,,0,,,,,,,,,,,,,,,,,0.895,,,0,19.4,,36,,0,4
03/29/2026 11:05:54,,81442326017,8144,2,Indoor 03,,,true,false,13,3,3,3,,,3,3,,,10,11,11,11,11,0.39,0,677,,,0,,,,,30.35,,0,,,,,,,,,,,,,,,,,1.171,,,0,19.5,,36,,0,4
03/29/2026 11:20:54,,81442326017,8144,2,Indoor 03,,,true,false,13,3,3,3,,,3,3,,,11,13,13,13,13,0.39,0,672,,,0,,,,,30.36,,0,,,,,,,,,,,,,,,,,0.879,,,0,19.5,,36,,0,4
03/29/2026 11:35:54,,81442326017,8144,2,Indoor 03,,,true,false,13,3,3,3,,,3,3,,,11,12,12,12,12,0.40,0,669,,,0,,,,,30.36,,0,,,,,,,,,,,,,,,,,0.745,,,0,19.5,,36,,0,4
03/29/2026 11:50:54,,81442326017,8144,2,Indoor 03,,,true,false,13,3,3,3,,,3,3,,,10,11,11,11,11,0.39,0,674,,,0,,,,,30.37,,0,,,,,,,,,,,,,,,,,0.680,,,0,19.5,,36,,0,4
03/29/2026 12:05:54,,81442326017,8144,2,Indoor 03,,,true,false,13,3,3,3,,,3,3,,,10,11,11,11,11,0.39,0,674,,,0,,,,,30.37,,0,,,,,,,,,,,,,,,,,0.654,,,0,19.5,,36,,0,4
03/29/2026 12:20:54,,81442326017,8144,2,Indoor 03,,,true,false,13,3,3,3,,,3,3,,,10,11,11,11,11,0.39,0,664,,,0,,,,,30.38,,0,,,,,,,,,,,,,,,,,0.605,,,0,19.5,,37,,0,0
03/29/2026 12:35:54,,81442326017,8144,2,Indoor 03,,,true,false,13,3,3,3,,,3,3,,,9,10,10,10,10,0.40,0,654,,,0,,,,,30.38,,0,,,,,,,,,,,,,,,,,0.651,,,0,19.5,,36,,0,0
03/29/2026 12:50:54,,81442326017,8144,2,Indoor 03,,,true,false,8,2,2,2,,,2,2,,,8,9,9,9,9,0.40,0,647,,,0,,,,,30.38,,0,,,,,,,,,,,,,,,,,0.555,,,0,19.5,,36,,0,0
03/29/2026 13:05:54,,81442326017,8144,2,Indoor 03,,,true,false,8,2,2,2,,,2,2,,,8,9,9,9,9,0.41,0,640,,,0,,,,,30.39,,0,,,,,,,,,,,,,,,,,0.486,,,0,19.5,,36,,0,0
03/29/2026 13:20:54,,81442326017,8144,2,Indoor 03,,,true,false,8,2,2,2,,,2,2,,,8,9,9,9,9,0.41,0,640,,,0,,,,,30.39,,0,,,,,,,,,,,,,,,,,0.450,,,0,19.5,,35,,0,0
03/29/2026 13:35:54,,81442326017,8144,2,Indoor 03,,,true,false,8,2,2,2,,,2,2,,,7,8,8,8,8,0.41,0,637,,,0,,,,,30.39,,0,,,,,,,,,,,,,,,,,0.381,,,0,19.5,,35,,0,0
03/29/2026 13:50:54,,81442326017,8144,2,Indoor 03,,,true,false,8,2,2,2,,,2,2,,,7,8,8,8,8,0.40,0,639,,,0,,,,,30.39,,0,,,,,,,,,,,,,,,,,0.457,,,0,19.6,,35,,0,0
03/29/2026 14:05:54,,81442326017,8144,2,Indoor 03,,,true,false,8,2,2,2,,,2,2,,,7,8,8,8,8,0.38,0,631,,,0,,,,,30.39,,0,,,,,,,,,,,,,,,,,1.029,,,0,19.6,,35,,0,0
03/29/2026 14:20:54,,81442326017,8144,2,Indoor 03,,,true,false,8,2,2,2,,,2,2,,,7,8,8,8,8,0.39,0,583,,,0,,,,,30.39,,0,,,,,,,,,,,,,,,,,0.902,,,0,19.5,,34,,0,0
03/29/2026 14:35:54,,81442326017,8144,2,Indoor 03,,,true,false,8,2,2,2,,,2,2,,,7,7,7,7,7,0.40,0,612,,,0,,,,,30.38,,0,,,,,,,,,,,,,,,,,0.578,,,0,19.6,,34,,0,0
03/29/2026 14:50:54,,81442326017,8144,2,Indoor 03,,,true,false,8,2,2,2,,,2,2,,,6,7,7,7,7,0.40,0,604,,,0,,,,,30.38,,0,,,,,,,,,,,,,,,,,0.293,,,0,19.6,,33,,0,0
03/29/2026 15:05:54,,81442326017,8144,2,Indoor 03,,,true,false,8,2,1,2,,,2,2,,,5,6,6,6,6,0.41,0,599,,,0,,,,,30.38,,0,,,,,,,,,,,,,,,,,0.136,,,0,19.6,,31,,0,0
03/29/2026 15:20:54,,81442326017,8144,2,Indoor 03,,,true,false,4,1,1,1,,,1,1,,,5,5,5,5,5,0.40,0,598,,,0,,,,,30.38,,0,,,,,,,,,,,,,,,,,0.510,,,0,19.6,,30,,0,0
03/29/2026 15:35:54,,81442326017,8144,2,Indoor 03,,,true,false,4,1,1,1,,,1,1,,,5,5,5,5,5,0.40,0,608,,,0,,,,,30.37,,0,,,,,,,,,,,,,,,,,0.527,,,0,19.7,,30,,0,0
03/29/2026 15:50:54,,81442326017,8144,2,Indoor 03,,,true,false,4,1,1,1,,,1,1,,,5,5,5,5,5,0.40,0,615,,,0,,,,,30.37,,0,,,,,,,,,,,,,,,,,0.161,,,0,19.7,,29,,0,0
03/29/2026 16:05:54,,81442326017,8144,2,Indoor 03,,,true,false,8,2,2,2,,,2,2,,,6,7,7,7,7,0.40,0,628,,,0,,,,,30.36,,0,,,,,,,,,,,,,,,,,0.081,,,0,19.8,,29,,0,0
03/29/2026 16:20:54,,81442326017,8144,2,Indoor 03,,,true,false,8,2,2,2,,,2,2,,,8,9,9,9,9,0.39,0,646,,,0,,,,,30.35,,0,,,,,,,,,,,,,,,,,0.816,,,0,19.9,,28,,0,0
03/29/2026 16:35:54,,81442326017,8144,2,Indoor 03,,,true,false,4,1,1,1,,,1,1,,,5,5,5,5,5,0.39,0,655,,,0,,,,,30.35,,0,,,,,,,,,,,,,,,,,0.327,,,0,19.9,,28,,0,0
03/29/2026 16:50:54,,81442326017,8144,2,Indoor 03,,,true,false,13,3,3,3,,,3,3,,,9,10,10,10,10,0.41,0,646,,,0,,,,,30.34,,0,,,,,,,,,,,,,,,,,0.113,,,0,19.9,,28,,0,0
03/29/2026 17:05:54,,81442326017,8144,2,Indoor 03,,,true,false,8,2,2,2,,,2,2,,,7,8,8,8,8,0.41,0,588,,,0,,,,,30.33,,0,,,,,,,,,,,,,,,,,0.131,,,0,19.9,,26,,0,0
03/29/2026 17:20:54,,81442326017,8144,2,Indoor 03,,,true,false,17,4,3,4,,,4,4,,,12,14,14,14,14,0.40,0,491,,,0,,,,,30.32,,0,,,,,,,,,,,,,,,,,0.029,,,0,19.7,,25,,0,0
03/29/2026 17:35:54,,81442326017,8144,2,Indoor 03,,,true,false,13,3,3,3,,,3,3,,,10,11,11,11,11,0.40,0,460,,,0,,,,,30.31,,0,,,,,,,,,,,,,,,,,0.000,,,0,19.7,,24,,0,0
03/29/2026 17:50:54,,81442326017,8144,2,Indoor 03,,,true,false,8,2,2,2,,,2,2,,,6,6,6,6,6,0.38,0,452,,,0,,,,,30.30,,0,,,,,,,,,,,,,,,,,0.000,,,0,19.7,,23,,0,0
03/29/2026 18:05:54,,81442326017,8144,2,Indoor 03,,,true,false,4,1,1,1,,,1,1,,,4,5,5,5,5,0.39,0,449,,,0,,,,,30.28,,0,,,,,,,,,,,,,,,,,0.000,,,0,19.7,,23,,0,0
03/29/2026 18:20:54,,81442326017,8144,2,Indoor 03,,,true,false,4,1,1,1,,,1,1,,,3,3,3,3,3,0.38,0,450,,,0,,,,,30.27,,0,,,,,,,,,,,,,,,,,0.000,,,0,19.8,,23,,0,0
03/29/2026 18:35:54,,81442326017,8144,2,Indoor 03,,,true,false,4,1,1,1,,,1,1,,,3,3,3,3,3,0.38,0,453,,,0,,,,,30.27,,0,,,,,,,,,,,,,,,,,0.000,,,0,19.8,,23,,0,0
03/29/2026 18:50:54,,81442326017,8144,2,Indoor 03,,,true,false,4,1,1,1,,,1,1,,,3,4,4,4,4,0.39,0,460,,,0,,,,,30.26,,0,,,,,,,,,,,,,,,,,0.000,,,0,19.9,,23,,0,0
03/29/2026 19:05:54,,81442326017,8144,2,Indoor 03,,,true,false,4,1,1,1,,,1,1,,,3,3,3,3,3,0.40,0,460,,,0,,,,,30.25,,0,,,,,,,,,,,,,,,,,0.000,,,0,19.9,,23,,0,0
03/29/2026 19:20:54,,81442326017,8144,2,Indoor 03,,,true,false,4,1,1,1,,,1,1,,,4,4,4,4,4,0.40,0,459,,,0,,,,,30.24,,0,,,,,,,,,,,,,,,,,0.015,,,0,19.9,,24,,0,0
03/29/2026 19:35:54,,81442326017,8144,2,Indoor 03,,,true,false,4,1,1,1,,,1,1,,,4,5,5,5,5,0.41,0,459,,,0,,,,,30.24,,0,,,,,,,,,,,,,,,,,0.025,,,0,20.0,,24,,0,0
03/29/2026 19:50:54,,81442326017,8144,2,Indoor 03,,,true,false,4,1,1,1,,,1,1,,,5,5,5,5,5,0.40,0,484,,,0,,,,,30.23,,0,,,,,,,,,,,,,,,,,0.041,,,0,20.1,,26,,0,0
03/29/2026 20:05:54,,81442326017,8144,2,Indoor 03,,,true,false,4,1,1,1,,,1,1,,,5,5,5,5,5,0.40,0,640,,,0,,,,,30.22,,0,,,,,,,,,,,,,,,,,0.628,,,0,20.4,,28,,0,0
03/29/2026 20:20:54,,81442326017,8144,2,Indoor 03,,,true,false,8,2,2,2,,,2,2,,,8,9,9,9,9,0.39,0,640,,,0,,,,,30.22,,0,,,,,,,,,,,,,,,,,0.736,,,0,20.4,,29,,0,0
03/29/2026 20:35:54,,81442326017,8144,2,Indoor 03,,,true,false,8,2,2,2,,,2,2,,,7,8,8,8,8,0.40,0,589,,,0,,,,,30.21,,0,,,,,,,,,,,,,,,,,0.733,,,0,20.4,,29,,0,0
03/29/2026 20:50:54,,81442326017,8144,2,Indoor 03,,,true,false,8,2,2,2,,,2,2,,,6,6,6,6,6,0.39,0,528,,,0,,,,,30.21,,0,,,,,,,,,,,,,,,,,0.419,,,0,20.3,,29,,0,0
03/29/2026 21:05:54,,81442326017,8144,2,Indoor 03,,,true,false,8,2,2,2,,,2,2,,,7,8,8,8,8,0.38,0,617,,,0,,,,,30.20,,0,,,,,,,,,,,,,,,,,0.630,,,0,20.3,,32,,0,0
03/29/2026 21:20:54,,81442326017,8144,2,Indoor 03,,,true,false,8,2,2,2,,,2,2,,,8,9,9,9,9,0.38,0,639,,,0,,,,,30.20,,0,,,,,,,,,,,,,,,,,0.740,,,0,20.3,,33,,0,0
03/29/2026 21:35:54,,81442326017,8144,2,Indoor 03,,,true,false,8,2,2,2,,,2,2,,,7,8,8,8,8,0.40,0,622,,,0,,,,,30.19,,0,,,,,,,,,,,,,,,,,0.700,,,0,20.3,,33,,0,0
03/29/2026 21:50:54,,81442326017,8144,2,Indoor 03,,,true,false,8,2,2,2,,,2,2,,,8,9,9,9,9,0.40,0,606,,,0,,,,,30.19,,0,,,,,,,,,,,,,,,,,0.731,,,0,20.3,,33,,0,0
03/29/2026 22:05:54,,81442326017,8144,2,Indoor 03,,,true,false,8,2,2,2,,,2,2,,,7,8,8,8,8,0.40,0,602,,,0,,,,,30.18,,0,,,,,,,,,,,,,,,,,0.794,,,0,20.1,,34,,0,0
03/29/2026 22:20:54,,81442326017,8144,2,Indoor 03,,,true,false,8,2,2,2,,,2,2,,,7,8,8,8,8,0.40,0,613,,,0,,,,,30.18,,0,,,,,,,,,,,,,,,,,0.993,,,0,20.0,,36,,0,0
03/29/2026 22:35:54,,81442326017,8144,2,Indoor 03,,,true,false,8,2,2,2,,,2,2,,,8,9,9,9,9,0.41,0,505,,,0,,,,,30.18,,0,,,,,,,,,,,,,,,,,0.761,,,0,19.7,,35,,0,0
03/29/2026 22:50:54,,81442326017,8144,2,Indoor 03,,,true,false,13,3,2,3,,,3,3,,,9,10,10,10,10,0.41,0,464,,,0,,,,,30.18,,0,,,,,,,,,,,,,,,,,0.619,,,0,19.5,,36,,0,0
03/29/2026 23:05:54,,81442326017,8144,2,Indoor 03,,,true,false,8,2,2,2,,,2,2,,,7,7,7,7,7,0.38,0,456,,,0,,,,,30.18,,0,,,,,,,,,,,,,,,,,0.598,,,0,19.4,,37,,0,0
03/29/2026 23:20:54,,81442326017,8144,2,Indoor 03,,,true,false,8,2,2,2,,,2,2,,,5,6,6,6,6,0.38,0,457,,,0,,,,,30.17,,0,,,,,,,,,,,,,,,,,0.605,,,0,19.3,,37,,0,0
03/29/2026 23:35:54,,81442326017,8144,2,Indoor 03,,,true,false,8,2,1,2,,,2,2,,,5,6,6,6,6,0.41,0,463,,,0,,,,,30.17,,0,,,,,,,,,,,,,,,,,0.623,,,0,19.3,,38,,0,0
03/29/2026 23:50:54,,81442326017,8144,2,Indoor 03,,,true,false,8,2,1,2,,,2,2,,,5,6,6,6,6,0.42,0,511,,,0,,,,,30.16,,0,,,,,,,,,,,,,,,,,0.704,,,0,19.4,,39,,0,0
03/30/2026 00:05:54,,81442326017,8144,2,Indoor 03,,,true,false,8,2,2,2,,,2,2,,,6,7,7,7,7,0.41,0,569,,,0,,,,,30.17,,0,,,,,,,,,,,,,,,,,0.834,,,0,19.6,,39,,0,0
03/30/2026 00:20:54,,81442326017,8144,2,Indoor 03,,,true,false,13,3,2,3,,,3,3,,,8,9,9,9,9,0.44,0,630,,,0,,,,,30.17,,0,,,,,,,,,,,,,,,,,0.934,,,0,19.8,,40,,0,0
03/30/2026 00:35:54,,81442326017,8144,2,Indoor 03,,,true,false,8,2,2,2,,,2,2,,,6,7,7,7,7,0.43,0,627,,,0,,,,,30.17,,0,,,,,,,,,,,,,,,,,1.014,,,0,19.9,,40,,0,0
03/30/2026 00:50:54,,81442326017,8144,2,Indoor 03,,,true,false,8,2,2,2,,,2,2,,,6,7,7,7,7,0.43,0,641,,,0,,,,,30.17,,0,,,,,,,,,,,,,,,,,1.171,,,0,20.0,,40,,0,0
03/30/2026 01:05:54,,81442326017,8144,2,Indoor 03,,,true,false,8,2,2,2,,,2,2,,,7,8,8,8,8,0.43,0,636,,,0,,,,,30.18,,0,,,,,,,,,,,,,,,,,1.024,,,0,20.0,,40,,0,0
03/30/2026 01:20:54,,81442326017,8144,2,Indoor 03,,,true,false,13,3,3,3,,,3,3,,,9,10,10,10,10,0.42,0,605,,,0,,,,,30.18,,0,,,,,,,,,,,,,,,,,0.917,,,0,19.9,,41,,0,0
03/30/2026 01:35:54,,81442326017,8144,2,Indoor 03,,,true,false,13,3,3,3,,,3,3,,,10,11,11,11,11,0.42,0,657,,,0,,,,,30.18,,0,,,,,,,,,,,,,,,,,1.060,,,0,19.9,,42,,0,0
03/30/2026 01:50:54,,81442326017,8144,2,Indoor 03,,,true,false,17,4,4,4,,,4,4,,,13,14,14,14,14,0.41,0,639,,,0,,,,,30.18,,0,,,,,,,,,,,,,,,,,0.986,,,0,19.9,,42,,0,0
03/30/2026 02:05:54,,81442326017,8144,2,Indoor 03,,,true,false,17,4,4,4,,,4,4,,,13,15,15,15,15,0.41,0,640,,,0,,,,,30.18,,0,,,,,,,,,,,,,,,,,0.929,,,0,19.8,,42,,0,0
03/30/2026 02:20:54,,81442326017,8144,2,Indoor 03,,,true,false,21,5,5,5,,,5,5,,,18,20,20,20,20,0.41,0,652,,,0,,,,,30.17,,0,,,,,,,,,,,,,,,,,1.005,,,0,19.6,,42,,0,4
03/30/2026 02:35:54,,81442326017,8144,2,Indoor 03,,,true,false,17,4,3,4,,,4,4,,,12,14,14,14,14,0.39,0,616,,,0,,,,,30.17,,0,,,,,,,,,,,,,,,,,0.930,,,0,19.5,,42,,0,4
03/30/2026 02:50:54,,81442326017,8144,2,Indoor 03,,,true,false,13,3,2,3,,,3,3,,,9,10,10,10,10,0.40,0,603,,,0,,,,,30.17,,0,,,,,,,,,,,,,,,,,0.915,,,0,19.5,,43,,0,4
03/30/2026 03:05:54,,81442326017,8144,2,Indoor 03,,,true,false,8,2,2,2,,,2,2,,,7,8,8,8,8,0.39,0,588,,,0,,,,,30.17,,0,,,,,,,,,,,,,,,,,0.925,,,0,19.5,,44,,0,4
03/30/2026 03:20:54,,81442326017,8144,2,Indoor 03,,,true,false,8,2,2,2,,,2,2,,,7,8,8,8,8,0.41,0,582,,,0,,,,,30.17,,0,,,,,,,,,,,,,,,,,0.943,,,0,19.4,,45,,0,0
03/30/2026 03:35:54,,81442326017,8144,2,Indoor 03,,,true,false,8,2,2,2,,,2,2,,,8,9,9,9,9,0.40,0,584,,,0,,,,,30.17,,0,,,,,,,,,,,,,,,,,0.957,,,0,19.5,,46,,0,0
03/30/2026 03:50:54,,81442326017,8144,2,Indoor 03,,,true,false,8,2,2,2,,,2,2,,,7,8,8,8,8,0.39,0,593,,,0,,,,,30.17,,0,,,,,,,,,,,,,,,,,1.111,,,0,19.5,,47,,0,0
03/30/2026 04:05:54,,81442326017,8144,2,Indoor 03,,,true,false,8,2,2,2,,,2,2,,,6,7,7,7,7,0.41,0,595,,,0,,,,,30.17,,0,,,,,,,,,,,,,,,,,1.103,,,0,19.5,,47,,0,0
03/30/2026 04:20:54,,81442326017,8144,2,Indoor 03,,,true,false,8,2,2,2,,,2,2,,,5,6,6,6,6,0.42,0,583,,,0,,,,,30.17,,0,,,,,,,,,,,,,,,,,1.274,,,0,19.6,,47,,0,0
03/30/2026 04:35:54,,81442326017,8144,2,Indoor 03,,,true,false,8,2,2,2,,,2,2,,,5,6,6,6,6,0.43,0,577,,,0,,,,,30.17,,0,,,,,,,,,,,,,,,,,1.368,,,0,19.6,,48,,0,0
03/30/2026 04:50:54,,81442326017,8144,2,Indoor 03,,,true,false,8,2,2,2,,,2,2,,,6,6,6,6,6,0.43,0,572,,,0,,,,,30.17,,0,,,,,,,,,,,,,,,,,1.206,,,0,19.6,,48,,0,0
03/30/2026 05:05:54,,81442326017,8144,2,Indoor 03,,,true,false,8,2,2,2,,,2,2,,,6,7,7,7,7,0.43,0,571,,,0,,,,,30.17,,0,,,,,,,,,,,,,,,,,1.465,,,0,19.6,,48,,0,0
03/30/2026 05:20:54,,81442326017,8144,2,Indoor 03,,,true,false,8,2,2,2,,,2,2,,,7,8,8,8,8,0.43,0,566,,,0,,,,,30.17,,0,,,,,,,,,,,,,,,,,1.258,,,0,19.6,,48,,0,0
03/30/2026 05:35:54,,81442326017,8144,2,Indoor 03,,,true,false,8,2,2,2,,,2,2,,,7,7,7,7,7,0.42,0,562,,,0,,,,,30.16,,0,,,,,,,,,,,,,,,,,1.178,,,0,19.6,,48,,0,0
03/30/2026 05:50:54,,81442326017,8144,2,Indoor 03,,,true,false,8,2,2,2,,,2,2,,,8,9,9,9,9,0.41,0,564,,,0,,,,,30.16,,0,,,,,,,,,,,,,,,,,1.081,,,0,19.6,,48,,0,0
03/30/2026 06:05:54,,81442326017,8144,2,Indoor 03,,,true,false,8,2,2,2,,,2,2,,,8,9,9,9,9,0.42,0,554,,,0,,,,,30.15,,0,,,,,,,,,,,,,,,,,1.085,,,0,19.6,,49,,0,0
03/30/2026 06:20:54,,81442326017,8144,2,Indoor 03,,,true,false,8,2,2,2,,,2,2,,,6,7,7,7,7,0.42,0,559,,,0,,,,,30.15,,0,,,,,,,,,,,,,,,,,1.106,,,0,19.6,,49,,0,0
03/30/2026 06:35:54,,81442326017,8144,2,Indoor 03,,,true,false,8,2,2,2,,,2,2,,,6,7,7,7,7,0.41,0,570,,,0,,,,,30.15,,0,,,,,,,,,,,,,,,,,1.043,,,0,19.6,,48,,0,0
03/30/2026 06:50:54,,81442326017,8144,2,Indoor 03,,,true,false,8,2,2,2,,,2,2,,,6,7,7,7,7,0.42,0,571,,,0,,,,,30.14,,0,,,,,,,,,,,,,,,,,1.022,,,0,19.6,,49,,0,0
03/30/2026 07:05:54,,81442326017,8144,2,Indoor 03,,,true,false,8,2,2,2,,,2,2,,,6,7,7,7,7,0.41,0,559,,,0,,,,,30.14,,0,,,,,,,,,,,,,,,,,1.006,,,0,19.5,,49,,0,0
03/30/2026 07:20:54,,81442326017,8144,2,Indoor 03,,,true,false,8,2,2,2,,,2,2,,,7,7,7,7,7,0.42,0,563,,,0,,,,,30.13,,0,,,,,,,,,,,,,,,,,1.003,,,0,19.5,,49,,0,0
03/30/2026 07:35:54,,81442326017,8144,2,Indoor 03,,,true,false,8,2,2,2,,,2,2,,,6,7,7,7,7,0.43,0,561,,,0,,,,,30.13,,0,,,,,,,,,,,,,,,,,1.021,,,0,19.5,,49,,0,0
03/30/2026 07:50:54,,81442326017,8144,2,Indoor 03,,,true,false,8,2,2,2,,,2,2,,,7,8,8,8,8,0.43,0,559,,,0,,,,,30.13,,0,,,,,,,,,,,,,,,,,1.030,,,0,19.5,,50,,0,0
03/30/2026 08:05:54,,81442326017,8144,2,Indoor 03,,,true,false,13,3,2,3,,,3,3,,,9,10,10,10,10,0.41,0,555,,,0,,,,,30.13,,0,,,,,,,,,,,,,,,,,1.011,,,0,19.5,,49,,0,0
03/30/2026 08:20:54,,81442326017,8144,2,Indoor 03,,,true,false,8,2,2,2,,,2,2,,,7,8,8,8,8,0.41,0,554,,,0,,,,,30.13,,0,,,,,,,,,,,,,,,,,0.996,,,0,19.5,,50,,0,0
03/30/2026 08:35:54,,81442326017,8144,2,Indoor 03,,,true,false,8,2,2,2,,,2,2,,,7,8,8,8,8,0.42,0,557,,,0,,,,,30.13,,0,,,,,,,,,,,,,,,,,0.994,,,0,19.5,,50,,0,0
03/30/2026 08:50:54,,81442326017,8144,2,Indoor 03,,,true,false,8,2,2,2,,,2,2,,,6,7,7,7,7,0.42,0,566,,,0,,,,,30.12,,0,,,,,,,,,,,,,,,,,0.991,,,0,19.5,,50,,0,0
03/30/2026 09:05:54,,81442326017,8144,2,Indoor 03,,,true,false,8,2,2,2,,,2,2,,,6,7,7,7,7,0.41,0,563,,,0,,,,,30.12,,0,,,,,,,,,,,,,,,,,0.991,,,0,19.3,,50,,0,0
03/30/2026 09:20:54,,81442326017,8144,2,Indoor 03,,,true,false,8,2,2,2,,,2,2,,,7,8,8,8,8,0.42,0,550,,,0,,,,,30.12,,0,,,,,,,,,,,,,,,,,1.044,,,0,19.2,,51,,0,0
03/30/2026 09:35:54,,81442326017,8144,2,Indoor 03,,,true,false,8,2,2,2,,,2,2,,,7,8,8,8,8,0.45,0,557,,,0,,,,,30.12,,0,,,,,,,,,,,,,,,,,1.067,,,0,19.1,,51,,0,0
03/30/2026 09:50:54,,81442326017,8144,2,Indoor 03,,,true,false,8,2,2,2,,,2,2,,,7,7,7,7,7,0.42,0,478,,,0,,,,,30.13,,0,,,,,,,,,,,,,,,,,0.973,,,0,19.0,,51,,0,0
03/30/2026 10:05:54,,81442326017,8144,2,Indoor 03,,,true,false,8,2,2,2,,,2,2,,,6,7,7,7,7,0.41,0,470,,,0,,,,,30.13,,0,,,,,,,,,,,,,,,,,0.947,,,0,18.9,,51,,0,0
03/30/2026 10:20:54,,81442326017,8144,2,Indoor 03,,,true,false,8,2,2,2,,,2,2,,,6,7,7,7,7,0.43,0,463,,,0,,,,,30.13,,0,,,,,,,,,,,,,,,,,0.937,,,0,18.8,,51,,0,0
03/30/2026 10:35:54,,81442326017,8144,2,Indoor 03,,,true,false,8,2,2,2,,,2,2,,,6,7,7,7,7,0.42,0,503,,,0,,,,,30.14,,0,,,,,,,,,,,,,,,,,0.944,,,0,18.9,,51,,0,0
03/30/2026 10:50:54,,81442326017,8144,2,Indoor 03,,,true,false,8,2,2,2,,,2,2,,,6,7,7,7,7,0.40,0,521,,,0,,,,,30.14,,0,,,,,,,,,,,,,,,,,0.952,,,0,19.1,,51,,0,0
03/30/2026 11:05:54,,81442326017,8144,2,Indoor 03,,,true,false,8,2,2,2,,,2,2,,,6,7,7,7,7,0.42,0,513,,,0,,,,,30.14,,0,,,,,,,,,,,,,,,,,0.950,,,0,19.1,,51,,0,0
03/30/2026 11:20:54,,81442326017,8144,2,Indoor 03,,,true,false,8,2,2,2,,,2,2,,,6,7,7,7,7,0.42,0,509,,,0,,,,,30.14,,0,,,,,,,,,,,,,,,,,0.951,,,0,19.2,,51,,0,0
03/30/2026 11:35:54,,81442326017,8144,2,Indoor 03,,,true,false,8,2,2,2,,,2,2,,,6,7,7,7,7,0.42,0,504,,,0,,,,,30.14,,0,,,,,,,,,,,,,,,,,0.951,,,0,19.2,,51,,0,0
03/30/2026 11:50:54,,81442326017,8144,2,Indoor 03,,,true,false,8,2,2,2,,,2,2,,,6,7,7,7,7,0.42,0,508,,,0,,,,,30.15,,0,,,,,,,,,,,,,,,,,0.960,,,0,19.3,,51,,0,0
03/30/2026 12:05:54,,81442326017,8144,2,Indoor 03,,,true,false,8,2,2,2,,,2,2,,,8,9,9,9,9,0.42,0,511,,,0,,,,,30.15,,0,,,,,,,,,,,,,,,,,0.977,,,0,19.3,,51,,0,0
03/30/2026 12:20:54,,81442326017,8144,2,Indoor 03,,,true,false,8,2,2,2,,,2,2,,,6,7,7,7,7,0.40,0,511,,,0,,,,,30.16,,0,,,,,,,,,,,,,,,,,0.982,,,0,19.3,,52,,0,0
03/30/2026 12:35:54,,81442326017,8144,2,Indoor 03,,,true,false,8,2,2,2,,,2,2,,,6,7,7,7,7,0.40,0,514,,,0,,,,,30.16,,0,,,,,,,,,,,,,,,,,0.989,,,0,19.3,,52,,0,0
03/30/2026 12:50:54,,81442326017,8144,2,Indoor 03,,,true,false,8,2,2,2,,,2,2,,,6,7,7,7,7,0.40,0,515,,,0,,,,,30.16,,0,,,,,,,,,,,,,,,,,0.994,,,0,19.3,,52,,0,0
03/30/2026 13:05:54,,81442326017,8144,2,Indoor 03,,,true,false,8,2,2,2,,,2,2,,,8,9,9,9,9,0.40,0,515,,,0,,,,,30.16,,0,,,,,,,,,,,,,,,,,0.993,,,0,19.4,,52,,0,0
03/30/2026 13:20:54,,81442326017,8144,2,Indoor 03,,,true,false,13,3,2,3,,,3,3,,,9,10,10,10,10,0.43,0,514,,,0,,,,,30.16,,0,,,,,,,,,,,,,,,,,0.991,,,0,19.4,,52,,0,0
03/30/2026 13:35:54,,81442326017,8144,2,Indoor 03,,,true,false,8,2,2,2,,,2,2,,,7,8,8,8,8,0.44,0,516,,,0,,,,,30.17,,0,,,,,,,,,,,,,,,,,0.992,,,0,19.3,,53,,0,0
03/30/2026 13:50:54,,81442326017,8144,2,Indoor 03,,,true,false,8,2,2,2,,,2,2,,,6,6,6,6,6,0.43,0,514,,,0,,,,,30.17,,0,,,,,,,,,,,,,,,,,0.997,,,0,19.3,,53,,0,0
03/30/2026 14:05:54,,81442326017,8144,2,Indoor 03,,,true,false,8,2,2,2,,,2,2,,,6,6,6,6,6,0.43,0,517,,,0,,,,,30.17,,0,,,,,,,,,,,,,,,,,0.998,,,0,19.3,,53,,0,0
03/30/2026 14:20:54,,81442326017,8144,2,Indoor 03,,,true,false,8,2,1,2,,,2,2,,,5,6,6,6,6,0.43,0,517,,,0,,,,,30.17,,0,,,,,,,,,,,,,,,,,1.003,,,0,19.4,,53,,0,0
03/30/2026 14:35:54,,81442326017,8144,2,Indoor 03,,,true,false,4,1,1,1,,,1,1,,,4,5,5,5,5,0.41,0,522,,,0,,,,,30.17,,0,,,,,,,,,,,,,,,,,1.050,,,0,19.4,,54,,0,0
03/30/2026 14:50:54,,81442326017,8144,2,Indoor 03,,,true,false,4,1,1,1,,,1,1,,,5,5,5,5,5,0.43,0,523,,,0,,,,,30.16,,0,,,,,,,,,,,,,,,,,1.057,,,0,19.4,,54,,0,0
03/30/2026 15:05:54,,81442326017,8144,2,Indoor 03,,,true,false,4,1,1,1,,,1,1,,,5,6,6,6,6,0.44,0,526,,,0,,,,,30.16,,0,,,,,,,,,,,,,,,,,1.044,,,0,19.4,,54,,0,0
03/30/2026 15:20:54,,81442326017,8144,2,Indoor 03,,,true,false,4,1,1,1,,,1,1,,,4,5,5,5,5,0.44,0,528,,,0,,,,,30.15,,0,,,,,,,,,,,,,,,,,1.042,,,0,19.5,,54,,0,0
03/30/2026 15:35:54,,81442326017,8144,2,Indoor 03,,,true,false,4,1,1,1,,,1,1,,,4,5,5,5,5,0.44,0,525,,,0,,,,,30.15,,0,,,,,,,,,,,,,,,,,1.053,,,0,19.5,,54,,0,0
03/30/2026 15:50:54,,81442326017,8144,2,Indoor 03,,,true,false,4,1,1,1,,,1,1,,,5,5,5,5,5,0.44,0,519,,,0,,,,,30.15,,0,,,,,,,,,,,,,,,,,1.042,,,0,19.5,,54,,0,0
03/30/2026 16:05:54,,81442326017,8144,2,Indoor 03,,,true,false,4,1,1,1,,,1,1,,,5,6,6,6,6,0.45,0,517,,,0,,,,,30.14,,0,,,,,,,,,,,,,,,,,1.035,,,0,19.5,,54,,0,0
03/30/2026 16:20:54,,81442326017,8144,2,Indoor 03,,,true,false,8,2,1,2,,,2,2,,,5,6,6,6,6,0.44,0,514,,,0,,,,,30.14,,0,,,,,,,,,,,,,,,,,1.035,,,0,19.6,,55,,0,0
03/30/2026 16:35:54,,81442326017,8144,2,Indoor 03,,,true,false,8,2,1,2,,,2,2,,,5,6,6,6,6,0.43,0,508,,,0,,,,,30.13,,0,,,,,,,,,,,,,,,,,1.032,,,0,19.6,,54,,0,0
03/30/2026 16:50:54,,81442326017,8144,2,Indoor 03,,,true,false,8,2,1,2,,,2,2,,,5,6,6,6,6,0.43,0,505,,,0,,,,,30.13,,0,,,,,,,,,,,,,,,,,1.025,,,0,19.6,,54,,0,0
03/30/2026 17:05:54,,81442326017,8144,2,Indoor 03,,,true,false,8,2,1,2,,,2,2,,,5,6,6,6,6,0.41,0,500,,,0,,,,,30.12,,0,,,,,,,,,,,,,,,,,1.024,,,0,19.6,,54,,0,0
03/30/2026 17:20:54,,81442326017,8144,2,Indoor 03,,,true,false,8,2,2,2,,,2,2,,,6,7,7,7,7,0.42,0,500,,,0,,,,,30.11,,0,,,,,,,,,,,,,,,,,1.022,,,0,19.7,,54,,0,0
03/30/2026 17:35:54,,81442326017,8144,2,Indoor 03,,,true,false,8,2,2,2,,,2,2,,,5,6,6,6,6,0.41,0,511,,,0,,,,,30.10,,0,,,,,,,,,,,,,,,,,1.032,,,0,19.9,,54,,0,0
03/30/2026 17:50:54,,81442326017,8144,2,Indoor 03,,,true,false,8,2,2,2,,,2,2,,,6,6,7,7,7,0.42,0,538,,,0,,,,,30.10,,0,,,,,,,,,,,,,,,,,1.039,,,0,20.0,,54,,0,0
03/30/2026 18:05:54,,81442326017,8144,2,Indoor 03,,,true,false,8,2,1,2,,,2,2,,,5,6,6,6,6,0.43,0,530,,,0,,,,,30.09,,0,,,,,,,,,,,,,,,,,1.027,,,0,20.0,,53,,0,0
03/30/2026 18:20:54,,81442326017,8144,2,Indoor 03,,,true,false,8,2,2,2,,,2,2,,,6,6,6,6,6,0.45,0,533,,,0,,,,,30.08,,0,,,,,,,,,,,,,,,,,1.018,,,0,20.1,,53,,0,4
03/30/2026 18:35:54,,81442326017,8144,2,Indoor 03,,,true,false,8,2,1,2,,,2,2,,,5,6,6,6,6,0.44,0,531,,,0,,,,,30.07,,0,,,,,,,,,,,,,,,,,1.000,,,0,20.2,,52,,0,4
03/30/2026 18:50:54,,81442326017,8144,2,Indoor 03,,,true,false,8,2,1,2,,,2,2,,,5,6,6,6,6,0.44,0,533,,,0,,,,,30.06,,0,,,,,,,,,,,,,,,,,0.993,,,0,20.1,,52,,0,4
03/30/2026 19:05:54,,81442326017,8144,2,Indoor 03,,,true,false,8,2,2,2,,,2,2,,,5,6,6,6,6,0.44,0,526,,,0,,,,,30.05,,0,,,,,,,,,,,,,,,,,0.983,,,0,20.1,,52,,0,4
03/30/2026 19:20:54,,81442326017,8144,2,Indoor 03,,,true,false,8,2,2,2,,,2,2,,,6,6,6,6,6,0.43,0,531,,,0,,,,,30.05,,0,,,,,,,,,,,,,,,,,0.988,,,0,20.0,,52,,0,4
03/30/2026 19:35:54,,81442326017,8144,2,Indoor 03,,,true,false,8,2,2,2,,,2,2,,,6,7,7,7,7,0.44,0,527,,,0,,,,,30.04,,0,,,,,,,,,,,,,,,,,0.977,,,0,20.0,,52,,0,4
03/30/2026 19:50:54,,81442326017,8144,2,Indoor 03,,,true,false,8,2,2,2,,,2,2,,,6,6,6,6,6,0.43,0,547,,,0,,,,,30.04,,0,,,,,,,,,,,,,,,,,0.987,,,0,20.0,,52,,0,4
03/30/2026 20:05:54,,81442326017,8144,2,Indoor 03,,,true,false,8,2,2,2,,,2,2,,,6,7,7,7,7,0.42,0,556,,,0,,,,,30.03,,0,,,,,,,,,,,,,,,,,0.990,,,0,19.9,,52,,0,4
03/30/2026 20:20:54,,81442326017,8144,2,Indoor 03,,,true,false,8,2,2,2,,,2,2,,,6,6,6,6,6,0.42,0,543,,,0,,,,,30.03,,0,,,,,,,,,,,,,,,,,0.985,,,0,20.0,,52,,0,4
03/30/2026 20:35:54,,81442326017,8144,2,Indoor 03,,,true,false,8,2,2,2,,,2,2,,,6,6,6,6,6,0.43,0,535,,,0,,,,,30.02,,0,,,,,,,,,,,,,,,,,0.977,,,0,20.1,,52,,0,4
03/30/2026 20:50:54,,81442326017,8144,2,Indoor 03,,,true,false,8,2,2,2,,,2,2,,,6,6,6,6,6,0.42,0,559,,,0,,,,,30.02,,0,,,,,,,,,,,,,,,,,0.970,,,0,20.1,,52,,0,4
03/30/2026 21:05:54,,81442326017,8144,2,Indoor 03,,,true,false,8,2,2,2,,,2,2,,,7,7,7,7,7,0.42,0,559,,,0,,,,,30.02,,0,,,,,,,,,,,,,,,,,0.973,,,0,20.1,,52,,0,4
03/30/2026 21:20:54,,81442326017,8144,2,Indoor 03,,,true,false,4,1,1,1,,,1,1,,,5,6,6,6,6,0.43,0,553,,,0,,,,,30.02,,0,,,,,,,,,,,,,,,,,0.974,,,0,20.2,,52,,0,0
03/30/2026 21:35:54,,81442326017,8144,2,Indoor 03,,,true,false,4,1,1,1,,,1,1,,,5,6,6,6,6,0.42,0,548,,,0,,,,,30.02,,0,,,,,,,,,,,,,,,,,0.967,,,0,20.2,,51,,0,0
03/30/2026 21:50:54,,81442326017,8144,2,Indoor 03,,,true,false,8,2,2,2,,,2,2,,,5,6,6,6,6,0.42,0,539,,,0,,,,,30.02,,0,,,,,,,,,,,,,,,,,0.960,,,0,20.2,,51,,0,0
03/30/2026 22:05:54,,81442326017,8144,2,Indoor 03,,,true,false,13,3,2,3,,,3,3,,,8,9,10,10,10,0.41,0,578,,,0,,,,,30.02,,0,,,,,,,,,,,,,,,,,0.981,,,0,20.1,,53,,0,0
03/30/2026 22:20:54,d75fgbm6omus7392nuug,81442326017,8144,2,81442326017,,,true,false,13,3,2,3,,,3,3,,,9,10,10,10,10,0.45,0,588,,,0,,,,,30.02,,0,,,,,,,,,,,,,,,,,0.989,,,0,20.0,,53,,0,0
03/30/2026 22:35:54,d75fgbm6omus7392nuug,81442326017,8144,2,81442326017,,,true,false,8,2,2,2,,,2,2,,,7,8,8,8,8,0.43,0,570,,,0,,,,,30.02,,0,,,,,,,,,,,,,,,,,0.984,,,0,19.9,,53,,0,0
03/30/2026 22:50:54,d75fgbm6omus7392nuug,81442326017,8144,2,81442326017,,,true,false,8,2,2,2,,,2,2,,,8,9,9,9,9,0.41,0,574,,,0,,,,,30.01,,0,,,,,,,,,,,,,,,,,0.988,,,0,19.9,,53,,0,0
03/30/2026 23:05:54,d75fgbm6omus7392nuug,81442326017,8144,2,81442326017,,,true,false,8,2,2,2,,,2,2,,,7,8,8,8,8,0.41,0,574,,,0,,,,,30.01,,0,,,,,,,,,,,,,,,,,0.987,,,0,19.8,,54,,0,0
03/30/2026 23:20:54,d75fgbm6omus7392nuug,81442326017,8144,2,81442326017,,,true,false,8,2,2,2,,,2,2,,,7,8,8,8,8,0.40,0,581,,,0,,,,,30.01,,0,,,,,,,,,,,,,,,,,0.996,,,0,19.8,,54,,0,0
03/30/2026 23:35:54,d75fgbm6omus7392nuug,81442326017,8144,2,81442326017,,,true,false,8,2,2,2,,,2,2,,,7,8,8,8,8,0.40,0,566,,,0,,,,,30.01,,0,,,,,,,,,,,,,,,,,0.994,,,0,19.8,,54,,0,0
03/30/2026 23:50:54,d75fgbm6omus7392nuug,81442326017,8144,2,81442326017,,,true,false,8,2,2,2,,,2,2,,,8,9,9,9,9,0.40,0,581,,,0,,,,,30.01,,0,,,,,,,,,,,,,,,,,1.005,,,0,19.9,,54,,0,0
03/31/2026 00:05:54,d75fgbm6omus7392nuug,81442326017,8144,2,81442326017,,,true,false,8,2,2,2,,,2,2,,,8,9,9,9,9,0.40,0,561,,,0,,,,,30.01,,0,,,,,,,,,,,,,,,,,1.003,,,0,19.8,,54,,0,0
03/31/2026 00:20:54,d75fgbm6omus7392nuug,81442326017,8144,2,81442326017,,,true,false,8,2,2,2,,,2,2,,,7,7,7,7,7,0.41,0,551,,,0,,,,,30.01,,0,,,,,,,,,,,,,,,,,0.997,,,0,19.7,,54,,0,0
03/31/2026 00:35:54,d75fgbm6omus7392nuug,81442326017,8144,2,81442326017,,,true,false,8,2,2,2,,,2,2,,,6,7,7,7,7,0.41,0,542,,,0,,,,,30.02,,0,,,,,,,,,,,,,,,,,0.998,,,0,19.6,,55,,0,0
03/31/2026 00:50:54,d75fgbm6omus7392nuug,81442326017,8144,2,81442326017,,,true,false,8,2,2,2,,,2,2,,,7,8,8,8,8,0.42,0,561,,,0,,,,,30.02,,0,,,,,,,,,,,,,,,,,1.012,,,0,19.6,,55,,0,0
03/31/2026 01:05:54,d75fgbm6omus7392nuug,81442326017,8144,2,81442326017,,,true,false,8,2,2,2,,,2,2,,,8,9,9,9,9,0.40,0,569,,,0,,,,,30.03,,0,,,,,,,,,,,,,,,,,1.020,,,0,19.6,,56,,0,0
03/31/2026 01:20:54,d75fgbm6omus7392nuug,81442326017,8144,2,81442326017,,,true,false,13,3,2,3,,,3,3,,,9,10,10,10,10,0.41,0,568,,,0,,,,,30.03,,0,,,,,,,,,,,,,,,,,1.028,,,0,19.6,,56,,0,0
03/31/2026 01:35:54,d75fgbm6omus7392nuug,81442326017,8144,2,81442326017,,,true,false,13,3,3,3,,,3,3,,,10,11,11,11,11,0.40,0,577,,,0,,,,,30.03,,0,,,,,,,,,,,,,,,,,1.044,,,0,19.6,,56,,0,0
03/31/2026 01:50:54,d75fgbm6omus7392nuug,81442326017,8144,2,81442326017,,,true,false,8,2,2,2,,,2,2,,,8,9,9,9,9,0.41,0,586,,,0,,,,,30.04,,0,,,,,,,,,,,,,,,,,1.051,,,0,19.5,,57,,0,0
03/31/2026 02:05:54,d75fgbm6omus7392nuug,81442326017,8144,2,81442326017,,,true,false,8,2,2,2,,,2,2,,,7,8,8,8,8,0.41,0,589,,,0,,,,,30.04,,0,,,,,,,,,,,,,,,,,1.054,,,0,19.6,,57,,0,0
03/31/2026 02:20:54,d75fgbm6omus7392nuug,81442326017,8144,2,81442326017,,,true,false,8,2,2,2,,,2,2,,,8,9,9,9,9,0.42,0,587,,,0,,,,,30.04,,0,,,,,,,,,,,,,,,,,1.060,,,0,19.6,,57,,0,4
03/31/2026 02:35:54,d75fgbm6omus7392nuug,81442326017,8144,2,81442326017,,,true,false,13,3,2,3,,,3,3,,,9,10,10,10,10,0.41,0,596,,,0,,,,,30.04,,0,,,,,,,,,,,,,,,,,1.101,,,0,19.6,,57,,0,4
03/31/2026 02:50:54,d75fgbm6omus7392nuug,81442326017,8144,2,81442326017,,,true,false,13,3,3,3,,,3,3,,,9,10,10,10,10,0.41,0,594,,,0,,,,,30.05,,0,,,,,,,,,,,,,,,,,1.114,,,0,19.6,,58,,0,4
03/31/2026 03:05:54,d75fgbm6omus7392nuug,81442326017,8144,2,81442326017,,,true,false,13,3,3,3,,,3,3,,,10,11,11,11,11,0.42,0,591,,,0,,,,,30.05,,0,,,,,,,,,,,,,,,,,1.146,,,0,19.5,,58,,0,4
03/31/2026 03:20:54,d75fgbm6omus7392nuug,81442326017,8144,2,81442326017,,,true,false,13,3,3,3,,,3,3,,,11,12,12,12,12,0.41,0,576,,,0,,,,,30.05,,0,,,,,,,,,,,,,,,,,1.140,,,0,19.5,,58,,0,4
03/31/2026 03:35:54,d75fgbm6omus7392nuug,81442326017,8144,2,81442326017,,,true,false,13,3,3,3,,,3,3,,,10,11,11,11,11,0.41,0,562,,,0,,,,,30.05,,0,,,,,,,,,,,,,,,,,1.120,,,0,19.5,,58,,0,4
03/31/2026 03:50:54,d75fgbm6omus7392nuug,81442326017,8144,2,81442326017,,,true,false,13,3,3,3,,,3,3,,,10,11,11,11,11,0.40,0,566,,,0,,,,,30.05,,0,,,,,,,,,,,,,,,,,1.133,,,0,19.5,,58,,0,4
03/31/2026 04:05:54,d75fgbm6omus7392nuug,81442326017,8144,2,81442326017,,,true,false,8,2,2,2,,,2,2,,,8,9,9,9,9,0.41,0,564,,,0,,,,,30.05,,0,,,,,,,,,,,,,,,,,1.175,,,0,19.6,,59,,0,4
03/31/2026 04:20:54,d75fgbm6omus7392nuug,81442326017,8144,2,81442326017,,,true,false,8,2,2,2,,,2,2,,,7,8,8,8,8,0.41,0,564,,,0,,,,,30.05,,0,,,,,,,,,,,,,,,,,1.186,,,0,19.7,,59,,0,0
03/31/2026 04:35:54,d75fgbm6omus7392nuug,81442326017,8144,2,81442326017,,,true,false,8,2,2,2,,,2,2,,,7,7,7,7,7,0.41,0,560,,,0,,,,,30.05,,0,,,,,,,,,,,,,,,,,1.169,,,0,19.7,,59,,0,0
03/31/2026 04:50:54,d75fgbm6omus7392nuug,81442326017,8144,2,81442326017,,,true,false,8,2,2,2,,,2,2,,,6,7,7,7,7,0.39,0,549,,,0,,,,,30.05,,0,,,,,,,,,,,,,,,,,1.166,,,0,19.7,,59,,0,0
03/31/2026 05:05:54,d75fgbm6omus7392nuug,81442326017,8144,2,81442326017,,,true,false,8,2,2,2,,,2,2,,,6,6,6,6,6,0.39,0,556,,,0,,,,,30.04,,0,,,,,,,,,,,,,,,,,1.234,,,0,19.8,,60,,0,0
03/31/2026 05:20:54,d75fgbm6omus7392nuug,81442326017,8144,2,81442326017,,,true,false,8,2,2,2,,,2,2,,,6,7,7,7,7,0.41,0,567,,,0,,,,,30.04,,0,,,,,,,,,,,,,,,,,1.173,,,0,19.8,,60,,0,0
03/31/2026 05:35:54,d75fgbm6omus7392nuug,81442326017,8144,2,81442326017,,,true,false,8,2,2,2,,,2,2,,,6,6,7,7,7,0.42,0,542,,,0,,,,,30.04,,0,,,,,,,,,,,,,,,,,1.154,,,0,19.7,,61,,0,0
03/31/2026 05:50:54,d75fgbm6omus7392nuug,81442326017,8144,2,81442326017,,,true,false,8,2,2,2,,,2,2,,,6,6,6,6,6,0.40,0,541,,,0,,,,,30.04,,0,,,,,,,,,,,,,,,,,1.243,,,0,19.6,,61,,0,0
03/31/2026 06:05:54,d75fgbm6omus7392nuug,81442326017,8144,2,81442326017,,,true,false,4,1,1,1,,,1,1,,,5,6,6,6,6,0.40,0,531,,,0,,,,,30.03,,0,,,,,,,,,,,,,,,,,1.194,,,0,19.6,,61,,0,0
03/31/2026 06:20:54,d75fgbm6omus7392nuug,81442326017,8144,2,81442326017,,,true,false,8,2,1,2,,,2,2,,,5,6,6,6,6,0.41,0,512,,,0,,,,,30.03,,0,,,,,,,,,,,,,,,,,1.183,,,0,19.6,,62,,0,0
03/31/2026 06:35:54,d75fgbm6omus7392nuug,81442326017,8144,2,81442326017,,,true,false,8,2,1,2,,,2,2,,,5,6,6,6,6,0.42,0,503,,,0,,,,,30.02,,0,,,,,,,,,,,,,,,,,1.186,,,0,19.6,,62,,0,0
03/31/2026 06:50:54,d75fgbm6omus7392nuug,81442326017,8144,2,81442326017,,,true,false,4,1,1,1,,,1,1,,,5,6,6,6,6,0.42,0,505,,,0,,,,,30.02,,0,,,,,,,,,,,,,,,,,1.192,,,0,19.5,,63,,0,0
03/31/2026 07:05:54,d75fgbm6omus7392nuug,81442326017,8144,2,81442326017,,,true,false,4,1,1,1,,,1,1,,,5,5,5,5,5,0.42,0,499,,,0,,,,,30.01,,0,,,,,,,,,,,,,,,,,1.202,,,0,19.5,,63,,0,0
03/31/2026 07:20:54,d75fgbm6omus7392nuug,81442326017,8144,2,81442326017,,,true,false,4,1,1,1,,,1,1,,,5,5,5,5,5,0.42,0,499,,,0,,,,,30.01,,0,,,,,,,,,,,,,,,,,1.214,,,0,19.5,,63,,0,0
03/31/2026 07:35:54,d75fgbm6omus7392nuug,81442326017,8144,2,81442326017,,,true,false,4,1,1,1,,,1,1,,,5,5,5,5,5,0.41,0,498,,,0,,,,,30.01,,0,,,,,,,,,,,,,,,,,1.286,,,0,19.5,,64,,0,0
03/31/2026 07:50:54,d75fgbm6omus7392nuug,81442326017,8144,2,81442326017,,,true,false,4,1,1,1,,,1,1,,,4,5,5,5,5,0.43,0,500,,,0,,,,,30.01,,0,,,,,,,,,,,,,,,,,1.306,,,0,19.5,,64,,0,0
03/31/2026 08:05:54,d75fgbm6omus7392nuug,81442326017,8144,2,81442326017,,,true,false,4,1,1,1,,,1,1,,,5,6,6,6,6,0.43,0,497,,,0,,,,,30.00,,0,,,,,,,,,,,,,,,,,1.246,,,0,19.5,,64,,0,0
03/31/2026 08:20:54,d75fgbm6omus7392nuug,81442326017,8144,2,81442326017,,,true,false,4,1,1,1,,,1,1,,,5,5,5,5,5,0.44,0,495,,,0,,,,,30.00,,0,,,,,,,,,,,,,,,,,1.398,,,0,19.5,,64,,0,0
03/31/2026 08:35:54,d75fgbm6omus7392nuug,81442326017,8144,2,81442326017,,,true,false,4,1,1,1,,,1,1,,,4,5,5,5,5,0.43,0,502,,,0,,,,,30.00,,0,,,,,,,,,,,,,,,,,1.392,,,0,19.5,,64,,0,0
03/31/2026 08:50:54,d75fgbm6omus7392nuug,81442326017,8144,2,81442326017,,,true,false,4,1,1,1,,,1,1,,,5,5,5,5,5,0.42,0,500,,,0,,,,,30.00,,0,,,,,,,,,,,,,,,,,1.380,,,0,19.5,,65,,0,0
03/31/2026 09:05:54,d75fgbm6omus7392nuug,81442326017,8144,2,81442326017,,,true,false,4,1,1,1,,,1,1,,,5,5,5,5,5,0.44,0,507,,,0,,,,,30.00,,0,,,,,,,,,,,,,,,,,1.281,,,0,19.5,,65,,0,0
03/31/2026 09:20:54,d75fgbm6omus7392nuug,81442326017,8144,2,81442326017,,,true,false,4,1,1,1,,,1,1,,,5,5,6,6,6,0.42,0,501,,,0,,,,,30.01,,0,,,,,,,,,,,,,,,,,1.239,,,0,19.5,,65,,0,0
03/31/2026 09:35:54,d75fgbm6omus7392nuug,81442326017,8144,2,81442326017,,,true,false,8,2,2,2,,,2,2,,,5,6,6,6,6,0.42,0,497,,,0,,,,,30.01,,0,,,,,,,,,,,,,,,,,1.252,,,0,19.5,,65,,0,0
03/31/2026 09:50:54,d75fgbm6omus7392nuug,81442326017,8144,2,81442326017,,,true,false,8,2,2,2,,,2,2,,,6,6,7,7,7,0.43,0,495,,,0,,,,,30.01,,0,,,,,,,,,,,,,,,,,1.248,,,0,19.5,,65,,0,0
03/31/2026 10:05:54,d75fgbm6omus7392nuug,81442326017,8144,2,81442326017,,,true,false,8,2,2,2,,,2,2,,,6,7,7,7,7,0.42,0,495,,,0,,,,,30.01,,0,,,,,,,,,,,,,,,,,1.220,,,0,19.5,,65,,0,0
03/31/2026 10:20:54,d75fgbm6omus7392nuug,81442326017,8144,2,81442326017,,,true,false,8,2,2,2,,,2,2,,,6,7,7,7,7,0.41,0,498,,,0,,,,,30.02,,0,,,,,,,,,,,,,,,,,1.217,,,0,19.4,,65,,0,0
03/31/2026 10:35:54,d75fgbm6omus7392nuug,81442326017,8144,2,81442326017,,,true,false,8,2,2,2,,,2,2,,,7,8,8,8,8,0.41,0,498,,,0,,,,,30.03,,0,,,,,,,,,,,,,,,,,1.219,,,0,19.4,,65,,0,0
03/31/2026 10:50:54,d75fgbm6omus7392nuug,81442326017,8144,2,81442326017,,,true,false,8,2,2,2,,,2,2,,,7,8,8,8,8,0.41,0,493,,,0,,,,,30.04,,0,,,,,,,,,,,,,,,,,1.221,,,0,19.4,,65,,0,0
03/31/2026 11:05:54,d75fgbm6omus7392nuug,81442326017,8144,2,81442326017,,,true,false,8,2,2,2,,,2,2,,,8,9,9,9,9,0.42,0,489,,,0,,,,,30.04,,0,,,,,,,,,,,,,,,,,1.219,,,0,19.4,,65,,0,0
03/31/2026 11:20:54,d75fgbm6omus7392nuug,81442326017,8144,2,81442326017,,,true,false,8,2,2,2,,,2,2,,,8,9,9,9,9,0.43,0,493,,,0,,,,,30.05,,0,,,,,,,,,,,,,,,,,1.212,,,0,19.5,,65,,0,0
03/31/2026 11:35:54,d75fgbm6omus7392nuug,81442326017,8144,2,81442326017,,,true,false,8,2,2,2,,,2,2,,,8,9,9,9,9,0.41,0,500,,,0,,,,,30.05,,0,,,,,,,,,,,,,,,,,1.249,,,0,19.5,,65,,0,0
03/31/2026 11:50:54,d75fgbm6omus7392nuug,81442326017,8144,2,81442326017,,,true,false,8,2,2,2,,,2,2,,,8,9,9,9,9,0.41,0,511,,,0,,,,,30.06,,0,,,,,,,,,,,,,,,,,1.224,,,0,19.5,,65,,0,0
03/31/2026 12:05:54,d75fgbm6omus7392nuug,81442326017,8144,2,81442326017,,,true,false,13,3,2,3,,,3,3,,,9,10,10,10,10,0.40,0,520,,,0,,,,,30.06,,0,,,,,,,,,,,,,,,,,1.226,,,0,19.6,,65,,0,0
03/31/2026 12:20:54,d75fgbm6omus7392nuug,81442326017,8144,2,81442326017,,,true,false,8,2,2,2,,,2,2,,,8,9,9,9,9,0.40,0,532,,,0,,,,,30.06,,0,,,,,,,,,,,,,,,,,1.225,,,0,19.6,,65,,0,0
03/31/2026 12:35:54,d75fgbm6omus7392nuug,81442326017,8144,2,81442326017,,,true,false,8,2,2,2,,,2,2,,,8,9,9,9,9,0.41,0,536,,,0,,,,,30.06,,0,,,,,,,,,,,,,,,,,1.220,,,0,19.5,,65,,0,0
03/31/2026 12:50:54,d75fgbm6omus7392nuug,81442326017,8144,2,81442326017,,,true,false,8,2,2,2,,,2,2,,,8,9,9,9,9,0.43,0,531,,,0,,,,,30.06,,0,,,,,,,,,,,,,,,,,1.239,,,0,19.4,,65,,0,0
03/31/2026 13:05:54,d75fgbm6omus7392nuug,81442326017,8144,2,81442326017,,,true,false,8,2,2,2,,,2,2,,,7,8,8,8,8,0.42,0,524,,,0,,,,,30.05,,0,,,,,,,,,,,,,,,,,1.199,,,0,19.4,,64,,0,0
03/31/2026 13:20:54,d75fgbm6omus7392nuug,81442326017,8144,2,81442326017,,,true,false,8,2,2,2,,,2,2,,,6,7,7,7,7,0.41,0,502,,,0,,,,,30.05,,0,,,,,,,,,,,,,,,,,1.164,,,0,19.3,,64,,0,0
03/31/2026 13:35:54,d75fgbm6omus7392nuug,81442326017,8144,2,81442326017,,,true,false,8,2,2,2,,,2,2,,,6,7,7,7,7,0.40,0,471,,,0,,,,,30.05,,0,,,,,,,,,,,,,,,,,1.121,,,0,19.1,,63,,0,0
03/31/2026 13:50:54,d75fgbm6omus7392nuug,81442326017,8144,2,81442326017,,,true,false,8,2,2,2,,,2,2,,,6,7,7,7,7,0.43,0,463,,,0,,,,,30.05,,0,,,,,,,,,,,,,,,,,1.097,,,0,18.9,,63,,0,0
03/31/2026 14:05:54,d75fgbm6omus7392nuug,81442326017,8144,2,81442326017,,,true,false,8,2,2,2,,,2,2,,,7,8,8,8,8,0.41,0,457,,,0,,,,,30.05,,0,,,,,,,,,,,,,,,,,1.074,,,0,18.9,,63,,0,0
03/31/2026 14:20:54,d75fgbm6omus7392nuug,81442326017,8144,2,81442326017,,,true,false,8,2,2,2,,,2,2,,,7,7,7,7,7,0.42,0,456,,,0,,,,,30.04,,0,,,,,,,,,,,,,,,,,1.049,,,0,19.0,,61,,0,0
03/31/2026 14:35:54,d75fgbm6omus7392nuug,81442326017,8144,2,81442326017,,,true,false,8,2,2,2,,,2,2,,,6,7,7,7,7,0.43,0,456,,,0,,,,,30.04,,0,,,,,,,,,,,,,,,,,1.026,,,0,18.8,,61,,0,0
03/31/2026 14:50:54,d75fgbm6omus7392nuug,81442326017,8144,2,81442326017,,,true,false,8,2,2,2,,,2,2,,,8,9,9,9,9,0.42,0,455,,,0,,,,,30.03,,0,,,,,,,,,,,,,,,,,1.019,,,0,18.7,,61,,0,0
03/31/2026 15:05:54,d75fgbm6omus7392nuug,81442326017,8144,2,81442326017,,,true,false,8,2,2,2,,,2,2,,,7,8,8,8,8,0.42,0,456,,,0,,,,,30.03,,0,,,,,,,,,,,,,,,,,1.007,,,0,18.7,,61,,0,0
03/31/2026 15:20:54,d75fgbm6omus7392nuug,81442326017,8144,2,81442326017,,,true,false,8,2,2,2,,,2,2,,,7,8,8,8,8,0.43,0,452,,,0,,,,,30.03,,0,,,,,,,,,,,,,,,,,0.987,,,0,18.8,,60,,0,0
03/31/2026 15:35:54,d75fgbm6omus7392nuug,81442326017,8144,2,81442326017,,,true,false,8,2,2,2,,,2,2,,,7,8,8,8,8,0.41,0,454,,,0,,,,,30.03,,0,,,,,,,,,,,,,,,,,0.978,,,0,18.8,,59,,0,0
03/31/2026 15:50:54,d75fgbm6omus7392nuug,81442326017,8144,2,81442326017,,,true,false,8,2,2,2,,,2,2,,,8,9,9,9,9,0.41,0,453,,,0,,,,,30.02,,0,,,,,,,,,,,,,,,,,0.954,,,0,18.8,,59,,0,0
03/31/2026 16:05:54,d75fgbm6omus7392nuug,81442326017,8144,2,81442326017,,,true,false,8,2,2,2,,,2,2,,,8,9,9,9,9,0.40,0,452,,,0,,,,,30.02,,0,,,,,,,,,,,,,,,,,0.940,,,0,18.9,,58,,0,0
03/31/2026 16:20:54,d75fgbm6omus7392nuug,81442326017,8144,2,81442326017,,,true,false,13,3,2,3,,,3,3,,,8,9,10,10,10,0.40,0,454,,,0,,,,,30.00,,0,,,,,,,,,,,,,,,,,0.925,,,0,18.9,,58,,0,0
03/31/2026 16:35:54,d75fgbm6omus7392nuug,81442326017,8144,2,81442326017,,,true,false,13,3,2,3,,,3,3,,,9,10,10,10,10,0.41,0,453,,,0,,,,,29.99,,0,,,,,,,,,,,,,,,,,0.905,,,0,19.0,,57,,0,0
03/31/2026 16:50:54,d75fgbm6omus7392nuug,81442326017,8144,2,81442326017,,,true,false,8,2,2,2,,,2,2,,,8,9,9,9,9,0.38,0,457,,,0,,,,,29.98,,0,,,,,,,,,,,,,,,,,0.901,,,0,19.0,,57,,0,0
03/31/2026 17:05:54,d75fgbm6omus7392nuug,81442326017,8144,2,81442326017,,,true,false,13,3,3,3,,,3,3,,,9,10,10,10,10,0.38,0,450,,,0,,,,,29.98,,0,,,,,,,,,,,,,,,,,0.880,,,0,19.2,,56,,0,0
03/31/2026 17:20:54,d75fgbm6omus7392nuug,81442326017,8144,2,81442326017,,,true,false,13,3,2,3,,,3,3,,,9,10,10,10,10,0.40,0,453,,,0,,,,,29.97,,0,,,,,,,,,,,,,,,,,0.872,,,0,19.3,,55,,0,0
03/31/2026 17:35:54,d75fgbm6omus7392nuug,81442326017,8144,2,81442326017,,,true,false,13,3,2,3,,,3,3,,,9,10,10,10,10,0.40,0,457,,,0,,,,,29.96,,0,,,,,,,,,,,,,,,,,0.867,,,0,19.4,,55,,0,0
03/31/2026 17:50:54,d75fgbm6omus7392nuug,81442326017,8144,2,81442326017,,,true,false,13,3,3,3,,,3,3,,,9,10,10,10,10,0.38,0,454,,,0,,,,,29.96,,0,,,,,,,,,,,,,,,,,0.859,,,0,19.5,,54,,0,0
03/31/2026 18:05:54,d75fgbm6omus7392nuug,81442326017,8144,2,81442326017,,,true,false,13,3,2,3,,,3,3,,,8,10,10,10,10,0.40,0,453,,,0,,,,,29.95,,0,,,,,,,,,,,,,,,,,0.840,,,0,19.6,,54,,0,0
03/31/2026 18:20:54,d75fgbm6omus7392nuug,81442326017,8144,2,81442326017,,,true,false,8,2,2,2,,,2,2,,,8,9,9,9,9,0.42,0,461,,,0,,,,,29.95,,0,,,,,,,,,,,,,,,,,0.833,,,0,19.6,,53,,0,4
03/31/2026 18:35:54,d75fgbm6omus7392nuug,81442326017,8144,2,81442326017,,,true,false,13,3,3,3,,,3,3,,,10,11,11,11,11,0.41,0,473,,,0,,,,,29.94,,0,,,,,,,,,,,,,,,,,0.833,,,0,19.7,,53,,0,4
03/31/2026 18:50:54,d75fgbm6omus7392nuug,81442326017,8144,2,81442326017,,,true,false,13,3,3,3,,,3,3,,,10,11,11,11,11,0.40,0,483,,,0,,,,,29.93,,0,,,,,,,,,,,,,,,,,0.836,,,0,19.7,,53,,0,4
03/31/2026 19:05:54,d75fgbm6omus7392nuug,81442326017,8144,2,81442326017,,,true,false,13,3,3,3,,,3,3,,,11,12,12,12,12,0.40,0,549,,,0,,,,,29.92,,0,,,,,,,,,,,,,,,,,0.845,,,0,19.8,,52,,0,4
03/31/2026 19:20:54,d75fgbm6omus7392nuug,81442326017,8144,2,81442326017,,,true,false,13,3,3,3,,,3,3,,,10,11,11,11,11,0.40,0,563,,,0,,,,,29.91,,0,,,,,,,,,,,,,,,,,0.840,,,0,19.8,,52,,0,0
03/31/2026 19:35:54,d75fgbm6omus7392nuug,81442326017,8144,2,81442326017,,,true,false,13,3,3,3,,,3,3,,,10,12,12,12,12,0.40,0,560,,,0,,,,,29.91,,0,,,,,,,,,,,,,,,,,0.828,,,0,19.7,,52,,0,0
03/31/2026 19:50:54,d75fgbm6omus7392nuug,81442326017,8144,2,81442326017,,,true,false,13,3,3,3,,,3,3,,,10,12,12,12,12,0.39,0,557,,,0,,,,,29.90,,0,,,,,,,,,,,,,,,,,0.822,,,0,19.7,,52,,0,0
03/31/2026 20:05:54,d75fgbm6omus7392nuug,81442326017,8144,2,81442326017,,,true,false,17,4,3,4,,,4,4,,,12,14,14,14,14,0.42,0,570,,,0,,,,,29.90,,0,,,,,,,,,,,,,,,,,0.797,,,0,19.7,,51,,0,0
03/31/2026 20:20:54,d75fgbm6omus7392nuug,81442326017,8144,2,81442326017,,,true,false,13,3,3,3,,,3,3,,,11,12,12,12,12,0.40,0,551,,,0,,,,,29.89,,0,,,,,,,,,,,,,,,,,0.800,,,0,19.6,,51,,0,0
03/31/2026 20:35:54,d75fgbm6omus7392nuug,81442326017,8144,2,81442326017,,,true,false,13,3,3,3,,,3,3,,,11,13,13,13,13,0.39,0,532,,,0,,,,,29.88,,0,,,,,,,,,,,,,,,,,0.804,,,0,19.5,,52,,0,0
03/31/2026 20:50:54,d75fgbm6omus7392nuug,81442326017,8144,2,81442326017,,,true,false,13,3,3,3,,,3,3,,,11,13,13,13,13,0.39,0,549,,,0,,,,,29.88,,0,,,,,,,,,,,,,,,,,0.820,,,0,19.4,,52,,0,0
03/31/2026 21:05:54,d75fgbm6omus7392nuug,81442326017,8144,2,81442326017,,,true,false,17,4,3,4,,,4,4,,,12,14,14,14,14,0.39,0,533,,,0,,,,,29.88,,0,,,,,,,,,,,,,,,,,0.830,,,0,19.2,,53,,0,0
03/31/2026 21:20:54,d75fgbm6omus7392nuug,81442326017,8144,2,81442326017,,,true,false,17,4,4,4,,,4,4,,,13,15,15,15,15,0.42,0,531,,,0,,,,,29.88,,0,,,,,,,,,,,,,,,,,0.836,,,0,19.1,,53,,0,0
03/31/2026 21:35:54,d75fgbm6omus7392nuug,81442326017,8144,2,81442326017,,,true,false,13,3,3,3,,,3,3,,,11,12,12,12,12,0.41,0,540,,,0,,,,,29.88,,0,,,,,,,,,,,,,,,,,0.830,,,0,19.1,,53,,0,0
03/31/2026 21:50:54,d75fgbm6omus7392nuug,81442326017,8144,2,81442326017,,,true,false,13,3,3,3,,,3,3,,,9,10,10,10,10,0.40,0,551,,,0,,,,,29.88,,0,,,,,,,,,,,,,,,,,0.834,,,0,19.2,,53,,0,0
03/31/2026 22:05:54,d75fgbm6omus7392nuug,81442326017,8144,2,81442326017,,,true,false,13,3,3,3,,,3,3,,,9,10,11,11,11,0.41,0,547,,,0,,,,,29.88,,0,,,,,,,,,,,,,,,,,0.832,,,0,19.3,,53,,0,0
03/31/2026 22:20:54,d75fgbm6omus7392nuug,81442326017,8144,2,81442326017,,,true,false,13,3,3,3,,,3,3,,,9,10,10,10,10,0.39,0,535,,,0,,,,,29.87,,0,,,,,,,,,,,,,,,,,0.828,,,0,19.2,,53,,0,0
03/31/2026 22:35:54,d75fgbm6omus7392nuug,81442326017,8144,2,81442326017,,,true,false,13,3,3,3,,,3,3,,,9,10,10,10,10,0.39,0,533,,,0,,,,,29.87,,0,,,,,,,,,,,,,,,,,0.825,,,0,19.1,,54,,0,0
03/31/2026 22:50:54,d75fgbm6omus7392nuug,81442326017,8144,2,81442326017,,,true,false,13,3,3,3,,,3,3,,,10,11,11,11,11,0.38,0,530,,,0,,,,,29.87,,0,,,,,,,,,,,,,,,,,0.831,,,0,19.0,,54,,0,0
03/31/2026 23:05:54,d75fgbm6omus7392nuug,81442326017,8144,2,81442326017,,,true,false,13,3,3,3,,,3,3,,,9,10,10,10,10,0.38,0,534,,,0,,,,,29.88,,0,,,,,,,,,,,,,,,,,0.848,,,0,19.1,,55,,0,0
03/31/2026 23:20:54,d75fgbm6omus7392nuug,81442326017,8144,2,81442326017,,,true,false,13,3,3,3,,,3,3,,,10,11,11,11,11,0.38,0,540,,,0,,,,,29.87,,0,,,,,,,,,,,,,,,,,0.862,,,0,19.0,,55,,0,0
03/31/2026 23:35:54,d75fgbm6omus7392nuug,81442326017,8144,2,81442326017,,,true,false,13,3,3,3,,,3,3,,,10,12,12,12,12,0.38,0,548,,,0,,,,,29.87,,0,,,,,,,,,,,,,,,,,0.876,,,0,19.0,,56,,0,0
03/31/2026 23:50:54,d75fgbm6omus7392nuug,81442326017,8144,2,81442326017,,,true,false,13,3,3,3,,,3,3,,,11,12,12,12,12,0.39,0,579,,,0,,,,,29.87,,0,,,,,,,,,,,,,,,,,0.906,,,0,19.1,,57,,0,0
04/01/2026 00:05:54,d75fgbm6omus7392nuug,81442326017,8144,2,81442326017,,,true,false,13,3,3,3,,,3,3,,,11,13,13,13,13,0.39,0,575,,,0,,,,,29.87,,0,,,,,,,,,,,,,,,,,0.922,,,0,19.1,,56,,0,0
04/01/2026 00:20:54,d75fgbm6omus7392nuug,81442326017,8144,2,81442326017,,,true,false,17,4,4,4,,,4,4,,,13,14,14,14,14,0.38,0,556,,,0,,,,,29.87,,0,,,,,,,,,,,,,,,,,0.954,,,0,19.0,,57,,0,0
04/01/2026 00:35:54,d75fgbm6omus7392nuug,81442326017,8144,2,81442326017,,,true,false,17,4,4,4,,,4,4,,,15,16,16,16,16,0.37,0,579,,,0,,,,,29.88,,0,,,,,,,,,,,,,,,,,0.987,,,0,19.2,,57,,0,0
04/01/2026 00:50:54,d75fgbm6omus7392nuug,81442326017,8144,2,81442326017,,,true,false,21,5,4,5,,,5,5,,,15,17,17,17,17,0.39,0,589,,,0,,,,,29.88,,0,,,,,,,,,,,,,,,,,0.976,,,0,19.3,,57,,0,0
04/01/2026 01:05:54,d75fgbm6omus7392nuug,81442326017,8144,2,81442326017,,,true,false,21,5,4,5,,,5,5,,,16,18,18,18,18,0.37,0,580,,,0,,,,,29.89,,0,,,,,,,,,,,,,,,,,0.970,,,0,19.2,,57,,0,0
04/01/2026 01:20:54,d75fgbm6omus7392nuug,81442326017,8144,2,81442326017,,,true,false,21,5,4,5,,,5,5,,,15,17,17,17,17,0.38,0,595,,,0,,,,,29.89,,0,,,,,,,,,,,,,,,,,0.982,,,0,19.2,,57,,0,0
04/01/2026 01:35:54,d75fgbm6omus7392nuug,81442326017,8144,2,81442326017,,,true,false,17,4,4,4,,,4,4,,,15,17,17,17,17,0.38,0,602,,,0,,,,,29.89,,0,,,,,,,,,,,,,,,,,1.017,,,0,19.3,,57,,0,0
04/01/2026 01:50:54,d75fgbm6omus7392nuug,81442326017,8144,2,81442326017,,,true,false,17,4,4,4,,,4,4,,,13,15,15,15,15,0.40,0,603,,,0,,,,,29.90,,0,,,,,,,,,,,,,,,,,0.993,,,0,19.3,,57,,0,0
04/01/2026 02:05:54,d75fgbm6omus7392nuug,81442326017,8144,2,81442326017,,,true,false,17,4,3,4,,,4,4,,,12,14,14,14,14,0.39,0,600,,,0,,,,,29.90,,0,,,,,,,,,,,,,,,,,1.013,,,0,19.3,,58,,0,0
04/01/2026 02:20:54,d75fgbm6omus7392nuug,81442326017,8144,2,81442326017,,,true,false,13,3,3,3,,,3,3,,,12,13,13,13,13,0.39,0,594,,,0,,,,,29.90,,0,,,,,,,,,,,,,,,,,1.010,,,0,19.4,,58,,0,0
04/01/2026 02:35:54,d75fgbm6omus7392nuug,81442326017,8144,2,81442326017,,,true,false,13,3,3,3,,,3,3,,,11,12,12,12,12,0.38,0,596,,,0,,,,,29.90,,0,,,,,,,,,,,,,,,,,1.044,,,0,19.4,,58,,0,0
04/01/2026 02:50:54,d75fgbm6omus7392nuug,81442326017,8144,2,81442326017,,,true,false,17,4,4,4,,,4,4,,,13,14,14,14,14,0.39,0,578,,,0,,,,,29.90,,0,,,,,,,,,,,,,,,,,1.031,,,0,19.4,,59,,0,0
04/01/2026 03:05:54,d75fgbm6omus7392nuug,81442326017,8144,2,81442326017,,,true,false,17,4,4,4,,,4,4,,,14,16,16,16,16,0.38,0,546,,,0,,,,,29.90,,0,,,,,,,,,,,,,,,,,1.089,,,0,19.5,,59,,0,0
04/01/2026 03:20:54,d75fgbm6omus7392nuug,81442326017,8144,2,81442326017,,,true,false,17,4,4,4,,,4,4,,,13,15,15,15,15,0.37,0,533,,,0,,,,,29.90,,0,,,,,,,,,,,,,,,,,1.090,,,0,19.5,,60,,0,0
04/01/2026 03:35:54,d75fgbm6omus7392nuug,81442326017,8144,2,81442326017,,,true,false,13,3,3,3,,,3,3,,,12,13,13,13,13,0.38,0,530,,,0,,,,,29.90,,0,,,,,,,,,,,,,,,,,1.174,,,0,19.4,,60,,0,0
04/01/2026 03:50:54,d75fgbm6omus7392nuug,81442326017,8144,2,81442326017,,,true,false,13,3,3,3,,,3,3,,,11,12,12,12,12,0.40,0,533,,,0,,,,,29.90,,0,,,,,,,,,,,,,,,,,1.267,,,0,19.5,,60,,0,0
04/01/2026 04:05:54,d75fgbm6omus7392nuug,81442326017,8144,2,81442326017,,,true,false,13,3,3,3,,,3,3,,,11,12,12,12,12,0.39,0,532,,,0,,,,,29.90,,0,,,,,,,,,,,,,,,,,1.100,,,0,19.5,,60,,0,0
04/01/2026 04:20:54,d75fgbm6omus7392nuug,81442326017,8144,2,81442326017,,,true,false,13,3,3,3,,,3,3,,,10,11,11,11,11,0.39,0,535,,,0,,,,,29.90,,0,,,,,,,,,,,,,,,,,1.105,,,0,19.5,,60,,0,0
04/01/2026 04:35:54,d75fgbm6omus7392nuug,81442326017,8144,2,81442326017,,,true,false,13,3,3,3,,,3,3,,,9,10,10,10,10,0.38,0,525,,,0,,,,,29.90,,0,,,,,,,,,,,,,,,,,1.136,,,0,19.5,,60,,0,0
04/01/2026 04:50:54,d75fgbm6omus7392nuug,81442326017,8144,2,81442326017,,,true,false,13,3,3,3,,,3,3,,,9,10,10,10,10,0.38,0,515,,,0,,,,,29.90,,0,,,,,,,,,,,,,,,,,1.060,,,0,19.4,,60,,0,0
04/01/2026 05:05:54,d75fgbm6omus7392nuug,81442326017,8144,2,81442326017,,,true,false,13,3,3,3,,,3,3,,,9,10,10,10,10,0.39,0,512,,,0,,,,,29.90,,0,,,,,,,,,,,,,,,,,1.086,,,0,19.5,,61,,0,0
04/01/2026 05:20:54,d75fgbm6omus7392nuug,81442326017,8144,2,81442326017,,,true,false,13,3,3,3,,,3,3,,,9,10,10,10,10,0.40,0,513,,,0,,,,,29.90,,0,,,,,,,,,,,,,,,,,1.240,,,0,19.4,,61,,0,0
04/01/2026 05:35:54,d75fgbm6omus7392nuug,81442326017,8144,2,81442326017,,,true,false,13,3,3,3,,,3,3,,,10,11,11,11,11,0.40,0,515,,,0,,,,,29.91,,0,,,,,,,,,,,,,,,,,1.156,,,0,19.4,,61,,0,0
04/01/2026 05:50:54,d75fgbm6omus7392nuug,81442326017,8144,2,81442326017,,,true,false,13,3,3,3,,,3,3,,,10,11,11,11,11,0.40,0,511,,,0,,,,,29.91,,0,,,,,,,,,,,,,,,,,1.182,,,0,19.4,,62,,0,0
04/01/2026 06:05:54,d75fgbm6omus7392nuug,81442326017,8144,2,81442326017,,,true,false,13,3,3,3,,,3,3,,,10,11,11,11,11,0.38,0,509,,,0,,,,,29.91,,0,,,,,,,,,,,,,,,,,1.118,,,0,19.4,,62,,0,0
04/01/2026 06:20:54,d75fgbm6omus7392nuug,81442326017,8144,2,81442326017,,,true,false,13,3,3,3,,,3,3,,,10,11,11,11,11,0.40,0,509,,,0,,,,,29.91,,0,,,,,,,,,,,,,,,,,1.104,,,0,19.4,,62,,0,0
04/01/2026 06:35:54,d75fgbm6omus7392nuug,81442326017,8144,2,81442326017,,,true,false,13,3,3,3,,,3,3,,,10,12,12,12,12,0.40,0,509,,,0,,,,,29.90,,0,,,,,,,,,,,,,,,,,1.421,,,0,19.5,,62,,0,0
04/01/2026 06:50:54,d75fgbm6omus7392nuug,81442326017,8144,2,81442326017,,,true,false,13,3,3,3,,,3,3,,,10,12,12,12,12,0.39,0,506,,,0,,,,,29.90,,0,,,,,,,,,,,,,,,,,1.251,,,0,19.5,,62,,0,0
04/01/2026 07:05:54,d75fgbm6omus7392nuug,81442326017,8144,2,81442326017,,,true,false,13,3,3,3,,,3,3,,,11,12,12,12,12,0.39,0,505,,,0,,,,,29.90,,0,,,,,,,,,,,,,,,,,1.096,,,0,19.5,,62,,0,0
04/01/2026 07:20:54,d75fgbm6omus7392nuug,81442326017,8144,2,81442326017,,,true,false,13,3,3,3,,,3,3,,,12,13,13,13,13,0.39,0,513,,,0,,,,,29.90,,0,,,,,,,,,,,,,,,,,1.054,,,0,19.4,,63,,0,0
04/01/2026 07:35:54,d75fgbm6omus7392nuug,81442326017,8144,2,81442326017,,,true,false,17,4,3,4,,,4,4,,,12,13,13,13,13,0.42,0,512,,,0,,,,,29.90,,0,,,,,,,,,,,,,,,,,1.036,,,0,19.4,,63,,0,0
04/01/2026 07:50:54,d75fgbm6omus7392nuug,81442326017,8144,2,81442326017,,,true,false,17,4,3,4,,,4,4,,,12,14,14,14,14,0.42,0,505,,,0,,,,,29.90,,0,,,,,,,,,,,,,,,,,1.026,,,0,19.4,,62,,0,0
04/01/2026 08:05:54,d75fgbm6omus7392nuug,81442326017,8144,2,81442326017,,,true,false,17,4,3,4,,,4,4,,,12,14,14,14,14,0.41,0,501,,,0,,,,,29.90,,0,,,,,,,,,,,,,,,,,1.024,,,0,19.4,,63,,0,0
04/01/2026 08:20:54,d75fgbm6omus7392nuug,81442326017,8144,2,81442326017,,,true,false,17,4,3,4,,,4,4,,,12,14,14,14,14,0.41,0,498,,,0,,,,,29.90,,0,,,,,,,,,,,,,,,,,1.034,,,0,19.4,,63,,0,0
04/01/2026 08:35:54,d75fgbm6omus7392nuug,81442326017,8144,2,81442326017,,,true,false,17,4,3,4,,,4,4,,,12,14,14,14,14,0.40,0,505,,,0,,,,,29.90,,0,,,,,,,,,,,,,,,,,1.034,,,0,19.4,,63,,0,0
04/01/2026 08:50:54,d75fgbm6omus7392nuug,81442326017,8144,2,81442326017,,,true,false,13,3,3,3,,,3,3,,,11,13,13,13,13,0.41,0,503,,,0,,,,,29.90,,0,,,,,,,,,,,,,,,,,1.036,,,0,19.5,,63,,0,0
04/01/2026 09:05:54,d75fgbm6omus7392nuug,81442326017,8144,2,81442326017,,,true,false,17,4,4,4,,,4,4,,,13,14,14,14,14,0.41,0,511,,,0,,,,,29.90,,0,,,,,,,,,,,,,,,,,1.034,,,0,19.5,,63,,0,0
04/01/2026 09:20:54,d75fgbm6omus7392nuug,81442326017,8144,2,81442326017,,,true,false,17,4,3,4,,,4,4,,,12,13,13,13,13,0.41,0,514,,,0,,,,,29.90,,0,,,,,,,,,,,,,,,,,1.038,,,0,19.5,,64,,0,0
04/01/2026 09:35:54,d75fgbm6omus7392nuug,81442326017,8144,2,81442326017,,,true,false,13,3,3,3,,,3,3,,,12,13,13,13,13,0.40,0,512,,,0,,,,,29.90,,0,,,,,,,,,,,,,,,,,1.230,,,0,19.5,,64,,0,0
04/01/2026 09:50:54,d75fgbm6omus7392nuug,81442326017,8144,2,81442326017,,,true,false,13,3,3,3,,,3,3,,,11,13,13,13,13,0.38,0,511,,,0,,,,,29.91,,0,,,,,,,,,,,,,,,,,1.105,,,0,19.5,,64,,0,0
04/01/2026 10:05:54,d75fgbm6omus7392nuug,81442326017,8144,2,81442326017,,,true,false,13,3,3,3,,,3,3,,,11,12,12,12,12,0.40,0,506,,,0,,,,,29.91,,0,,,,,,,,,,,,,,,,,1.057,,,0,19.4,,64,,0,0
04/01/2026 10:20:54,d75fgbm6omus7392nuug,81442326017,8144,2,81442326017,,,true,false,17,4,4,4,,,4,4,,,13,14,14,14,14,0.41,0,502,,,0,,,,,29.91,,0,,,,,,,,,,,,,,,,,1.046,,,0,19.4,,64,,0,4
04/01/2026 10:35:54,d75fgbm6omus7392nuug,81442326017,8144,2,81442326017,,,true,false,17,4,3,4,,,4,4,,,12,14,14,14,14,0.40,0,504,,,0,,,,,29.91,,0,,,,,,,,,,,,,,,,,1.050,,,0,19.4,,64,,0,4
04/01/2026 10:50:54,d75fgbm6omus7392nuug,81442326017,8144,2,81442326017,,,true,false,17,4,3,4,,,4,4,,,12,14,14,14,14,0.40,0,505,,,0,,,,,29.92,,0,,,,,,,,,,,,,,,,,1.056,,,0,19.4,,64,,0,4
04/01/2026 11:05:54,d75fgbm6omus7392nuug,81442326017,8144,2,81442326017,,,true,false,17,4,3,4,,,4,4,,,12,14,14,14,14,0.40,0,518,,,0,,,,,29.92,,0,,,,,,,,,,,,,,,,,1.069,,,0,19.4,,65,,0,4
04/01/2026 11:20:54,d75fgbm6omus7392nuug,81442326017,8144,2,81442326017,,,true,false,17,4,4,4,,,4,4,,,13,15,15,15,15,0.41,0,518,,,0,,,,,29.93,,0,,,,,,,,,,,,,,,,,1.069,,,0,19.4,,65,,0,0
04/01/2026 11:35:54,d75fgbm6omus7392nuug,81442326017,8144,2,81442326017,,,true,false,17,4,4,4,,,4,4,,,12,14,14,14,14,0.42,0,519,,,0,,,,,29.94,,0,,,,,,,,,,,,,,,,,1.069,,,0,19.4,,65,,0,0
04/01/2026 11:50:54,d75fgbm6omus7392nuug,81442326017,8144,2,81442326017,,,true,false,17,4,3,4,,,4,4,,,12,13,14,14,14,0.40,0,520,,,0,,,,,29.94,,0,,,,,,,,,,,,,,,,,1.068,,,0,19.5,,65,,0,0
04/01/2026 12:05:54,d75fgbm6omus7392nuug,81442326017,8144,2,81442326017,,,true,false,13,3,3,3,,,3,3,,,12,13,13,13,13,0.41,0,518,,,0,,,,,29.95,,0,,,,,,,,,,,,,,,,,1.063,,,0,19.5,,65,,0,0
04/01/2026 12:20:54,d75fgbm6omus7392nuug,81442326017,8144,2,81442326017,,,true,false,17,4,3,4,,,4,4,,,12,14,14,14,14,0.41,0,511,,,0,,,,,29.95,,0,,,,,,,,,,,,,,,,,1.050,,,0,19.5,,64,,0,0
04/01/2026 12:35:54,d75fgbm6omus7392nuug,81442326017,8144,2,81442326017,,,true,false,13,3,3,3,,,3,3,,,12,13,13,13,13,0.39,0,509,,,0,,,,,29.95,,0,,,,,,,,,,,,,,,,,1.048,,,0,19.4,,64,,0,0
04/01/2026 12:50:54,d75fgbm6omus7392nuug,81442326017,8144,2,81442326017,,,true,false,13,3,3,3,,,3,3,,,11,13,13,13,13,0.39,0,507,,,0,,,,,29.95,,0,,,,,,,,,,,,,,,,,1.038,,,0,19.4,,64,,0,0
04/01/2026 13:05:54,d75fgbm6omus7392nuug,81442326017,8144,2,81442326017,,,true,false,13,3,3,3,,,3,3,,,11,12,12,12,12,0.40,0,507,,,0,,,,,29.95,,0,,,,,,,,,,,,,,,,,1.020,,,0,19.4,,63,,0,0
04/01/2026 13:20:54,d75fgbm6omus7392nuug,81442326017,8144,2,81442326017,,,true,false,13,3,3,3,,,3,3,,,10,12,12,12,12,0.39,0,511,,,0,,,,,29.95,,0,,,,,,,,,,,,,,,,,1.001,,,0,19.4,,63,,0,0
04/01/2026 13:35:54,d75fgbm6omus7392nuug,81442326017,8144,2,81442326017,,,true,false,13,3,3,3,,,3,3,,,10,12,12,12,12,0.39,0,518,,,0,,,,,29.95,,0,,,,,,,,,,,,,,,,,0.981,,,0,19.4,,62,,0,0
04/01/2026 13:50:54,d75fgbm6omus7392nuug,81442326017,8144,2,81442326017,,,true,false,17,4,4,4,,,4,4,,,13,15,15,15,15,0.43,0,542,,,0,,,,,29.96,,0,,,,,,,,,,,,,,,,,0.987,,,0,19.4,,62,,0,0
04/01/2026 14:05:54,d75fgbm6omus7392nuug,81442326017,8144,2,81442326017,,,true,false,17,4,4,4,,,4,4,,,13,15,15,15,15,0.45,0,600,,,0,,,,,29.96,,0,,,,,,,,,,,,,,,,,1.128,,,0,19.5,,62,,0,0
04/01/2026 14:20:54,d75fgbm6omus7392nuug,81442326017,8144,2,81442326017,,,true,false,13,3,3,3,,,3,3,,,11,12,12,12,12,0.44,0,603,,,0,,,,,29.96,,0,,,,,,,,,,,,,,,,,1.081,,,0,19.5,,61,,0,0
04/01/2026 14:35:54,d75fgbm6omus7392nuug,81442326017,8144,2,81442326017,,,true,false,13,3,3,3,,,3,3,,,9,11,11,11,11,0.41,0,544,,,0,,,,,29.96,,0,,,,,,,,,,,,,,,,,0.999,,,0,19.4,,60,,0,0
