Timestamp,Device ID,Serial Number,Model,Sub Model,Friendly Name,Latitude,Longitude,Is Indoor,Is Public,PM2.5 AQI,PM10 AQI,PM1.0,PM2.5,Applied PM2.5 Custom Calibration Setting - Multiplication Factor,Applied PM2.5 Custom Calibration Setting - Offset,PM4.0,PM10,Applied PM10 Custom Calibration Setting - Multiplication Factor,Applied PM10 Custom Calibration Setting - Offset,PM0.5 NC,PM1.0 NC,PM2.5 NC,PM4.0 NC,PM10 NC,Typical Particle Size,PM Sensor Status,CO2,Applied CO2 Custom Calibration Setting - Multiplication Factor,Applied CO2 Custom Calibration Setting - Offset,CO2 Sensor Status,CH2O,Applied CH2O Custom Calibration Setting - Multiplication Factor,Applied CH2O Custom Calibration Setting - Offset,CH2O Sensor Status,Barometric Pressure,Applied Barometric Pressure Custom Calibration Setting - Offset,Barometric Sensor Status,CO,Applied CO Custom Calibration Setting - Multiplication Factor,Applied CO Custom Calibration Setting - Offset,CO Sensor Status,SO2,Applied SO2 Custom Calibration Setting - Multiplication Factor,Applied SO2 Custom Calibration Setting - Offset,SO2 Sensor Status,O3,Applied O3 Custom Calibration Setting - Multiplication Factor,Applied O3 Custom Calibration Setting - Offset,O3 Sensor Status,NO2,Applied NO2 Custom Calibration Setting - Multiplication Factor,Applied NO2 Custom Calibration Setting - Offset,NO2 Sensor Status,VOC tVOC measurement,Applied TVOC Custom Calibration Setting - Multiplication Factor,Applied TVOC Custom Calibration Setting - Offset,VOC Sensor Status,Temperature,Applied Temperature Custom Calibration Setting - Offset,Relative Humidity,Applied Relative Humidity Custom Calibration Setting - Offset,Temperature/Humidity Sensor Status,System Status
UTC,,,,,,,,boolean,boolean,,,ug/m3,ug/m3,,,ug/m3,ug/m3,,,#/cm3,#/cm3,#/cm3,#/cm3,#/cm3,um,,ppm,,,,ppb,,,,inHg,,,ppm,,,,ppb,,,,ppb,,,,ppb,,,,mg/m3,,,,Celsius,,%,,,
11/24/2025 22:57:23,,81442326017,8144,2,Indoor 03,,,true,false,17,4,3,4,,,4,4,,,12,13,14,14,14,0.44,0,532,,,0,,,,,29.96,,0,,,,,,,,,,,,,,,,,0.002,,,0,22.3,,48,,0,3
11/24/2025 23:12:23,,81442326017,8144,2,Indoor 03,,,true,false,13,3,3,3,,,3,3,,,11,12,12,12,12,0.39,0,486,,,0,,,,,29.97,,0,,,,,,,,,,,,,,,,,0.000,,,0,22.1,,47,,0,2
11/24/2025 23:34:16,,81442326017,8144,2,Indoor 03,,,true,false,17,4,3,4,,,4,4,,,12,13,13,13,14,0.41,0,493,,,0,,,,,29.98,,0,,,,,,,,,,,,,,,,,0.000,,,0,22.2,,45,,0,3
11/24/2025 23:49:16,,81442326017,8144,2,Indoor 03,,,true,false,17,4,3,4,,,4,4,,,12,13,13,13,13,0.38,0,501,,,0,,,,,29.99,,0,,,,,,,,,,,,,,,,,0.000,,,0,22.3,,44,,0,2
11/25/2025 00:12:04,,81442326017,8144,2,Indoor 03,,,true,false,17,4,4,4,,,4,4,,,13,15,15,15,15,0.38,0,494,,,0,,,,,29.98,,0,,,,,,,,,,,,,,,,,0.000,,,0,22.4,,43,,0,3
11/25/2025 00:27:04,,81442326017,8144,2,Indoor 03,,,true,false,17,4,4,4,,,4,4,,,14,15,16,16,16,0.38,0,494,,,0,,,,,29.98,,0,,,,,,,,,,,,,,,,,0.000,,,0,22.4,,42,,0,2
11/25/2025 00:49:52,,81442326017,8144,2,Indoor 03,,,true,false,17,4,4,4,,,4,4,,,14,16,16,16,16,0.39,0,496,,,0,,,,,29.98,,0,,,,,,,,,,,,,,,,,0.000,,,0,22.5,,43,,0,3
11/25/2025 01:04:52,,81442326017,8144,2,Indoor 03,,,true,false,21,5,4,5,,,5,5,,,15,16,17,17,17,0.38,0,493,,,0,,,,,29.99,,0,,,,,,,,,,,,,,,,,0.000,,,0,22.6,,43,,0,2
11/25/2025 01:27:39,,81442326017,8144,2,Indoor 03,,,true,false,17,4,4,4,,,4,4,,,15,16,16,16,16,0.38,0,501,,,0,,,,,29.99,,0,,,,,,,,,,,,,,,,,0.000,,,0,22.6,,43,,0,3
11/25/2025 01:42:39,,81442326017,8144,2,Indoor 03,,,true,false,17,4,4,4,,,4,4,,,13,15,15,15,15,0.37,0,504,,,0,,,,,29.99,,0,,,,,,,,,,,,,,,,,0.000,,,0,22.6,,43,,0,2
11/25/2025 02:04:56,,81442326017,8144,2,Indoor 03,,,true,false,17,4,4,4,,,4,4,,,14,16,16,16,16,0.37,0,511,,,0,,,,,29.99,,0,,,,,,,,,,,,,,,,,0.000,,,0,22.6,,43,,0,3
11/25/2025 02:19:56,,81442326017,8144,2,Indoor 03,,,true,false,17,4,4,4,,,4,4,,,14,16,16,16,16,0.37,0,508,,,0,,,,,29.98,,0,,,,,,,,,,,,,,,,,0.000,,,0,22.7,,43,,0,2
11/25/2025 02:42:30,,81442326017,8144,2,Indoor 03,,,true,false,17,4,4,4,,,4,4,,,13,14,14,14,14,0.37,0,505,,,0,,,,,29.98,,0,,,,,,,,,,,,,,,,,0.000,,,0,22.7,,42,,0,3
11/25/2025 02:57:30,,81442326017,8144,2,Indoor 03,,,true,false,17,4,4,4,,,4,4,,,13,14,14,14,14,0.38,0,505,,,0,,,,,29.99,,0,,,,,,,,,,,,,,,,,0.000,,,0,22.7,,42,,0,2
11/25/2025 03:19:16,,81442326017,8144,2,Indoor 03,,,true,false,17,4,4,4,,,4,4,,,13,15,15,15,15,0.41,0,499,,,0,,,,,29.99,,0,,,,,,,,,,,,,,,,,0.000,,,0,22.7,,41,,0,3
11/25/2025 03:34:16,,81442326017,8144,2,Indoor 03,,,true,false,17,4,4,4,,,4,4,,,13,14,14,14,14,0.39,0,497,,,0,,,,,29.99,,0,,,,,,,,,,,,,,,,,0.000,,,0,22.7,,41,,0,2
11/25/2025 03:56:34,,81442326017,8144,2,Indoor 03,,,true,false,17,4,4,4,,,4,4,,,13,14,14,14,14,0.37,0,502,,,0,,,,,29.99,,0,,,,,,,,,,,,,,,,,0.000,,,0,22.8,,42,,0,3
11/25/2025 04:11:34,,81442326017,8144,2,Indoor 03,,,true,false,17,4,4,4,,,4,4,,,14,16,16,16,16,0.38,0,502,,,0,,,,,29.99,,0,,,,,,,,,,,,,,,,,0.000,,,0,22.8,,43,,0,2
11/25/2025 04:32:38,,81442326017,8144,2,Indoor 03,,,true,false,17,4,4,4,,,4,4,,,14,16,16,16,16,0.42,0,503,,,0,,,,,29.98,,0,,,,,,,,,,,,,,,,,0.000,,,0,22.8,,42,,0,3
11/25/2025 04:47:38,,81442326017,8144,2,Indoor 03,,,true,false,17,4,4,4,,,4,4,,,13,15,15,15,15,0.38,0,501,,,0,,,,,29.98,,0,,,,,,,,,,,,,,,,,0.000,,,0,22.8,,41,,0,2
11/25/2025 05:09:10,,81442326017,8144,2,Indoor 03,,,true,false,17,4,4,4,,,4,4,,,14,15,15,15,15,0.36,0,502,,,0,,,,,29.97,,0,,,,,,,,,,,,,,,,,0.000,,,0,22.8,,40,,0,3
11/25/2025 05:24:10,,81442326017,8144,2,Indoor 03,,,true,false,17,4,4,4,,,4,4,,,13,15,15,15,15,0.38,0,506,,,0,,,,,29.97,,0,,,,,,,,,,,,,,,,,0.000,,,0,22.7,,40,,0,2
11/25/2025 05:46:42,,81442326017,8144,2,Indoor 03,,,true,false,17,4,4,4,,,4,4,,,14,16,16,16,16,0.37,0,511,,,0,,,,,29.97,,0,,,,,,,,,,,,,,,,,0.000,,,0,22.7,,41,,0,3
11/25/2025 06:01:42,,81442326017,8144,2,Indoor 03,,,true,false,17,4,4,4,,,4,4,,,13,15,15,15,15,0.38,0,508,,,0,,,,,29.96,,0,,,,,,,,,,,,,,,,,0.000,,,0,22.8,,41,,0,2
11/25/2025 06:24:16,,81442326017,8144,2,Indoor 03,,,true,false,17,4,4,4,,,4,4,,,13,15,15,15,15,0.38,0,500,,,0,,,,,29.96,,0,,,,,,,,,,,,,,,,,0.000,,,0,22.8,,41,,0,3
11/25/2025 06:39:16,,81442326017,8144,2,Indoor 03,,,true,false,17,4,4,4,,,4,4,,,14,16,16,16,16,0.39,0,511,,,0,,,,,29.96,,0,,,,,,,,,,,,,,,,,0.013,,,0,22.8,,41,,0,2
11/25/2025 07:01:33,,81442326017,8144,2,Indoor 03,,,true,false,21,5,5,5,,,5,5,,,16,18,18,18,18,0.39,0,522,,,0,,,,,29.95,,0,,,,,,,,,,,,,,,,,0.000,,,0,22.7,,40,,0,3
11/25/2025 07:16:33,,81442326017,8144,2,Indoor 03,,,true,false,21,5,5,5,,,5,5,,,17,19,19,19,19,0.39,0,527,,,0,,,,,29.95,,0,,,,,,,,,,,,,,,,,0.000,,,0,22.7,,40,,0,2
11/25/2025 07:38:51,,81442326017,8144,2,Indoor 03,,,true,false,21,5,4,5,,,5,5,,,15,17,17,17,17,0.38,0,511,,,0,,,,,29.94,,0,,,,,,,,,,,,,,,,,0.000,,,0,22.7,,40,,0,3
11/25/2025 07:53:51,,81442326017,8144,2,Indoor 03,,,true,false,21,5,4,5,,,5,5,,,15,17,17,17,17,0.39,0,513,,,0,,,,,29.94,,0,,,,,,,,,,,,,,,,,0.000,,,0,22.7,,41,,0,2
11/25/2025 08:14:39,,81442326017,8144,2,Indoor 03,,,true,false,17,4,4,4,,,4,4,,,14,16,16,16,16,0.37,0,511,,,0,,,,,29.95,,0,,,,,,,,,,,,,,,,,0.000,,,0,22.7,,40,,0,3
11/25/2025 08:29:39,,81442326017,8144,2,Indoor 03,,,true,false,21,5,4,5,,,5,5,,,15,17,17,17,17,0.38,0,523,,,0,,,,,29.95,,0,,,,,,,,,,,,,,,,,0.000,,,0,22.7,,40,,0,2
11/25/2025 08:51:56,,81442326017,8144,2,Indoor 03,,,true,false,21,5,5,5,,,5,5,,,16,18,18,18,18,0.40,0,531,,,0,,,,,29.95,,0,,,,,,,,,,,,,,,,,0.000,,,0,22.7,,39,,0,3
11/25/2025 09:06:56,,81442326017,8144,2,Indoor 03,,,true,false,21,5,4,5,,,5,5,,,15,17,17,17,17,0.38,0,532,,,0,,,,,29.94,,0,,,,,,,,,,,,,,,,,0.000,,,0,22.7,,40,,0,2
11/25/2025 09:29:28,,81442326017,8144,2,Indoor 03,,,true,false,21,5,5,5,,,5,5,,,16,18,18,18,18,0.39,0,538,,,0,,,,,29.95,,0,,,,,,,,,,,,,,,,,0.000,,,0,22.7,,40,,0,3
11/25/2025 09:44:28,,81442326017,8144,2,Indoor 03,,,true,false,21,5,4,5,,,5,5,,,15,17,17,17,17,0.39,0,532,,,0,,,,,29.95,,0,,,,,,,,,,,,,,,,,0.000,,,0,22.7,,40,,0,2
11/25/2025 10:07:17,,81442326017,8144,2,Indoor 03,,,true,false,21,5,4,5,,,5,5,,,15,17,17,17,17,0.36,0,528,,,0,,,,,29.94,,0,,,,,,,,,,,,,,,,,0.000,,,0,22.7,,40,,0,3
11/25/2025 10:22:17,,81442326017,8144,2,Indoor 03,,,true,false,17,4,4,4,,,4,4,,,14,16,16,16,16,0.37,0,526,,,0,,,,,29.94,,0,,,,,,,,,,,,,,,,,0.000,,,0,22.6,,39,,0,2
11/25/2025 10:44:49,,81442326017,8144,2,Indoor 03,,,true,false,17,4,4,4,,,4,4,,,13,15,15,15,15,0.37,0,514,,,0,,,,,29.93,,0,,,,,,,,,,,,,,,,,0.000,,,0,22.6,,40,,0,3
11/25/2025 10:59:49,,81442326017,8144,2,Indoor 03,,,true,false,17,4,4,4,,,4,4,,,14,16,16,16,16,0.39,0,517,,,0,,,,,29.94,,0,,,,,,,,,,,,,,,,,0.002,,,0,22.7,,41,,0,2
11/25/2025 11:22:21,,81442326017,8144,2,Indoor 03,,,true,false,17,4,4,4,,,4,4,,,14,15,15,15,15,0.37,0,507,,,0,,,,,29.95,,0,,,,,,,,,,,,,,,,,0.000,,,0,22.7,,41,,0,3
11/25/2025 11:37:21,,81442326017,8144,2,Indoor 03,,,true,false,17,4,4,4,,,4,4,,,14,15,15,15,15,0.37,0,515,,,0,,,,,29.95,,0,,,,,,,,,,,,,,,,,0.006,,,0,22.7,,42,,0,2
11/25/2025 11:58:40,,81442326017,8144,2,Indoor 03,,,true,false,21,5,5,5,,,5,5,,,16,18,18,18,18,0.39,0,528,,,0,,,,,29.95,,0,,,,,,,,,,,,,,,,,0.003,,,0,22.8,,43,,0,3
11/25/2025 12:13:40,,81442326017,8144,2,Indoor 03,,,true,false,21,5,5,5,,,5,5,,,16,18,18,18,18,0.39,0,538,,,0,,,,,29.95,,0,,,,,,,,,,,,,,,,,0.017,,,0,22.8,,43,,0,2
11/25/2025 12:36:13,,81442326017,8144,2,Indoor 03,,,true,false,21,5,5,5,,,5,5,,,17,19,19,19,19,0.39,0,537,,,0,,,,,29.94,,0,,,,,,,,,,,,,,,,,0.000,,,0,22.7,,43,,0,3
11/25/2025 12:51:13,,81442326017,8144,2,Indoor 03,,,true,false,21,5,5,5,,,5,5,,,18,20,20,20,20,0.38,0,534,,,0,,,,,29.93,,0,,,,,,,,,,,,,,,,,0.000,,,0,22.7,,43,,0,2
11/25/2025 13:13:44,,81442326017,8144,2,Indoor 03,,,true,false,21,5,5,5,,,5,5,,,17,19,19,19,19,0.39,0,535,,,0,,,,,29.93,,0,,,,,,,,,,,,,,,,,0.000,,,0,22.7,,43,,0,3
11/25/2025 13:28:44,,81442326017,8144,2,Indoor 03,,,true,false,21,5,5,5,,,5,5,,,17,19,19,19,19,0.38,0,539,,,0,,,,,29.93,,0,,,,,,,,,,,,,,,,,0.000,,,0,22.7,,42,,0,2
11/25/2025 13:50:48,,81442326017,8144,2,Indoor 03,,,true,false,21,5,5,5,,,5,5,,,17,19,19,19,19,0.37,0,536,,,0,,,,,29.92,,0,,,,,,,,,,,,,,,,,0.000,,,0,22.7,,42,,0,3
11/25/2025 14:05:48,,81442326017,8144,2,Indoor 03,,,true,false,21,5,5,5,,,5,5,,,17,19,19,19,19,0.38,0,538,,,0,,,,,29.92,,0,,,,,,,,,,,,,,,,,0.000,,,0,22.8,,43,,0,2
11/25/2025 14:28:06,,81442326017,8144,2,Indoor 03,,,true,false,21,5,4,5,,,5,5,,,15,17,17,17,17,0.37,0,523,,,0,,,,,29.92,,0,,,,,,,,,,,,,,,,,0.000,,,0,22.8,,43,,0,3
11/25/2025 14:43:06,,81442326017,8144,2,Indoor 03,,,true,false,17,4,4,4,,,4,4,,,14,16,16,16,16,0.38,0,520,,,0,,,,,29.92,,0,,,,,,,,,,,,,,,,,0.000,,,0,22.7,,42,,0,2
11/25/2025 15:05:22,,81442326017,8144,2,Indoor 03,,,true,false,17,4,4,4,,,4,4,,,13,15,15,15,15,0.38,0,511,,,0,,,,,29.92,,0,,,,,,,,,,,,,,,,,0.000,,,0,22.7,,42,,0,3
11/25/2025 15:20:22,,81442326017,8144,2,Indoor 03,,,true,false,17,4,4,4,,,4,4,,,13,15,15,15,15,0.38,0,514,,,0,,,,,29.92,,0,,,,,,,,,,,,,,,,,0.000,,,0,22.7,,43,,0,2
11/25/2025 15:43:26,,81442326017,8144,2,Indoor 03,,,true,false,17,4,4,4,,,4,4,,,13,14,14,14,14,0.39,0,517,,,0,,,,,29.92,,0,,,,,,,,,,,,,,,,,0.000,,,0,22.7,,43,,0,3
11/25/2025 15:58:26,,81442326017,8144,2,Indoor 03,,,true,false,17,4,4,4,,,4,4,,,12,14,14,14,14,0.38,0,520,,,0,,,,,29.90,,0,,,,,,,,,,,,,,,,,0.000,,,0,22.8,,44,,0,2
11/25/2025 16:20:44,,81442326017,8144,2,Indoor 03,,,true,false,13,3,3,3,,,3,3,,,11,13,13,13,13,0.38,0,517,,,0,,,,,29.88,,0,,,,,,,,,,,,,,,,,0.000,,,0,22.8,,44,,0,3
11/25/2025 16:35:44,,81442326017,8144,2,Indoor 03,,,true,false,13,3,3,3,,,3,3,,,11,13,13,13,13,0.39,0,519,,,0,,,,,29.86,,0,,,,,,,,,,,,,,,,,0.000,,,0,22.7,,45,,0,2
11/25/2025 16:58:45,,81442326017,8144,2,Indoor 03,,,true,false,17,4,3,4,,,4,4,,,11,13,13,13,13,0.37,0,502,,,0,,,,,29.85,,0,,,,,,,,,,,,,,,,,0.000,,,0,22.7,,46,,0,3
11/25/2025 17:13:45,,81442326017,8144,2,Indoor 03,,,true,false,17,4,3,4,,,4,4,,,11,13,13,13,13,0.38,0,499,,,0,,,,,29.83,,0,,,,,,,,,,,,,,,,,0.000,,,0,22.7,,46,,0,2
11/25/2025 17:34:34,,81442326017,8144,2,Indoor 03,,,true,false,13,3,3,3,,,3,3,,,11,12,12,12,12,0.38,0,493,,,0,,,,,29.82,,0,,,,,,,,,,,,,,,,,0.000,,,0,22.7,,45,,0,3
11/25/2025 17:49:34,,81442326017,8144,2,Indoor 03,,,true,false,17,4,3,4,,,4,4,,,12,13,13,13,13,0.37,0,497,,,0,,,,,29.81,,0,,,,,,,,,,,,,,,,,0.000,,,0,22.7,,45,,0,2
11/25/2025 18:12:06,,81442326017,8144,2,Indoor 03,,,true,false,17,4,3,4,,,4,4,,,12,13,13,13,13,0.39,0,489,,,0,,,,,29.79,,0,,,,,,,,,,,,,,,,,0.000,,,0,22.7,,45,,0,3
11/25/2025 18:27:06,,81442326017,8144,2,Indoor 03,,,true,false,17,4,3,4,,,4,4,,,12,13,13,13,13,0.37,0,492,,,0,,,,,29.79,,0,,,,,,,,,,,,,,,,,0.000,,,0,22.7,,45,,0,2
11/25/2025 18:49:39,,81442326017,8144,2,Indoor 03,,,true,false,13,3,3,3,,,3,3,,,11,12,12,12,12,0.37,0,488,,,0,,,,,29.80,,0,,,,,,,,,,,,,,,,,0.000,,,0,22.7,,45,,0,3
11/25/2025 19:04:39,,81442326017,8144,2,Indoor 03,,,true,false,17,4,3,4,,,4,4,,,11,13,13,13,13,0.38,0,485,,,0,,,,,29.80,,0,,,,,,,,,,,,,,,,,0.000,,,0,22.8,,45,,0,2
11/25/2025 19:27:42,,81442326017,8144,2,Indoor 03,,,true,false,17,4,4,4,,,4,4,,,12,14,14,14,14,0.39,0,479,,,0,,,,,29.80,,0,,,,,,,,,,,,,,,,,0.000,,,0,22.8,,45,,0,3
11/25/2025 19:42:42,,81442326017,8144,2,Indoor 03,,,true,false,17,4,3,4,,,4,4,,,12,13,13,13,13,0.38,0,484,,,0,,,,,29.78,,0,,,,,,,,,,,,,,,,,0.000,,,0,22.7,,45,,0,2
11/25/2025 20:05:30,,81442326017,8144,2,Indoor 03,,,true,false,17,4,3,4,,,4,4,,,12,13,13,13,13,0.37,0,476,,,0,,,,,29.76,,0,,,,,,,,,,,,,,,,,0.000,,,0,22.7,,45,,0,3
11/25/2025 20:20:30,,81442326017,8144,2,Indoor 03,,,true,false,17,4,3,4,,,4,4,,,12,13,13,13,13,0.38,0,472,,,0,,,,,29.74,,0,,,,,,,,,,,,,,,,,0.000,,,0,22.7,,45,,0,2
11/25/2025 20:43:01,,81442326017,8144,2,Indoor 03,,,true,false,13,3,3,3,,,3,3,,,10,12,12,12,12,0.35,0,477,,,0,,,,,29.74,,0,,,,,,,,,,,,,,,,,0.000,,,0,22.8,,45,,0,3
11/25/2025 20:58:01,,81442326017,8144,2,Indoor 03,,,true,false,13,3,3,3,,,3,3,,,11,12,12,12,12,0.38,0,479,,,0,,,,,29.74,,0,,,,,,,,,,,,,,,,,0.000,,,0,22.8,,45,,0,2
11/25/2025 21:20:34,,81442326017,8144,2,Indoor 03,,,true,false,13,3,3,3,,,3,3,,,10,11,11,11,11,0.36,0,467,,,0,,,,,29.75,,0,,,,,,,,,,,,,,,,,0.000,,,0,22.8,,45,,0,3
11/25/2025 21:35:34,,81442326017,8144,2,Indoor 03,,,true,false,13,3,3,3,,,3,3,,,11,12,12,12,12,0.38,0,464,,,0,,,,,29.75,,0,,,,,,,,,,,,,,,,,0.000,,,0,22.7,,45,,0,2
11/25/2025 21:58:23,,81442326017,8144,2,Indoor 03,,,true,false,13,3,3,3,,,3,3,,,9,11,11,11,11,0.38,0,463,,,0,,,,,29.75,,0,,,,,,,,,,,,,,,,,0.000,,,0,22.8,,45,,0,3
11/25/2025 22:13:23,,81442326017,8144,2,Indoor 03,,,true,false,13,3,3,3,,,3,3,,,9,10,10,10,10,0.37,0,472,,,0,,,,,29.76,,0,,,,,,,,,,,,,,,,,0.000,,,0,22.8,,45,,0,2
11/25/2025 22:35:54,,81442326017,8144,2,Indoor 03,,,true,false,13,3,3,3,,,3,3,,,9,11,11,11,11,0.37,0,466,,,0,,,,,29.76,,0,,,,,,,,,,,,,,,,,0.000,,,0,22.8,,45,,0,3
11/25/2025 22:50:54,,81442326017,8144,2,Indoor 03,,,true,false,13,3,3,3,,,3,3,,,10,11,11,11,11,0.38,0,473,,,0,,,,,29.76,,0,,,,,,,,,,,,,,,,,0.000,,,0,22.8,,45,,0,2
11/25/2025 23:13:28,,81442326017,8144,2,Indoor 03,,,true,false,13,3,3,3,,,3,3,,,9,11,11,11,11,0.40,0,476,,,0,,,,,29.75,,0,,,,,,,,,,,,,,,,,0.000,,,0,22.8,,45,,0,3
11/25/2025 23:28:28,,81442326017,8144,2,Indoor 03,,,true,false,13,3,3,3,,,3,3,,,9,10,10,10,10,0.37,0,471,,,0,,,,,29.75,,0,,,,,,,,,,,,,,,,,0.000,,,0,22.8,,45,,0,2
11/25/2025 23:51:01,,81442326017,8144,2,Indoor 03,,,true,false,13,3,3,3,,,3,3,,,10,11,11,11,11,0.38,0,471,,,0,,,,,29.75,,0,,,,,,,,,,,,,,,,,0.000,,,0,22.8,,45,,0,3
11/26/2025 00:06:01,,81442326017,8144,2,Indoor 03,,,true,false,13,3,3,3,,,3,3,,,10,11,11,11,11,0.36,0,473,,,0,,,,,29.76,,0,,,,,,,,,,,,,,,,,0.000,,,0,22.8,,45,,0,2
11/26/2025 00:28:32,,81442326017,8144,2,Indoor 03,,,true,false,13,3,3,3,,,3,3,,,10,12,12,12,12,0.43,0,472,,,0,,,,,29.76,,0,,,,,,,,,,,,,,,,,0.000,,,0,22.7,,45,,0,3
11/26/2025 00:43:32,,81442326017,8144,2,Indoor 03,,,true,false,13,3,3,3,,,3,3,,,10,11,11,11,11,0.38,0,471,,,0,,,,,29.77,,0,,,,,,,,,,,,,,,,,0.000,,,0,22.7,,45,,0,2
11/26/2025 01:05:51,,81442326017,8144,2,Indoor 03,,,true,false,13,3,3,3,,,3,3,,,10,11,11,12,12,0.37,0,466,,,0,,,,,29.77,,0,,,,,,,,,,,,,,,,,0.000,,,0,22.7,,45,,0,3
11/26/2025 01:20:51,,81442326017,8144,2,Indoor 03,,,true,false,13,3,3,3,,,3,3,,,9,10,10,10,10,0.37,0,469,,,0,,,,,29.76,,0,,,,,,,,,,,,,,,,,0.000,,,0,22.7,,45,,0,2
11/26/2025 01:43:23,,81442326017,8144,2,Indoor 03,,,true,false,13,3,2,3,,,3,3,,,8,9,9,9,9,0.38,0,468,,,0,,,,,29.76,,0,,,,,,,,,,,,,,,,,0.000,,,0,22.7,,45,,0,3
11/26/2025 01:58:23,,81442326017,8144,2,Indoor 03,,,true,false,8,2,2,2,,,2,2,,,8,9,9,9,9,0.37,0,468,,,0,,,,,29.76,,0,,,,,,,,,,,,,,,,,0.000,,,0,22.7,,45,,0,2
11/26/2025 02:20:56,,81442326017,8144,2,Indoor 03,,,true,false,8,2,2,2,,,2,2,,,7,8,8,8,8,0.36,0,472,,,0,,,,,29.76,,0,,,,,,,,,,,,,,,,,0.000,,,0,22.7,,46,,0,3
11/26/2025 02:35:56,,81442326017,8144,2,Indoor 03,,,true,false,8,2,2,2,,,2,2,,,7,7,8,8,8,0.36,0,473,,,0,,,,,29.75,,0,,,,,,,,,,,,,,,,,0.000,,,0,22.7,,46,,0,2
11/26/2025 02:58:14,,81442326017,8144,2,Indoor 03,,,true,false,8,2,2,2,,,2,2,,,7,8,8,8,8,0.39,0,470,,,0,,,,,29.76,,0,,,,,,,,,,,,,,,,,0.000,,,0,22.7,,46,,0,3
11/26/2025 03:13:14,,81442326017,8144,2,Indoor 03,,,true,false,8,2,2,2,,,2,2,,,6,7,7,7,7,0.38,0,472,,,0,,,,,29.75,,0,,,,,,,,,,,,,,,,,0.000,,,0,22.7,,46,,0,2
11/26/2025 03:35:01,,81442326017,8144,2,Indoor 03,,,true,false,8,2,2,2,,,2,2,,,7,8,8,8,8,0.37,0,473,,,0,,,,,29.74,,0,,,,,,,,,,,,,,,,,0.000,,,0,22.7,,46,,0,3
11/26/2025 03:50:01,,81442326017,8144,2,Indoor 03,,,true,false,8,2,2,2,,,2,2,,,7,8,8,8,8,0.37,0,470,,,0,,,,,29.75,,0,,,,,,,,,,,,,,,,,0.000,,,0,22.7,,46,,0,2
11/26/2025 04:12:20,,81442326017,8144,2,Indoor 03,,,true,false,8,2,2,2,,,2,2,,,7,8,8,8,8,0.38,0,465,,,0,,,,,29.75,,0,,,,,,,,,,,,,,,,,0.000,,,0,22.7,,45,,0,3
11/26/2025 04:27:20,,81442326017,8144,2,Indoor 03,,,true,false,8,2,2,2,,,2,2,,,7,8,8,8,8,0.36,0,469,,,0,,,,,29.75,,0,,,,,,,,,,,,,,,,,0.000,,,0,22.7,,45,,0,2
11/26/2025 04:49:51,,81442326017,8144,2,Indoor 03,,,true,false,13,3,2,3,,,3,3,,,8,9,9,9,9,0.35,0,468,,,0,,,,,29.73,,0,,,,,,,,,,,,,,,,,0.000,,,0,22.7,,46,,0,3
11/26/2025 05:04:51,,81442326017,8144,2,Indoor 03,,,true,false,13,3,2,3,,,3,3,,,8,9,10,10,10,0.37,0,466,,,0,,,,,29.73,,0,,,,,,,,,,,,,,,,,0.000,,,0,22.6,,46,,0,2
11/26/2025 05:27:24,,81442326017,8144,2,Indoor 03,,,true,false,13,3,3,3,,,3,3,,,10,11,11,11,11,0.39,0,467,,,0,,,,,29.73,,0,,,,,,,,,,,,,,,,,0.000,,,0,22.6,,46,,0,3
11/26/2025 05:42:24,,81442326017,8144,2,Indoor 03,,,true,false,13,3,3,3,,,3,3,,,9,11,11,11,11,0.37,0,467,,,0,,,,,29.72,,0,,,,,,,,,,,,,,,,,0.000,,,0,22.6,,46,,0,2
11/26/2025 06:04:58,,81442326017,8144,2,Indoor 03,,,true,false,13,3,3,3,,,3,3,,,9,10,10,10,10,0.36,0,471,,,0,,,,,29.72,,0,,,,,,,,,,,,,,,,,0.000,,,0,22.6,,46,,0,3
11/26/2025 06:19:58,,81442326017,8144,2,Indoor 03,,,true,false,13,3,3,3,,,3,3,,,9,10,10,10,10,0.36,0,475,,,0,,,,,29.71,,0,,,,,,,,,,,,,,,,,0.000,,,0,22.6,,46,,0,2
11/26/2025 06:42:14,,81442326017,8144,2,Indoor 03,,,true,false,8,2,2,2,,,2,2,,,8,9,9,9,9,0.36,0,472,,,0,,,,,29.70,,0,,,,,,,,,,,,,,,,,0.000,,,0,22.7,,46,,0,3
11/26/2025 06:57:14,,81442326017,8144,2,Indoor 03,,,true,false,8,2,2,2,,,2,2,,,8,9,9,9,9,0.36,0,471,,,0,,,,,29.70,,0,,,,,,,,,,,,,,,,,0.000,,,0,22.7,,45,,0,2
11/26/2025 07:19:33,,81442326017,8144,2,Indoor 03,,,true,false,8,2,2,2,,,2,2,,,8,9,9,9,9,0.36,0,471,,,0,,,,,29.70,,0,,,,,,,,,,,,,,,,,0.000,,,0,22.7,,45,,0,3
11/26/2025 07:34:33,,81442326017,8144,2,Indoor 03,,,true,false,13,3,2,3,,,3,3,,,8,9,9,9,9,0.36,0,474,,,0,,,,,29.70,,0,,,,,,,,,,,,,,,,,0.000,,,0,22.7,,45,,0,2
11/26/2025 07:56:50,,81442326017,8144,2,Indoor 03,,,true,false,13,3,2,3,,,3,3,,,8,9,9,9,9,0.36,0,477,,,0,,,,,29.70,,0,,,,,,,,,,,,,,,,,0.000,,,0,22.7,,45,,0,3
11/26/2025 08:11:50,,81442326017,8144,2,Indoor 03,,,true,false,13,3,3,3,,,3,3,,,9,10,10,10,10,0.36,0,481,,,0,,,,,29.70,,0,,,,,,,,,,,,,,,,,0.000,,,0,22.7,,46,,0,2
11/26/2025 08:34:08,,81442326017,8144,2,Indoor 03,,,true,false,13,3,3,3,,,3,3,,,9,11,11,11,11,0.35,0,472,,,0,,,,,29.69,,0,,,,,,,,,,,,,,,,,0.000,,,0,22.6,,46,,0,3
11/26/2025 08:49:08,,81442326017,8144,2,Indoor 03,,,true,false,13,3,3,3,,,3,3,,,10,11,11,11,11,0.37,0,476,,,0,,,,,29.68,,0,,,,,,,,,,,,,,,,,0.000,,,0,22.6,,46,,0,2
11/26/2025 09:11:41,,81442326017,8144,2,Indoor 03,,,true,false,13,3,3,3,,,3,3,,,10,11,11,11,11,0.37,0,475,,,0,,,,,29.67,,0,,,,,,,,,,,,,,,,,0.000,,,0,22.6,,46,,0,3
11/26/2025 09:26:41,,81442326017,8144,2,Indoor 03,,,true,false,13,3,3,3,,,3,3,,,10,12,12,12,12,0.38,0,474,,,0,,,,,29.67,,0,,,,,,,,,,,,,,,,,0.000,,,0,22.6,,46,,0,2
11/26/2025 09:48:59,,81442326017,8144,2,Indoor 03,,,true,false,17,4,3,4,,,4,4,,,12,13,13,13,13,0.36,0,475,,,0,,,,,29.67,,0,,,,,,,,,,,,,,,,,0.000,,,0,22.7,,46,,0,3
11/26/2025 10:03:59,,81442326017,8144,2,Indoor 03,,,true,false,17,4,3,4,,,4,4,,,12,13,13,13,13,0.36,0,476,,,0,,,,,29.67,,0,,,,,,,,,,,,,,,,,0.000,,,0,22.7,,46,,0,2
11/26/2025 10:26:16,,81442326017,8144,2,Indoor 03,,,true,false,17,4,4,4,,,4,4,,,14,15,15,15,15,0.36,0,470,,,0,,,,,29.67,,0,,,,,,,,,,,,,,,,,0.000,,,0,22.7,,46,,0,3
11/26/2025 10:41:16,,81442326017,8144,2,Indoor 03,,,true,false,17,4,4,4,,,4,4,,,15,16,16,16,16,0.37,0,475,,,0,,,,,29.67,,0,,,,,,,,,,,,,,,,,0.000,,,0,22.7,,46,,0,2
11/26/2025 11:03:49,,81442326017,8144,2,Indoor 03,,,true,false,21,5,5,5,,,5,5,,,16,18,18,18,18,0.37,0,475,,,0,,,,,29.68,,0,,,,,,,,,,,,,,,,,0.000,,,0,22.7,,46,,0,3
11/26/2025 11:18:49,,81442326017,8144,2,Indoor 03,,,true,false,21,5,5,5,,,5,5,,,17,19,19,19,19,0.37,0,478,,,0,,,,,29.67,,0,,,,,,,,,,,,,,,,,0.000,,,0,22.6,,46,,0,2
11/26/2025 11:41:36,,81442326017,8144,2,Indoor 03,,,true,false,25,6,5,6,,,6,6,,,18,21,21,21,21,0.41,0,472,,,0,,,,,29.67,,0,,,,,,,,,,,,,,,,,0.000,,,0,22.6,,46,,0,3
11/26/2025 11:56:36,,81442326017,8144,2,Indoor 03,,,true,false,25,6,6,6,,,6,6,,,20,22,22,22,22,0.38,0,480,,,0,,,,,29.67,,0,,,,,,,,,,,,,,,,,0.000,,,0,22.6,,46,,0,2
11/26/2025 12:19:09,,81442326017,8144,2,Indoor 03,,,true,false,25,6,5,6,,,6,6,,,19,21,21,21,21,0.37,0,471,,,0,,,,,29.67,,0,,,,,,,,,,,,,,,,,0.000,,,0,22.6,,46,,0,3
11/26/2025 12:34:09,,81442326017,8144,2,Indoor 03,,,true,false,25,6,6,6,,,6,6,,,19,22,22,22,22,0.37,0,475,,,0,,,,,29.67,,0,,,,,,,,,,,,,,,,,0.000,,,0,22.6,,46,,0,2
11/26/2025 12:56:42,,81442326017,8144,2,Indoor 03,,,true,false,25,6,6,6,,,6,6,,,21,23,23,23,23,0.37,0,477,,,0,,,,,29.68,,0,,,,,,,,,,,,,,,,,0.000,,,0,22.6,,46,,0,3
11/26/2025 13:11:42,,81442326017,8144,2,Indoor 03,,,true,false,25,6,6,6,,,6,6,,,21,23,23,23,23,0.37,0,477,,,0,,,,,29.68,,0,,,,,,,,,,,,,,,,,0.000,,,0,22.6,,46,,0,2
11/26/2025 13:34:00,,81442326017,8144,2,Indoor 03,,,true,false,29,6,7,7,,,7,7,,,23,26,26,26,26,0.38,0,474,,,0,,,,,29.67,,0,,,,,,,,,,,,,,,,,0.000,,,0,22.6,,46,,0,3
11/26/2025 13:49:00,,81442326017,8144,2,Indoor 03,,,true,false,29,6,7,7,,,7,7,,,23,26,26,26,26,0.39,0,474,,,0,,,,,29.67,,0,,,,,,,,,,,,,,,,,0.000,,,0,22.6,,46,,0,2
11/26/2025 14:11:31,,81442326017,8144,2,Indoor 03,,,true,false,29,6,7,7,,,7,7,,,23,26,26,26,26,0.38,0,482,,,0,,,,,29.67,,0,,,,,,,,,,,,,,,,,0.000,,,0,22.7,,46,,0,3
11/26/2025 14:26:31,,81442326017,8144,2,Indoor 03,,,true,false,29,6,7,7,,,7,7,,,23,26,26,26,26,0.38,0,486,,,0,,,,,29.67,,0,,,,,,,,,,,,,,,,,0.000,,,0,22.7,,46,,0,2
11/26/2025 14:48:50,,81442326017,8144,2,Indoor 03,,,true,false,29,6,7,7,,,7,7,,,23,26,26,26,26,0.41,0,478,,,0,,,,,29.66,,0,,,,,,,,,,,,,,,,,0.000,,,0,22.7,,46,,0,3
11/26/2025 15:03:50,,81442326017,8144,2,Indoor 03,,,true,false,33,7,7,8,,,8,8,,,25,28,28,28,28,0.38,0,481,,,0,,,,,29.66,,0,,,,,,,,,,,,,,,,,0.000,,,0,22.6,,46,,0,2
11/26/2025 15:26:23,,81442326017,8144,2,Indoor 03,,,true,false,29,6,7,7,,,7,7,,,23,26,26,26,26,0.39,0,485,,,0,,,,,29.66,,0,,,,,,,,,,,,,,,,,0.000,,,0,22.6,,46,,0,3
11/26/2025 15:41:23,,81442326017,8144,2,Indoor 03,,,true,false,29,6,7,7,,,7,7,,,24,26,26,26,26,0.38,0,483,,,0,,,,,29.66,,0,,,,,,,,,,,,,,,,,0.000,,,0,22.6,,46,,0,2
11/26/2025 16:03:39,,81442326017,8144,2,Indoor 03,,,true,false,29,6,7,7,,,7,7,,,23,26,26,26,26,0.38,0,477,,,0,,,,,29.64,,0,,,,,,,,,,,,,,,,,0.000,,,0,22.6,,46,,0,3
11/26/2025 16:18:39,,81442326017,8144,2,Indoor 03,,,true,false,29,6,6,7,,,7,7,,,22,25,25,25,25,0.37,0,474,,,0,,,,,29.64,,0,,,,,,,,,,,,,,,,,0.000,,,0,22.6,,46,,0,2
11/26/2025 16:41:13,,81442326017,8144,2,Indoor 03,,,true,false,29,6,6,7,,,7,7,,,22,24,24,24,24,0.37,0,591,,,0,,,,,29.62,,0,,,,,,,,,,,,,,,,,0.008,,,0,22.7,,47,,0,3
11/26/2025 16:56:13,,81442326017,8144,2,Indoor 03,,,true,false,29,6,6,7,,,7,7,,,22,25,25,25,25,0.37,0,501,,,0,,,,,29.61,,0,,,,,,,,,,,,,,,,,0.000,,,0,22.3,,47,,0,2
11/26/2025 17:18:31,,81442326017,8144,2,Indoor 03,,,true,false,29,6,6,7,,,7,7,,,21,24,24,24,24,0.36,0,489,,,0,,,,,29.60,,0,,,,,,,,,,,,,,,,,0.000,,,0,22.2,,47,,0,3
11/26/2025 17:33:31,,81442326017,8144,2,Indoor 03,,,true,false,25,6,5,6,,,6,6,,,19,21,21,21,21,0.38,0,481,,,0,,,,,29.60,,0,,,,,,,,,,,,,,,,,0.000,,,0,22.2,,47,,0,2
11/26/2025 17:56:02,,81442326017,8144,2,Indoor 03,,,true,false,21,5,5,5,,,5,5,,,16,18,18,18,18,0.39,0,474,,,0,,,,,29.59,,0,,,,,,,,,,,,,,,,,0.000,,,0,22.2,,47,,0,3
11/26/2025 18:11:02,,81442326017,8144,2,Indoor 03,,,true,false,21,5,5,5,,,5,5,,,16,18,18,18,18,0.38,0,481,,,0,,,,,29.59,,0,,,,,,,,,,,,,,,,,0.000,,,0,22.3,,47,,0,2
11/26/2025 18:33:06,,81442326017,8144,2,Indoor 03,,,true,false,17,4,4,4,,,4,4,,,14,16,16,16,16,0.39,0,484,,,0,,,,,29.59,,0,,,,,,,,,,,,,,,,,0.000,,,0,22.3,,46,,0,3
11/26/2025 18:48:06,,81442326017,8144,2,Indoor 03,,,true,false,17,4,4,4,,,4,4,,,14,15,15,16,16,0.37,0,483,,,0,,,,,29.58,,0,,,,,,,,,,,,,,,,,0.000,,,0,22.3,,46,,0,2
11/26/2025 19:10:39,,81442326017,8144,2,Indoor 03,,,true,false,17,4,4,4,,,4,4,,,15,16,16,16,16,0.38,0,480,,,0,,,,,29.58,,0,,,,,,,,,,,,,,,,,0.000,,,0,22.3,,46,,0,3
11/26/2025 19:25:39,,81442326017,8144,2,Indoor 03,,,true,false,17,4,4,4,,,4,4,,,14,15,15,15,15,0.37,0,482,,,0,,,,,29.58,,0,,,,,,,,,,,,,,,,,0.000,,,0,22.4,,46,,0,2
11/26/2025 19:45:55,,81442326017,8144,2,Indoor 03,,,true,false,17,4,4,4,,,4,4,,,13,15,15,15,15,0.39,0,477,,,0,,,,,29.58,,0,,,,,,,,,,,,,,,,,0.000,,,0,22.4,,46,,0,3
11/26/2025 20:00:55,,81442326017,8144,2,Indoor 03,,,true,false,17,4,4,4,,,4,4,,,13,14,14,14,14,0.37,0,482,,,0,,,,,29.58,,0,,,,,,,,,,,,,,,,,0.000,,,0,22.4,,46,,0,2
11/26/2025 20:23:14,,81442326017,8144,2,Indoor 03,,,true,false,17,4,4,4,,,4,4,,,13,15,15,15,15,0.37,0,477,,,0,,,,,29.58,,0,,,,,,,,,,,,,,,,,0.000,,,0,22.4,,46,,0,3
11/26/2025 20:38:14,,81442326017,8144,2,Indoor 03,,,true,false,17,4,4,4,,,4,4,,,13,15,15,15,15,0.36,0,482,,,0,,,,,29.58,,0,,,,,,,,,,,,,,,,,0.000,,,0,22.4,,46,,0,2
11/26/2025 21:00:31,,81442326017,8144,2,Indoor 03,,,true,false,17,4,4,4,,,4,4,,,13,14,14,14,14,0.40,0,484,,,0,,,,,29.59,,0,,,,,,,,,,,,,,,,,0.000,,,0,22.4,,46,,0,3
11/26/2025 21:15:31,,81442326017,8144,2,Indoor 03,,,true,false,17,4,4,4,,,4,4,,,13,14,15,15,15,0.37,0,475,,,0,,,,,29.59,,0,,,,,,,,,,,,,,,,,0.000,,,0,22.3,,46,,0,2
11/26/2025 21:38:19,,81442326017,8144,2,Indoor 03,,,true,false,17,4,4,4,,,4,4,,,12,14,14,14,14,0.36,0,477,,,0,,,,,29.59,,0,,,,,,,,,,,,,,,,,0.000,,,0,22.3,,46,,0,3
11/26/2025 21:53:19,,81442326017,8144,2,Indoor 03,,,true,false,17,4,4,4,,,4,4,,,13,14,14,14,14,0.38,0,479,,,0,,,,,29.59,,0,,,,,,,,,,,,,,,,,0.000,,,0,22.3,,46,,0,2
11/26/2025 22:15:36,,81442326017,8144,2,Indoor 03,,,true,false,17,4,4,4,,,4,4,,,13,14,14,14,14,0.39,0,480,,,0,,,,,29.60,,0,,,,,,,,,,,,,,,,,0.000,,,0,22.3,,46,,0,3
11/26/2025 22:30:36,,81442326017,8144,2,Indoor 03,,,true,false,17,4,4,4,,,4,4,,,13,15,15,15,15,0.38,0,486,,,0,,,,,29.60,,0,,,,,,,,,,,,,,,,,0.000,,,0,22.3,,46,,0,2
11/26/2025 22:53:10,,81442326017,8144,2,Indoor 03,,,true,false,17,4,4,4,,,4,4,,,14,16,16,16,16,0.37,0,491,,,0,,,,,29.61,,0,,,,,,,,,,,,,,,,,0.000,,,0,22.3,,46,,0,3
11/26/2025 23:08:10,,81442326017,8144,2,Indoor 03,,,true,false,21,5,4,5,,,5,5,,,15,17,17,17,17,0.37,0,500,,,0,,,,,29.62,,0,,,,,,,,,,,,,,,,,0.000,,,0,22.3,,46,,0,2
11/26/2025 23:30:26,,81442326017,8144,2,Indoor 03,,,true,false,17,4,4,4,,,4,4,,,15,16,16,16,16,0.37,0,487,,,0,,,,,29.62,,0,,,,,,,,,,,,,,,,,0.000,,,0,22.3,,46,,0,3
11/26/2025 23:45:26,,81442326017,8144,2,Indoor 03,,,true,false,21,5,4,5,,,5,5,,,15,17,17,17,17,0.38,0,492,,,0,,,,,29.61,,0,,,,,,,,,,,,,,,,,0.000,,,0,22.3,,46,,0,2
11/27/2025 00:07:44,,81442326017,8144,2,Indoor 03,,,true,false,21,5,5,5,,,5,5,,,16,18,18,18,18,0.38,0,488,,,0,,,,,29.62,,0,,,,,,,,,,,,,,,,,0.000,,,0,22.3,,46,,0,3
11/27/2025 00:22:44,,81442326017,8144,2,Indoor 03,,,true,false,21,5,5,5,,,5,5,,,16,18,18,18,18,0.37,0,487,,,0,,,,,29.62,,0,,,,,,,,,,,,,,,,,0.000,,,0,22.3,,46,,0,2
11/27/2025 00:45:17,,81442326017,8144,2,Indoor 03,,,true,false,21,5,5,5,,,5,5,,,16,17,17,18,18,0.41,0,481,,,0,,,,,29.62,,0,,,,,,,,,,,,,,,,,0.000,,,0,22.4,,46,,0,3
11/27/2025 01:00:17,,81442326017,8144,2,Indoor 03,,,true,false,21,5,4,5,,,5,5,,,16,17,17,17,17,0.37,0,486,,,0,,,,,29.63,,0,,,,,,,,,,,,,,,,,0.000,,,0,22.4,,46,,0,2
11/27/2025 01:22:35,,81442326017,8144,2,Indoor 03,,,true,false,21,5,4,5,,,5,5,,,15,17,17,17,17,0.38,0,487,,,0,,,,,29.64,,0,,,,,,,,,,,,,,,,,0.000,,,0,22.4,,46,,0,3
11/27/2025 01:37:35,,81442326017,8144,2,Indoor 03,,,true,false,17,4,4,4,,,4,4,,,14,15,15,15,15,0.37,0,488,,,0,,,,,29.64,,0,,,,,,,,,,,,,,,,,0.000,,,0,22.4,,46,,0,2
11/27/2025 02:00:22,,81442326017,8144,2,Indoor 03,,,true,false,17,4,4,4,,,4,4,,,15,16,16,16,16,0.37,0,484,,,0,,,,,29.65,,0,,,,,,,,,,,,,,,,,0.000,,,0,22.5,,49,,0,3
11/27/2025 02:15:22,,81442326017,8144,2,Indoor 03,,,true,false,17,4,4,4,,,4,4,,,13,15,15,15,15,0.39,0,484,,,0,,,,,29.66,,0,,,,,,,,,,,,,,,,,0.000,,,0,22.5,,47,,0,2
11/27/2025 02:37:41,,81442326017,8144,2,Indoor 03,,,true,false,13,3,3,3,,,3,3,,,10,11,11,11,11,0.37,0,479,,,0,,,,,29.67,,0,,,,,,,,,,,,,,,,,0.000,,,0,22.4,,43,,0,3
11/27/2025 02:52:41,,81442326017,8144,2,Indoor 03,,,true,false,8,2,2,2,,,2,2,,,7,8,8,8,8,0.38,0,483,,,0,,,,,29.67,,0,,,,,,,,,,,,,,,,,0.000,,,0,22.4,,39,,0,2
11/27/2025 03:15:14,,81442326017,8144,2,Indoor 03,,,true,false,4,1,1,1,,,1,1,,,4,5,5,5,5,0.37,0,478,,,0,,,,,29.68,,0,,,,,,,,,,,,,,,,,0.000,,,0,22.3,,36,,0,3
11/27/2025 03:30:14,,81442326017,8144,2,Indoor 03,,,true,false,4,1,1,1,,,1,1,,,4,4,4,4,4,0.36,0,478,,,0,,,,,29.69,,0,,,,,,,,,,,,,,,,,0.000,,,0,22.3,,35,,0,2
11/27/2025 03:52:45,,81442326017,8144,2,Indoor 03,,,true,false,4,1,1,1,,,1,1,,,3,4,4,4,4,0.41,0,475,,,0,,,,,29.70,,0,,,,,,,,,,,,,,,,,0.000,,,0,22.4,,33,,0,3
11/27/2025 04:07:45,,81442326017,8144,2,Indoor 03,,,true,false,4,1,1,1,,,1,1,,,3,4,4,4,4,0.38,0,476,,,0,,,,,29.71,,0,,,,,,,,,,,,,,,,,0.018,,,0,22.4,,37,,0,2
11/27/2025 04:30:03,,81442326017,8144,2,Indoor 03,,,true,false,4,1,1,1,,,1,1,,,3,3,3,3,3,0.37,0,474,,,0,,,,,29.71,,0,,,,,,,,,,,,,,,,,0.000,,,0,22.5,,42,,0,3
11/27/2025 04:45:03,,81442326017,8144,2,Indoor 03,,,true,false,4,1,1,1,,,1,1,,,3,3,3,3,3,0.37,0,471,,,0,,,,,29.71,,0,,,,,,,,,,,,,,,,,0.015,,,0,22.5,,43,,0,2
11/27/2025 05:08:21,,81442326017,8144,2,Indoor 03,,,true,false,4,1,1,1,,,1,1,,,2,3,3,3,3,0.37,0,466,,,0,,,,,29.71,,0,,,,,,,,,,,,,,,,,0.000,,,0,22.4,,43,,0,3
11/27/2025 05:23:21,,81442326017,8144,2,Indoor 03,,,true,false,4,1,1,1,,,1,1,,,3,3,3,3,3,0.37,0,472,,,0,,,,,29.71,,0,,,,,,,,,,,,,,,,,0.000,,,0,22.4,,43,,0,2
11/27/2025 05:46:09,,81442326017,8144,2,Indoor 03,,,true,false,4,1,1,1,,,1,1,,,2,3,3,3,3,0.40,0,468,,,0,,,,,29.71,,0,,,,,,,,,,,,,,,,,0.000,,,0,22.3,,42,,0,3
11/27/2025 06:01:09,,81442326017,8144,2,Indoor 03,,,true,false,4,1,1,1,,,1,1,,,2,3,3,3,3,0.38,0,467,,,0,,,,,29.72,,0,,,,,,,,,,,,,,,,,0.000,,,0,22.4,,42,,0,2
11/27/2025 06:22:41,,81442326017,8144,2,Indoor 03,,,true,false,4,1,1,1,,,1,1,,,2,2,2,2,2,0.42,0,467,,,0,,,,,29.73,,0,,,,,,,,,,,,,,,,,0.000,,,0,22.4,,42,,0,3
11/27/2025 06:37:41,,81442326017,8144,2,Indoor 03,,,true,false,4,1,1,1,,,1,1,,,2,2,2,2,2,0.38,0,471,,,0,,,,,29.73,,0,,,,,,,,,,,,,,,,,0.000,,,0,22.4,,41,,0,2
11/27/2025 06:59:59,,81442326017,8144,2,Indoor 03,,,true,false,4,1,1,1,,,1,1,,,2,2,2,2,2,0.38,0,467,,,0,,,,,29.74,,0,,,,,,,,,,,,,,,,,0.000,,,0,22.4,,41,,0,3
11/27/2025 07:14:59,,81442326017,8144,2,Indoor 03,,,true,false,4,1,1,1,,,1,1,,,2,2,2,2,2,0.35,0,470,,,0,,,,,29.75,,0,,,,,,,,,,,,,,,,,0.000,,,0,22.4,,41,,0,2
11/27/2025 07:37:32,,81442326017,8144,2,Indoor 03,,,true,false,4,1,1,1,,,1,1,,,3,4,4,4,4,0.36,0,462,,,0,,,,,29.75,,0,,,,,,,,,,,,,,,,,0.000,,,0,22.4,,42,,0,3
11/27/2025 07:52:32,,81442326017,8144,2,Indoor 03,,,true,false,4,1,1,1,,,1,1,,,4,5,5,5,5,0.37,0,464,,,0,,,,,29.76,,0,,,,,,,,,,,,,,,,,0.000,,,0,22.4,,42,,0,2
11/27/2025 08:15:19,,81442326017,8144,2,Indoor 03,,,true,false,4,1,1,1,,,1,1,,,5,5,5,5,5,0.35,0,457,,,0,,,,,29.77,,0,,,,,,,,,,,,,,,,,0.000,,,0,22.4,,41,,0,3
11/27/2025 08:30:19,,81442326017,8144,2,Indoor 03,,,true,false,4,1,1,1,,,1,1,,,4,5,5,5,5,0.36,0,458,,,0,,,,,29.76,,0,,,,,,,,,,,,,,,,,0.000,,,0,22.4,,41,,0,2
11/27/2025 08:52:53,,81442326017,8144,2,Indoor 03,,,true,false,4,1,1,1,,,1,1,,,4,5,5,5,5,0.37,0,464,,,0,,,,,29.77,,0,,,,,,,,,,,,,,,,,0.000,,,0,22.4,,41,,0,3
11/27/2025 09:07:53,,81442326017,8144,2,Indoor 03,,,true,false,4,1,1,1,,,1,1,,,4,5,5,5,5,0.36,0,465,,,0,,,,,29.78,,0,,,,,,,,,,,,,,,,,0.000,,,0,22.4,,40,,0,2
11/27/2025 09:30:24,,81442326017,8144,2,Indoor 03,,,true,false,4,1,1,1,,,1,1,,,4,5,5,5,5,0.36,0,463,,,0,,,,,29.78,,0,,,,,,,,,,,,,,,,,0.000,,,0,22.4,,41,,0,3
11/27/2025 09:45:24,,81442326017,8144,2,Indoor 03,,,true,false,4,1,1,1,,,1,1,,,4,5,5,5,5,0.35,0,460,,,0,,,,,29.79,,0,,,,,,,,,,,,,,,,,0.000,,,0,22.2,,41,,0,2
11/27/2025 10:07:58,,81442326017,8144,2,Indoor 03,,,true,false,4,1,1,1,,,1,1,,,5,5,5,5,5,0.35,0,464,,,0,,,,,29.80,,0,,,,,,,,,,,,,,,,,0.000,,,0,22.1,,42,,0,3
11/27/2025 10:22:58,,81442326017,8144,2,Indoor 03,,,true,false,4,1,1,1,,,1,1,,,4,4,4,4,4,0.35,0,468,,,0,,,,,29.80,,0,,,,,,,,,,,,,,,,,0.000,,,0,22.2,,41,,0,2
11/27/2025 10:45:31,,81442326017,8144,2,Indoor 03,,,true,false,4,1,1,1,,,1,1,,,4,5,5,5,5,0.36,0,468,,,0,,,,,29.82,,0,,,,,,,,,,,,,,,,,0.000,,,0,22.3,,41,,0,3
11/27/2025 11:00:31,,81442326017,8144,2,Indoor 03,,,true,false,4,1,1,1,,,1,1,,,4,5,5,5,5,0.37,0,463,,,0,,,,,29.83,,0,,,,,,,,,,,,,,,,,0.000,,,0,22.3,,41,,0,2
11/27/2025 11:23:02,,81442326017,8144,2,Indoor 03,,,true,false,4,1,1,1,,,1,1,,,5,5,5,5,5,0.33,0,460,,,0,,,,,29.83,,0,,,,,,,,,,,,,,,,,0.000,,,0,22.3,,41,,0,3
11/27/2025 11:38:02,,81442326017,8144,2,Indoor 03,,,true,false,8,2,1,2,,,2,2,,,5,6,6,6,6,0.34,0,459,,,0,,,,,29.84,,0,,,,,,,,,,,,,,,,,0.000,,,0,22.2,,42,,0,2
11/27/2025 12:00:21,,81442326017,8144,2,Indoor 03,,,true,false,8,2,2,2,,,2,2,,,5,6,6,6,6,0.38,0,466,,,0,,,,,29.84,,0,,,,,,,,,,,,,,,,,0.000,,,0,22.3,,43,,0,3
11/27/2025 12:15:21,,81442326017,8144,2,Indoor 03,,,true,false,8,2,2,2,,,2,2,,,6,6,6,6,6,0.36,0,470,,,0,,,,,29.84,,0,,,,,,,,,,,,,,,,,0.000,,,0,22.3,,43,,0,2
11/27/2025 12:37:53,,81442326017,8144,2,Indoor 03,,,true,false,8,2,1,2,,,2,2,,,5,6,6,6,6,0.44,0,463,,,0,,,,,29.84,,0,,,,,,,,,,,,,,,,,0.000,,,0,22.2,,43,,0,3
11/27/2025 12:52:53,,81442326017,8144,2,Indoor 03,,,true,false,4,1,1,1,,,1,1,,,5,6,6,6,6,0.37,0,466,,,0,,,,,29.84,,0,,,,,,,,,,,,,,,,,0.000,,,0,22.2,,43,,0,2
11/27/2025 13:15:26,,81442326017,8144,2,Indoor 03,,,true,false,4,1,1,1,,,1,1,,,5,5,5,5,5,0.37,0,468,,,0,,,,,29.84,,0,,,,,,,,,,,,,,,,,0.000,,,0,22.2,,42,,0,3
11/27/2025 13:30:26,,81442326017,8144,2,Indoor 03,,,true,false,4,1,1,1,,,1,1,,,5,5,5,5,5,0.36,0,466,,,0,,,,,29.83,,0,,,,,,,,,,,,,,,,,0.000,,,0,22.2,,42,,0,2
11/27/2025 13:52:58,,81442326017,8144,2,Indoor 03,,,true,false,4,1,1,1,,,1,1,,,4,5,5,5,5,0.36,0,468,,,0,,,,,29.83,,0,,,,,,,,,,,,,,,,,0.000,,,0,22.2,,42,,0,3
11/27/2025 14:07:58,,81442326017,8144,2,Indoor 03,,,true,false,4,1,1,1,,,1,1,,,4,5,5,5,5,0.35,0,467,,,0,,,,,29.83,,0,,,,,,,,,,,,,,,,,0.000,,,0,22.3,,42,,0,2
11/27/2025 14:30:31,,81442326017,8144,2,Indoor 03,,,true,false,4,1,1,1,,,1,1,,,4,5,5,5,5,0.39,0,466,,,0,,,,,29.84,,0,,,,,,,,,,,,,,,,,0.000,,,0,22.2,,43,,0,3
11/27/2025 14:45:31,,81442326017,8144,2,Indoor 03,,,true,false,4,1,1,1,,,1,1,,,4,5,5,5,5,0.36,0,469,,,0,,,,,29.84,,0,,,,,,,,,,,,,,,,,0.000,,,0,22.2,,43,,0,2
11/27/2025 15:08:03,,81442326017,8144,2,Indoor 03,,,true,false,4,1,1,1,,,1,1,,,4,5,5,5,5,0.40,0,465,,,0,,,,,29.85,,0,,,,,,,,,,,,,,,,,0.000,,,0,22.2,,43,,0,3
11/27/2025 15:23:03,,81442326017,8144,2,Indoor 03,,,true,false,4,1,1,1,,,1,1,,,4,4,4,4,4,0.36,0,471,,,0,,,,,29.85,,0,,,,,,,,,,,,,,,,,0.000,,,0,22.3,,43,,0,2
11/27/2025 15:45:52,,81442326017,8144,2,Indoor 03,,,true,false,4,1,1,1,,,1,1,,,4,4,4,4,4,0.33,0,464,,,0,,,,,29.84,,0,,,,,,,,,,,,,,,,,0.000,,,0,22.2,,42,,0,3
11/27/2025 16:00:52,,81442326017,8144,2,Indoor 03,,,true,false,4,1,1,1,,,1,1,,,4,4,4,4,4,0.35,0,467,,,0,,,,,29.84,,0,,,,,,,,,,,,,,,,,0.000,,,0,22.2,,42,,0,2
11/27/2025 16:23:10,,81442326017,8144,2,Indoor 03,,,true,false,4,1,1,1,,,1,1,,,4,4,4,4,4,0.37,0,463,,,0,,,,,29.83,,0,,,,,,,,,,,,,,,,,0.000,,,0,22.2,,43,,0,3
11/27/2025 16:38:10,,81442326017,8144,2,Indoor 03,,,true,false,4,1,1,1,,,1,1,,,4,4,4,4,4,0.37,0,462,,,0,,,,,29.83,,0,,,,,,,,,,,,,,,,,0.000,,,0,22.3,,43,,0,2
11/27/2025 16:59:26,,81442326017,8144,2,Indoor 03,,,true,false,4,1,1,1,,,1,1,,,4,4,4,4,4,0.38,0,467,,,0,,,,,29.82,,0,,,,,,,,,,,,,,,,,0.000,,,0,22.2,,43,,0,3
11/27/2025 17:14:26,,81442326017,8144,2,Indoor 03,,,true,false,4,1,1,1,,,1,1,,,3,4,4,4,4,0.37,0,470,,,0,,,,,29.81,,0,,,,,,,,,,,,,,,,,0.000,,,0,22.2,,43,,0,2
11/27/2025 17:36:45,,81442326017,8144,2,Indoor 03,,,true,false,4,1,1,1,,,1,1,,,3,4,4,4,4,0.37,0,470,,,0,,,,,29.81,,0,,,,,,,,,,,,,,,,,0.000,,,0,22.2,,43,,0,3
11/27/2025 17:51:45,,81442326017,8144,2,Indoor 03,,,true,false,4,1,1,1,,,1,1,,,3,3,3,3,3,0.37,0,467,,,0,,,,,29.80,,0,,,,,,,,,,,,,,,,,0.000,,,0,22.3,,42,,0,2
11/27/2025 18:14:03,,81442326017,8144,2,Indoor 03,,,true,false,4,1,1,1,,,1,1,,,3,3,3,3,3,0.38,0,461,,,0,,,,,29.79,,0,,,,,,,,,,,,,,,,,0.000,,,0,22.2,,42,,0,3
11/27/2025 18:29:03,,81442326017,8144,2,Indoor 03,,,true,false,4,1,1,1,,,1,1,,,3,4,4,4,4,0.36,0,459,,,0,,,,,29.79,,0,,,,,,,,,,,,,,,,,0.000,,,0,22.1,,42,,0,2
11/27/2025 18:51:49,,81442326017,8144,2,Indoor 03,,,true,false,4,1,1,1,,,1,1,,,3,4,4,4,4,0.40,0,469,,,0,,,,,29.78,,0,,,,,,,,,,,,,,,,,0.000,,,0,22.2,,42,,0,3
11/27/2025 19:06:49,,81442326017,8144,2,Indoor 03,,,true,false,4,1,1,1,,,1,1,,,4,4,4,4,4,0.38,0,473,,,0,,,,,29.78,,0,,,,,,,,,,,,,,,,,0.000,,,0,22.2,,42,,0,2
11/27/2025 19:29:37,,81442326017,8144,2,Indoor 03,,,true,false,4,1,1,1,,,1,1,,,4,4,4,4,4,0.40,0,471,,,0,,,,,29.77,,0,,,,,,,,,,,,,,,,,0.000,,,0,22.2,,43,,0,3
11/27/2025 19:44:37,,81442326017,8144,2,Indoor 03,,,true,false,4,1,1,1,,,1,1,,,3,4,4,4,4,0.38,0,473,,,0,,,,,29.77,,0,,,,,,,,,,,,,,,,,0.000,,,0,22.2,,43,,0,2
11/27/2025 20:06:56,,81442326017,8144,2,Indoor 03,,,true,false,4,1,1,1,,,1,1,,,3,4,4,4,4,0.35,0,463,,,0,,,,,29.78,,0,,,,,,,,,,,,,,,,,0.000,,,0,22.2,,43,,0,3
11/27/2025 20:21:56,,81442326017,8144,2,Indoor 03,,,true,false,4,1,1,1,,,1,1,,,3,3,3,3,3,0.37,0,463,,,0,,,,,29.78,,0,,,,,,,,,,,,,,,,,0.000,,,0,22.1,,42,,0,2
11/27/2025 20:44:43,,81442326017,8144,2,Indoor 03,,,true,false,4,1,1,1,,,1,1,,,3,4,4,4,4,0.38,0,469,,,0,,,,,29.79,,0,,,,,,,,,,,,,,,,,0.000,,,0,22.2,,42,,0,3
11/27/2025 20:59:43,,81442326017,8144,2,Indoor 03,,,true,false,4,1,1,1,,,1,1,,,3,3,3,3,3,0.38,0,473,,,0,,,,,29.79,,0,,,,,,,,,,,,,,,,,0.000,,,0,22.2,,42,,0,2
11/27/2025 21:22:30,,81442326017,8144,2,Indoor 03,,,true,false,4,1,1,1,,,1,1,,,3,3,3,3,3,0.38,0,464,,,0,,,,,29.79,,0,,,,,,,,,,,,,,,,,0.000,,,0,22.2,,42,,0,3
11/27/2025 21:37:30,,81442326017,8144,2,Indoor 03,,,true,false,4,1,1,1,,,1,1,,,3,4,4,4,4,0.37,0,460,,,0,,,,,29.80,,0,,,,,,,,,,,,,,,,,0.000,,,0,22.2,,42,,0,2
11/27/2025 21:59:03,,81442326017,8144,2,Indoor 03,,,true,false,4,1,1,1,,,1,1,,,4,4,4,4,4,0.40,0,460,,,0,,,,,29.81,,0,,,,,,,,,,,,,,,,,0.000,,,0,22.1,,43,,0,3
11/27/2025 22:14:03,,81442326017,8144,2,Indoor 03,,,true,false,4,1,1,1,,,1,1,,,3,4,4,4,4,0.38,0,463,,,0,,,,,29.81,,0,,,,,,,,,,,,,,,,,0.000,,,0,22.2,,43,,0,2
11/27/2025 22:37:06,,81442326017,8144,2,Indoor 03,,,true,false,4,1,1,1,,,1,1,,,3,3,3,3,3,0.34,0,462,,,0,,,,,29.81,,0,,,,,,,,,,,,,,,,,0.000,,,0,22.2,,42,,0,3
11/27/2025 22:52:06,,81442326017,8144,2,Indoor 03,,,true,false,4,1,1,1,,,1,1,,,3,3,3,3,3,0.37,0,466,,,0,,,,,29.82,,0,,,,,,,,,,,,,,,,,0.000,,,0,22.2,,42,,0,2
11/27/2025 23:14:23,,81442326017,8144,2,Indoor 03,,,true,false,4,1,1,1,,,1,1,,,3,3,3,3,3,0.43,0,462,,,0,,,,,29.82,,0,,,,,,,,,,,,,,,,,0.000,,,0,22.1,,42,,0,3
11/27/2025 23:29:23,,81442326017,8144,2,Indoor 03,,,true,false,4,1,1,1,,,1,1,,,3,3,3,3,3,0.41,0,470,,,0,,,,,29.83,,0,,,,,,,,,,,,,,,,,0.000,,,0,22.2,,42,,0,2
11/27/2025 23:51:57,,81442326017,8144,2,Indoor 03,,,true,false,4,1,1,1,,,1,1,,,3,3,3,3,3,0.35,0,463,,,0,,,,,29.84,,0,,,,,,,,,,,,,,,,,0.000,,,0,22.2,,42,,0,3
11/28/2025 00:06:57,,81442326017,8144,2,Indoor 03,,,true,false,4,1,1,1,,,1,1,,,3,4,4,4,4,0.39,0,466,,,0,,,,,29.84,,0,,,,,,,,,,,,,,,,,0.000,,,0,22.1,,42,,0,2
11/28/2025 00:29:30,,81442326017,8144,2,Indoor 03,,,true,false,4,1,1,1,,,1,1,,,4,4,4,4,4,0.38,0,465,,,0,,,,,29.84,,0,,,,,,,,,,,,,,,,,0.000,,,0,22.2,,42,,0,3
11/28/2025 00:44:30,,81442326017,8144,2,Indoor 03,,,true,false,4,1,1,1,,,1,1,,,4,5,5,5,5,0.38,0,466,,,0,,,,,29.85,,0,,,,,,,,,,,,,,,,,0.000,,,0,22.2,,42,,0,2
11/28/2025 01:07:02,,81442326017,8144,2,Indoor 03,,,true,false,4,1,1,1,,,1,1,,,4,5,5,5,5,0.37,0,464,,,0,,,,,29.85,,0,,,,,,,,,,,,,,,,,0.000,,,0,22.2,,42,,0,3
11/28/2025 01:22:02,,81442326017,8144,2,Indoor 03,,,true,false,4,1,1,1,,,1,1,,,4,4,4,4,4,0.39,0,465,,,0,,,,,29.85,,0,,,,,,,,,,,,,,,,,0.000,,,0,22.1,,42,,0,2
11/28/2025 01:44:49,,81442326017,8144,2,Indoor 03,,,true,false,8,2,1,2,,,2,2,,,5,6,6,6,6,0.40,0,465,,,0,,,,,29.85,,0,,,,,,,,,,,,,,,,,0.000,,,0,22.1,,43,,0,3
11/28/2025 01:59:49,,81442326017,8144,2,Indoor 03,,,true,false,8,2,2,2,,,2,2,,,6,7,7,7,7,0.40,0,473,,,0,,,,,29.85,,0,,,,,,,,,,,,,,,,,0.000,,,0,22.2,,43,,0,2
11/28/2025 02:22:22,,81442326017,8144,2,Indoor 03,,,true,false,8,2,2,2,,,2,2,,,5,6,6,6,6,0.37,0,462,,,0,,,,,29.85,,0,,,,,,,,,,,,,,,,,0.000,,,0,22.2,,43,,0,3
11/28/2025 02:37:22,,81442326017,8144,2,Indoor 03,,,true,false,4,1,1,1,,,1,1,,,4,5,5,5,5,0.39,0,467,,,0,,,,,29.85,,0,,,,,,,,,,,,,,,,,0.000,,,0,22.1,,43,,0,2
11/28/2025 02:59:55,,81442326017,8144,2,Indoor 03,,,true,false,4,1,1,1,,,1,1,,,4,5,5,5,5,0.38,0,468,,,0,,,,,29.86,,0,,,,,,,,,,,,,,,,,0.000,,,0,22.1,,43,,0,3
11/28/2025 03:14:55,,81442326017,8144,2,Indoor 03,,,true,false,4,1,1,1,,,1,1,,,5,5,5,5,5,0.38,0,468,,,0,,,,,29.86,,0,,,,,,,,,,,,,,,,,0.000,,,0,22.2,,43,,0,2
11/28/2025 03:37:27,,81442326017,8144,2,Indoor 03,,,true,false,4,2,1,1,,,2,2,,,5,5,5,5,5,0.42,0,461,,,0,,,,,29.86,,0,,,,,,,,,,,,,,,,,0.000,,,0,22.2,,42,,0,3
11/28/2025 03:52:27,,81442326017,8144,2,Indoor 03,,,true,false,4,1,1,1,,,1,1,,,5,5,5,5,5,0.40,0,467,,,0,,,,,29.86,,0,,,,,,,,,,,,,,,,,0.000,,,0,22.1,,42,,0,2
11/28/2025 04:15:15,,81442326017,8144,2,Indoor 03,,,true,false,4,1,1,1,,,1,1,,,4,5,5,5,5,0.40,0,465,,,0,,,,,29.86,,0,,,,,,,,,,,,,,,,,0.000,,,0,22.1,,43,,0,3
11/28/2025 04:30:15,,81442326017,8144,2,Indoor 03,,,true,false,4,1,1,1,,,1,1,,,4,4,4,4,4,0.39,0,465,,,0,,,,,29.86,,0,,,,,,,,,,,,,,,,,0.000,,,0,22.1,,43,,0,2
11/28/2025 04:51:32,,81442326017,8144,2,Indoor 03,,,true,false,4,1,1,1,,,1,1,,,4,4,4,4,4,0.43,0,467,,,0,,,,,29.86,,0,,,,,,,,,,,,,,,,,0.000,,,0,22.2,,42,,0,3
11/28/2025 05:06:32,,81442326017,8144,2,Indoor 03,,,true,false,4,1,1,1,,,1,1,,,4,5,5,5,5,0.40,0,473,,,0,,,,,29.87,,0,,,,,,,,,,,,,,,,,0.000,,,0,22.2,,42,,0,2
11/28/2025 05:29:20,,81442326017,8144,2,Indoor 03,,,true,false,4,1,1,1,,,1,1,,,4,5,5,5,5,0.37,0,463,,,0,,,,,29.87,,0,,,,,,,,,,,,,,,,,0.000,,,0,22.1,,42,,0,3
11/28/2025 05:44:20,,81442326017,8144,2,Indoor 03,,,true,false,4,1,1,1,,,1,1,,,4,5,5,5,5,0.38,0,469,,,0,,,,,29.88,,0,,,,,,,,,,,,,,,,,0.000,,,0,22.1,,42,,0,2
11/28/2025 06:06:08,,81442326017,8144,2,Indoor 03,,,true,false,8,2,1,2,,,2,2,,,5,6,6,6,6,0.39,0,467,,,0,,,,,29.88,,0,,,,,,,,,,,,,,,,,0.000,,,0,22.1,,42,,0,3
11/28/2025 06:21:08,,81442326017,8144,2,Indoor 03,,,true,false,4,1,1,1,,,1,1,,,4,5,5,5,5,0.39,0,465,,,0,,,,,29.89,,0,,,,,,,,,,,,,,,,,0.000,,,0,22.2,,42,,0,2
11/28/2025 06:41:56,,81442326017,8144,2,Indoor 03,,,true,false,4,1,1,1,,,1,1,,,4,5,5,5,5,0.40,0,460,,,0,,,,,29.89,,0,,,,,,,,,,,,,,,,,0.000,,,0,22.1,,42,,0,3
11/28/2025 06:56:56,,81442326017,8144,2,Indoor 03,,,true,false,4,1,1,1,,,1,1,,,4,5,5,5,5,0.40,0,466,,,0,,,,,29.89,,0,,,,,,,,,,,,,,,,,0.000,,,0,22.1,,42,,0,2
11/28/2025 07:19:13,,81442326017,8144,2,Indoor 03,,,true,false,4,1,1,1,,,1,1,,,4,5,5,5,5,0.34,0,466,,,0,,,,,29.90,,0,,,,,,,,,,,,,,,,,0.000,,,0,22.1,,41,,0,3
11/28/2025 07:34:13,,81442326017,8144,2,Indoor 03,,,true,false,4,1,1,1,,,1,1,,,5,5,5,5,5,0.35,0,473,,,0,,,,,29.90,,0,,,,,,,,,,,,,,,,,0.000,,,0,22.2,,41,,0,2
11/28/2025 07:57:01,,81442326017,8144,2,Indoor 03,,,true,false,4,1,1,1,,,1,1,,,5,5,5,5,5,0.41,0,464,,,0,,,,,29.91,,0,,,,,,,,,,,,,,,,,0.000,,,0,22.1,,41,,0,3
11/28/2025 08:12:01,,81442326017,8144,2,Indoor 03,,,true,false,4,1,1,1,,,1,1,,,5,5,5,5,5,0.41,0,470,,,0,,,,,29.92,,0,,,,,,,,,,,,,,,,,0.000,,,0,22.1,,41,,0,2
11/28/2025 08:34:49,,81442326017,8144,2,Indoor 03,,,true,false,4,1,1,1,,,1,1,,,4,5,5,5,5,0.38,0,467,,,0,,,,,29.92,,0,,,,,,,,,,,,,,,,,0.000,,,0,22.2,,41,,0,3
11/28/2025 08:49:49,,81442326017,8144,2,Indoor 03,,,true,false,4,1,1,1,,,1,1,,,5,5,5,5,5,0.38,0,465,,,0,,,,,29.92,,0,,,,,,,,,,,,,,,,,0.000,,,0,22.1,,41,,0,2
11/28/2025 09:12:22,,81442326017,8144,2,Indoor 03,,,true,false,8,2,1,2,,,2,2,,,5,6,6,6,6,0.40,0,465,,,0,,,,,29.92,,0,,,,,,,,,,,,,,,,,0.000,,,0,22.1,,42,,0,3
11/28/2025 09:27:22,,81442326017,8144,2,Indoor 03,,,true,false,4,1,1,1,,,1,1,,,5,5,5,5,5,0.38,0,470,,,0,,,,,29.92,,0,,,,,,,,,,,,,,,,,0.000,,,0,22.1,,41,,0,2
11/28/2025 09:49:54,,81442326017,8144,2,Indoor 03,,,true,false,8,2,1,2,,,2,2,,,5,5,5,6,6,0.45,0,465,,,0,,,,,29.92,,0,,,,,,,,,,,,,,,,,0.000,,,0,22.2,,41,,0,3
11/28/2025 10:04:54,,81442326017,8144,2,Indoor 03,,,true,false,8,2,2,2,,,2,2,,,6,6,6,6,6,0.40,0,463,,,0,,,,,29.93,,0,,,,,,,,,,,,,,,,,0.000,,,0,22.1,,41,,0,2
11/28/2025 10:27:41,,81442326017,8144,2,Indoor 03,,,true,false,8,2,1,2,,,2,2,,,5,6,6,6,6,0.38,0,467,,,0,,,,,29.94,,0,,,,,,,,,,,,,,,,,0.000,,,0,22.1,,41,,0,3
11/28/2025 10:42:41,,81442326017,8144,2,Indoor 03,,,true,false,4,1,1,1,,,1,1,,,5,5,5,5,5,0.38,0,466,,,0,,,,,29.95,,0,,,,,,,,,,,,,,,,,0.000,,,0,22.2,,41,,0,2
11/28/2025 11:05:15,,81442326017,8144,2,Indoor 03,,,true,false,8,2,2,2,,,2,2,,,5,6,6,6,6,0.34,0,469,,,0,,,,,29.96,,0,,,,,,,,,,,,,,,,,0.000,,,0,22.1,,41,,0,3
11/28/2025 11:20:15,,81442326017,8144,2,Indoor 03,,,true,false,8,2,2,2,,,2,2,,,5,6,6,6,6,0.36,0,475,,,0,,,,,29.97,,0,,,,,,,,,,,,,,,,,0.000,,,0,22.1,,41,,0,2
11/28/2025 11:43:02,,81442326017,8144,2,Indoor 03,,,true,false,8,2,2,2,,,2,2,,,5,6,6,6,6,0.41,0,463,,,0,,,,,29.97,,0,,,,,,,,,,,,,,,,,0.000,,,0,22.2,,42,,0,3
11/28/2025 11:58:02,,81442326017,8144,2,Indoor 03,,,true,false,8,2,2,2,,,2,2,,,5,6,6,6,6,0.39,0,463,,,0,,,,,29.98,,0,,,,,,,,,,,,,,,,,0.003,,,0,22.2,,43,,0,2
11/28/2025 12:19:35,,81442326017,8144,2,Indoor 03,,,true,false,8,2,2,2,,,2,2,,,6,6,6,6,6,0.39,0,456,,,0,,,,,29.98,,0,,,,,,,,,,,,,,,,,0.000,,,0,22.1,,43,,0,3
11/28/2025 12:34:35,,81442326017,8144,2,Indoor 03,,,true,false,8,2,2,2,,,2,2,,,6,7,7,7,7,0.38,0,462,,,0,,,,,29.99,,0,,,,,,,,,,,,,,,,,0.000,,,0,22.1,,44,,0,2
11/28/2025 12:57:08,,81442326017,8144,2,Indoor 03,,,true,false,8,2,2,2,,,2,2,,,6,7,7,7,7,0.42,0,460,,,0,,,,,29.99,,0,,,,,,,,,,,,,,,,,0.000,,,0,22.1,,44,,0,3
11/28/2025 13:12:08,,81442326017,8144,2,Indoor 03,,,true,false,8,2,2,2,,,2,2,,,6,7,7,7,7,0.38,0,462,,,0,,,,,30.00,,0,,,,,,,,,,,,,,,,,0.000,,,0,22.1,,44,,0,2
11/28/2025 13:34:55,,81442326017,8144,2,Indoor 03,,,true,false,8,2,2,2,,,2,2,,,6,7,7,7,7,0.37,0,461,,,0,,,,,30.01,,0,,,,,,,,,,,,,,,,,0.000,,,0,22.1,,44,,0,3
11/28/2025 13:49:55,,81442326017,8144,2,Indoor 03,,,true,false,8,2,2,2,,,2,2,,,6,7,7,7,7,0.37,0,463,,,0,,,,,30.01,,0,,,,,,,,,,,,,,,,,0.000,,,0,22.1,,44,,0,2
11/28/2025 14:12:27,,81442326017,8144,2,Indoor 03,,,true,false,8,2,2,2,,,2,2,,,6,6,6,6,6,0.33,0,463,,,0,,,,,30.01,,0,,,,,,,,,,,,,,,,,0.000,,,0,22.1,,43,,0,3
11/28/2025 14:27:27,,81442326017,8144,2,Indoor 03,,,true,false,8,2,2,2,,,2,2,,,5,6,6,6,6,0.36,0,460,,,0,,,,,30.01,,0,,,,,,,,,,,,,,,,,0.000,,,0,22.1,,43,,0,2
11/28/2025 14:49:45,,81442326017,8144,2,Indoor 03,,,true,false,4,1,1,1,,,1,1,,,5,5,5,5,5,0.40,0,454,,,0,,,,,30.02,,0,,,,,,,,,,,,,,,,,0.000,,,0,22.1,,43,,0,3
11/28/2025 15:04:45,,81442326017,8144,2,Indoor 03,,,true,false,4,1,1,1,,,1,1,,,4,5,5,5,5,0.38,0,459,,,0,,,,,30.02,,0,,,,,,,,,,,,,,,,,0.000,,,0,22.1,,42,,0,2
11/28/2025 15:27:04,,81442326017,8144,2,Indoor 03,,,true,false,4,1,1,1,,,1,1,,,3,3,3,3,4,0.36,0,447,,,0,,,,,30.01,,0,,,,,,,,,,,,,,,,,0.000,,,0,21.9,,42,,0,3
11/28/2025 15:42:04,,81442326017,8144,2,Indoor 03,,,true,false,4,1,1,1,,,1,1,,,3,3,3,3,3,0.36,0,452,,,0,,,,,30.01,,0,,,,,,,,,,,,,,,,,0.000,,,0,22.0,,42,,0,2
11/28/2025 16:04:35,,81442326017,8144,2,Indoor 03,,,true,false,4,1,1,1,,,1,1,,,3,4,4,4,4,0.37,0,455,,,0,,,,,30.01,,0,,,,,,,,,,,,,,,,,0.000,,,0,22.2,,42,,0,3
11/28/2025 16:19:35,,81442326017,8144,2,Indoor 03,,,true,false,4,1,1,1,,,1,1,,,3,3,3,3,3,0.37,0,457,,,0,,,,,30.00,,0,,,,,,,,,,,,,,,,,0.000,,,0,22.3,,43,,0,2
11/28/2025 16:42:08,,81442326017,8144,2,Indoor 03,,,true,false,4,1,1,1,,,1,1,,,3,3,3,3,3,0.40,0,456,,,0,,,,,30.00,,0,,,,,,,,,,,,,,,,,0.000,,,0,22.3,,43,,0,3
11/28/2025 16:57:08,,81442326017,8144,2,Indoor 03,,,true,false,4,1,1,1,,,1,1,,,3,3,3,3,3,0.39,0,459,,,0,,,,,29.99,,0,,,,,,,,,,,,,,,,,0.000,,,0,22.3,,43,,0,2
11/28/2025 17:19:26,,81442326017,8144,2,Indoor 03,,,true,false,4,1,1,1,,,1,1,,,3,3,3,3,3,0.36,0,457,,,0,,,,,29.99,,0,,,,,,,,,,,,,,,,,0.000,,,0,22.3,,42,,0,3
11/28/2025 17:34:26,,81442326017,8144,2,Indoor 03,,,true,false,4,1,1,1,,,1,1,,,3,3,3,3,3,0.36,0,469,,,0,,,,,29.98,,0,,,,,,,,,,,,,,,,,0.000,,,0,22.3,,42,,0,2
11/28/2025 17:56:58,,81442326017,8144,2,Indoor 03,,,true,false,4,1,1,1,,,1,1,,,3,3,3,3,3,0.41,0,457,,,0,,,,,29.98,,0,,,,,,,,,,,,,,,,,0.000,,,0,22.3,,42,,0,3
11/28/2025 18:11:58,,81442326017,8144,2,Indoor 03,,,true,false,4,1,1,1,,,1,1,,,3,3,3,3,3,0.38,0,456,,,0,,,,,29.98,,0,,,,,,,,,,,,,,,,,0.000,,,0,22.3,,42,,0,2
11/28/2025 18:34:31,,81442326017,8144,2,Indoor 03,,,true,false,4,1,1,1,,,1,1,,,3,3,3,3,3,0.41,0,451,,,0,,,,,29.97,,0,,,,,,,,,,,,,,,,,0.000,,,0,22.4,,42,,0,3
11/28/2025 18:49:31,,81442326017,8144,2,Indoor 03,,,true,false,4,1,1,1,,,1,1,,,3,3,3,3,3,0.41,0,453,,,0,,,,,29.97,,0,,,,,,,,,,,,,,,,,0.000,,,0,22.4,,42,,0,2
11/28/2025 19:12:20,,81442326017,8144,2,Indoor 03,,,true,false,4,1,1,1,,,1,1,,,3,3,3,3,3,0.34,0,449,,,0,,,,,29.97,,0,,,,,,,,,,,,,,,,,0.000,,,0,22.4,,42,,0,3
11/28/2025 19:27:20,,81442326017,8144,2,Indoor 03,,,true,false,4,1,1,1,,,1,1,,,3,3,3,3,3,0.35,0,452,,,0,,,,,29.98,,0,,,,,,,,,,,,,,,,,0.000,,,0,22.3,,42,,0,2
11/28/2025 19:49:53,,81442326017,8144,2,Indoor 03,,,true,false,4,1,1,1,,,1,1,,,4,4,4,4,4,0.41,0,456,,,0,,,,,29.98,,0,,,,,,,,,,,,,,,,,0.000,,,0,22.3,,42,,0,3
11/28/2025 20:04:53,,81442326017,8144,2,Indoor 03,,,true,false,4,1,1,1,,,1,1,,,4,4,4,4,4,0.38,0,455,,,0,,,,,29.98,,0,,,,,,,,,,,,,,,,,0.000,,,0,22.4,,41,,0,2
11/28/2025 20:27:24,,81442326017,8144,2,Indoor 03,,,true,false,4,1,1,1,,,1,1,,,4,4,4,4,4,0.35,0,447,,,0,,,,,29.98,,0,,,,,,,,,,,,,,,,,0.000,,,0,22.4,,42,,0,3
11/28/2025 20:42:24,,81442326017,8144,2,Indoor 03,,,true,false,4,1,1,1,,,1,1,,,4,5,5,5,5,0.36,0,457,,,0,,,,,29.99,,0,,,,,,,,,,,,,,,,,0.000,,,0,22.4,,42,,0,2
11/28/2025 21:05:12,,81442326017,8144,2,Indoor 03,,,true,false,4,1,1,1,,,1,1,,,5,5,5,5,5,0.40,0,448,,,0,,,,,29.99,,0,,,,,,,,,,,,,,,,,0.000,,,0,22.4,,42,,0,3
11/28/2025 21:20:12,,81442326017,8144,2,Indoor 03,,,true,false,4,1,1,1,,,1,1,,,4,5,5,5,5,0.38,0,456,,,0,,,,,29.99,,0,,,,,,,,,,,,,,,,,0.000,,,0,22.4,,42,,0,2
11/28/2025 21:43:01,,81442326017,8144,2,Indoor 03,,,true,false,8,2,1,2,,,2,2,,,5,6,6,6,6,0.36,0,452,,,0,,,,,30.01,,0,,,,,,,,,,,,,,,,,0.000,,,0,22.4,,42,,0,3
11/28/2025 21:58:01,,81442326017,8144,2,Indoor 03,,,true,false,8,2,1,2,,,2,2,,,5,6,6,6,6,0.36,0,451,,,0,,,,,30.01,,0,,,,,,,,,,,,,,,,,0.000,,,0,22.3,,43,,0,2
11/28/2025 22:18:17,,81442326017,8144,2,Indoor 03,,,true,false,8,2,2,2,,,2,2,,,6,6,6,6,6,0.37,0,449,,,0,,,,,30.02,,0,,,,,,,,,,,,,,,,,0.000,,,0,22.3,,43,,0,3
11/28/2025 22:33:17,,81442326017,8144,2,Indoor 03,,,true,false,8,2,2,2,,,2,2,,,5,6,6,6,6,0.36,0,456,,,0,,,,,30.02,,0,,,,,,,,,,,,,,,,,0.000,,,0,22.3,,43,,0,2
11/28/2025 22:55:36,,81442326017,8144,2,Indoor 03,,,true,false,8,2,2,2,,,2,2,,,6,6,6,6,6,0.37,0,459,,,0,,,,,30.04,,0,,,,,,,,,,,,,,,,,0.000,,,0,22.4,,43,,0,3
11/28/2025 23:10:36,,81442326017,8144,2,Indoor 03,,,true,false,8,2,2,2,,,2,2,,,6,7,7,7,7,0.37,0,461,,,0,,,,,30.05,,0,,,,,,,,,,,,,,,,,0.000,,,0,22.4,,43,,0,2
11/28/2025 23:33:08,,81442326017,8144,2,Indoor 03,,,true,false,8,2,2,2,,,2,2,,,6,7,7,7,7,0.37,0,453,,,0,,,,,30.06,,0,,,,,,,,,,,,,,,,,0.000,,,0,22.4,,43,,0,3
11/28/2025 23:48:08,,81442326017,8144,2,Indoor 03,,,true,false,8,2,2,2,,,2,2,,,6,7,7,7,7,0.37,0,454,,,0,,,,,30.06,,0,,,,,,,,,,,,,,,,,0.000,,,0,22.4,,43,,0,2
11/29/2025 00:10:41,,81442326017,8144,2,Indoor 03,,,true,false,8,2,2,2,,,2,2,,,6,7,7,7,7,0.39,0,457,,,0,,,,,30.08,,0,,,,,,,,,,,,,,,,,0.000,,,0,22.4,,42,,0,3
11/29/2025 00:25:41,,81442326017,8144,2,Indoor 03,,,true,false,8,2,2,2,,,2,2,,,6,7,7,7,7,0.36,0,459,,,0,,,,,30.08,,0,,,,,,,,,,,,,,,,,0.000,,,0,22.4,,42,,0,2
11/29/2025 00:48:13,,81442326017,8144,2,Indoor 03,,,true,false,8,2,2,2,,,2,2,,,6,7,7,7,7,0.40,0,453,,,0,,,,,30.09,,0,,,,,,,,,,,,,,,,,0.000,,,0,22.4,,42,,0,3
11/29/2025 01:03:13,,81442326017,8144,2,Indoor 03,,,true,false,8,2,2,2,,,2,2,,,6,7,7,7,7,0.36,0,460,,,0,,,,,30.10,,0,,,,,,,,,,,,,,,,,0.000,,,0,22.4,,42,,0,2
11/29/2025 01:25:46,,81442326017,8144,2,Indoor 03,,,true,false,8,2,2,2,,,2,2,,,6,7,7,7,7,0.37,0,457,,,0,,,,,30.11,,0,,,,,,,,,,,,,,,,,0.000,,,0,22.4,,42,,0,3
11/29/2025 01:40:46,,81442326017,8144,2,Indoor 03,,,true,false,8,2,2,2,,,2,2,,,5,6,6,6,6,0.37,0,461,,,0,,,,,30.11,,0,,,,,,,,,,,,,,,,,0.000,,,0,22.4,,42,,0,2
11/29/2025 02:03:34,,81442326017,8144,2,Indoor 03,,,true,false,8,2,2,2,,,2,2,,,5,6,6,6,6,0.35,0,463,,,0,,,,,30.12,,0,,,,,,,,,,,,,,,,,0.000,,,0,22.4,,42,,0,3
11/29/2025 02:18:34,,81442326017,8144,2,Indoor 03,,,true,false,8,2,2,2,,,2,2,,,6,6,6,6,6,0.35,0,463,,,0,,,,,30.12,,0,,,,,,,,,,,,,,,,,0.000,,,0,22.4,,42,,0,2
11/29/2025 02:41:21,,81442326017,8144,2,Indoor 03,,,true,false,8,2,2,2,,,2,2,,,6,7,7,7,7,0.37,0,456,,,0,,,,,30.14,,0,,,,,,,,,,,,,,,,,0.000,,,0,22.4,,42,,0,3
11/29/2025 02:56:21,,81442326017,8144,2,Indoor 03,,,true,false,8,2,2,2,,,2,2,,,6,7,7,7,7,0.37,0,458,,,0,,,,,30.14,,0,,,,,,,,,,,,,,,,,0.000,,,0,22.4,,42,,0,2
11/29/2025 03:19:09,,81442326017,8144,2,Indoor 03,,,true,false,8,2,2,2,,,2,2,,,6,7,7,7,7,0.37,0,459,,,0,,,,,30.14,,0,,,,,,,,,,,,,,,,,0.000,,,0,22.4,,42,,0,3
11/29/2025 03:34:09,,81442326017,8144,2,Indoor 03,,,true,false,8,2,2,2,,,2,2,,,6,6,6,6,6,0.37,0,463,,,0,,,,,30.15,,0,,,,,,,,,,,,,,,,,0.000,,,0,22.4,,42,,0,2
11/29/2025 03:56:41,,81442326017,8144,2,Indoor 03,,,true,false,8,2,2,2,,,2,2,,,7,7,7,7,7,0.39,0,460,,,0,,,,,30.16,,0,,,,,,,,,,,,,,,,,0.000,,,0,22.4,,42,,0,3
11/29/2025 04:11:41,,81442326017,8144,2,Indoor 03,,,true,false,8,2,2,2,,,2,2,,,7,8,8,8,8,0.37,0,469,,,0,,,,,30.16,,0,,,,,,,,,,,,,,,,,0.000,,,0,22.4,,43,,0,2
11/29/2025 04:34:29,,81442326017,8144,2,Indoor 03,,,true,false,8,2,2,2,,,2,2,,,8,9,9,9,9,0.39,0,460,,,0,,,,,30.16,,0,,,,,,,,,,,,,,,,,0.000,,,0,22.4,,43,,0,3
11/29/2025 04:49:29,,81442326017,8144,2,Indoor 03,,,true,false,8,2,2,2,,,2,2,,,7,8,8,8,8,0.38,0,464,,,0,,,,,30.17,,0,,,,,,,,,,,,,,,,,0.000,,,0,22.4,,43,,0,2
11/29/2025 05:12:18,,81442326017,8144,2,Indoor 03,,,true,false,8,2,2,2,,,2,2,,,6,7,7,7,7,0.36,0,455,,,0,,,,,30.17,,0,,,,,,,,,,,,,,,,,0.000,,,0,22.4,,42,,0,3
11/29/2025 05:27:18,,81442326017,8144,2,Indoor 03,,,true,false,8,2,2,2,,,2,2,,,6,7,7,7,7,0.36,0,460,,,0,,,,,30.17,,0,,,,,,,,,,,,,,,,,0.000,,,0,22.4,,41,,0,2
11/29/2025 05:49:20,,81442326017,8144,2,Indoor 03,,,true,false,8,2,2,2,,,2,2,,,6,6,6,6,6,0.36,0,465,,,0,,,,,30.17,,0,,,,,,,,,,,,,,,,,0.000,,,0,22.4,,41,,0,3
11/29/2025 06:04:20,,81442326017,8144,2,Indoor 03,,,true,false,8,2,2,2,,,2,2,,,6,7,7,7,7,0.36,0,460,,,0,,,,,30.17,,0,,,,,,,,,,,,,,,,,0.000,,,0,22.3,,41,,0,2
11/29/2025 06:27:07,,81442326017,8144,2,Indoor 03,,,true,false,8,2,2,2,,,2,2,,,6,6,6,6,6,0.38,0,464,,,0,,,,,30.18,,0,,,,,,,,,,,,,,,,,0.000,,,0,22.3,,42,,0,3
11/29/2025 06:42:07,,81442326017,8144,2,Indoor 03,,,true,false,8,2,2,2,,,2,2,,,7,7,7,7,7,0.39,0,464,,,0,,,,,30.18,,0,,,,,,,,,,,,,,,,,0.000,,,0,22.3,,42,,0,2
11/29/2025 07:02:40,,81442326017,8144,2,Indoor 03,,,true,false,8,2,2,2,,,2,2,,,6,7,7,7,7,0.38,0,458,,,0,,,,,30.18,,0,,,,,,,,,,,,,,,,,0.000,,,0,22.4,,42,,0,3
11/29/2025 07:17:40,,81442326017,8144,2,Indoor 03,,,true,false,8,2,2,2,,,2,2,,,6,7,7,7,7,0.36,0,466,,,0,,,,,30.18,,0,,,,,,,,,,,,,,,,,0.000,,,0,22.4,,42,,0,2
11/29/2025 07:39:42,,81442326017,8144,2,Indoor 03,,,true,false,8,2,2,2,,,2,2,,,6,7,7,7,7,0.35,0,469,,,0,,,,,30.18,,0,,,,,,,,,,,,,,,,,0.000,,,0,22.4,,41,,0,3
11/29/2025 07:54:42,,81442326017,8144,2,Indoor 03,,,true,false,8,2,2,2,,,2,2,,,6,7,7,7,7,0.36,0,466,,,0,,,,,30.18,,0,,,,,,,,,,,,,,,,,0.000,,,0,22.3,,41,,0,2
11/29/2025 08:17:15,,81442326017,8144,2,Indoor 03,,,true,false,8,2,2,2,,,2,2,,,6,7,7,7,7,0.37,0,462,,,0,,,,,30.18,,0,,,,,,,,,,,,,,,,,0.000,,,0,22.3,,41,,0,3
11/29/2025 08:32:15,,81442326017,8144,2,Indoor 03,,,true,false,8,2,2,2,,,2,2,,,7,8,8,8,8,0.38,0,463,,,0,,,,,30.19,,0,,,,,,,,,,,,,,,,,0.000,,,0,22.3,,41,,0,2
11/29/2025 08:54:18,,81442326017,8144,2,Indoor 03,,,true,false,8,2,2,2,,,2,2,,,6,7,7,7,7,0.39,0,464,,,0,,,,,30.19,,0,,,,,,,,,,,,,,,,,0.000,,,0,22.4,,41,,0,3
11/29/2025 09:09:18,,81442326017,8144,2,Indoor 03,,,true,false,8,2,2,2,,,2,2,,,6,7,7,7,7,0.37,0,467,,,0,,,,,30.19,,0,,,,,,,,,,,,,,,,,0.000,,,0,22.4,,41,,0,2
11/29/2025 09:31:50,,81442326017,8144,2,Indoor 03,,,true,false,8,2,2,2,,,2,2,,,6,7,7,7,7,0.38,0,461,,,0,,,,,30.20,,0,,,,,,,,,,,,,,,,,0.000,,,0,22.3,,42,,0,3
11/29/2025 09:46:50,,81442326017,8144,2,Indoor 03,,,true,false,8,2,2,2,,,2,2,,,6,7,7,7,7,0.37,0,464,,,0,,,,,30.21,,0,,,,,,,,,,,,,,,,,0.000,,,0,22.3,,42,,0,2
11/29/2025 10:09:23,,81442326017,8144,2,Indoor 03,,,true,false,8,2,2,2,,,2,2,,,6,7,7,7,7,0.37,0,463,,,0,,,,,30.21,,0,,,,,,,,,,,,,,,,,0.000,,,0,22.3,,41,,0,3
11/29/2025 10:24:23,,81442326017,8144,2,Indoor 03,,,true,false,8,2,2,2,,,2,2,,,6,7,7,7,7,0.38,0,464,,,0,,,,,30.21,,0,,,,,,,,,,,,,,,,,0.000,,,0,22.4,,41,,0,2
11/29/2025 10:47:11,,81442326017,8144,2,Indoor 03,,,true,false,8,2,2,2,,,2,2,,,6,7,7,7,7,0.37,0,459,,,0,,,,,30.22,,0,,,,,,,,,,,,,,,,,0.000,,,0,22.4,,41,,0,3
11/29/2025 11:02:11,,81442326017,8144,2,Indoor 03,,,true,false,8,2,2,2,,,2,2,,,6,7,7,7,7,0.38,0,466,,,0,,,,,30.22,,0,,,,,,,,,,,,,,,,,0.000,,,0,22.4,,41,,0,2
11/29/2025 11:24:58,,81442326017,8144,2,Indoor 03,,,true,false,8,2,2,2,,,2,2,,,6,7,7,7,7,0.36,0,466,,,0,,,,,30.22,,0,,,,,,,,,,,,,,,,,0.000,,,0,22.3,,41,,0,3
11/29/2025 11:39:58,,81442326017,8144,2,Indoor 03,,,true,false,8,2,2,2,,,2,2,,,6,7,7,7,7,0.36,0,472,,,0,,,,,30.23,,0,,,,,,,,,,,,,,,,,0.000,,,0,22.3,,41,,0,2
11/29/2025 12:02:47,,81442326017,8144,2,Indoor 03,,,true,false,8,2,2,2,,,2,2,,,6,7,7,7,7,0.34,0,465,,,0,,,,,30.24,,0,,,,,,,,,,,,,,,,,0.000,,,0,22.3,,41,,0,3
11/29/2025 12:17:47,,81442326017,8144,2,Indoor 03,,,true,false,8,2,2,2,,,2,2,,,6,7,7,7,7,0.35,0,467,,,0,,,,,30.25,,0,,,,,,,,,,,,,,,,,0.003,,,0,22.3,,41,,0,2
11/29/2025 12:40:34,,81442326017,8144,2,Indoor 03,,,true,false,8,2,2,2,,,2,2,,,6,7,7,7,7,0.34,0,463,,,0,,,,,30.26,,0,,,,,,,,,,,,,,,,,0.000,,,0,22.3,,41,,0,3
11/29/2025 12:55:34,,81442326017,8144,2,Indoor 03,,,true,false,8,2,2,2,,,2,2,,,6,7,7,7,7,0.36,0,466,,,0,,,,,30.27,,0,,,,,,,,,,,,,,,,,0.000,,,0,22.3,,41,,0,2
11/29/2025 13:18:21,,81442326017,8144,2,Indoor 03,,,true,false,8,2,2,2,,,2,2,,,6,7,7,7,7,0.38,0,473,,,0,,,,,30.27,,0,,,,,,,,,,,,,,,,,0.000,,,0,22.3,,41,,0,3
11/29/2025 13:33:21,,81442326017,8144,2,Indoor 03,,,true,false,8,2,2,2,,,2,2,,,7,7,7,7,7,0.38,0,506,,,0,,,,,30.27,,0,,,,,,,,,,,,,,,,,0.000,,,0,22.3,,41,,0,2
11/29/2025 13:56:09,,81442326017,8144,2,Indoor 03,,,true,false,8,2,2,2,,,2,2,,,6,7,7,7,7,0.41,0,488,,,0,,,,,30.27,,0,,,,,,,,,,,,,,,,,0.000,,,0,22.4,,40,,0,3
11/29/2025 14:11:09,,81442326017,8144,2,Indoor 03,,,true,false,8,2,2,2,,,2,2,,,6,7,7,7,7,0.37,0,490,,,0,,,,,30.28,,0,,,,,,,,,,,,,,,,,0.000,,,0,22.3,,41,,0,2
11/29/2025 14:33:28,,81442326017,8144,2,Indoor 03,,,true,false,8,2,2,2,,,2,2,,,5,6,6,6,6,0.38,0,483,,,0,,,,,30.28,,0,,,,,,,,,,,,,,,,,0.000,,,0,22.3,,41,,0,3
11/29/2025 14:48:28,,81442326017,8144,2,Indoor 03,,,true,false,8,2,2,2,,,2,2,,,6,6,6,6,6,0.38,0,474,,,0,,,,,30.28,,0,,,,,,,,,,,,,,,,,0.000,,,0,22.3,,41,,0,2
11/29/2025 15:11:01,,81442326017,8144,2,Indoor 03,,,true,false,4,1,1,1,,,1,1,,,5,5,5,5,5,0.40,0,473,,,0,,,,,30.29,,0,,,,,,,,,,,,,,,,,0.000,,,0,22.2,,41,,0,3
11/29/2025 15:26:01,,81442326017,8144,2,Indoor 03,,,true,false,4,1,1,1,,,1,1,,,4,5,5,5,5,0.39,0,474,,,0,,,,,30.29,,0,,,,,,,,,,,,,,,,,0.000,,,0,22.2,,41,,0,2
11/29/2025 15:48:03,,81442326017,8144,2,Indoor 03,,,true,false,4,1,1,1,,,1,1,,,4,5,5,5,5,0.37,0,462,,,0,,,,,30.28,,0,,,,,,,,,,,,,,,,,0.000,,,0,22.3,,41,,0,3
11/29/2025 16:03:03,,81442326017,8144,2,Indoor 03,,,true,false,4,1,1,1,,,1,1,,,4,4,4,4,4,0.36,0,465,,,0,,,,,30.28,,0,,,,,,,,,,,,,,,,,0.000,,,0,22.3,,41,,0,2
11/29/2025 16:25:20,,81442326017,8144,2,Indoor 03,,,true,false,4,1,1,1,,,1,1,,,4,4,4,4,4,0.40,0,464,,,0,,,,,30.27,,0,,,,,,,,,,,,,,,,,0.000,,,0,22.3,,41,,0,3
11/29/2025 16:40:20,,81442326017,8144,2,Indoor 03,,,true,false,4,1,1,1,,,1,1,,,4,4,4,4,4,0.38,0,472,,,0,,,,,30.27,,0,,,,,,,,,,,,,,,,,0.000,,,0,22.3,,41,,0,2
11/29/2025 17:02:53,,81442326017,8144,2,Indoor 03,,,true,false,4,1,1,1,,,1,1,,,4,4,4,4,4,0.36,0,459,,,0,,,,,30.25,,0,,,,,,,,,,,,,,,,,0.000,,,0,22.3,,41,,0,3
11/29/2025 17:17:53,,81442326017,8144,2,Indoor 03,,,true,false,4,1,1,1,,,1,1,,,3,4,4,4,4,0.37,0,462,,,0,,,,,30.25,,0,,,,,,,,,,,,,,,,,0.000,,,0,22.3,,41,,0,2
11/29/2025 17:40:25,,81442326017,8144,2,Indoor 03,,,true,false,4,1,1,1,,,1,1,,,4,4,4,4,4,0.39,0,467,,,0,,,,,30.24,,0,,,,,,,,,,,,,,,,,0.000,,,0,22.3,,41,,0,3
11/29/2025 17:55:25,,81442326017,8144,2,Indoor 03,,,true,false,4,1,1,1,,,1,1,,,4,5,5,5,5,0.38,0,471,,,0,,,,,30.23,,0,,,,,,,,,,,,,,,,,0.000,,,0,22.3,,41,,0,2
11/29/2025 18:17:58,,81442326017,8144,2,Indoor 03,,,true,false,4,1,1,1,,,1,1,,,4,5,5,5,5,0.38,0,477,,,0,,,,,30.22,,0,,,,,,,,,,,,,,,,,0.000,,,0,22.3,,41,,0,3
11/29/2025 18:32:58,,81442326017,8144,2,Indoor 03,,,true,false,4,1,1,1,,,1,1,,,4,5,5,5,5,0.38,0,468,,,0,,,,,30.22,,0,,,,,,,,,,,,,,,,,0.000,,,0,22.3,,41,,0,2
11/29/2025 18:55:31,,81442326017,8144,2,Indoor 03,,,true,false,4,1,1,1,,,1,1,,,5,5,5,5,5,0.38,0,460,,,0,,,,,30.21,,0,,,,,,,,,,,,,,,,,0.000,,,0,22.3,,41,,0,3
11/29/2025 19:10:31,,81442326017,8144,2,Indoor 03,,,true,false,4,1,1,1,,,1,1,,,4,5,5,5,5,0.37,0,461,,,0,,,,,30.21,,0,,,,,,,,,,,,,,,,,0.000,,,0,22.3,,41,,0,2
11/29/2025 19:33:18,,81442326017,8144,2,Indoor 03,,,true,false,4,1,1,1,,,1,1,,,5,5,5,5,5,0.45,0,462,,,0,,,,,30.21,,0,,,,,,,,,,,,,,,,,0.000,,,0,22.3,,42,,0,3
11/29/2025 19:48:18,,81442326017,8144,2,Indoor 03,,,true,false,8,2,2,2,,,2,2,,,5,6,6,6,6,0.39,0,464,,,0,,,,,30.20,,0,,,,,,,,,,,,,,,,,0.000,,,0,22.3,,42,,0,2
11/29/2025 20:10:36,,81442326017,8144,2,Indoor 03,,,true,false,4,1,1,1,,,1,1,,,4,5,5,5,5,0.40,0,462,,,0,,,,,30.20,,0,,,,,,,,,,,,,,,,,0.000,,,0,22.3,,42,,0,3
11/29/2025 20:25:36,,81442326017,8144,2,Indoor 03,,,true,false,4,1,1,1,,,1,1,,,4,5,5,5,5,0.38,0,465,,,0,,,,,30.20,,0,,,,,,,,,,,,,,,,,0.000,,,0,22.3,,41,,0,2
11/29/2025 20:48:24,,81442326017,8144,2,Indoor 03,,,true,false,4,1,1,1,,,1,1,,,4,5,5,5,5,0.41,0,455,,,0,,,,,30.20,,0,,,,,,,,,,,,,,,,,0.000,,,0,22.3,,41,,0,3
11/29/2025 21:03:24,,81442326017,8144,2,Indoor 03,,,true,false,4,1,1,1,,,1,1,,,4,5,5,5,5,0.38,0,460,,,0,,,,,30.20,,0,,,,,,,,,,,,,,,,,0.000,,,0,22.3,,41,,0,2
11/29/2025 21:26:11,,81442326017,8144,2,Indoor 03,,,true,false,4,1,1,1,,,1,1,,,5,5,5,5,5,0.39,0,453,,,0,,,,,30.20,,0,,,,,,,,,,,,,,,,,0.000,,,0,22.3,,41,,0,3
11/29/2025 21:41:11,,81442326017,8144,2,Indoor 03,,,true,false,4,1,1,1,,,1,1,,,5,5,5,5,5,0.37,0,453,,,0,,,,,30.20,,0,,,,,,,,,,,,,,,,,0.000,,,0,22.3,,41,,0,2
11/29/2025 22:03:44,,81442326017,8144,2,Indoor 03,,,true,false,8,2,2,2,,,2,2,,,7,8,8,8,8,0.38,0,455,,,0,,,,,30.19,,0,,,,,,,,,,,,,,,,,0.000,,,0,22.3,,41,,0,3
11/29/2025 22:18:44,,81442326017,8144,2,Indoor 03,,,true,false,8,2,2,2,,,2,2,,,8,9,9,9,9,0.38,0,459,,,0,,,,,30.19,,0,,,,,,,,,,,,,,,,,0.003,,,0,22.3,,41,,0,2
11/29/2025 22:41:32,,81442326017,8144,2,Indoor 03,,,true,false,13,3,2,3,,,3,3,,,8,9,9,9,9,0.41,0,455,,,0,,,,,30.19,,0,,,,,,,,,,,,,,,,,0.000,,,0,22.3,,42,,0,3
11/29/2025 22:56:32,,81442326017,8144,2,Indoor 03,,,true,false,8,2,2,2,,,2,2,,,8,9,9,9,9,0.40,0,462,,,0,,,,,30.19,,0,,,,,,,,,,,,,,,,,0.000,,,0,22.3,,42,,0,2
11/29/2025 23:19:04,,81442326017,8144,2,Indoor 03,,,true,false,13,3,3,3,,,3,3,,,9,10,10,10,10,0.42,0,463,,,0,,,,,30.19,,0,,,,,,,,,,,,,,,,,0.000,,,0,22.3,,42,,0,3
11/29/2025 23:34:04,,81442326017,8144,2,Indoor 03,,,true,false,13,3,3,3,,,3,3,,,10,11,11,11,11,0.40,0,465,,,0,,,,,30.20,,0,,,,,,,,,,,,,,,,,0.000,,,0,22.3,,42,,0,2
11/29/2025 23:56:22,,81442326017,8144,2,Indoor 03,,,true,false,13,3,3,3,,,3,3,,,10,11,11,11,11,0.38,0,463,,,0,,,,,30.20,,0,,,,,,,,,,,,,,,,,0.000,,,0,22.3,,41,,0,3
11/30/2025 00:11:22,,81442326017,8144,2,Indoor 03,,,true,false,13,3,3,3,,,3,3,,,10,11,11,11,11,0.38,0,463,,,0,,,,,30.20,,0,,,,,,,,,,,,,,,,,0.000,,,0,22.3,,41,,0,2
11/30/2025 00:33:25,,81442326017,8144,2,Indoor 03,,,true,false,13,3,3,3,,,3,3,,,10,12,12,12,12,0.38,0,465,,,0,,,,,30.21,,0,,,,,,,,,,,,,,,,,0.000,,,0,22.3,,41,,0,3
11/30/2025 00:48:25,,81442326017,8144,2,Indoor 03,,,true,false,13,3,3,3,,,3,3,,,11,12,12,12,12,0.38,0,474,,,0,,,,,30.21,,0,,,,,,,,,,,,,,,,,0.000,,,0,22.3,,41,,0,2
11/30/2025 01:10:57,,81442326017,8144,2,Indoor 03,,,true,false,17,4,4,4,,,4,4,,,12,14,14,14,14,0.36,0,474,,,0,,,,,30.20,,0,,,,,,,,,,,,,,,,,0.000,,,0,22.3,,41,,0,3
11/30/2025 01:25:57,,81442326017,8144,2,Indoor 03,,,true,false,17,4,4,4,,,4,4,,,12,14,14,14,14,0.37,0,473,,,0,,,,,30.20,,0,,,,,,,,,,,,,,,,,0.000,,,0,22.3,,41,,0,2
11/30/2025 01:48:30,,81442326017,8144,2,Indoor 03,,,true,false,17,4,4,4,,,4,4,,,12,14,14,14,14,0.39,0,471,,,0,,,,,30.20,,0,,,,,,,,,,,,,,,,,0.000,,,0,22.3,,41,,0,3
11/30/2025 02:03:30,,81442326017,8144,2,Indoor 03,,,true,false,17,4,3,4,,,4,4,,,12,13,13,13,13,0.39,0,470,,,0,,,,,30.19,,0,,,,,,,,,,,,,,,,,0.000,,,0,22.3,,42,,0,2
11/30/2025 02:26:03,,81442326017,8144,2,Indoor 03,,,true,false,13,3,3,3,,,3,3,,,11,12,12,12,12,0.36,0,475,,,0,,,,,30.19,,0,,,,,,,,,,,,,,,,,0.000,,,0,22.3,,42,,0,3
11/30/2025 02:41:03,,81442326017,8144,2,Indoor 03,,,true,false,17,4,3,4,,,4,4,,,12,13,13,13,13,0.38,0,476,,,0,,,,,30.19,,0,,,,,,,,,,,,,,,,,0.000,,,0,22.3,,42,,0,2
11/30/2025 03:03:35,,81442326017,8144,2,Indoor 03,,,true,false,17,4,4,4,,,4,4,,,12,14,14,14,14,0.36,0,477,,,0,,,,,30.19,,0,,,,,,,,,,,,,,,,,0.000,,,0,22.3,,42,,0,3
11/30/2025 03:18:35,,81442326017,8144,2,Indoor 03,,,true,false,17,4,4,4,,,4,4,,,13,14,14,14,14,0.38,0,480,,,0,,,,,30.19,,0,,,,,,,,,,,,,,,,,0.000,,,0,22.3,,41,,0,2
11/30/2025 03:40:53,,81442326017,8144,2,Indoor 03,,,true,false,17,4,4,4,,,4,4,,,13,15,15,15,15,0.38,0,472,,,0,,,,,30.18,,0,,,,,,,,,,,,,,,,,0.000,,,0,22.3,,41,,0,3
11/30/2025 03:55:53,,81442326017,8144,2,Indoor 03,,,true,false,17,4,4,4,,,4,4,,,13,15,15,15,15,0.38,0,474,,,0,,,,,30.17,,0,,,,,,,,,,,,,,,,,0.000,,,0,22.3,,41,,0,2
11/30/2025 04:18:26,,81442326017,8144,2,Indoor 03,,,true,false,21,5,4,5,,,5,5,,,15,17,17,17,17,0.39,0,474,,,0,,,,,30.16,,0,,,,,,,,,,,,,,,,,0.000,,,0,22.3,,41,,0,3
11/30/2025 04:33:26,,81442326017,8144,2,Indoor 03,,,true,false,21,5,5,5,,,5,5,,,17,19,19,19,19,0.38,0,484,,,0,,,,,30.16,,0,,,,,,,,,,,,,,,,,0.000,,,0,22.3,,41,,0,2
11/30/2025 04:56:13,,81442326017,8144,2,Indoor 03,,,true,false,25,6,5,6,,,6,6,,,19,21,21,21,21,0.37,0,474,,,0,,,,,30.14,,0,,,,,,,,,,,,,,,,,0.000,,,0,22.3,,41,,0,3
11/30/2025 05:11:13,,81442326017,8144,2,Indoor 03,,,true,false,25,6,6,6,,,6,6,,,19,22,22,22,22,0.38,0,483,,,0,,,,,30.14,,0,,,,,,,,,,,,,,,,,0.002,,,0,22.3,,41,,0,2
11/30/2025 05:32:31,,81442326017,8144,2,Indoor 03,,,true,false,25,6,6,6,,,6,6,,,19,22,22,22,22,0.41,0,478,,,0,,,,,30.14,,0,,,,,,,,,,,,,,,,,0.000,,,0,22.3,,42,,0,3
11/30/2025 05:47:31,,81442326017,8144,2,Indoor 03,,,true,false,25,6,6,6,,,6,6,,,20,22,22,22,22,0.38,0,475,,,0,,,,,30.14,,0,,,,,,,,,,,,,,,,,0.000,,,0,22.3,,41,,0,2
11/30/2025 06:10:34,,81442326017,8144,2,Indoor 03,,,true,false,25,6,5,6,,,6,6,,,19,21,21,21,21,0.36,0,471,,,0,,,,,30.13,,0,,,,,,,,,,,,,,,,,0.000,,,0,22.3,,41,,0,3
11/30/2025 06:25:34,,81442326017,8144,2,Indoor 03,,,true,false,25,6,6,6,,,6,6,,,19,22,22,22,22,0.37,0,483,,,0,,,,,30.12,,0,,,,,,,,,,,,,,,,,0.000,,,0,22.3,,41,,0,2
11/30/2025 06:48:06,,81442326017,8144,2,Indoor 03,,,true,false,25,6,6,6,,,6,6,,,19,22,22,22,22,0.38,0,483,,,0,,,,,30.11,,0,,,,,,,,,,,,,,,,,0.000,,,0,22.3,,41,,0,3
11/30/2025 07:03:06,,81442326017,8144,2,Indoor 03,,,true,false,25,6,6,6,,,6,6,,,20,23,23,23,23,0.39,0,476,,,0,,,,,30.11,,0,,,,,,,,,,,,,,,,,0.000,,,0,22.3,,41,,0,2
11/30/2025 07:25:39,,81442326017,8144,2,Indoor 03,,,true,false,25,6,6,6,,,6,6,,,19,22,22,22,22,0.40,0,471,,,0,,,,,30.11,,0,,,,,,,,,,,,,,,,,0.000,,,0,22.3,,41,,0,3
11/30/2025 07:40:39,,81442326017,8144,2,Indoor 03,,,true,false,25,6,6,6,,,6,6,,,19,21,21,21,21,0.38,0,465,,,0,,,,,30.11,,0,,,,,,,,,,,,,,,,,0.000,,,0,22.3,,41,,0,2
11/30/2025 08:03:12,,81442326017,8144,2,Indoor 03,,,true,false,25,6,5,6,,,6,6,,,18,20,20,20,20,0.38,0,472,,,0,,,,,30.10,,0,,,,,,,,,,,,,,,,,0.000,,,0,22.3,,41,,0,3
11/30/2025 08:18:12,,81442326017,8144,2,Indoor 03,,,true,false,25,6,5,6,,,6,6,,,18,21,21,21,21,0.37,0,479,,,0,,,,,30.09,,0,,,,,,,,,,,,,,,,,0.000,,,0,22.3,,41,,0,2
11/30/2025 08:41:14,,81442326017,8144,2,Indoor 03,,,true,false,25,6,6,6,,,6,6,,,20,22,22,22,22,0.38,0,480,,,0,,,,,30.08,,0,,,,,,,,,,,,,,,,,0.000,,,0,22.3,,42,,0,3
11/30/2025 08:56:14,,81442326017,8144,2,Indoor 03,,,true,false,25,6,5,6,,,6,6,,,19,21,21,21,21,0.37,0,482,,,0,,,,,30.08,,0,,,,,,,,,,,,,,,,,0.000,,,0,22.3,,42,,0,2
11/30/2025 09:19:03,,81442326017,8144,2,Indoor 03,,,true,false,25,6,5,6,,,6,6,,,18,21,21,21,21,0.38,0,478,,,0,,,,,30.07,,0,,,,,,,,,,,,,,,,,0.000,,,0,22.3,,41,,0,3
11/30/2025 09:34:03,,81442326017,8144,2,Indoor 03,,,true,false,25,6,5,6,,,6,6,,,18,21,21,21,21,0.38,0,476,,,0,,,,,30.06,,0,,,,,,,,,,,,,,,,,0.000,,,0,22.3,,41,,0,2
11/30/2025 09:56:35,,81442326017,8144,2,Indoor 03,,,true,false,29,6,7,7,,,7,7,,,23,26,26,26,26,0.40,0,481,,,0,,,,,30.06,,0,,,,,,,,,,,,,,,,,0.000,,,0,22.2,,41,,0,3
11/30/2025 10:11:35,,81442326017,8144,2,Indoor 03,,,true,false,25,6,6,6,,,6,6,,,20,22,22,22,22,0.38,0,474,,,0,,,,,30.07,,0,,,,,,,,,,,,,,,,,0.000,,,0,21.8,,41,,0,2
11/30/2025 10:34:22,,81442326017,8144,2,Indoor 03,,,true,false,17,4,4,4,,,4,4,,,14,16,16,16,16,0.38,0,477,,,0,,,,,30.07,,0,,,,,,,,,,,,,,,,,0.000,,,0,22.1,,41,,0,3
11/30/2025 10:49:22,,81442326017,8144,2,Indoor 03,,,true,false,21,5,5,5,,,5,5,,,17,19,19,19,19,0.37,0,483,,,0,,,,,30.07,,0,,,,,,,,,,,,,,,,,0.000,,,0,22.2,,40,,0,2
11/30/2025 11:12:10,,81442326017,8144,2,Indoor 03,,,true,false,21,5,5,5,,,5,5,,,18,20,20,20,20,0.38,0,476,,,0,,,,,30.07,,0,,,,,,,,,,,,,,,,,0.000,,,0,22.1,,41,,0,3
11/30/2025 11:27:10,,81442326017,8144,2,Indoor 03,,,true,false,21,5,5,5,,,5,5,,,16,18,18,18,18,0.37,0,474,,,0,,,,,30.07,,0,,,,,,,,,,,,,,,,,0.012,,,0,22.1,,41,,0,2
11/30/2025 11:50:13,,81442326017,8144,2,Indoor 03,,,true,false,21,5,5,5,,,5,5,,,16,18,18,18,18,0.36,0,478,,,0,,,,,30.06,,0,,,,,,,,,,,,,,,,,0.000,,,0,22.1,,41,,0,3
11/30/2025 12:05:13,,81442326017,8144,2,Indoor 03,,,true,false,21,5,5,5,,,5,5,,,16,18,18,18,18,0.37,0,475,,,0,,,,,30.06,,0,,,,,,,,,,,,,,,,,0.000,,,0,22.1,,41,,0,2
11/30/2025 12:27:47,,81442326017,8144,2,Indoor 03,,,true,false,21,5,5,5,,,5,5,,,16,18,18,18,18,0.37,0,478,,,0,,,,,30.06,,0,,,,,,,,,,,,,,,,,0.000,,,0,22.2,,41,,0,3
11/30/2025 12:42:47,,81442326017,8144,2,Indoor 03,,,true,false,17,4,4,4,,,4,4,,,14,16,16,16,16,0.37,0,480,,,0,,,,,30.05,,0,,,,,,,,,,,,,,,,,0.000,,,0,22.2,,41,,0,2
11/30/2025 13:05:18,,81442326017,8144,2,Indoor 03,,,true,false,17,4,4,4,,,4,4,,,14,15,15,15,15,0.40,0,474,,,0,,,,,30.05,,0,,,,,,,,,,,,,,,,,0.000,,,0,22.3,,41,,0,3
11/30/2025 13:20:18,,81442326017,8144,2,Indoor 03,,,true,false,17,4,4,4,,,4,4,,,13,14,14,14,14,0.39,0,478,,,0,,,,,30.05,,0,,,,,,,,,,,,,,,,,0.000,,,0,22.3,,41,,0,2
11/30/2025 13:43:21,,81442326017,8144,2,Indoor 03,,,true,false,17,4,4,4,,,4,4,,,14,16,16,16,16,0.38,0,471,,,0,,,,,30.05,,0,,,,,,,,,,,,,,,,,0.000,,,0,22.3,,41,,0,3
11/30/2025 13:58:21,,81442326017,8144,2,Indoor 03,,,true,false,21,5,4,5,,,5,5,,,15,17,17,17,17,0.38,0,478,,,0,,,,,30.05,,0,,,,,,,,,,,,,,,,,0.000,,,0,22.3,,41,,0,2
11/30/2025 14:21:09,,81442326017,8144,2,Indoor 03,,,true,false,21,5,5,5,,,5,5,,,16,18,18,18,18,0.37,0,473,,,0,,,,,30.04,,0,,,,,,,,,,,,,,,,,0.000,,,0,22.3,,40,,0,3
11/30/2025 14:36:09,,81442326017,8144,2,Indoor 03,,,true,false,21,5,5,5,,,5,5,,,17,19,19,19,19,0.38,0,479,,,0,,,,,30.03,,0,,,,,,,,,,,,,,,,,0.000,,,0,22.3,,40,,0,2
11/30/2025 14:58:56,,81442326017,8144,2,Indoor 03,,,true,false,21,5,5,5,,,5,5,,,16,18,18,18,18,0.37,0,482,,,0,,,,,30.03,,0,,,,,,,,,,,,,,,,,0.000,,,0,22.3,,40,,0,3
11/30/2025 15:13:56,,81442326017,8144,2,Indoor 03,,,true,false,21,5,4,5,,,5,5,,,15,17,17,17,17,0.37,0,487,,,0,,,,,30.02,,0,,,,,,,,,,,,,,,,,0.004,,,0,22.3,,41,,0,2
11/30/2025 15:36:30,,81442326017,8144,2,Indoor 03,,,true,false,17,4,4,4,,,4,4,,,14,16,16,16,16,0.36,0,490,,,0,,,,,30.01,,0,,,,,,,,,,,,,,,,,0.000,,,0,22.3,,41,,0,3
11/30/2025 15:51:30,,81442326017,8144,2,Indoor 03,,,true,false,17,4,4,4,,,4,4,,,13,15,15,15,15,0.38,0,484,,,0,,,,,30.00,,0,,,,,,,,,,,,,,,,,0.000,,,0,22.3,,41,,0,2
11/30/2025 16:14:17,,81442326017,8144,2,Indoor 03,,,true,false,17,4,3,4,,,4,4,,,11,13,13,13,13,0.38,0,472,,,0,,,,,29.98,,0,,,,,,,,,,,,,,,,,0.000,,,0,22.3,,41,,0,3
11/30/2025 16:29:17,,81442326017,8144,2,Indoor 03,,,true,false,13,3,3,3,,,3,3,,,11,12,12,12,12,0.39,0,477,,,0,,,,,29.97,,0,,,,,,,,,,,,,,,,,0.000,,,0,22.3,,41,,0,2
11/30/2025 16:51:49,,81442326017,8144,2,Indoor 03,,,true,false,17,4,3,4,,,4,4,,,12,13,13,13,13,0.37,0,473,,,0,,,,,29.96,,0,,,,,,,,,,,,,,,,,0.000,,,0,22.3,,41,,0,3
11/30/2025 17:06:49,,81442326017,8144,2,Indoor 03,,,true,false,17,4,4,4,,,4,4,,,13,15,15,15,15,0.39,0,468,,,0,,,,,29.95,,0,,,,,,,,,,,,,,,,,0.007,,,0,22.3,,41,,0,2
11/30/2025 17:29:22,,81442326017,8144,2,Indoor 03,,,true,false,17,4,4,4,,,4,4,,,14,16,16,16,16,0.39,0,467,,,0,,,,,29.94,,0,,,,,,,,,,,,,,,,,0.000,,,0,22.3,,41,,0,3
11/30/2025 17:44:22,,81442326017,8144,2,Indoor 03,,,true,false,17,4,4,4,,,4,4,,,14,16,16,16,16,0.39,0,467,,,0,,,,,29.93,,0,,,,,,,,,,,,,,,,,0.000,,,0,22.3,,41,,0,2
11/30/2025 18:07:10,,81442326017,8144,2,Indoor 03,,,true,false,17,4,4,4,,,4,4,,,13,15,15,15,15,0.38,0,467,,,0,,,,,29.92,,0,,,,,,,,,,,,,,,,,0.000,,,0,22.3,,41,,0,3
11/30/2025 18:22:10,,81442326017,8144,2,Indoor 03,,,true,false,17,4,4,4,,,4,4,,,13,14,14,14,14,0.39,0,467,,,0,,,,,29.91,,0,,,,,,,,,,,,,,,,,0.000,,,0,22.3,,41,,0,2
11/30/2025 18:44:57,,81442326017,8144,2,Indoor 03,,,true,false,17,4,3,4,,,4,4,,,12,14,14,14,14,0.40,0,469,,,0,,,,,29.91,,0,,,,,,,,,,,,,,,,,0.000,,,0,22.3,,41,,0,3
11/30/2025 18:59:57,,81442326017,8144,2,Indoor 03,,,true,false,17,4,3,4,,,4,4,,,12,13,13,13,13,0.39,0,467,,,0,,,,,29.90,,0,,,,,,,,,,,,,,,,,0.000,,,0,22.3,,41,,0,2
11/30/2025 19:22:30,,81442326017,8144,2,Indoor 03,,,true,false,17,4,3,4,,,4,4,,,12,13,13,13,13,0.41,0,462,,,0,,,,,29.91,,0,,,,,,,,,,,,,,,,,0.000,,,0,22.3,,41,,0,3
11/30/2025 19:37:30,,81442326017,8144,2,Indoor 03,,,true,false,13,3,3,3,,,3,3,,,11,12,12,12,12,0.38,0,466,,,0,,,,,29.91,,0,,,,,,,,,,,,,,,,,0.000,,,0,22.4,,41,,0,2
11/30/2025 19:59:33,,81442326017,8144,2,Indoor 03,,,true,false,13,3,3,3,,,3,3,,,9,11,11,11,11,0.37,0,458,,,0,,,,,29.90,,0,,,,,,,,,,,,,,,,,0.000,,,0,22.4,,40,,0,3
11/30/2025 20:14:33,,81442326017,8144,2,Indoor 03,,,true,false,13,3,3,3,,,3,3,,,9,11,11,11,11,0.38,0,461,,,0,,,,,29.89,,0,,,,,,,,,,,,,,,,,0.000,,,0,22.4,,40,,0,2
11/30/2025 20:37:20,,81442326017,8144,2,Indoor 03,,,true,false,13,3,3,3,,,3,3,,,10,11,11,11,11,0.45,0,458,,,0,,,,,29.89,,0,,,,,,,,,,,,,,,,,0.000,,,0,22.4,,41,,0,3
11/30/2025 20:52:20,,81442326017,8144,2,Indoor 03,,,true,false,13,3,3,3,,,3,3,,,10,11,11,11,11,0.38,0,455,,,0,,,,,29.89,,0,,,,,,,,,,,,,,,,,0.000,,,0,22.4,,41,,0,2
11/30/2025 21:15:08,,81442326017,8144,2,Indoor 03,,,true,false,13,4,3,3,,,4,4,,,11,13,13,13,13,0.39,0,459,,,0,,,,,29.88,,0,,,,,,,,,,,,,,,,,0.000,,,0,22.4,,40,,0,3
11/30/2025 21:30:08,,81442326017,8144,2,Indoor 03,,,true,false,13,3,3,3,,,3,3,,,11,13,13,13,13,0.38,0,464,,,0,,,,,29.89,,0,,,,,,,,,,,,,,,,,0.000,,,0,22.4,,40,,0,2
11/30/2025 21:52:41,,81442326017,8144,2,Indoor 03,,,true,false,17,4,3,4,,,4,4,,,11,13,13,13,13,0.37,0,464,,,0,,,,,29.90,,0,,,,,,,,,,,,,,,,,0.000,,,0,22.4,,40,,0,3
11/30/2025 22:07:41,,81442326017,8144,2,Indoor 03,,,true,false,17,4,3,4,,,4,4,,,12,13,13,13,13,0.37,0,466,,,0,,,,,29.89,,0,,,,,,,,,,,,,,,,,0.000,,,0,22.3,,40,,0,2
11/30/2025 22:30:28,,81442326017,8144,2,Indoor 03,,,true,false,17,4,4,4,,,4,4,,,13,14,14,14,14,0.38,0,459,,,0,,,,,29.90,,0,,,,,,,,,,,,,,,,,0.000,,,0,22.3,,41,,0,3
11/30/2025 22:45:28,,81442326017,8144,2,Indoor 03,,,true,false,17,4,4,4,,,4,4,,,13,14,14,14,14,0.38,0,465,,,0,,,,,29.90,,0,,,,,,,,,,,,,,,,,0.000,,,0,22.3,,42,,0,2
11/30/2025 23:08:16,,81442326017,8144,2,Indoor 03,,,true,false,17,4,4,4,,,4,4,,,13,15,15,15,15,0.37,0,462,,,0,,,,,29.90,,0,,,,,,,,,,,,,,,,,0.000,,,0,22.3,,42,,0,3
11/30/2025 23:23:16,,81442326017,8144,2,Indoor 03,,,true,false,17,4,4,4,,,4,4,,,13,15,15,15,15,0.39,0,468,,,0,,,,,29.90,,0,,,,,,,,,,,,,,,,,0.000,,,0,22.3,,43,,0,2
11/30/2025 23:46:04,,81442326017,8144,2,Indoor 03,,,true,false,17,4,4,4,,,4,4,,,14,16,16,16,16,0.38,0,455,,,0,,,,,29.90,,0,,,,,,,,,,,,,,,,,0.000,,,0,22.3,,43,,0,3
12/01/2025 00:01:04,,81442326017,8144,2,Indoor 03,,,true,false,17,4,4,4,,,4,4,,,14,16,16,16,16,0.38,0,459,,,0,,,,,29.91,,0,,,,,,,,,,,,,,,,,0.000,,,0,22.3,,43,,0,2
12/01/2025 00:23:51,,81442326017,8144,2,Indoor 03,,,true,false,21,5,5,5,,,5,5,,,17,20,20,20,20,0.41,0,466,,,0,,,,,29.91,,0,,,,,,,,,,,,,,,,,0.000,,,0,22.3,,42,,0,3
12/01/2025 00:38:51,,81442326017,8144,2,Indoor 03,,,true,false,21,5,5,5,,,5,5,,,18,20,20,20,20,0.38,0,467,,,0,,,,,29.92,,0,,,,,,,,,,,,,,,,,0.000,,,0,22.2,,42,,0,2
12/01/2025 01:01:24,,81442326017,8144,2,Indoor 03,,,true,false,21,5,5,5,,,5,5,,,18,20,20,20,20,0.38,0,463,,,0,,,,,29.92,,0,,,,,,,,,,,,,,,,,0.000,,,0,22.2,,42,,0,3
12/01/2025 01:16:24,,81442326017,8144,2,Indoor 03,,,true,false,21,5,5,5,,,5,5,,,17,19,19,19,19,0.39,0,464,,,0,,,,,29.92,,0,,,,,,,,,,,,,,,,,0.000,,,0,22.2,,41,,0,2
12/01/2025 01:38:42,,81442326017,8144,2,Indoor 03,,,true,false,21,5,5,5,,,5,5,,,18,20,20,20,20,0.39,0,456,,,0,,,,,29.91,,0,,,,,,,,,,,,,,,,,0.000,,,0,22.2,,41,,0,3
12/01/2025 01:53:42,,81442326017,8144,2,Indoor 03,,,true,false,21,5,5,5,,,5,5,,,18,20,20,20,20,0.38,0,458,,,0,,,,,29.92,,0,,,,,,,,,,,,,,,,,0.000,,,0,22.2,,41,,0,2
12/01/2025 02:13:44,,81442326017,8144,2,Indoor 03,,,true,false,21,5,5,5,,,5,5,,,18,20,20,20,20,0.38,0,456,,,0,,,,,29.92,,0,,,,,,,,,,,,,,,,,0.000,,,0,22.3,,41,,0,3
12/01/2025 02:28:44,,81442326017,8144,2,Indoor 03,,,true,false,25,6,5,6,,,6,6,,,18,20,20,20,20,0.38,0,461,,,0,,,,,29.92,,0,,,,,,,,,,,,,,,,,0.000,,,0,22.3,,41,,0,2
12/01/2025 02:50:17,,81442326017,8144,2,Indoor 03,,,true,false,21,5,5,5,,,5,5,,,17,20,20,20,20,0.42,0,465,,,0,,,,,29.92,,0,,,,,,,,,,,,,,,,,0.000,,,0,22.3,,41,,0,3
12/01/2025 03:05:17,,81442326017,8144,2,Indoor 03,,,true,false,21,5,5,5,,,5,5,,,18,20,20,20,20,0.38,0,466,,,0,,,,,29.93,,0,,,,,,,,,,,,,,,,,0.000,,,0,22.3,,41,,0,2
12/01/2025 03:27:35,,81442326017,8144,2,Indoor 03,,,true,false,25,6,6,6,,,6,6,,,19,22,22,22,22,0.39,0,462,,,0,,,,,29.94,,0,,,,,,,,,,,,,,,,,0.000,,,0,22.3,,41,,0,3
12/01/2025 03:42:35,,81442326017,8144,2,Indoor 03,,,true,false,25,6,6,6,,,6,6,,,19,21,22,22,22,0.40,0,466,,,0,,,,,29.94,,0,,,,,,,,,,,,,,,,,0.000,,,0,22.3,,41,,0,2
12/01/2025 04:05:22,,81442326017,8144,2,Indoor 03,,,true,false,25,6,6,6,,,6,6,,,20,23,23,23,23,0.40,0,466,,,0,,,,,29.95,,0,,,,,,,,,,,,,,,,,0.000,,,0,22.3,,41,,0,3
12/01/2025 04:20:22,,81442326017,8144,2,Indoor 03,,,true,false,25,6,6,6,,,6,6,,,20,22,22,22,23,0.39,0,474,,,0,,,,,29.95,,0,,,,,,,,,,,,,,,,,0.000,,,0,22.3,,41,,0,2
12/01/2025 04:42:40,,81442326017,8144,2,Indoor 03,,,true,false,29,6,7,7,,,7,7,,,23,26,26,26,26,0.39,0,468,,,0,,,,,29.95,,0,,,,,,,,,,,,,,,,,0.000,,,0,22.3,,40,,0,3
12/01/2025 04:57:40,,81442326017,8144,2,Indoor 03,,,true,false,29,6,7,7,,,7,7,,,25,28,28,28,28,0.40,0,467,,,0,,,,,29.95,,0,,,,,,,,,,,,,,,,,0.000,,,0,22.3,,40,,0,2
12/01/2025 05:20:13,,81442326017,8144,2,Indoor 03,,,true,false,29,6,6,7,,,7,7,,,22,25,25,25,25,0.39,0,467,,,0,,,,,29.96,,0,,,,,,,,,,,,,,,,,0.000,,,0,22.2,,39,,0,3
12/01/2025 05:35:13,,81442326017,8144,2,Indoor 03,,,true,false,29,6,6,7,,,7,7,,,22,25,25,25,25,0.39,0,468,,,0,,,,,29.96,,0,,,,,,,,,,,,,,,,,0.000,,,0,22.2,,39,,0,2
12/01/2025 05:57:45,,81442326017,8144,2,Indoor 03,,,true,false,25,6,5,6,,,6,6,,,19,21,21,21,21,0.39,0,472,,,0,,,,,29.96,,0,,,,,,,,,,,,,,,,,0.000,,,0,22.2,,39,,0,3
12/01/2025 06:12:45,,81442326017,8144,2,Indoor 03,,,true,false,25,6,5,6,,,6,6,,,18,21,21,21,21,0.39,0,480,,,0,,,,,29.97,,0,,,,,,,,,,,,,,,,,0.012,,,0,22.3,,40,,0,2
12/01/2025 06:35:33,,81442326017,8144,2,Indoor 03,,,true,false,21,5,4,5,,,5,5,,,15,17,17,17,17,0.40,0,486,,,0,,,,,29.98,,0,,,,,,,,,,,,,,,,,0.000,,,0,22.3,,40,,0,3
12/01/2025 06:50:33,,81442326017,8144,2,Indoor 03,,,true,false,17,4,4,4,,,4,4,,,12,14,14,14,14,0.39,0,488,,,0,,,,,29.99,,0,,,,,,,,,,,,,,,,,0.000,,,0,22.3,,39,,0,2
12/01/2025 07:13:21,,81442326017,8144,2,Indoor 03,,,true,false,13,3,3,3,,,3,3,,,11,12,12,12,12,0.38,0,486,,,0,,,,,30.00,,0,,,,,,,,,,,,,,,,,0.000,,,0,22.3,,40,,0,3
12/01/2025 07:28:21,,81442326017,8144,2,Indoor 03,,,true,false,13,3,2,3,,,3,3,,,9,10,10,10,10,0.38,0,482,,,0,,,,,30.01,,0,,,,,,,,,,,,,,,,,0.000,,,0,22.4,,40,,0,2
12/01/2025 07:50:53,,81442326017,8144,2,Indoor 03,,,true,false,8,2,2,2,,,2,2,,,7,8,8,8,8,0.37,0,469,,,0,,,,,30.01,,0,,,,,,,,,,,,,,,,,0.000,,,0,22.3,,40,,0,3
12/01/2025 08:05:53,,81442326017,8144,2,Indoor 03,,,true,false,8,2,2,2,,,2,2,,,7,7,7,7,7,0.37,0,478,,,0,,,,,30.02,,0,,,,,,,,,,,,,,,,,0.000,,,0,22.3,,40,,0,2
12/01/2025 08:27:56,,81442326017,8144,2,Indoor 03,,,true,false,8,2,2,2,,,2,2,,,6,6,6,6,6,0.38,0,479,,,0,,,,,30.02,,0,,,,,,,,,,,,,,,,,0.000,,,0,22.3,,40,,0,3
12/01/2025 08:42:56,,81442326017,8144,2,Indoor 03,,,true,false,8,2,2,2,,,2,2,,,6,7,7,7,7,0.37,0,474,,,0,,,,,30.03,,0,,,,,,,,,,,,,,,,,0.000,,,0,22.3,,40,,0,2
12/01/2025 09:05:14,,81442326017,8144,2,Indoor 03,,,true,false,8,2,2,2,,,2,2,,,6,7,7,7,7,0.35,0,496,,,0,,,,,30.03,,0,,,,,,,,,,,,,,,,,0.000,,,0,22.3,,40,,0,3
12/01/2025 09:20:14,,81442326017,8144,2,Indoor 03,,,true,false,8,2,2,2,,,2,2,,,6,7,7,7,7,0.37,0,479,,,0,,,,,30.04,,0,,,,,,,,,,,,,,,,,0.000,,,0,22.3,,40,,0,2
12/01/2025 09:42:32,,81442326017,8144,2,Indoor 03,,,true,false,8,2,2,2,,,2,2,,,5,6,6,6,6,0.36,0,483,,,0,,,,,30.05,,0,,,,,,,,,,,,,,,,,0.000,,,0,22.3,,40,,0,3
12/01/2025 09:57:32,,81442326017,8144,2,Indoor 03,,,true,false,8,2,2,2,,,2,2,,,6,7,7,7,7,0.36,0,495,,,0,,,,,30.05,,0,,,,,,,,,,,,,,,,,0.000,,,0,22.3,,41,,0,2
12/01/2025 10:19:49,,81442326017,8144,2,Indoor 03,,,true,false,8,2,2,2,,,2,2,,,7,8,8,8,8,0.37,0,515,,,0,,,,,30.06,,0,,,,,,,,,,,,,,,,,0.000,,,0,22.3,,40,,0,3
12/01/2025 10:34:49,,81442326017,8144,2,Indoor 03,,,true,false,8,2,2,2,,,2,2,,,8,9,9,9,9,0.36,0,511,,,0,,,,,30.06,,0,,,,,,,,,,,,,,,,,0.000,,,0,22.3,,40,,0,2
12/01/2025 10:57:52,,81442326017,8144,2,Indoor 03,,,true,false,13,3,3,3,,,3,3,,,9,10,10,10,10,0.39,0,505,,,0,,,,,30.08,,0,,,,,,,,,,,,,,,,,0.000,,,0,22.3,,40,,0,3
12/01/2025 11:12:52,,81442326017,8144,2,Indoor 03,,,true,false,13,3,3,3,,,3,3,,,10,11,11,11,11,0.36,0,513,,,0,,,,,30.08,,0,,,,,,,,,,,,,,,,,0.000,,,0,22.3,,40,,0,2
12/01/2025 11:35:25,,81442326017,8144,2,Indoor 03,,,true,false,13,3,3,3,,,3,3,,,11,12,12,12,12,0.36,0,511,,,0,,,,,30.09,,0,,,,,,,,,,,,,,,,,0.000,,,0,22.4,,41,,0,3
12/01/2025 11:50:25,,81442326017,8144,2,Indoor 03,,,true,false,13,3,3,3,,,3,3,,,11,13,13,13,13,0.37,0,521,,,0,,,,,30.09,,0,,,,,,,,,,,,,,,,,0.013,,,0,22.4,,42,,0,2
12/01/2025 12:13:12,,81442326017,8144,2,Indoor 03,,,true,false,17,4,4,4,,,4,4,,,14,15,15,15,15,0.37,0,498,,,0,,,,,30.10,,0,,,,,,,,,,,,,,,,,0.000,,,0,22.4,,43,,0,3
12/01/2025 12:28:12,,81442326017,8144,2,Indoor 03,,,true,false,17,4,4,4,,,4,4,,,14,16,16,16,16,0.36,0,513,,,0,,,,,30.11,,0,,,,,,,,,,,,,,,,,0.000,,,0,22.3,,43,,0,2
12/01/2025 12:50:45,,81442326017,8144,2,Indoor 03,,,true,false,21,5,4,5,,,5,5,,,15,17,17,17,17,0.36,0,510,,,0,,,,,30.11,,0,,,,,,,,,,,,,,,,,0.000,,,0,22.3,,43,,0,3
12/01/2025 13:05:45,,81442326017,8144,2,Indoor 03,,,true,false,21,5,4,5,,,5,5,,,15,17,17,17,17,0.37,0,522,,,0,,,,,30.11,,0,,,,,,,,,,,,,,,,,0.000,,,0,22.3,,43,,0,2
12/01/2025 13:27:18,,81442326017,8144,2,Indoor 03,,,true,false,17,4,4,4,,,4,4,,,14,16,16,16,16,0.38,0,500,,,0,,,,,30.11,,0,,,,,,,,,,,,,,,,,0.000,,,0,22.3,,42,,0,3
12/01/2025 13:42:18,,81442326017,8144,2,Indoor 03,,,true,false,21,5,4,5,,,5,5,,,15,17,17,17,17,0.37,0,505,,,0,,,,,30.11,,0,,,,,,,,,,,,,,,,,0.000,,,0,22.4,,42,,0,2
12/01/2025 14:05:05,,81442326017,8144,2,Indoor 03,,,true,false,21,5,5,5,,,5,5,,,16,18,18,18,18,0.37,0,495,,,0,,,,,30.12,,0,,,,,,,,,,,,,,,,,0.000,,,0,22.4,,42,,0,3
12/01/2025 14:20:05,,81442326017,8144,2,Indoor 03,,,true,false,21,5,5,5,,,5,5,,,17,19,19,19,19,0.36,0,487,,,0,,,,,30.13,,0,,,,,,,,,,,,,,,,,0.000,,,0,22.4,,42,,0,2
12/01/2025 14:42:23,,81442326017,8144,2,Indoor 03,,,true,false,21,5,5,5,,,5,5,,,16,18,19,19,19,0.36,0,486,,,0,,,,,30.13,,0,,,,,,,,,,,,,,,,,0.000,,,0,22.4,,43,,0,3
12/01/2025 14:57:23,,81442326017,8144,2,Indoor 03,,,true,false,21,5,5,5,,,5,5,,,17,19,19,19,19,0.38,0,479,,,0,,,,,30.12,,0,,,,,,,,,,,,,,,,,0.000,,,0,22.3,,43,,0,2
12/01/2025 15:20:26,,81442326017,8144,2,Indoor 03,,,true,false,21,5,4,5,,,5,5,,,16,17,18,18,18,0.37,0,481,,,0,,,,,30.12,,0,,,,,,,,,,,,,,,,,0.000,,,0,22.3,,43,,0,3
12/01/2025 15:35:26,,81442326017,8144,2,Indoor 03,,,true,false,21,5,5,5,,,5,5,,,16,18,18,18,18,0.37,0,472,,,0,,,,,30.12,,0,,,,,,,,,,,,,,,,,0.000,,,0,22.3,,43,,0,2
12/01/2025 15:57:58,,81442326017,8144,2,Indoor 03,,,true,false,21,5,5,5,,,5,5,,,16,18,18,18,18,0.37,0,470,,,0,,,,,30.11,,0,,,,,,,,,,,,,,,,,0.000,,,0,22.4,,43,,0,3
12/01/2025 16:12:58,,81442326017,8144,2,Indoor 03,,,true,false,21,5,4,5,,,5,5,,,15,17,17,17,17,0.38,0,497,,,0,,,,,30.10,,0,,,,,,,,,,,,,,,,,0.000,,,0,22.4,,42,,0,2
12/01/2025 16:35:46,,81442326017,8144,2,Indoor 03,,,true,false,17,4,4,4,,,4,4,,,15,16,17,17,17,0.36,0,489,,,0,,,,,30.09,,0,,,,,,,,,,,,,,,,,0.000,,,0,22.4,,42,,0,3
12/01/2025 16:50:46,,81442326017,8144,2,Indoor 03,,,true,false,17,4,4,4,,,4,4,,,15,16,16,16,16,0.37,0,474,,,0,,,,,30.08,,0,,,,,,,,,,,,,,,,,0.000,,,0,22.4,,42,,0,2
12/01/2025 17:13:34,,81442326017,8144,2,Indoor 03,,,true,false,21,5,5,5,,,5,5,,,16,18,18,18,18,0.37,0,487,,,0,,,,,30.06,,0,,,,,,,,,,,,,,,,,0.000,,,0,22.4,,43,,0,3
12/01/2025 17:28:34,,81442326017,8144,2,Indoor 03,,,true,false,21,5,5,5,,,5,5,,,16,18,18,18,18,0.36,0,488,,,0,,,,,30.05,,0,,,,,,,,,,,,,,,,,0.000,,,0,22.4,,43,,0,2
12/01/2025 17:50:36,,81442326017,8144,2,Indoor 03,,,true,false,21,5,5,5,,,5,5,,,16,17,18,18,18,0.36,0,483,,,0,,,,,30.05,,0,,,,,,,,,,,,,,,,,0.000,,,0,22.4,,43,,0,3
12/01/2025 18:05:36,,81442326017,8144,2,Indoor 03,,,true,false,21,5,5,5,,,5,5,,,16,18,18,18,18,0.37,0,471,,,0,,,,,30.04,,0,,,,,,,,,,,,,,,,,0.000,,,0,22.4,,43,,0,2
12/01/2025 18:28:09,,81442326017,8144,2,Indoor 03,,,true,false,21,5,5,5,,,5,5,,,16,18,18,18,18,0.37,0,470,,,0,,,,,30.03,,0,,,,,,,,,,,,,,,,,0.000,,,0,22.4,,42,,0,3
12/01/2025 18:43:09,,81442326017,8144,2,Indoor 03,,,true,false,21,5,5,5,,,5,5,,,16,18,18,18,18,0.37,0,466,,,0,,,,,30.02,,0,,,,,,,,,,,,,,,,,0.000,,,0,22.4,,42,,0,2
12/01/2025 19:05:57,,81442326017,8144,2,Indoor 03,,,true,false,21,5,5,5,,,5,5,,,17,19,19,19,19,0.37,0,473,,,0,,,,,30.01,,0,,,,,,,,,,,,,,,,,0.000,,,0,22.4,,42,,0,3
12/01/2025 19:20:57,,81442326017,8144,2,Indoor 03,,,true,false,21,5,5,5,,,5,5,,,17,19,19,19,19,0.37,0,477,,,0,,,,,30.01,,0,,,,,,,,,,,,,,,,,0.000,,,0,22.4,,42,,0,2
12/01/2025 19:42:44,,81442326017,8144,2,Indoor 03,,,true,false,21,5,5,5,,,5,5,,,16,18,18,18,18,0.38,0,472,,,0,,,,,30.01,,0,,,,,,,,,,,,,,,,,0.000,,,0,22.4,,42,,0,3
12/01/2025 19:57:44,,81442326017,8144,2,Indoor 03,,,true,false,21,5,5,5,,,5,5,,,16,18,18,18,18,0.36,0,471,,,0,,,,,30.01,,0,,,,,,,,,,,,,,,,,0.000,,,0,22.4,,42,,0,2
12/01/2025 20:19:47,,81442326017,8144,2,Indoor 03,,,true,false,21,5,5,5,,,5,5,,,16,18,18,18,18,0.36,0,461,,,0,,,,,30.01,,0,,,,,,,,,,,,,,,,,0.000,,,0,22.4,,42,,0,3
12/01/2025 20:34:47,,81442326017,8144,2,Indoor 03,,,true,false,21,5,5,5,,,5,5,,,16,18,18,18,18,0.37,0,462,,,0,,,,,30.01,,0,,,,,,,,,,,,,,,,,0.000,,,0,22.4,,42,,0,2
12/01/2025 20:57:20,,81442326017,8144,2,Indoor 03,,,true,false,21,5,4,5,,,5,5,,,15,17,17,17,17,0.38,0,461,,,0,,,,,30.01,,0,,,,,,,,,,,,,,,,,0.000,,,0,22.3,,43,,0,3
12/01/2025 21:12:20,,81442326017,8144,2,Indoor 03,,,true,false,21,5,4,5,,,5,5,,,15,17,17,17,17,0.36,0,462,,,0,,,,,30.01,,0,,,,,,,,,,,,,,,,,0.000,,,0,22.3,,42,,0,2
12/01/2025 21:34:22,,81442326017,8144,2,Indoor 03,,,true,false,21,5,4,5,,,5,5,,,15,17,17,17,17,0.38,0,462,,,0,,,,,30.01,,0,,,,,,,,,,,,,,,,,0.000,,,0,22.4,,42,,0,3
12/01/2025 21:49:22,,81442326017,8144,2,Indoor 03,,,true,false,17,4,4,4,,,4,4,,,14,16,16,16,16,0.38,0,463,,,0,,,,,30.01,,0,,,,,,,,,,,,,,,,,0.000,,,0,22.4,,42,,0,2
12/01/2025 22:12:25,,81442326017,8144,2,Indoor 03,,,true,false,21,5,5,5,,,5,5,,,16,18,18,18,18,0.37,0,470,,,0,,,,,30.01,,0,,,,,,,,,,,,,,,,,0.000,,,0,22.4,,42,,0,3
12/01/2025 22:27:25,,81442326017,8144,2,Indoor 03,,,true,false,21,5,5,5,,,5,5,,,17,19,19,19,19,0.37,0,477,,,0,,,,,30.00,,0,,,,,,,,,,,,,,,,,0.000,,,0,22.4,,42,,0,2
12/01/2025 22:49:58,,81442326017,8144,2,Indoor 03,,,true,false,21,5,5,5,,,5,5,,,17,19,19,19,19,0.39,0,472,,,0,,,,,29.99,,0,,,,,,,,,,,,,,,,,0.000,,,0,22.4,,42,,0,3
12/01/2025 23:04:58,,81442326017,8144,2,Indoor 03,,,true,false,21,5,5,5,,,5,5,,,17,19,19,19,19,0.38,0,471,,,0,,,,,29.99,,0,,,,,,,,,,,,,,,,,0.000,,,0,22.4,,42,,0,2
12/01/2025 23:27:30,,81442326017,8144,2,Indoor 03,,,true,false,21,5,5,5,,,5,5,,,17,19,19,19,19,0.38,0,467,,,0,,,,,29.99,,0,,,,,,,,,,,,,,,,,0.000,,,0,22.4,,42,,0,3
12/01/2025 23:42:30,,81442326017,8144,2,Indoor 03,,,true,false,21,5,5,5,,,5,5,,,17,19,19,19,19,0.37,0,466,,,0,,,,,29.99,,0,,,,,,,,,,,,,,,,,0.000,,,0,22.4,,42,,0,2
12/02/2025 00:05:18,,81442326017,8144,2,Indoor 03,,,true,false,21,5,5,5,,,5,5,,,17,19,19,19,19,0.38,0,470,,,0,,,,,29.98,,0,,,,,,,,,,,,,,,,,0.000,,,0,22.4,,43,,0,3
12/02/2025 00:20:18,,81442326017,8144,2,Indoor 03,,,true,false,21,5,5,5,,,5,5,,,17,19,19,19,19,0.37,0,472,,,0,,,,,29.98,,0,,,,,,,,,,,,,,,,,0.000,,,0,22.4,,43,,0,2
12/02/2025 00:42:21,,81442326017,8144,2,Indoor 03,,,true,false,25,6,5,6,,,6,6,,,18,21,21,21,21,0.38,0,468,,,0,,,,,29.98,,0,,,,,,,,,,,,,,,,,0.000,,,0,22.4,,43,,0,3
12/02/2025 00:57:21,,81442326017,8144,2,Indoor 03,,,true,false,21,5,5,5,,,5,5,,,18,20,20,20,20,0.37,0,462,,,0,,,,,29.98,,0,,,,,,,,,,,,,,,,,0.000,,,0,22.4,,43,,0,2
12/02/2025 01:20:08,,81442326017,8144,2,Indoor 03,,,true,false,25,6,6,6,,,6,6,,,19,22,22,22,22,0.39,0,464,,,0,,,,,29.98,,0,,,,,,,,,,,,,,,,,0.000,,,0,22.4,,43,,0,3
12/02/2025 01:35:08,,81442326017,8144,2,Indoor 03,,,true,false,25,6,6,6,,,6,6,,,20,22,22,22,22,0.37,0,464,,,0,,,,,29.98,,0,,,,,,,,,,,,,,,,,0.000,,,0,22.4,,42,,0,2
12/02/2025 01:57:41,,81442326017,8144,2,Indoor 03,,,true,false,25,6,6,6,,,6,6,,,19,22,22,22,22,0.39,0,466,,,0,,,,,29.97,,0,,,,,,,,,,,,,,,,,0.000,,,0,22.4,,42,,0,3
12/02/2025 02:12:41,,81442326017,8144,2,Indoor 03,,,true,false,25,6,6,6,,,6,6,,,20,22,22,22,22,0.38,0,467,,,0,,,,,29.96,,0,,,,,,,,,,,,,,,,,0.000,,,0,22.3,,42,,0,2
12/02/2025 02:35:13,,81442326017,8144,2,Indoor 03,,,true,false,29,6,6,7,,,7,7,,,22,25,25,25,25,0.37,0,469,,,0,,,,,29.96,,0,,,,,,,,,,,,,,,,,0.000,,,0,22.4,,42,,0,3
12/02/2025 02:50:13,,81442326017,8144,2,Indoor 03,,,true,false,29,6,6,7,,,7,7,,,22,25,25,25,25,0.37,0,473,,,0,,,,,29.96,,0,,,,,,,,,,,,,,,,,0.000,,,0,22.4,,42,,0,2
12/02/2025 03:12:46,,81442326017,8144,2,Indoor 03,,,true,false,25,6,6,6,,,6,6,,,21,23,23,23,23,0.38,0,464,,,0,,,,,29.95,,0,,,,,,,,,,,,,,,,,0.000,,,0,22.4,,42,,0,3
12/02/2025 03:27:46,,81442326017,8144,2,Indoor 03,,,true,false,25,6,6,6,,,6,6,,,20,23,23,23,23,0.37,0,471,,,0,,,,,29.94,,0,,,,,,,,,,,,,,,,,0.000,,,0,22.4,,42,,0,2
12/02/2025 03:49:49,,81442326017,8144,2,Indoor 03,,,true,false,25,6,6,6,,,6,6,,,20,23,23,23,23,0.37,0,466,,,0,,,,,29.93,,0,,,,,,,,,,,,,,,,,0.000,,,0,22.4,,42,,0,3
12/02/2025 04:04:49,,81442326017,8144,2,Indoor 03,,,true,false,25,6,6,6,,,6,6,,,20,23,23,23,23,0.37,0,466,,,0,,,,,29.92,,0,,,,,,,,,,,,,,,,,0.000,,,0,22.4,,42,,0,2
12/02/2025 04:25:37,,81442326017,8144,2,Indoor 03,,,true,false,25,6,6,6,,,6,6,,,20,22,22,22,22,0.39,0,466,,,0,,,,,29.92,,0,,,,,,,,,,,,,,,,,0.000,,,0,22.4,,43,,0,3
12/02/2025 04:40:37,,81442326017,8144,2,Indoor 03,,,true,false,25,6,6,6,,,6,6,,,19,21,22,22,22,0.38,0,468,,,0,,,,,29.91,,0,,,,,,,,,,,,,,,,,0.000,,,0,22.4,,42,,0,2
12/02/2025 05:03:09,,81442326017,8144,2,Indoor 03,,,true,false,25,6,5,6,,,6,6,,,19,21,21,21,21,0.38,0,469,,,0,,,,,29.89,,0,,,,,,,,,,,,,,,,,0.000,,,0,22.3,,41,,0,3
12/02/2025 05:18:09,,81442326017,8144,2,Indoor 03,,,true,false,21,5,5,5,,,5,5,,,17,20,20,20,20,0.39,0,465,,,0,,,,,29.88,,0,,,,,,,,,,,,,,,,,0.000,,,0,22.3,,41,,0,2
12/02/2025 05:40:57,,81442326017,8144,2,Indoor 03,,,true,false,21,5,5,5,,,5,5,,,17,19,19,19,19,0.38,0,460,,,0,,,,,29.86,,0,,,,,,,,,,,,,,,,,0.000,,,0,22.3,,42,,0,3
12/02/2025 05:55:57,,81442326017,8144,2,Indoor 03,,,true,false,21,5,5,5,,,5,5,,,16,18,18,18,18,0.36,0,466,,,0,,,,,29.86,,0,,,,,,,,,,,,,,,,,0.000,,,0,22.4,,42,,0,2
12/02/2025 06:18:30,,81442326017,8144,2,Indoor 03,,,true,false,21,5,4,5,,,5,5,,,15,17,17,17,17,0.36,0,472,,,0,,,,,29.84,,0,,,,,,,,,,,,,,,,,0.000,,,0,22.4,,41,,0,3
12/02/2025 06:33:30,,81442326017,8144,2,Indoor 03,,,true,false,17,4,4,4,,,4,4,,,14,15,15,15,15,0.38,0,472,,,0,,,,,29.83,,0,,,,,,,,,,,,,,,,,0.008,,,0,22.4,,41,,0,2
12/02/2025 06:56:03,,81442326017,8144,2,Indoor 03,,,true,false,17,4,4,4,,,4,4,,,13,15,15,15,15,0.39,0,468,,,0,,,,,29.81,,0,,,,,,,,,,,,,,,,,0.000,,,0,22.4,,41,,0,3
12/02/2025 07:11:03,,81442326017,8144,2,Indoor 03,,,true,false,17,4,4,4,,,4,4,,,14,16,16,16,16,0.37,0,466,,,0,,,,,29.80,,0,,,,,,,,,,,,,,,,,0.000,,,0,22.4,,41,,0,2
12/02/2025 07:33:35,,81442326017,8144,2,Indoor 03,,,true,false,17,4,4,4,,,4,4,,,14,16,16,16,16,0.37,0,462,,,0,,,,,29.78,,0,,,,,,,,,,,,,,,,,0.000,,,0,22.4,,42,,0,3
12/02/2025 07:48:35,,81442326017,8144,2,Indoor 03,,,true,false,17,4,4,4,,,4,4,,,14,16,16,16,16,0.36,0,463,,,0,,,,,29.76,,0,,,,,,,,,,,,,,,,,0.000,,,0,22.4,,42,,0,2
12/02/2025 08:10:53,,81442326017,8144,2,Indoor 03,,,true,false,17,4,4,4,,,4,4,,,14,15,15,15,15,0.39,0,461,,,0,,,,,29.75,,0,,,,,,,,,,,,,,,,,0.000,,,0,22.4,,41,,0,3
12/02/2025 08:25:53,,81442326017,8144,2,Indoor 03,,,true,false,17,4,4,4,,,4,4,,,14,16,16,16,16,0.37,0,473,,,0,,,,,29.74,,0,,,,,,,,,,,,,,,,,0.000,,,0,22.4,,40,,0,2
12/02/2025 08:48:41,,81442326017,8144,2,Indoor 03,,,true,false,21,5,4,5,,,5,5,,,15,17,17,17,17,0.37,0,473,,,0,,,,,29.74,,0,,,,,,,,,,,,,,,,,0.000,,,0,22.4,,41,,0,3
12/02/2025 09:03:41,,81442326017,8144,2,Indoor 03,,,true,false,21,5,4,5,,,5,5,,,15,17,17,17,17,0.37,0,478,,,0,,,,,29.73,,0,,,,,,,,,,,,,,,,,0.000,,,0,22.4,,41,,0,2
12/02/2025 09:26:12,,81442326017,8144,2,Indoor 03,,,true,false,17,4,4,4,,,4,4,,,14,16,16,16,16,0.37,0,472,,,0,,,,,29.72,,0,,,,,,,,,,,,,,,,,0.000,,,0,22.4,,40,,0,3
12/02/2025 09:41:12,,81442326017,8144,2,Indoor 03,,,true,false,17,4,4,4,,,4,4,,,15,16,16,16,16,0.37,0,479,,,0,,,,,29.72,,0,,,,,,,,,,,,,,,,,0.000,,,0,22.4,,40,,0,2
12/02/2025 10:03:46,,81442326017,8144,2,Indoor 03,,,true,false,17,4,4,4,,,4,4,,,13,15,15,15,15,0.36,0,472,,,0,,,,,29.71,,0,,,,,,,,,,,,,,,,,0.000,,,0,22.4,,40,,0,3
12/02/2025 10:18:46,,81442326017,8144,2,Indoor 03,,,true,false,17,4,4,4,,,4,4,,,13,15,15,15,15,0.37,0,469,,,0,,,,,29.70,,0,,,,,,,,,,,,,,,,,0.002,,,0,22.4,,40,,0,2
12/02/2025 10:40:19,,81442326017,8144,2,Indoor 03,,,true,false,17,4,4,4,,,4,4,,,13,14,14,14,14,0.35,0,471,,,0,,,,,29.68,,0,,,,,,,,,,,,,,,,,0.000,,,0,22.3,,41,,0,3
12/02/2025 10:55:19,,81442326017,8144,2,Indoor 03,,,true,false,17,4,4,4,,,4,4,,,13,14,14,14,14,0.37,0,488,,,0,,,,,29.67,,0,,,,,,,,,,,,,,,,,0.000,,,0,22.3,,40,,0,2
12/02/2025 11:16:36,,81442326017,8144,2,Indoor 03,,,true,false,17,4,3,4,,,4,4,,,12,13,13,13,13,0.37,0,502,,,0,,,,,29.65,,0,,,,,,,,,,,,,,,,,0.000,,,0,22.4,,41,,0,3
12/02/2025 11:31:36,,81442326017,8144,2,Indoor 03,,,true,false,13,3,3,3,,,3,3,,,11,13,13,13,13,0.36,0,516,,,0,,,,,29.65,,0,,,,,,,,,,,,,,,,,0.006,,,0,22.4,,41,,0,2
12/02/2025 11:53:24,,81442326017,8144,2,Indoor 03,,,true,false,13,3,3,3,,,3,3,,,11,12,12,12,12,0.37,0,500,,,0,,,,,29.64,,0,,,,,,,,,,,,,,,,,0.000,,,0,22.4,,42,,0,3
12/02/2025 12:08:24,,81442326017,8144,2,Indoor 03,,,true,false,13,3,3,3,,,3,3,,,10,12,12,12,12,0.37,0,495,,,0,,,,,29.63,,0,,,,,,,,,,,,,,,,,0.008,,,0,22.4,,43,,0,2
12/02/2025 12:29:57,,81442326017,8144,2,Indoor 03,,,true,false,13,3,3,3,,,3,3,,,9,10,10,10,10,0.36,0,494,,,0,,,,,29.61,,0,,,,,,,,,,,,,,,,,0.000,,,0,22.4,,43,,0,3
12/02/2025 12:44:57,,81442326017,8144,2,Indoor 03,,,true,false,13,3,2,3,,,3,3,,,8,9,9,9,9,0.36,0,490,,,0,,,,,29.61,,0,,,,,,,,,,,,,,,,,0.000,,,0,22.4,,43,,0,2
12/02/2025 13:07:59,,81442326017,8144,2,Indoor 03,,,true,false,8,2,2,2,,,2,2,,,7,8,8,8,8,0.38,0,492,,,0,,,,,29.60,,0,,,,,,,,,,,,,,,,,0.000,,,0,22.4,,43,,0,3
12/02/2025 13:22:59,,81442326017,8144,2,Indoor 03,,,true,false,8,2,2,2,,,2,2,,,7,8,8,8,8,0.36,0,506,,,0,,,,,29.58,,0,,,,,,,,,,,,,,,,,0.000,,,0,22.4,,43,,0,2
12/02/2025 13:45:32,,81442326017,8144,2,Indoor 03,,,true,false,8,2,2,2,,,2,2,,,7,8,8,8,8,0.36,0,494,,,0,,,,,29.56,,0,,,,,,,,,,,,,,,,,0.000,,,0,22.4,,43,,0,3
12/02/2025 14:00:32,,81442326017,8144,2,Indoor 03,,,true,false,8,2,2,2,,,2,2,,,6,7,7,7,7,0.36,0,518,,,0,,,,,29.56,,0,,,,,,,,,,,,,,,,,0.000,,,0,22.4,,43,,0,2
12/02/2025 14:23:05,,81442326017,8144,2,Indoor 03,,,true,false,8,2,2,2,,,2,2,,,6,6,6,6,6,0.37,0,492,,,0,,,,,29.58,,0,,,,,,,,,,,,,,,,,0.000,,,0,22.4,,43,,0,3
12/02/2025 14:38:05,,81442326017,8144,2,Indoor 03,,,true,false,8,2,2,2,,,2,2,,,5,6,6,6,6,0.37,0,487,,,0,,,,,29.57,,0,,,,,,,,,,,,,,,,,0.000,,,0,22.4,,42,,0,2
12/02/2025 15:00:22,,81442326017,8144,2,Indoor 03,,,true,false,4,1,1,1,,,1,1,,,4,4,4,4,4,0.35,0,479,,,0,,,,,29.55,,0,,,,,,,,,,,,,,,,,0.000,,,0,22.4,,42,,0,3
12/02/2025 15:15:22,,81442326017,8144,2,Indoor 03,,,true,false,4,1,1,1,,,1,1,,,3,4,4,4,4,0.36,0,492,,,0,,,,,29.53,,0,,,,,,,,,,,,,,,,,0.000,,,0,22.4,,42,,0,2
12/02/2025 15:37:54,,81442326017,8144,2,Indoor 03,,,true,false,4,1,1,1,,,1,1,,,3,3,3,3,3,0.38,0,492,,,0,,,,,29.52,,0,,,,,,,,,,,,,,,,,0.000,,,0,22.4,,42,,0,3
12/02/2025 15:52:54,,81442326017,8144,2,Indoor 03,,,true,false,4,1,1,1,,,1,1,,,2,3,3,3,3,0.37,0,500,,,0,,,,,29.52,,0,,,,,,,,,,,,,,,,,0.000,,,0,22.5,,42,,0,2
12/02/2025 16:15:28,,81442326017,8144,2,Indoor 03,,,true,false,4,1,1,1,,,1,1,,,2,3,3,3,3,0.41,0,477,,,0,,,,,29.52,,0,,,,,,,,,,,,,,,,,0.000,,,0,22.6,,41,,0,3
12/02/2025 16:30:28,,81442326017,8144,2,Indoor 03,,,true,false,4,1,1,1,,,1,1,,,3,3,3,3,3,0.38,0,486,,,0,,,,,29.53,,0,,,,,,,,,,,,,,,,,0.000,,,0,22.7,,42,,0,2
12/02/2025 16:53:15,,81442326017,8144,2,Indoor 03,,,true,false,4,1,1,1,,,1,1,,,3,4,4,4,4,0.39,0,477,,,0,,,,,29.51,,0,,,,,,,,,,,,,,,,,0.000,,,0,22.7,,42,,0,3
12/02/2025 17:08:15,,81442326017,8144,2,Indoor 03,,,true,false,4,1,1,1,,,1,1,,,4,4,4,4,4,0.37,0,481,,,0,,,,,29.51,,0,,,,,,,,,,,,,,,,,0.000,,,0,22.6,,42,,0,2
12/02/2025 17:30:33,,81442326017,8144,2,Indoor 03,,,true,false,4,1,1,1,,,1,1,,,4,5,5,5,5,0.34,0,436,,,0,,,,,29.50,,0,,,,,,,,,,,,,,,,,0.001,,,0,22.7,,41,,0,3
12/02/2025 17:45:33,,81442326017,8144,2,Indoor 03,,,true,false,4,1,1,1,,,1,1,,,4,5,5,5,5,0.35,0,385,,,0,,,,,29.49,,0,,,,,,,,,,,,,,,,,0.000,,,0,22.7,,41,,0,2
12/02/2025 18:07:51,,81442326017,8144,2,Indoor 03,,,true,false,8,2,2,2,,,2,2,,,7,8,8,8,8,0.37,0,380,,,0,,,,,29.48,,0,,,,,,,,,,,,,,,,,0.000,,,0,22.7,,42,,0,3
12/02/2025 18:22:51,,81442326017,8144,2,Indoor 03,,,true,false,8,2,2,2,,,2,2,,,8,9,9,9,9,0.38,0,388,,,0,,,,,29.47,,0,,,,,,,,,,,,,,,,,0.000,,,0,22.7,,42,,0,2
12/02/2025 19:30:08,,81442326017,8144,2,Indoor 03,,,true,false,13,3,3,3,,,3,3,,,9,10,10,10,10,0.38,0,399,,,0,,,,,29.46,,0,,,,,,,,,,,,,,,,,0.000,,,0,22.8,,41,,0,2
12/02/2025 19:45:08,,81442326017,8144,2,Indoor 03,,,true,false,13,3,3,3,,,3,3,,,10,11,11,11,11,0.38,0,402,,,0,,,,,29.46,,0,,,,,,,,,,,,,,,,,0.000,,,0,22.8,,41,,0,2
12/02/2025 20:10:11,,81442326017,8144,2,Indoor 03,,,true,false,8,2,2,2,,,2,2,,,8,9,9,9,9,0.37,0,396,,,0,,,,,29.46,,0,,,,,,,,,,,,,,,,,0.000,,,0,22.8,,41,,0,3
12/02/2025 20:25:11,,81442326017,8144,2,Indoor 03,,,true,false,8,2,2,2,,,2,2,,,6,7,7,7,7,0.36,0,397,,,0,,,,,29.47,,0,,,,,,,,,,,,,,,,,0.000,,,0,22.7,,41,,0,2
12/02/2025 20:47:44,,81442326017,8144,2,Indoor 03,,,true,false,8,2,2,2,,,2,2,,,6,6,7,7,7,0.40,0,389,,,0,,,,,29.47,,0,,,,,,,,,,,,,,,,,0.000,,,0,22.7,,41,,0,3
12/02/2025 21:02:44,,81442326017,8144,2,Indoor 03,,,true,false,8,2,2,2,,,2,2,,,6,6,6,6,6,0.38,0,387,,,0,,,,,29.47,,0,,,,,,,,,,,,,,,,,0.018,,,0,22.7,,42,,0,2
12/02/2025 21:25:01,,81442326017,8144,2,Indoor 03,,,true,false,8,2,2,2,,,2,2,,,6,6,6,6,6,0.35,0,385,,,0,,,,,29.48,,0,,,,,,,,,,,,,,,,,0.000,,,0,22.7,,42,,0,3
12/02/2025 21:40:01,,81442326017,8144,2,Indoor 03,,,true,false,8,2,2,2,,,2,2,,,5,6,6,6,6,0.38,0,384,,,0,,,,,29.49,,0,,,,,,,,,,,,,,,,,0.000,,,0,22.7,,42,,0,2
12/02/2025 22:02:34,,81442326017,8144,2,Indoor 03,,,true,false,8,2,1,2,,,2,2,,,5,6,6,6,6,0.35,0,385,,,0,,,,,29.50,,0,,,,,,,,,,,,,,,,,0.000,,,0,22.7,,42,,0,3
12/02/2025 22:17:34,,81442326017,8144,2,Indoor 03,,,true,false,8,2,2,2,,,2,2,,,6,7,7,7,7,0.38,0,386,,,0,,,,,29.50,,0,,,,,,,,,,,,,,,,,0.000,,,0,22.7,,41,,0,2
12/02/2025 22:39:51,,81442326017,8144,2,Indoor 03,,,true,false,13,3,3,3,,,3,3,,,9,11,11,11,11,0.37,0,381,,,0,,,,,29.51,,0,,,,,,,,,,,,,,,,,0.000,,,0,22.7,,41,,0,3
12/02/2025 22:54:51,,81442326017,8144,2,Indoor 03,,,true,false,13,3,3,3,,,3,3,,,10,11,11,11,11,0.36,0,383,,,0,,,,,29.52,,0,,,,,,,,,,,,,,,,,0.000,,,0,22.7,,42,,0,2
12/02/2025 23:17:39,,81442326017,8144,2,Indoor 03,,,true,false,17,4,4,4,,,4,4,,,12,14,14,14,14,0.37,0,376,,,0,,,,,29.53,,0,,,,,,,,,,,,,,,,,0.000,,,0,22.6,,41,,0,3
12/02/2025 23:32:39,,81442326017,8144,2,Indoor 03,,,true,false,17,4,4,4,,,4,4,,,14,16,16,16,16,0.39,0,380,,,0,,,,,29.54,,0,,,,,,,,,,,,,,,,,0.000,,,0,22.6,,41,,0,2
12/02/2025 23:55:12,,81442326017,8144,2,Indoor 03,,,true,false,21,5,5,5,,,5,5,,,16,18,18,18,18,0.39,0,376,,,0,,,,,29.56,,0,,,,,,,,,,,,,,,,,0.000,,,0,22.7,,41,,0,3
12/03/2025 00:10:12,,81442326017,8144,2,Indoor 03,,,true,false,25,6,6,6,,,6,6,,,20,22,22,22,22,0.38,0,374,,,0,,,,,29.56,,0,,,,,,,,,,,,,,,,,0.000,,,0,22.7,,41,,0,2
12/03/2025 00:33:00,,81442326017,8144,2,Indoor 03,,,true,false,29,6,6,7,,,7,7,,,22,24,24,24,24,0.39,0,371,,,0,,,,,29.58,,0,,,,,,,,,,,,,,,,,0.000,,,0,22.7,,42,,0,3
12/03/2025 00:48:00,,81442326017,8144,2,Indoor 03,,,true,false,29,6,6,7,,,7,7,,,21,24,24,24,24,0.37,0,378,,,0,,,,,29.59,,0,,,,,,,,,,,,,,,,,0.000,,,0,22.7,,42,,0,2
12/03/2025 01:10:17,,81442326017,8144,2,Indoor 03,,,true,false,25,6,6,6,,,6,6,,,20,22,22,22,22,0.38,0,371,,,0,,,,,29.60,,0,,,,,,,,,,,,,,,,,0.000,,,0,22.7,,41,,0,3
12/03/2025 01:25:17,,81442326017,8144,2,Indoor 03,,,true,false,21,5,5,5,,,5,5,,,16,18,18,18,18,0.37,0,373,,,0,,,,,29.61,,0,,,,,,,,,,,,,,,,,0.000,,,0,22.7,,40,,0,2
12/03/2025 01:47:35,,81442326017,8144,2,Indoor 03,,,true,false,13,3,3,3,,,3,3,,,9,10,10,10,10,0.37,0,378,,,0,,,,,29.62,,0,,,,,,,,,,,,,,,,,0.000,,,0,22.7,,40,,0,3
12/03/2025 02:02:35,,81442326017,8144,2,Indoor 03,,,true,false,8,2,2,2,,,2,2,,,6,7,7,7,7,0.36,0,370,,,0,,,,,29.63,,0,,,,,,,,,,,,,,,,,0.000,,,0,22.7,,41,,0,2
12/03/2025 02:25:37,,81442326017,8144,2,Indoor 03,,,true,false,8,2,2,2,,,2,2,,,5,6,6,6,6,0.36,0,371,,,0,,,,,29.64,,0,,,,,,,,,,,,,,,,,0.000,,,0,22.7,,41,,0,3
12/03/2025 02:40:37,,81442326017,8144,2,Indoor 03,,,true,false,8,2,2,2,,,2,2,,,5,6,6,6,6,0.35,0,368,,,0,,,,,29.65,,0,,,,,,,,,,,,,,,,,0.000,,,0,22.7,,41,,0,2
12/03/2025 03:03:10,,81442326017,8144,2,Indoor 03,,,true,false,8,2,2,2,,,2,2,,,5,6,6,6,6,0.42,0,368,,,0,,,,,29.66,,0,,,,,,,,,,,,,,,,,0.000,,,0,22.7,,41,,0,3
12/03/2025 03:18:10,,81442326017,8144,2,Indoor 03,,,true,false,8,2,2,2,,,2,2,,,6,6,6,6,6,0.40,0,373,,,0,,,,,29.67,,0,,,,,,,,,,,,,,,,,0.000,,,0,22.7,,41,,0,2
12/03/2025 03:40:43,,81442326017,8144,2,Indoor 03,,,true,false,8,2,2,2,,,2,2,,,6,7,7,7,7,0.38,0,369,,,0,,,,,29.67,,0,,,,,,,,,,,,,,,,,0.000,,,0,22.7,,41,,0,3
12/03/2025 03:55:43,,81442326017,8144,2,Indoor 03,,,true,false,8,2,2,2,,,2,2,,,6,7,7,7,7,0.37,0,372,,,0,,,,,29.67,,0,,,,,,,,,,,,,,,,,0.000,,,0,22.7,,41,,0,2
12/03/2025 04:17:46,,81442326017,8144,2,Indoor 03,,,true,false,8,2,2,2,,,2,2,,,6,7,7,7,7,0.38,0,372,,,0,,,,,29.68,,0,,,,,,,,,,,,,,,,,0.000,,,0,22.7,,42,,0,3
12/03/2025 04:32:46,,81442326017,8144,2,Indoor 03,,,true,false,8,2,2,2,,,2,2,,,7,8,8,8,8,0.37,0,371,,,0,,,,,29.69,,0,,,,,,,,,,,,,,,,,0.000,,,0,22.7,,41,,0,2
12/03/2025 04:55:04,,81442326017,8144,2,Indoor 03,,,true,false,8,2,2,2,,,2,2,,,7,8,8,8,8,0.35,0,365,,,0,,,,,29.69,,0,,,,,,,,,,,,,,,,,0.000,,,0,22.7,,40,,0,3
12/03/2025 05:10:04,,81442326017,8144,2,Indoor 03,,,true,false,13,3,2,3,,,3,3,,,8,9,9,9,9,0.37,0,366,,,0,,,,,29.70,,0,,,,,,,,,,,,,,,,,0.000,,,0,22.7,,40,,0,2
12/03/2025 05:30:36,,81442326017,8144,2,Indoor 03,,,true,false,8,3,2,2,,,3,3,,,8,9,9,9,9,0.41,0,367,,,0,,,,,29.71,,0,,,,,,,,,,,,,,,,,0.000,,,0,22.6,,41,,0,3
12/03/2025 05:45:36,,81442326017,8144,2,Indoor 03,,,true,false,13,3,3,3,,,3,3,,,9,10,10,10,10,0.38,0,370,,,0,,,,,29.71,,0,,,,,,,,,,,,,,,,,0.000,,,0,22.6,,41,,0,2
12/03/2025 06:07:24,,81442326017,8144,2,Indoor 03,,,true,false,13,3,3,3,,,3,3,,,9,10,10,10,11,0.36,0,371,,,0,,,,,29.72,,0,,,,,,,,,,,,,,,,,0.000,,,0,22.6,,41,,0,3
12/03/2025 06:22:24,,81442326017,8144,2,Indoor 03,,,true,false,13,3,3,3,,,3,3,,,10,11,11,11,11,0.37,0,373,,,0,,,,,29.72,,0,,,,,,,,,,,,,,,,,0.000,,,0,22.6,,40,,0,2
12/03/2025 06:44:57,,81442326017,8144,2,Indoor 03,,,true,false,13,3,3,3,,,3,3,,,10,12,12,12,12,0.37,0,370,,,0,,,,,29.73,,0,,,,,,,,,,,,,,,,,0.000,,,0,22.6,,40,,0,3
12/03/2025 06:59:57,,81442326017,8144,2,Indoor 03,,,true,false,13,3,3,3,,,3,3,,,11,13,13,13,13,0.37,0,365,,,0,,,,,29.73,,0,,,,,,,,,,,,,,,,,0.000,,,0,22.7,,41,,0,2
12/03/2025 07:22:44,,81442326017,8144,2,Indoor 03,,,true,false,17,4,4,4,,,4,4,,,14,15,15,15,15,0.36,0,367,,,0,,,,,29.74,,0,,,,,,,,,,,,,,,,,0.000,,,0,22.7,,41,,0,3
12/03/2025 07:37:44,,81442326017,8144,2,Indoor 03,,,true,false,21,5,4,5,,,5,5,,,15,17,17,17,17,0.39,0,368,,,0,,,,,29.74,,0,,,,,,,,,,,,,,,,,0.000,,,0,22.6,,40,,0,2
12/03/2025 08:00:17,,81442326017,8144,2,Indoor 03,,,true,false,21,5,4,5,,,5,5,,,15,16,17,17,17,0.38,0,370,,,0,,,,,29.74,,0,,,,,,,,,,,,,,,,,0.000,,,0,22.6,,40,,0,3
12/03/2025 08:15:17,,81442326017,8144,2,Indoor 03,,,true,false,21,5,4,5,,,5,5,,,15,17,17,17,17,0.38,0,378,,,0,,,,,29.74,,0,,,,,,,,,,,,,,,,,0.000,,,0,22.6,,40,,0,2
12/03/2025 08:37:50,,81442326017,8144,2,Indoor 03,,,true,false,21,5,5,5,,,5,5,,,17,19,19,19,19,0.37,0,371,,,0,,,,,29.75,,0,,,,,,,,,,,,,,,,,0.000,,,0,22.6,,41,,0,3
12/03/2025 08:52:50,,81442326017,8144,2,Indoor 03,,,true,false,21,5,5,5,,,5,5,,,18,20,20,20,20,0.38,0,372,,,0,,,,,29.76,,0,,,,,,,,,,,,,,,,,0.000,,,0,22.6,,41,,0,2
12/03/2025 09:15:22,,81442326017,8144,2,Indoor 03,,,true,false,21,5,5,5,,,5,5,,,17,20,20,20,20,0.40,0,368,,,0,,,,,29.76,,0,,,,,,,,,,,,,,,,,0.000,,,0,22.6,,40,,0,3
12/03/2025 09:30:22,,81442326017,8144,2,Indoor 03,,,true,false,21,5,5,5,,,5,5,,,18,20,20,20,20,0.37,0,373,,,0,,,,,29.76,,0,,,,,,,,,,,,,,,,,0.000,,,0,22.6,,40,,0,2
12/03/2025 09:52:55,,81442326017,8144,2,Indoor 03,,,true,false,25,6,5,6,,,6,6,,,18,21,21,21,21,0.39,0,368,,,0,,,,,29.77,,0,,,,,,,,,,,,,,,,,0.000,,,0,22.6,,40,,0,3
12/03/2025 10:07:55,,81442326017,8144,2,Indoor 03,,,true,false,25,6,6,6,,,6,6,,,19,22,22,22,22,0.38,0,372,,,0,,,,,29.77,,0,,,,,,,,,,,,,,,,,0.000,,,0,22.6,,40,,0,2
12/03/2025 10:30:43,,81442326017,8144,2,Indoor 03,,,true,false,25,6,6,6,,,6,6,,,19,22,22,22,22,0.41,0,367,,,0,,,,,29.79,,0,,,,,,,,,,,,,,,,,0.000,,,0,22.6,,40,,0,3
12/03/2025 10:45:43,,81442326017,8144,2,Indoor 03,,,true,false,25,6,6,6,,,6,6,,,20,22,22,22,22,0.38,0,378,,,0,,,,,29.79,,0,,,,,,,,,,,,,,,,,0.000,,,0,22.6,,40,,0,2
12/03/2025 11:08:15,,81442326017,8144,2,Indoor 03,,,true,false,25,6,6,6,,,6,6,,,20,22,22,22,22,0.37,0,378,,,0,,,,,29.80,,0,,,,,,,,,,,,,,,,,0.000,,,0,22.6,,40,,0,3
12/03/2025 11:23:15,,81442326017,8144,2,Indoor 03,,,true,false,25,6,6,6,,,6,6,,,21,23,23,23,23,0.38,0,375,,,0,,,,,29.81,,0,,,,,,,,,,,,,,,,,0.000,,,0,22.6,,40,,0,2
12/03/2025 11:43:33,,81442326017,8144,2,Indoor 03,,,true,false,29,6,6,7,,,7,7,,,22,24,24,24,24,0.39,0,373,,,0,,,,,29.81,,0,,,,,,,,,,,,,,,,,0.000,,,0,22.6,,42,,0,3
12/03/2025 11:58:33,,81442326017,8144,2,Indoor 03,,,true,false,25,6,6,6,,,6,6,,,21,23,23,23,23,0.38,0,382,,,0,,,,,29.82,,0,,,,,,,,,,,,,,,,,0.012,,,0,22.6,,43,,0,2
12/03/2025 12:21:06,,81442326017,8144,2,Indoor 03,,,true,false,25,6,5,6,,,6,6,,,18,20,20,20,20,0.40,0,390,,,0,,,,,29.84,,0,,,,,,,,,,,,,,,,,0.000,,,0,22.7,,43,,0,3
12/03/2025 12:36:06,,81442326017,8144,2,Indoor 03,,,true,false,25,6,5,6,,,6,6,,,19,21,21,21,21,0.38,0,393,,,0,,,,,29.85,,0,,,,,,,,,,,,,,,,,0.012,,,0,22.6,,43,,0,2
12/03/2025 12:58:38,,81442326017,8144,2,Indoor 03,,,true,false,25,6,6,6,,,6,6,,,20,22,22,22,22,0.38,0,380,,,0,,,,,29.85,,0,,,,,,,,,,,,,,,,,0.000,,,0,22.6,,42,,0,3
12/03/2025 13:13:38,,81442326017,8144,2,Indoor 03,,,true,false,29,6,6,7,,,7,7,,,21,24,24,24,24,0.37,0,381,,,0,,,,,29.86,,0,,,,,,,,,,,,,,,,,0.011,,,0,22.6,,42,,0,2
12/03/2025 13:36:10,,81442326017,8144,2,Indoor 03,,,true,false,29,6,7,7,,,7,7,,,23,26,26,26,26,0.37,0,382,,,0,,,,,29.86,,0,,,,,,,,,,,,,,,,,0.003,,,0,22.6,,42,,0,3
12/03/2025 13:51:10,,81442326017,8144,2,Indoor 03,,,true,false,33,7,7,8,,,8,8,,,25,28,28,28,28,0.38,0,380,,,0,,,,,29.86,,0,,,,,,,,,,,,,,,,,0.001,,,0,22.6,,42,,0,2
12/03/2025 14:13:44,,81442326017,8144,2,Indoor 03,,,true,false,33,7,7,8,,,8,8,,,26,29,29,29,29,0.37,0,383,,,0,,,,,29.88,,0,,,,,,,,,,,,,,,,,0.000,,,0,22.6,,42,,0,3
12/03/2025 14:28:44,,81442326017,8144,2,Indoor 03,,,true,false,33,7,8,8,,,8,8,,,26,29,29,29,29,0.38,0,384,,,0,,,,,29.88,,0,,,,,,,,,,,,,,,,,0.000,,,0,22.6,,42,,0,2
12/03/2025 14:51:15,,81442326017,8144,2,Indoor 03,,,true,false,33,7,7,8,,,8,8,,,25,28,28,28,28,0.37,0,406,,,0,,,,,29.88,,0,,,,,,,,,,,,,,,,,0.000,,,0,22.6,,42,,0,3
12/03/2025 15:06:15,,81442326017,8144,2,Indoor 03,,,true,false,33,7,7,8,,,8,8,,,25,28,28,28,28,0.38,0,388,,,0,,,,,29.89,,0,,,,,,,,,,,,,,,,,0.000,,,0,22.6,,41,,0,2
12/03/2025 15:29:19,,81442326017,8144,2,Indoor 03,,,true,false,29,6,7,7,,,7,7,,,23,26,26,26,26,0.37,0,391,,,0,,,,,29.89,,0,,,,,,,,,,,,,,,,,0.000,,,0,22.7,,42,,0,3
12/03/2025 15:44:19,,81442326017,8144,2,Indoor 03,,,true,false,29,6,7,7,,,7,7,,,24,26,27,27,27,0.39,0,390,,,0,,,,,29.89,,0,,,,,,,,,,,,,,,,,0.000,,,0,22.7,,42,,0,2
12/03/2025 16:06:52,,81442326017,8144,2,Indoor 03,,,true,false,29,6,6,7,,,7,7,,,22,25,25,25,25,0.38,0,378,,,0,,,,,29.87,,0,,,,,,,,,,,,,,,,,0.000,,,0,22.7,,42,,0,3
12/03/2025 16:21:52,,81442326017,8144,2,Indoor 03,,,true,false,29,6,7,7,,,7,7,,,23,26,26,26,26,0.39,0,385,,,0,,,,,29.86,,0,,,,,,,,,,,,,,,,,0.000,,,0,22.6,,42,,0,2
12/03/2025 16:44:54,,81442326017,8144,2,Indoor 03,,,true,false,29,6,6,7,,,7,7,,,22,25,25,25,25,0.37,0,380,,,0,,,,,29.86,,0,,,,,,,,,,,,,,,,,0.000,,,0,22.6,,43,,0,3
12/03/2025 16:59:54,,81442326017,8144,2,Indoor 03,,,true,false,29,6,7,7,,,7,7,,,23,25,25,25,25,0.38,0,382,,,0,,,,,29.85,,0,,,,,,,,,,,,,,,,,0.007,,,0,22.6,,44,,0,2
12/03/2025 17:22:42,,81442326017,8144,2,Indoor 03,,,true,false,29,6,6,7,,,7,7,,,21,24,24,24,24,0.38,0,372,,,0,,,,,29.84,,0,,,,,,,,,,,,,,,,,0.000,,,0,22.7,,44,,0,3
12/03/2025 17:37:42,,81442326017,8144,2,Indoor 03,,,true,false,29,6,6,7,,,7,7,,,22,24,24,24,24,0.38,0,375,,,0,,,,,29.84,,0,,,,,,,,,,,,,,,,,0.000,,,0,22.7,,44,,0,2
12/03/2025 17:59:15,,81442326017,8144,2,Indoor 03,,,true,false,25,6,6,6,,,6,6,,,21,24,24,24,24,0.38,0,368,,,0,,,,,29.83,,0,,,,,,,,,,,,,,,,,0.000,,,0,22.7,,44,,0,3
12/03/2025 18:14:15,,81442326017,8144,2,Indoor 03,,,true,false,29,6,6,7,,,7,7,,,22,25,25,25,25,0.37,0,371,,,0,,,,,29.84,,0,,,,,,,,,,,,,,,,,0.000,,,0,22.7,,44,,0,2
12/03/2025 18:37:02,,81442326017,8144,2,Indoor 03,,,true,false,29,6,6,7,,,7,7,,,21,24,24,24,24,0.38,0,373,,,0,,,,,29.84,,0,,,,,,,,,,,,,,,,,0.000,,,0,22.7,,44,,0,3
12/03/2025 18:52:02,,81442326017,8144,2,Indoor 03,,,true,false,25,6,6,6,,,6,6,,,19,22,22,22,22,0.38,0,378,,,0,,,,,29.83,,0,,,,,,,,,,,,,,,,,0.000,,,0,22.7,,43,,0,2
12/03/2025 19:14:05,,81442326017,8144,2,Indoor 03,,,true,false,21,5,5,5,,,5,5,,,17,19,19,19,19,0.39,0,364,,,0,,,,,29.82,,0,,,,,,,,,,,,,,,,,0.000,,,0,22.7,,42,,0,3
12/03/2025 19:29:05,,81442326017,8144,2,Indoor 03,,,true,false,21,5,4,5,,,5,5,,,15,17,17,17,17,0.38,0,369,,,0,,,,,29.81,,0,,,,,,,,,,,,,,,,,0.000,,,0,22.7,,41,,0,2
12/03/2025 19:51:23,,81442326017,8144,2,Indoor 03,,,true,false,21,5,4,5,,,5,5,,,15,17,17,17,17,0.38,0,365,,,0,,,,,29.81,,0,,,,,,,,,,,,,,,,,0.000,,,0,22.7,,41,,0,3
12/03/2025 20:06:23,,81442326017,8144,2,Indoor 03,,,true,false,21,5,4,5,,,5,5,,,15,17,17,17,17,0.37,0,364,,,0,,,,,29.80,,0,,,,,,,,,,,,,,,,,0.000,,,0,22.7,,41,,0,2
12/03/2025 20:28:55,,81442326017,8144,2,Indoor 03,,,true,false,21,5,5,5,,,5,5,,,16,18,18,18,18,0.36,0,365,,,0,,,,,29.79,,0,,,,,,,,,,,,,,,,,0.000,,,0,22.7,,42,,0,3
12/03/2025 20:43:55,,81442326017,8144,2,Indoor 03,,,true,false,21,5,5,5,,,5,5,,,17,19,19,19,19,0.37,0,370,,,0,,,,,29.80,,0,,,,,,,,,,,,,,,,,0.000,,,0,22.7,,42,,0,2
12/03/2025 21:06:28,,81442326017,8144,2,Indoor 03,,,true,false,21,5,5,5,,,5,5,,,17,19,19,19,19,0.37,0,360,,,0,,,,,29.81,,0,,,,,,,,,,,,,,,,,0.000,,,0,22.7,,42,,0,3
12/03/2025 21:21:28,,81442326017,8144,2,Indoor 03,,,true,false,25,6,6,6,,,6,6,,,20,22,22,22,22,0.37,0,363,,,0,,,,,29.82,,0,,,,,,,,,,,,,,,,,0.000,,,0,22.6,,42,,0,2
12/03/2025 21:44:01,,81442326017,8144,2,Indoor 03,,,true,false,25,6,5,6,,,6,6,,,18,20,20,20,20,0.36,0,364,,,0,,,,,29.82,,0,,,,,,,,,,,,,,,,,0.000,,,0,22.6,,41,,0,3
12/03/2025 21:59:01,,81442326017,8144,2,Indoor 03,,,true,false,25,6,6,6,,,6,6,,,21,24,24,24,24,0.37,0,366,,,0,,,,,29.81,,0,,,,,,,,,,,,,,,,,0.000,,,0,22.6,,42,,0,2
12/03/2025 22:21:18,,81442326017,8144,2,Indoor 03,,,true,false,25,6,6,6,,,6,6,,,20,23,23,23,23,0.36,0,365,,,0,,,,,29.83,,0,,,,,,,,,,,,,,,,,0.000,,,0,22.6,,42,,0,3
12/03/2025 22:36:18,,81442326017,8144,2,Indoor 03,,,true,false,29,6,6,7,,,7,7,,,22,25,25,25,25,0.38,0,365,,,0,,,,,29.84,,0,,,,,,,,,,,,,,,,,0.000,,,0,22.6,,42,,0,2
12/03/2025 22:58:35,,81442326017,8144,2,Indoor 03,,,true,false,25,6,6,6,,,6,6,,,21,23,23,23,23,0.37,0,370,,,0,,,,,29.85,,0,,,,,,,,,,,,,,,,,0.000,,,0,22.6,,41,,0,3
12/03/2025 23:13:35,,81442326017,8144,2,Indoor 03,,,true,false,29,6,6,7,,,7,7,,,21,24,24,24,24,0.38,0,378,,,0,,,,,29.85,,0,,,,,,,,,,,,,,,,,0.000,,,0,22.5,,40,,0,2
12/03/2025 23:36:23,,81442326017,8144,2,Indoor 03,,,true,false,29,6,7,7,,,7,7,,,24,27,27,27,27,0.37,0,373,,,0,,,,,29.87,,0,,,,,,,,,,,,,,,,,0.000,,,0,22.5,,40,,0,3
12/03/2025 23:51:23,,81442326017,8144,2,Indoor 03,,,true,false,29,6,7,7,,,7,7,,,24,27,27,27,27,0.38,0,376,,,0,,,,,29.86,,0,,,,,,,,,,,,,,,,,0.000,,,0,22.5,,39,,0,2
12/04/2025 00:13:57,,81442326017,8144,2,Indoor 03,,,true,false,33,7,7,8,,,8,8,,,25,28,28,28,28,0.39,0,374,,,0,,,,,29.86,,0,,,,,,,,,,,,,,,,,0.000,,,0,22.5,,39,,0,3
12/04/2025 00:28:57,,81442326017,8144,2,Indoor 03,,,true,false,29,6,7,7,,,7,7,,,24,27,27,27,27,0.38,0,383,,,0,,,,,29.86,,0,,,,,,,,,,,,,,,,,0.000,,,0,22.5,,38,,0,2
12/04/2025 00:51:44,,81442326017,8144,2,Indoor 03,,,true,false,29,6,6,7,,,7,7,,,22,25,25,25,25,0.39,0,388,,,0,,,,,29.86,,0,,,,,,,,,,,,,,,,,0.000,,,0,22.4,,37,,0,3
12/04/2025 01:06:44,,81442326017,8144,2,Indoor 03,,,true,false,25,6,6,6,,,6,6,,,21,24,24,24,24,0.38,0,392,,,0,,,,,29.87,,0,,,,,,,,,,,,,,,,,0.000,,,0,22.4,,36,,0,2
12/04/2025 01:29:17,,81442326017,8144,2,Indoor 03,,,true,false,29,6,7,7,,,7,7,,,23,26,26,26,26,0.37,0,383,,,0,,,,,29.87,,0,,,,,,,,,,,,,,,,,0.000,,,0,22.2,,35,,0,3
12/04/2025 01:44:17,,81442326017,8144,2,Indoor 03,,,true,false,29,6,7,7,,,7,7,,,23,26,26,26,26,0.37,0,387,,,0,,,,,29.87,,0,,,,,,,,,,,,,,,,,0.000,,,0,22.0,,35,,0,2
12/04/2025 02:06:34,,81442326017,8144,2,Indoor 03,,,true,false,33,7,7,8,,,8,8,,,25,28,28,28,28,0.37,0,393,,,0,,,,,29.87,,0,,,,,,,,,,,,,,,,,0.000,,,0,21.7,,34,,0,3
12/04/2025 02:21:34,,81442326017,8144,2,Indoor 03,,,true,false,33,7,8,8,,,8,8,,,28,31,31,31,31,0.38,0,403,,,0,,,,,29.87,,0,,,,,,,,,,,,,,,,,0.000,,,0,21.3,,33,,0,2
12/04/2025 02:44:07,,81442326017,8144,2,Indoor 03,,,true,false,38,8,9,9,,,9,9,,,31,34,35,35,35,0.39,0,388,,,0,,,,,29.87,,0,,,,,,,,,,,,,,,,,0.000,,,0,20.7,,33,,0,3
12/04/2025 02:59:07,,81442326017,8144,2,Indoor 03,,,true,false,38,8,8,9,,,9,9,,,29,33,33,33,33,0.38,0,383,,,0,,,,,29.87,,0,,,,,,,,,,,,,,,,,0.000,,,0,20.4,,33,,0,2
12/04/2025 03:21:55,,81442326017,8144,2,Indoor 03,,,true,false,33,7,8,8,,,8,8,,,27,31,31,31,31,0.37,0,367,,,0,,,,,29.87,,0,,,,,,,,,,,,,,,,,0.000,,,0,19.9,,34,,0,3
12/04/2025 03:36:55,,81442326017,8144,2,Indoor 03,,,true,false,33,7,8,8,,,8,8,,,27,30,30,30,30,0.37,0,377,,,0,,,,,29.87,,0,,,,,,,,,,,,,,,,,0.018,,,0,19.6,,34,,0,2
12/04/2025 03:59:13,,81442326017,8144,2,Indoor 03,,,true,false,29,6,7,7,,,7,7,,,25,28,28,28,28,0.38,0,365,,,0,,,,,29.87,,0,,,,,,,,,,,,,,,,,0.000,,,0,19.6,,34,,0,3
12/04/2025 04:14:13,,81442326017,8144,2,Indoor 03,,,true,false,29,6,7,7,,,7,7,,,24,27,27,27,27,0.39,0,354,,,0,,,,,29.86,,0,,,,,,,,,,,,,,,,,0.000,,,0,19.6,,34,,0,2
12/04/2025 04:36:45,,81442326017,8144,2,Indoor 03,,,true,false,29,6,7,7,,,7,7,,,25,28,28,28,28,0.39,0,368,,,0,,,,,29.86,,0,,,,,,,,,,,,,,,,,0.000,,,0,19.5,,34,,0,3
12/04/2025 04:51:45,,81442326017,8144,2,Indoor 03,,,true,false,33,7,8,8,,,8,8,,,27,30,30,30,30,0.39,0,362,,,0,,,,,29.86,,0,,,,,,,,,,,,,,,,,0.000,,,0,19.3,,34,,0,2
12/04/2025 05:14:18,,81442326017,8144,2,Indoor 03,,,true,false,33,7,8,8,,,8,8,,,27,31,31,31,31,0.38,0,355,,,0,,,,,29.86,,0,,,,,,,,,,,,,,,,,0.000,,,0,19.2,,34,,0,3
12/04/2025 05:29:18,,81442326017,8144,2,Indoor 03,,,true,false,33,7,8,8,,,8,8,,,28,31,31,31,31,0.38,0,360,,,0,,,,,29.86,,0,,,,,,,,,,,,,,,,,0.000,,,0,19.1,,34,,0,2
12/04/2025 05:51:06,,81442326017,8144,2,Indoor 03,,,true,false,38,8,8,9,,,9,9,,,29,33,33,33,33,0.38,0,361,,,0,,,,,29.86,,0,,,,,,,,,,,,,,,,,0.000,,,0,19.0,,34,,0,3
12/04/2025 06:06:06,,81442326017,8144,2,Indoor 03,,,true,false,38,8,8,9,,,9,9,,,29,33,33,33,33,0.39,0,362,,,0,,,,,29.86,,0,,,,,,,,,,,,,,,,,0.000,,,0,18.9,,34,,0,2
12/04/2025 06:28:53,,81442326017,8144,2,Indoor 03,,,true,false,38,8,8,9,,,9,9,,,30,34,34,34,34,0.38,0,348,,,0,,,,,29.86,,0,,,,,,,,,,,,,,,,,0.000,,,0,18.7,,33,,0,3
12/04/2025 06:43:53,,81442326017,8144,2,Indoor 03,,,true,false,38,8,9,9,,,9,9,,,31,34,35,35,35,0.39,0,350,,,0,,,,,29.87,,0,,,,,,,,,,,,,,,,,0.000,,,0,18.7,,33,,0,2
12/04/2025 07:05:25,,81442326017,8144,2,Indoor 03,,,true,false,38,8,9,9,,,9,9,,,32,36,36,36,36,0.37,0,344,,,0,,,,,29.86,,0,,,,,,,,,,,,,,,,,0.000,,,0,18.7,,34,,0,3
12/04/2025 07:20:25,,81442326017,8144,2,Indoor 03,,,true,false,38,8,9,9,,,9,9,,,31,35,35,35,35,0.38,0,349,,,0,,,,,29.86,,0,,,,,,,,,,,,,,,,,0.000,,,0,18.7,,33,,0,2
12/04/2025 07:42:59,,81442326017,8144,2,Indoor 03,,,true,false,38,8,9,9,,,9,9,,,31,34,34,34,34,0.38,0,366,,,0,,,,,29.86,,0,,,,,,,,,,,,,,,,,0.000,,,0,18.6,,33,,0,3
12/04/2025 07:57:59,,81442326017,8144,2,Indoor 03,,,true,false,38,8,8,9,,,9,9,,,30,34,34,34,34,0.39,0,372,,,0,,,,,29.85,,0,,,,,,,,,,,,,,,,,0.000,,,0,18.5,,33,,0,2
12/04/2025 08:19:16,,81442326017,8144,2,Indoor 03,,,true,false,38,8,9,9,,,9,9,,,32,35,36,36,36,0.39,0,364,,,0,,,,,29.85,,0,,,,,,,,,,,,,,,,,0.000,,,0,18.4,,33,,0,3
12/04/2025 08:34:16,,81442326017,8144,2,Indoor 03,,,true,false,38,8,9,9,,,9,9,,,32,36,36,36,36,0.38,0,366,,,0,,,,,29.84,,0,,,,,,,,,,,,,,,,,0.000,,,0,18.4,,33,,0,2
12/04/2025 08:56:04,,81442326017,8144,2,Indoor 03,,,true,false,42,9,9,10,,,10,10,,,33,37,37,37,37,0.38,0,360,,,0,,,,,29.83,,0,,,,,,,,,,,,,,,,,0.000,,,0,18.7,,33,,0,3
12/04/2025 09:11:04,,81442326017,8144,2,Indoor 03,,,true,false,42,9,9,10,,,10,10,,,33,37,37,37,37,0.38,0,360,,,0,,,,,29.82,,0,,,,,,,,,,,,,,,,,0.000,,,0,18.7,,33,,0,2
12/04/2025 09:32:07,,81442326017,8144,2,Indoor 03,,,true,false,38,8,8,9,,,9,9,,,30,33,33,33,33,0.38,0,369,,,0,,,,,29.77,,0,,,,,,,,,,,,,,,,,0.004,,,0,19.5,,33,,0,3
12/04/2025 09:47:07,,81442326017,8144,2,Indoor 03,,,true,false,42,9,9,10,,,10,10,,,33,37,37,37,37,0.39,0,380,,,0,,,,,29.78,,0,,,,,,,,,,,,,,,,,0.020,,,0,20.1,,32,,0,2
12/04/2025 10:09:54,,81442326017,8144,2,Indoor 03,,,true,false,50,11,11,12,,,12,12,,,39,44,44,44,44,0.38,0,386,,,0,,,,,29.79,,0,,,,,,,,,,,,,,,,,0.000,,,0,20.5,,32,,0,3
12/04/2025 10:24:54,,81442326017,8144,2,Indoor 03,,,true,false,53,12,12,13,,,13,13,,,42,48,48,48,48,0.38,0,390,,,0,,,,,29.79,,0,,,,,,,,,,,,,,,,,0.000,,,0,20.6,,32,,0,2
12/04/2025 10:47:41,,81442326017,8144,2,Indoor 03,,,true,false,53,12,13,13,,,13,13,,,45,50,50,50,50,0.39,0,391,,,0,,,,,29.79,,0,,,,,,,,,,,,,,,,,0.000,,,0,20.8,,32,,0,3
12/04/2025 11:02:41,,81442326017,8144,2,Indoor 03,,,true,false,55,13,13,14,,,14,14,,,47,53,53,53,53,0.39,0,392,,,0,,,,,29.80,,0,,,,,,,,,,,,,,,,,0.000,,,0,20.8,,32,,0,2
12/04/2025 11:25:30,,81442326017,8144,2,Indoor 03,,,true,false,57,14,14,15,,,15,15,,,49,55,55,55,55,0.39,0,391,,,0,,,,,29.80,,0,,,,,,,,,,,,,,,,,0.000,,,0,20.9,,32,,0,3
12/04/2025 11:40:30,,81442326017,8144,2,Indoor 03,,,true,false,57,14,14,15,,,15,15,,,49,55,55,55,55,0.39,0,390,,,0,,,,,29.81,,0,,,,,,,,,,,,,,,,,0.000,,,0,21.0,,32,,0,2
12/04/2025 12:02:47,,81442326017,8144,2,Indoor 03,,,true,false,57,14,14,15,,,15,15,,,49,55,56,56,56,0.40,0,383,,,0,,,,,29.81,,0,,,,,,,,,,,,,,,,,0.000,,,0,21.1,,31,,0,3
12/04/2025 12:17:47,,81442326017,8144,2,Indoor 03,,,true,false,57,14,14,15,,,15,15,,,50,57,57,57,57,0.39,0,389,,,0,,,,,29.82,,0,,,,,,,,,,,,,,,,,0.000,,,0,21.2,,31,,0,2
12/04/2025 12:39:05,,81442326017,8144,2,Indoor 03,,,true,false,55,13,13,14,,,14,14,,,46,51,51,51,51,0.39,0,388,,,0,,,,,29.84,,0,,,,,,,,,,,,,,,,,0.000,,,0,21.2,,30,,0,3
12/04/2025 12:54:05,,81442326017,8144,2,Indoor 03,,,true,false,55,13,14,14,,,14,14,,,47,53,53,53,53,0.39,0,395,,,0,,,,,29.84,,0,,,,,,,,,,,,,,,,,0.015,,,0,21.3,,30,,0,2
12/04/2025 13:16:38,,81442326017,8144,2,Indoor 03,,,true,false,53,12,12,13,,,13,13,,,42,48,48,48,48,0.39,0,388,,,0,,,,,29.87,,0,,,,,,,,,,,,,,,,,0.000,,,0,21.3,,30,,0,3
12/04/2025 13:31:38,,81442326017,8144,2,Indoor 03,,,true,false,50,11,11,12,,,12,12,,,39,44,44,44,44,0.39,0,395,,,0,,,,,29.88,,0,,,,,,,,,,,,,,,,,0.003,,,0,20.9,,30,,0,2
12/04/2025 13:53:55,,81442326017,8144,2,Indoor 03,,,true,false,42,9,10,10,,,10,10,,,34,38,38,38,38,0.39,0,391,,,0,,,,,29.89,,0,,,,,,,,,,,,,,,,,0.000,,,0,21.2,,30,,0,3
12/04/2025 14:08:55,,81442326017,8144,2,Indoor 03,,,true,false,42,9,10,10,,,10,10,,,34,38,38,38,38,0.39,0,397,,,0,,,,,29.89,,0,,,,,,,,,,,,,,,,,0.011,,,0,21.5,,30,,0,2
12/04/2025 14:31:28,,81442326017,8144,2,Indoor 03,,,true,false,42,9,10,10,,,10,10,,,33,37,37,37,37,0.39,0,385,,,0,,,,,29.88,,0,,,,,,,,,,,,,,,,,0.053,,,0,22.0,,42,,0,3
12/04/2025 14:46:28,,81442326017,8144,2,Indoor 03,,,true,false,42,9,9,10,,,10,10,,,32,36,37,37,37,0.38,0,386,,,0,,,,,29.89,,0,,,,,,,,,,,,,,,,,0.153,,,0,22.3,,45,,0,2
12/04/2025 15:09:01,,81442326017,8144,2,Indoor 03,,,true,false,38,8,9,9,,,9,9,,,30,33,33,33,33,0.40,0,384,,,0,,,,,29.89,,0,,,,,,,,,,,,,,,,,0.000,,,0,22.7,,45,,0,3
12/04/2025 15:24:01,,81442326017,8144,2,Indoor 03,,,true,false,38,8,8,9,,,9,9,,,28,31,31,31,31,0.38,0,385,,,0,,,,,29.88,,0,,,,,,,,,,,,,,,,,0.000,,,0,22.6,,46,,0,2
12/04/2025 15:45:33,,81442326017,8144,2,Indoor 03,,,true,false,29,6,6,7,,,7,7,,,21,24,24,24,24,0.42,0,379,,,0,,,,,29.89,,0,,,,,,,,,,,,,,,,,0.000,,,0,22.4,,45,,0,3
12/04/2025 16:00:33,,81442326017,8144,2,Indoor 03,,,true,false,21,5,5,5,,,5,5,,,18,20,20,20,20,0.39,0,375,,,0,,,,,29.91,,0,,,,,,,,,,,,,,,,,0.000,,,0,22.3,,43,,0,2
12/04/2025 16:22:51,,81442326017,8144,2,Indoor 03,,,true,false,21,5,5,5,,,5,5,,,16,18,18,18,18,0.41,0,386,,,0,,,,,29.90,,0,,,,,,,,,,,,,,,,,0.000,,,0,21.9,,43,,0,3
12/04/2025 16:37:51,,81442326017,8144,2,Indoor 03,,,true,false,17,4,4,4,,,4,4,,,13,15,15,15,15,0.39,0,380,,,0,,,,,29.89,,0,,,,,,,,,,,,,,,,,0.000,,,0,21.8,,42,,0,2
12/04/2025 17:00:24,,81442326017,8144,2,Indoor 03,,,true,false,17,4,4,4,,,4,4,,,14,16,16,16,16,0.38,0,380,,,0,,,,,29.89,,0,,,,,,,,,,,,,,,,,0.000,,,0,21.9,,43,,0,3
12/04/2025 17:15:24,,81442326017,8144,2,Indoor 03,,,true,false,17,4,4,4,,,4,4,,,13,14,14,14,14,0.39,0,383,,,0,,,,,29.89,,0,,,,,,,,,,,,,,,,,0.000,,,0,22.0,,43,,0,2
12/04/2025 17:37:56,,81442326017,8144,2,Indoor 03,,,true,false,13,3,3,3,,,3,3,,,11,13,13,13,13,0.38,0,380,,,0,,,,,29.88,,0,,,,,,,,,,,,,,,,,0.000,,,0,22.0,,42,,0,3
12/04/2025 17:52:56,,81442326017,8144,2,Indoor 03,,,true,false,13,3,3,3,,,3,3,,,11,12,12,12,12,0.38,0,390,,,0,,,,,29.87,,0,,,,,,,,,,,,,,,,,0.000,,,0,22.1,,42,,0,2
12/04/2025 18:15:29,,81442326017,8144,2,Indoor 03,,,true,false,13,3,3,3,,,3,3,,,10,11,11,11,11,0.36,0,381,,,0,,,,,29.87,,0,,,,,,,,,,,,,,,,,0.000,,,0,22.1,,42,,0,3
12/04/2025 18:30:29,,81442326017,8144,2,Indoor 03,,,true,false,13,3,3,3,,,3,3,,,10,11,11,11,11,0.39,0,388,,,0,,,,,29.87,,0,,,,,,,,,,,,,,,,,0.001,,,0,22.1,,42,,0,2
12/04/2025 18:52:47,,81442326017,8144,2,Indoor 03,,,true,false,13,3,2,3,,,3,3,,,9,10,10,10,10,0.41,0,382,,,0,,,,,29.87,,0,,,,,,,,,,,,,,,,,0.000,,,0,22.2,,41,,0,3
12/04/2025 19:07:47,,81442326017,8144,2,Indoor 03,,,true,false,13,3,2,3,,,3,3,,,8,9,9,9,9,0.39,0,384,,,0,,,,,29.87,,0,,,,,,,,,,,,,,,,,0.000,,,0,22.2,,41,,0,2
12/04/2025 19:30:19,,81442326017,8144,2,Indoor 03,,,true,false,13,3,2,3,,,3,3,,,8,9,9,9,9,0.44,0,399,,,0,,,,,29.87,,0,,,,,,,,,,,,,,,,,0.001,,,0,22.3,,42,,0,3
12/04/2025 19:45:19,,81442326017,8144,2,Indoor 03,,,true,false,13,3,2,3,,,3,3,,,8,9,9,9,9,0.40,0,514,,,0,,,,,29.87,,0,,,,,,,,,,,,,,,,,0.095,,,0,22.6,,42,,0,2
12/04/2025 20:06:37,,81442326017,8144,2,Indoor 03,,,true,false,13,3,2,3,,,3,3,,,8,9,9,9,9,0.39,0,341,,,0,,,,,29.87,,0,,,,,,,,,,,,,,,,,0.000,,,0,22.3,,42,,0,3
12/04/2025 20:21:37,,81442326017,8144,2,Indoor 03,,,true,false,8,2,2,2,,,2,2,,,8,9,9,9,9,0.40,0,343,,,0,,,,,29.88,,0,,,,,,,,,,,,,,,,,0.000,,,0,22.3,,42,,0,2
12/04/2025 20:44:10,,81442326017,8144,2,Indoor 03,,,true,false,13,3,3,3,,,3,3,,,9,10,10,10,10,0.41,0,344,,,0,,,,,29.88,,0,,,,,,,,,,,,,,,,,0.000,,,0,22.2,,42,,0,3
12/04/2025 20:59:10,,81442326017,8144,2,Indoor 03,,,true,false,13,3,3,3,,,3,3,,,9,10,10,10,10,0.40,0,354,,,0,,,,,29.89,,0,,,,,,,,,,,,,,,,,0.000,,,0,22.2,,42,,0,2
