Timestamp,Device ID,Serial Number,Model,Sub Model,Friendly Name,Latitude,Longitude,Is Indoor,Is Public,PM2.5 AQI,PM10 AQI,PM1.0,PM2.5,Applied PM2.5 Custom Calibration Setting - Multiplication Factor,Applied PM2.5 Custom Calibration Setting - Offset,PM4.0,PM10,Applied PM10 Custom Calibration Setting - Multiplication Factor,Applied PM10 Custom Calibration Setting - Offset,PM0.5 NC,PM1.0 NC,PM2.5 NC,PM4.0 NC,PM10 NC,Typical Particle Size,PM Sensor Status,CO2,Applied CO2 Custom Calibration Setting - Multiplication Factor,Applied CO2 Custom Calibration Setting - Offset,CO2 Sensor Status,CH2O,Applied CH2O Custom Calibration Setting - Multiplication Factor,Applied CH2O Custom Calibration Setting - Offset,CH2O Sensor Status,Barometric Pressure,Applied Barometric Pressure Custom Calibration Setting - Offset,Barometric Sensor Status,CO,Applied CO Custom Calibration Setting - Multiplication Factor,Applied CO Custom Calibration Setting - Offset,CO Sensor Status,SO2,Applied SO2 Custom Calibration Setting - Multiplication Factor,Applied SO2 Custom Calibration Setting - Offset,SO2 Sensor Status,O3,Applied O3 Custom Calibration Setting - Multiplication Factor,Applied O3 Custom Calibration Setting - Offset,O3 Sensor Status,NO2,Applied NO2 Custom Calibration Setting - Multiplication Factor,Applied NO2 Custom Calibration Setting - Offset,NO2 Sensor Status,VOC tVOC measurement,Applied TVOC Custom Calibration Setting - Multiplication Factor,Applied TVOC Custom Calibration Setting - Offset,VOC Sensor Status,Temperature,Applied Temperature Custom Calibration Setting - Offset,Relative Humidity,Applied Relative Humidity Custom Calibration Setting - Offset,Temperature/Humidity Sensor Status,System Status
03/01/2026 00:00:26,d092rmnoovhpfm35n490,81432434001,8143,,BS-14,,,False,True,180,80,105,112,,<nil>,113,113,,<nil>,1045,1195,1199,1199,1199,0.56,0,,,,,,,,,,,,,,,,,,,,,,,,,,,,,,,,18.5,,66,,0,0
03/01/2026 00:01:26,d092rmnoovhpfm35n490,81432434001,8143,,BS-14,,,False,True,180,79,105,111,,<nil>,112,112,,<nil>,1040,1189,1193,1194,1194,0.56,0,,,,,,,,,,,,,,,,,,,,,,,,,,,,,,,,18.5,,66,,0,0
03/01/2026 00:02:26,d092rmnoovhpfm35n490,81432434001,8143,,BS-14,,,False,True,179,78,102,109,,<nil>,109,110,,<nil>,1016,1162,1165,1166,1166,0.56,0,,,,,,,,,,,,,,,,,,,,,,,,,,,,,,,,18.5,,66,,0,0
03/01/2026 00:03:26,d092rmnoovhpfm35n490,81432434001,8143,,BS-14,,,False,True,172,72,91,97,,<nil>,98,98,,<nil>,908,1039,1042,1043,1043,0.56,0,,,,,,,,,,,,,,,,,,,,,,,,,,,,,,,,18.5,,66,,0,0
03/01/2026 00:04:26,d092rmnoovhpfm35n490,81432434001,8143,,BS-14,,,False,True,166,66,79,84,,<nil>,84,85,,<nil>,786,898,901,901,902,0.56,0,,,,,,,,,,,,,,,,,,,,,,,,,,,,,,,,18.5,,66,,0,0
03/01/2026 00:05:26,d092rmnoovhpfm35n490,81432434001,8143,,BS-14,,,False,True,169,69,85,91,,<nil>,91,91,,<nil>,851,973,975,975,976,0.54,0,,,,,,,,,,,,,,,,,,,,,,,,,,,,,,,,18.4,,66,,0,0
03/01/2026 00:06:26,d092rmnoovhpfm35n490,81432434001,8143,,BS-14,,,False,True,165,65,79,83,,<nil>,83,83,,<nil>,784,895,897,897,897,0.53,0,,,,,,,,,,,,,,,,,,,,,,,,,,,,,,,,18.5,,66,,0,0
03/01/2026 00:07:26,d092rmnoovhpfm35n490,81432434001,8143,,BS-14,,,False,True,163,62,74,78,,<nil>,78,78,,<nil>,736,840,842,843,843,0.54,0,,,,,,,,,,,,,,,,,,,,,,,,,,,,,,,,18.5,,66,,0,0
03/01/2026 00:08:26,d092rmnoovhpfm35n490,81432434001,8143,,BS-14,,,False,True,164,63,76,80,,<nil>,80,80,,<nil>,755,862,864,864,864,0.53,0,,,,,,,,,,,,,,,,,,,,,,,,,,,,,,,,18.4,,66,,0,0
03/01/2026 00:09:26,d092rmnoovhpfm35n490,81432434001,8143,,BS-14,,,False,True,165,65,78,83,,<nil>,83,84,,<nil>,780,891,893,894,894,0.55,0,,,,,,,,,,,,,,,,,,,,,,,,,,,,,,,,18.4,,66,,0,0
03/01/2026 00:10:26,d092rmnoovhpfm35n490,81432434001,8143,,BS-14,,,False,True,165,65,79,83,,<nil>,84,84,,<nil>,785,897,899,899,899,0.54,0,,,,,,,,,,,,,,,,,,,,,,,,,,,,,,,,18.4,,66,,0,0
03/01/2026 00:11:26,d092rmnoovhpfm35n490,81432434001,8143,,BS-14,,,False,True,165,64,77,82,,<nil>,82,82,,<nil>,767,876,878,878,878,0.53,0,,,,,,,,,,,,,,,,,,,,,,,,,,,,,,,,18.4,,66,,0,0
03/01/2026 00:12:26,d092rmnoovhpfm35n490,81432434001,8143,,BS-14,,,False,True,164,64,77,81,,<nil>,81,81,,<nil>,766,874,877,877,877,0.54,0,,,,,,,,,,,,,,,,,,,,,,,,,,,,,,,,18.4,,66,,0,0
03/01/2026 00:13:26,d092rmnoovhpfm35n490,81432434001,8143,,BS-14,,,False,True,165,65,78,83,,<nil>,83,83,,<nil>,781,892,894,895,895,0.55,0,,,,,,,,,,,,,,,,,,,,,,,,,,,,,,,,18.4,,66,,0,0
03/01/2026 00:14:26,d092rmnoovhpfm35n490,81432434001,8143,,BS-14,,,False,True,165,65,78,83,,<nil>,83,83,,<nil>,774,884,887,887,887,0.55,0,,,,,,,,,,,,,,,,,,,,,,,,,,,,,,,,18.3,,66,,0,0
03/01/2026 00:15:26,d092rmnoovhpfm35n490,81432434001,8143,,BS-14,,,False,True,166,65,79,84,,<nil>,84,84,,<nil>,788,901,903,904,904,0.55,0,,,,,,,,,,,,,,,,,,,,,,,,,,,,,,,,18.3,,66,,0,0
03/01/2026 00:16:26,d092rmnoovhpfm35n490,81432434001,8143,,BS-14,,,False,True,165,65,78,82,,<nil>,83,83,,<nil>,775,885,888,888,888,0.54,0,,,,,,,,,,,,,,,,,,,,,,,,,,,,,,,,18.3,,66,,0,0
03/01/2026 00:17:26,d092rmnoovhpfm35n490,81432434001,8143,,BS-14,,,False,True,165,65,78,83,,<nil>,83,83,,<nil>,779,890,892,892,892,0.54,0,,,,,,,,,,,,,,,,,,,,,,,,,,,,,,,,18.3,,66,,0,0
03/01/2026 00:18:26,d092rmnoovhpfm35n490,81432434001,8143,,BS-14,,,False,True,165,65,78,83,,<nil>,83,83,,<nil>,778,889,892,892,892,0.55,0,,,,,,,,,,,,,,,,,,,,,,,,,,,,,,,,18.2,,66,,0,0
03/01/2026 00:19:26,d092rmnoovhpfm35n490,81432434001,8143,,BS-14,,,False,True,166,65,79,84,,<nil>,84,84,,<nil>,786,898,901,901,901,0.55,0,,,,,,,,,,,,,,,,,,,,,,,,,,,,,,,,18.2,,67,,0,0
03/01/2026 00:20:26,d092rmnoovhpfm35n490,81432434001,8143,,BS-14,,,False,True,165,65,78,82,,<nil>,83,83,,<nil>,779,889,891,891,891,0.53,0,,,,,,,,,,,,,,,,,,,,,,,,,,,,,,,,18.2,,67,,0,0
03/01/2026 00:21:26,d092rmnoovhpfm35n490,81432434001,8143,,BS-14,,,False,True,165,65,78,83,,<nil>,83,83,,<nil>,782,892,894,895,895,0.53,0,,,,,,,,,,,,,,,,,,,,,,,,,,,,,,,,18.2,,67,,0,0
03/01/2026 00:22:26,d092rmnoovhpfm35n490,81432434001,8143,,BS-14,,,False,True,165,64,77,82,,<nil>,82,82,,<nil>,771,880,882,883,883,0.53,0,,,,,,,,,,,,,,,,,,,,,,,,,,,,,,,,18.2,,67,,0,0
03/01/2026 00:23:26,d092rmnoovhpfm35n490,81432434001,8143,,BS-14,,,False,True,165,64,78,82,,<nil>,82,82,,<nil>,778,888,890,890,890,0.53,0,,,,,,,,,,,,,,,,,,,,,,,,,,,,,,,,18.2,,67,,0,0
03/01/2026 00:24:26,d092rmnoovhpfm35n490,81432434001,8143,,BS-14,,,False,True,165,64,77,82,,<nil>,82,82,,<nil>,774,884,886,886,887,0.54,0,,,,,,,,,,,,,,,,,,,,,,,,,,,,,,,,18.2,,67,,0,0
03/01/2026 00:25:26,d092rmnoovhpfm35n490,81432434001,8143,,BS-14,,,False,True,165,65,78,82,,<nil>,82,83,,<nil>,778,888,890,891,891,0.53,0,,,,,,,,,,,,,,,,,,,,,,,,,,,,,,,,18.1,,67,,0,0
03/01/2026 00:26:26,d092rmnoovhpfm35n490,81432434001,8143,,BS-14,,,False,True,165,65,78,83,,<nil>,83,83,,<nil>,783,893,895,895,896,0.52,0,,,,,,,,,,,,,,,,,,,,,,,,,,,,,,,,18.1,,67,,0,0
03/01/2026 00:27:26,d092rmnoovhpfm35n490,81432434001,8143,,BS-14,,,False,True,164,64,77,81,,<nil>,81,82,,<nil>,771,880,882,882,882,0.53,0,,,,,,,,,,,,,,,,,,,,,,,,,,,,,,,,18.1,,67,,0,0
03/01/2026 00:28:26,d092rmnoovhpfm35n490,81432434001,8143,,BS-14,,,False,True,166,65,79,84,,<nil>,84,84,,<nil>,794,907,909,909,909,0.54,0,,,,,,,,,,,,,,,,,,,,,,,,,,,,,,,,18.0,,66,,0,0
03/01/2026 00:29:26,d092rmnoovhpfm35n490,81432434001,8143,,BS-14,,,False,True,170,70,87,92,,<nil>,93,93,,<nil>,871,995,998,999,999,0.54,0,,,,,,,,,,,,,,,,,,,,,,,,,,,,,,,,18.0,,66,,0,0
03/01/2026 00:30:26,d092rmnoovhpfm35n490,81432434001,8143,,BS-14,,,False,True,178,78,101,108,,<nil>,108,109,,<nil>,1014,1159,1162,1163,1163,0.55,0,,,,,,,,,,,,,,,,,,,,,,,,,,,,,,,,17.9,,66,,0,0
03/01/2026 00:31:26,d092rmnoovhpfm35n490,81432434001,8143,,BS-14,,,False,True,184,84,113,120,,<nil>,121,121,,<nil>,1130,1292,1296,1296,1297,0.56,0,,,,,,,,,,,,,,,,,,,,,,,,,,,,,,,,17.9,,66,,0,0
03/01/2026 00:32:26,d092rmnoovhpfm35n490,81432434001,8143,,BS-14,,,False,True,185,85,115,122,,<nil>,123,124,,<nil>,1145,1310,1315,1316,1316,0.58,0,,,,,,,,,,,,,,,,,,,,,,,,,,,,,,,,17.8,,66,,0,0
03/01/2026 00:33:26,d092rmnoovhpfm35n490,81432434001,8143,,BS-14,,,False,True,186,85,115,123,,<nil>,124,124,,<nil>,1150,1316,1321,1321,1322,0.55,0,,,,,,,,,,,,,,,,,,,,,,,,,,,,,,,,17.8,,66,,0,0
03/01/2026 00:34:26,d092rmnoovhpfm35n490,81432434001,8143,,BS-14,,,False,True,186,86,117,124,,<nil>,125,125,,<nil>,1169,1336,1341,1341,1342,0.56,0,,,,,,,,,,,,,,,,,,,,,,,,,,,,,,,,17.8,,66,,0,0
03/01/2026 00:35:26,d092rmnoovhpfm35n490,81432434001,8143,,BS-14,,,False,True,189,89,121,129,,<nil>,130,131,,<nil>,1211,1386,1390,1391,1392,0.56,0,,,,,,,,,,,,,,,,,,,,,,,,,,,,,,,,17.8,,67,,0,0
03/01/2026 00:36:26,d092rmnoovhpfm35n490,81432434001,8143,,BS-14,,,False,True,188,87,119,127,,<nil>,128,128,,<nil>,1192,1363,1368,1368,1369,0.56,0,,,,,,,,,,,,,,,,,,,,,,,,,,,,,,,,17.8,,67,,0,0
03/01/2026 00:37:26,d092rmnoovhpfm35n490,81432434001,8143,,BS-14,,,False,True,185,85,114,122,,<nil>,124,124,,<nil>,1142,1307,1312,1313,1313,0.57,0,,,,,,,,,,,,,,,,,,,,,,,,,,,,,,,,17.8,,66,,0,0
03/01/2026 00:38:26,d092rmnoovhpfm35n490,81432434001,8143,,BS-14,,,False,True,186,86,116,124,,<nil>,125,125,,<nil>,1157,1324,1328,1329,1329,0.56,0,,,,,,,,,,,,,,,,,,,,,,,,,,,,,,,,17.8,,66,,0,0
03/01/2026 00:39:26,d092rmnoovhpfm35n490,81432434001,8143,,BS-14,,,False,True,187,87,118,126,,<nil>,126,127,,<nil>,1177,1346,1351,1351,1352,0.57,0,,,,,,,,,,,,,,,,,,,,,,,,,,,,,,,,17.8,,66,,0,0
03/01/2026 00:40:26,d092rmnoovhpfm35n490,81432434001,8143,,BS-14,,,False,True,187,87,118,126,,<nil>,127,127,,<nil>,1177,1347,1351,1352,1352,0.56,0,,,,,,,,,,,,,,,,,,,,,,,,,,,,,,,,17.9,,66,,0,0
03/01/2026 00:41:26,d092rmnoovhpfm35n490,81432434001,8143,,BS-14,,,False,True,187,86,117,125,,<nil>,126,126,,<nil>,1175,1343,1347,1348,1348,0.56,0,,,,,,,,,,,,,,,,,,,,,,,,,,,,,,,,17.9,,66,,0,0
03/01/2026 00:42:26,d092rmnoovhpfm35n490,81432434001,8143,,BS-14,,,False,True,186,85,115,123,,<nil>,124,124,,<nil>,1149,1314,1319,1319,1320,0.57,0,,,,,,,,,,,,,,,,,,,,,,,,,,,,,,,,17.9,,66,,0,0
03/01/2026 00:43:26,d092rmnoovhpfm35n490,81432434001,8143,,BS-14,,,False,True,185,85,113,121,,<nil>,122,123,,<nil>,1128,1291,1295,1296,1297,0.56,0,,,,,,,,,,,,,,,,,,,,,,,,,,,,,,,,18.0,,66,,0,0
03/01/2026 00:44:26,d092rmnoovhpfm35n490,81432434001,8143,,BS-14,,,False,True,184,83,111,119,,<nil>,120,120,,<nil>,1110,1270,1274,1275,1275,0.56,0,,,,,,,,,,,,,,,,,,,,,,,,,,,,,,,,18.0,,66,,0,0
03/01/2026 00:45:26,d092rmnoovhpfm35n490,81432434001,8143,,BS-14,,,False,True,184,83,112,119,,<nil>,120,120,,<nil>,1114,1275,1279,1280,1280,0.56,0,,,,,,,,,,,,,,,,,,,,,,,,,,,,,,,,18.1,,66,,0,0
03/01/2026 00:46:26,d092rmnoovhpfm35n490,81432434001,8143,,BS-14,,,False,True,183,82,110,117,,<nil>,118,118,,<nil>,1095,1252,1256,1257,1257,0.57,0,,,,,,,,,,,,,,,,,,,,,,,,,,,,,,,,18.1,,66,,0,0
03/01/2026 00:47:26,d092rmnoovhpfm35n490,81432434001,8143,,BS-14,,,False,True,183,82,110,117,,<nil>,117,118,,<nil>,1095,1252,1256,1256,1257,0.55,0,,,,,,,,,,,,,,,,,,,,,,,,,,,,,,,,18.1,,66,,0,0
03/01/2026 00:48:26,d092rmnoovhpfm35n490,81432434001,8143,,BS-14,,,False,True,180,79,105,111,,<nil>,112,112,,<nil>,1047,1197,1200,1201,1201,0.55,0,,,,,,,,,,,,,,,,,,,,,,,,,,,,,,,,18.2,,66,,0,0
03/01/2026 00:49:26,d092rmnoovhpfm35n490,81432434001,8143,,BS-14,,,False,True,175,74,96,102,,<nil>,102,102,,<nil>,961,1097,1100,1101,1101,0.54,0,,,,,,,,,,,,,,,,,,,,,,,,,,,,,,,,18.2,,66,,0,0
03/01/2026 00:50:26,d092rmnoovhpfm35n490,81432434001,8143,,BS-14,,,False,True,174,74,95,100,,<nil>,101,101,,<nil>,947,1081,1084,1084,1085,0.55,0,,,,,,,,,,,,,,,,,,,,,,,,,,,,,,,,18.2,,66,,0,0
03/01/2026 00:51:26,d092rmnoovhpfm35n490,81432434001,8143,,BS-14,,,False,True,173,73,93,99,,<nil>,99,99,,<nil>,928,1060,1063,1064,1064,0.54,0,,,,,,,,,,,,,,,,,,,,,,,,,,,,,,,,18.3,,66,,0,0
03/01/2026 00:52:26,d092rmnoovhpfm35n490,81432434001,8143,,BS-14,,,False,True,171,71,90,95,,<nil>,95,95,,<nil>,896,1023,1025,1026,1026,0.54,0,,,,,,,,,,,,,,,,,,,,,,,,,,,,,,,,18.3,,66,,0,0
03/01/2026 00:53:26,d092rmnoovhpfm35n490,81432434001,8143,,BS-14,,,False,True,172,71,90,96,,<nil>,96,96,,<nil>,903,1030,1033,1033,1033,0.52,0,,,,,,,,,,,,,,,,,,,,,,,,,,,,,,,,18.3,,66,,0,0
03/01/2026 00:54:26,d092rmnoovhpfm35n490,81432434001,8143,,BS-14,,,False,True,171,71,89,94,,<nil>,94,95,,<nil>,889,1015,1017,1018,1018,0.54,0,,,,,,,,,,,,,,,,,,,,,,,,,,,,,,,,18.3,,66,,0,0
03/01/2026 00:55:26,d092rmnoovhpfm35n490,81432434001,8143,,BS-14,,,False,True,169,68,85,90,,<nil>,90,90,,<nil>,851,972,974,974,974,0.52,0,,,,,,,,,,,,,,,,,,,,,,,,,,,,,,,,18.2,,66,,0,0
03/01/2026 00:56:26,d092rmnoovhpfm35n490,81432434001,8143,,BS-14,,,False,True,168,67,83,88,,<nil>,88,88,,<nil>,833,950,952,953,953,0.52,0,,,,,,,,,,,,,,,,,,,,,,,,,,,,,,,,18.1,,66,,0,0
03/01/2026 00:57:26,d092rmnoovhpfm35n490,81432434001,8143,,BS-14,,,False,True,167,66,81,86,,<nil>,86,86,,<nil>,810,924,926,927,927,0.51,0,,,,,,,,,,,,,,,,,,,,,,,,,,,,,,,,18.1,,66,,0,0
03/01/2026 00:58:26,d092rmnoovhpfm35n490,81432434001,8143,,BS-14,,,False,True,167,66,81,86,,<nil>,86,86,,<nil>,814,929,931,931,931,0.51,0,,,,,,,,,,,,,,,,,,,,,,,,,,,,,,,,18.0,,66,,0,0
03/01/2026 00:59:26,d092rmnoovhpfm35n490,81432434001,8143,,BS-14,,,False,True,168,67,83,88,,<nil>,88,88,,<nil>,831,949,951,951,951,0.52,0,,,,,,,,,,,,,,,,,,,,,,,,,,,,,,,,18.0,,66,,0,0
03/01/2026 01:00:26,d092rmnoovhpfm35n490,81432434001,8143,,BS-14,,,False,True,168,68,84,89,,<nil>,89,89,,<nil>,844,963,965,965,966,0.52,0,,,,,,,,,,,,,,,,,,,,,,,,,,,,,,,,17.9,,66,,0,0
03/01/2026 01:01:26,d092rmnoovhpfm35n490,81432434001,8143,,BS-14,,,False,True,170,69,87,92,,<nil>,92,92,,<nil>,872,995,997,997,997,0.53,0,,,,,,,,,,,,,,,,,,,,,,,,,,,,,,,,17.9,,66,,0,0
03/01/2026 01:02:26,d092rmnoovhpfm35n490,81432434001,8143,,BS-14,,,False,True,171,71,90,95,,<nil>,95,95,,<nil>,901,1028,1031,1031,1031,0.52,0,,,,,,,,,,,,,,,,,,,,,,,,,,,,,,,,17.8,,66,,0,0
03/01/2026 01:03:26,d092rmnoovhpfm35n490,81432434001,8143,,BS-14,,,False,True,172,72,91,97,,<nil>,97,97,,<nil>,917,1047,1049,1049,1049,0.52,0,,,,,,,,,,,,,,,,,,,,,,,,,,,,,,,,17.7,,66,,0,0
03/01/2026 01:04:26,d092rmnoovhpfm35n490,81432434001,8143,,BS-14,,,False,True,172,71,91,96,,<nil>,96,96,,<nil>,915,1044,1047,1047,1047,0.52,0,,,,,,,,,,,,,,,,,,,,,,,,,,,,,,,,17.7,,66,,0,0
03/01/2026 01:05:26,d092rmnoovhpfm35n490,81432434001,8143,,BS-14,,,False,True,172,72,91,97,,<nil>,97,97,,<nil>,917,1047,1049,1049,1049,0.52,0,,,,,,,,,,,,,,,,,,,,,,,,,,,,,,,,17.6,,67,,0,0
03/01/2026 01:06:26,d092rmnoovhpfm35n490,81432434001,8143,,BS-14,,,False,True,172,71,91,96,,<nil>,96,96,,<nil>,914,1043,1045,1046,1046,0.52,0,,,,,,,,,,,,,,,,,,,,,,,,,,,,,,,,17.6,,67,,0,0
03/01/2026 01:07:26,d092rmnoovhpfm35n490,81432434001,8143,,BS-14,,,False,True,172,71,91,96,,<nil>,96,96,,<nil>,913,1042,1044,1044,1044,0.52,0,,,,,,,,,,,,,,,,,,,,,,,,,,,,,,,,17.6,,67,,0,0
03/01/2026 01:08:26,d092rmnoovhpfm35n490,81432434001,8143,,BS-14,,,False,True,173,73,93,99,,<nil>,99,99,,<nil>,938,1071,1073,1073,1074,0.52,0,,,,,,,,,,,,,,,,,,,,,,,,,,,,,,,,17.6,,67,,0,0
03/01/2026 01:09:26,d092rmnoovhpfm35n490,81432434001,8143,,BS-14,,,False,True,194,93,131,139,,<nil>,140,140,,<nil>,1320,1507,1511,1512,1512,0.54,0,,,,,,,,,,,,,,,,,,,,,,,,,,,,,,,,17.7,,67,,0,0
03/01/2026 01:10:26,d092rmnoovhpfm35n490,81432434001,8143,,BS-14,,,False,True,177,76,100,106,,<nil>,106,106,,<nil>,1000,1142,1145,1145,1145,0.53,0,,,,,,,,,,,,,,,,,,,,,,,,,,,,,,,,17.7,,67,,0,0
03/01/2026 01:11:26,d092rmnoovhpfm35n490,81432434001,8143,,BS-14,,,False,True,200,99,141,150,,<nil>,151,151,,<nil>,1413,1616,1621,1621,1622,0.56,0,,,,,,,,,,,,,,,,,,,,,,,,,,,,,,,,17.7,,67,,0,0
03/01/2026 01:12:26,d092rmnoovhpfm35n490,81432434001,8143,,BS-14,,,False,True,183,82,110,117,,<nil>,117,117,,<nil>,1107,1264,1267,1268,1268,0.52,0,,,,,,,,,,,,,,,,,,,,,,,,,,,,,,,,17.8,,67,,0,0
03/01/2026 01:13:26,d092rmnoovhpfm35n490,81432434001,8143,,BS-14,,,False,True,178,77,101,107,,<nil>,107,107,,<nil>,1010,1153,1156,1157,1157,0.53,0,,,,,,,,,,,,,,,,,,,,,,,,,,,,,,,,17.8,,67,,0,0
03/01/2026 01:14:26,d092rmnoovhpfm35n490,81432434001,8143,,BS-14,,,False,True,177,76,99,105,,<nil>,105,105,,<nil>,997,1138,1141,1141,1141,0.52,0,,,,,,,,,,,,,,,,,,,,,,,,,,,,,,,,17.8,,67,,0,0
03/01/2026 01:15:26,d092rmnoovhpfm35n490,81432434001,8143,,BS-14,,,False,True,177,77,100,106,,<nil>,106,107,,<nil>,1008,1151,1153,1154,1154,0.53,0,,,,,,,,,,,,,,,,,,,,,,,,,,,,,,,,17.9,,67,,0,0
03/01/2026 01:16:26,d092rmnoovhpfm35n490,81432434001,8143,,BS-14,,,False,True,177,76,100,105,,<nil>,105,105,,<nil>,999,1140,1142,1143,1143,0.52,0,,,,,,,,,,,,,,,,,,,,,,,,,,,,,,,,17.9,,67,,0,0
03/01/2026 01:17:26,d092rmnoovhpfm35n490,81432434001,8143,,BS-14,,,False,True,178,77,102,108,,<nil>,108,108,,<nil>,1019,1163,1166,1166,1166,0.53,0,,,,,,,,,,,,,,,,,,,,,,,,,,,,,,,,17.9,,67,,0,0
03/01/2026 01:18:26,d092rmnoovhpfm35n490,81432434001,8143,,BS-14,,,False,True,201,99,142,151,,<nil>,151,151,,<nil>,1423,1625,1629,1629,1630,0.54,0,,,,,,,,,,,,,,,,,,,,,,,,,,,,,,,,17.9,,67,,0,0
03/01/2026 01:19:26,d092rmnoovhpfm35n490,81432434001,8143,,BS-14,,,False,True,180,80,106,112,,<nil>,112,113,,<nil>,1064,1214,1217,1217,1218,0.53,0,,,,,,,,,,,,,,,,,,,,,,,,,,,,,,,,17.9,,67,,0,0
03/01/2026 01:20:26,d092rmnoovhpfm35n490,81432434001,8143,,BS-14,,,False,True,176,75,97,103,,<nil>,103,103,,<nil>,972,1109,1111,1112,1112,0.52,0,,,,,,,,,,,,,,,,,,,,,,,,,,,,,,,,17.9,,67,,0,0
03/01/2026 01:21:26,d092rmnoovhpfm35n490,81432434001,8143,,BS-14,,,False,True,179,78,103,109,,<nil>,109,110,,<nil>,1036,1182,1185,1185,1185,0.53,0,,,,,,,,,,,,,,,,,,,,,,,,,,,,,,,,18.0,,67,,0,0
03/01/2026 01:22:26,d092rmnoovhpfm35n490,81432434001,8143,,BS-14,,,False,True,177,76,99,105,,<nil>,105,105,,<nil>,992,1133,1135,1136,1136,0.52,0,,,,,,,,,,,,,,,,,,,,,,,,,,,,,,,,18.0,,67,,0,0
03/01/2026 01:23:26,d092rmnoovhpfm35n490,81432434001,8143,,BS-14,,,False,True,170,70,88,93,,<nil>,93,93,,<nil>,881,1006,1008,1008,1009,0.52,0,,,,,,,,,,,,,,,,,,,,,,,,,,,,,,,,18.0,,67,,0,0
03/01/2026 01:24:26,d092rmnoovhpfm35n490,81432434001,8143,,BS-14,,,False,True,167,66,82,86,,<nil>,86,86,,<nil>,818,934,936,936,936,0.52,0,,,,,,,,,,,,,,,,,,,,,,,,,,,,,,,,18.0,,67,,0,0
03/01/2026 01:25:26,d092rmnoovhpfm35n490,81432434001,8143,,BS-14,,,False,True,167,66,81,86,,<nil>,86,86,,<nil>,813,928,931,931,931,0.53,0,,,,,,,,,,,,,,,,,,,,,,,,,,,,,,,,18.0,,67,,0,0
03/01/2026 01:26:26,d092rmnoovhpfm35n490,81432434001,8143,,BS-14,,,False,True,165,65,78,83,,<nil>,83,83,,<nil>,784,895,897,897,897,0.53,0,,,,,,,,,,,,,,,,,,,,,,,,,,,,,,,,18.0,,67,,0,0
03/01/2026 01:27:26,d092rmnoovhpfm35n490,81432434001,8143,,BS-14,,,False,True,165,65,78,83,,<nil>,83,83,,<nil>,780,891,893,893,893,0.53,0,,,,,,,,,,,,,,,,,,,,,,,,,,,,,,,,18.1,,67,,0,0
03/01/2026 01:28:26,d092rmnoovhpfm35n490,81432434001,8143,,BS-14,,,False,True,164,64,76,80,,<nil>,81,81,,<nil>,757,865,867,868,868,0.54,0,,,,,,,,,,,,,,,,,,,,,,,,,,,,,,,,18.1,,67,,0,0
03/01/2026 01:29:26,d092rmnoovhpfm35n490,81432434001,8143,,BS-14,,,False,True,163,63,75,79,,<nil>,80,80,,<nil>,749,855,857,858,858,0.53,0,,,,,,,,,,,,,,,,,,,,,,,,,,,,,,,,18.1,,67,,0,0
03/01/2026 01:30:26,d092rmnoovhpfm35n490,81432434001,8143,,BS-14,,,False,True,164,64,77,81,,<nil>,81,81,,<nil>,768,877,879,879,879,0.52,0,,,,,,,,,,,,,,,,,,,,,,,,,,,,,,,,18.2,,67,,0,0
03/01/2026 01:31:26,d092rmnoovhpfm35n490,81432434001,8143,,BS-14,,,False,True,165,65,79,83,,<nil>,83,83,,<nil>,786,897,899,900,900,0.54,0,,,,,,,,,,,,,,,,,,,,,,,,,,,,,,,,18.2,,67,,0,0
03/01/2026 01:32:26,d092rmnoovhpfm35n490,81432434001,8143,,BS-14,,,False,True,166,65,79,84,,<nil>,84,84,,<nil>,789,901,903,903,903,0.53,0,,,,,,,,,,,,,,,,,,,,,,,,,,,,,,,,18.3,,67,,0,0
03/01/2026 01:33:26,d092rmnoovhpfm35n490,81432434001,8143,,BS-14,,,False,True,165,65,79,83,,<nil>,83,84,,<nil>,786,897,899,900,900,0.53,0,,,,,,,,,,,,,,,,,,,,,,,,,,,,,,,,18.3,,66,,0,0
03/01/2026 01:34:26,d092rmnoovhpfm35n490,81432434001,8143,,BS-14,,,False,True,166,65,80,84,,<nil>,84,84,,<nil>,795,908,910,910,911,0.53,0,,,,,,,,,,,,,,,,,,,,,,,,,,,,,,,,18.3,,66,,0,0
03/01/2026 01:35:26,d092rmnoovhpfm35n490,81432434001,8143,,BS-14,,,False,True,166,66,80,85,,<nil>,85,85,,<nil>,800,914,916,917,917,0.54,0,,,,,,,,,,,,,,,,,,,,,,,,,,,,,,,,18.4,,66,,0,0
03/01/2026 01:36:26,d092rmnoovhpfm35n490,81432434001,8143,,BS-14,,,False,True,169,69,86,91,,<nil>,91,91,,<nil>,860,981,983,983,984,0.52,0,,,,,,,,,,,,,,,,,,,,,,,,,,,,,,,,18.4,,67,,0,0
03/01/2026 01:37:26,d092rmnoovhpfm35n490,81432434001,8143,,BS-14,,,False,True,197,95,135,144,,<nil>,144,144,,<nil>,1349,1541,1546,1546,1547,0.55,0,,,,,,,,,,,,,,,,,,,,,,,,,,,,,,,,18.4,,67,,0,0
03/01/2026 01:38:26,d092rmnoovhpfm35n490,81432434001,8143,,BS-14,,,False,True,180,79,106,112,,<nil>,112,112,,<nil>,1056,1206,1209,1209,1209,0.53,0,,,,,,,,,,,,,,,,,,,,,,,,,,,,,,,,18.4,,67,,0,0
03/01/2026 01:39:26,d092rmnoovhpfm35n490,81432434001,8143,,BS-14,,,False,True,172,72,91,97,,<nil>,97,97,,<nil>,909,1038,1041,1041,1041,0.54,0,,,,,,,,,,,,,,,,,,,,,,,,,,,,,,,,18.4,,67,,0,0
03/01/2026 01:40:26,d092rmnoovhpfm35n490,81432434001,8143,,BS-14,,,False,True,177,76,99,105,,<nil>,105,105,,<nil>,984,1124,1127,1127,1127,0.53,0,,,,,,,,,,,,,,,,,,,,,,,,,,,,,,,,18.5,,66,,0,0
03/01/2026 01:41:26,d092rmnoovhpfm35n490,81432434001,8143,,BS-14,,,False,True,-1,413,461,504,,<nil>,518,526,,<nil>,4529,5216,5253,5260,5262,0.6,0,,,,,,,,,,,,,,,,,,,,,,,,,,,,,,,,18.5,,66,,0,0
03/01/2026 01:42:26,d092rmnoovhpfm35n490,81432434001,8143,,BS-14,,,False,True,274,137,209,224,,<nil>,227,228,,<nil>,2070,2371,2381,2382,2383,0.58,0,,,,,,,,,,,,,,,,,,,,,,,,,,,,,,,,18.6,,66,,0,0
03/01/2026 01:43:26,d092rmnoovhpfm35n490,81432434001,8143,,BS-14,,,False,True,196,94,134,142,,<nil>,142,142,,<nil>,1330,1518,1522,1523,1523,0.53,0,,,,,,,,,,,,,,,,,,,,,,,,,,,,,,,,18.7,,66,,0,0
03/01/2026 01:44:26,d092rmnoovhpfm35n490,81432434001,8143,,BS-14,,,False,True,195,94,133,140,,<nil>,141,141,,<nil>,1318,1505,1509,1509,1510,0.54,0,,,,,,,,,,,,,,,,,,,,,,,,,,,,,,,,18.8,,66,,0,0
03/01/2026 01:45:26,d092rmnoovhpfm35n490,81432434001,8143,,BS-14,,,False,True,175,74,97,102,,<nil>,102,102,,<nil>,960,1096,1099,1099,1099,0.52,0,,,,,,,,,,,,,,,,,,,,,,,,,,,,,,,,18.8,,66,,0,0
03/01/2026 01:46:26,d092rmnoovhpfm35n490,81432434001,8143,,BS-14,,,False,True,173,72,92,98,,<nil>,98,98,,<nil>,918,1049,1051,1051,1052,0.54,0,,,,,,,,,,,,,,,,,,,,,,,,,,,,,,,,18.9,,66,,0,0
03/01/2026 01:47:26,d092rmnoovhpfm35n490,81432434001,8143,,BS-14,,,False,True,172,71,90,96,,<nil>,96,96,,<nil>,899,1026,1029,1029,1029,0.53,0,,,,,,,,,,,,,,,,,,,,,,,,,,,,,,,,18.9,,66,,0,0
03/01/2026 01:48:26,d092rmnoovhpfm35n490,81432434001,8143,,BS-14,,,False,True,172,72,92,97,,<nil>,98,98,,<nil>,914,1044,1046,1046,1046,0.53,0,,,,,,,,,,,,,,,,,,,,,,,,,,,,,,,,19.0,,66,,0,0
03/01/2026 01:49:26,d092rmnoovhpfm35n490,81432434001,8143,,BS-14,,,False,True,189,88,123,130,,<nil>,130,130,,<nil>,1217,1389,1392,1393,1393,0.54,0,,,,,,,,,,,,,,,,,,,,,,,,,,,,,,,,19.0,,66,,0,0
03/01/2026 01:50:26,d092rmnoovhpfm35n490,81432434001,8143,,BS-14,,,False,True,184,83,113,120,,<nil>,120,120,,<nil>,1122,1281,1285,1285,1285,0.54,0,,,,,,,,,,,,,,,,,,,,,,,,,,,,,,,,19.1,,66,,0,0
03/01/2026 01:51:26,d092rmnoovhpfm35n490,81432434001,8143,,BS-14,,,False,True,182,81,108,115,,<nil>,115,115,,<nil>,1072,1224,1227,1227,1227,0.53,0,,,,,,,,,,,,,,,,,,,,,,,,,,,,,,,,19.2,,66,,0,0
03/01/2026 01:52:26,d092rmnoovhpfm35n490,81432434001,8143,,BS-14,,,False,True,176,75,97,103,,<nil>,103,103,,<nil>,966,1103,1105,1106,1106,0.53,0,,,,,,,,,,,,,,,,,,,,,,,,,,,,,,,,19.2,,66,,0,0
03/01/2026 01:53:26,d092rmnoovhpfm35n490,81432434001,8143,,BS-14,,,False,True,176,75,98,104,,<nil>,104,104,,<nil>,967,1104,1107,1108,1108,0.55,0,,,,,,,,,,,,,,,,,,,,,,,,,,,,,,,,19.2,,66,,0,0
03/01/2026 01:54:26,d092rmnoovhpfm35n490,81432434001,8143,,BS-14,,,False,True,201,100,141,151,,<nil>,153,154,,<nil>,1391,1593,1599,1600,1601,0.58,0,,,,,,,,,,,,,,,,,,,,,,,,,,,,,,,,19.2,,66,,0,0
03/01/2026 01:55:26,d092rmnoovhpfm35n490,81432434001,8143,,BS-14,,,False,True,196,96,133,143,,<nil>,144,145,,<nil>,1317,1507,1512,1513,1514,0.56,0,,,,,,,,,,,,,,,,,,,,,,,,,,,,,,,,19.3,,66,,0,0
03/01/2026 01:56:26,d092rmnoovhpfm35n490,81432434001,8143,,BS-14,,,False,True,186,85,115,123,,<nil>,123,124,,<nil>,1141,1304,1308,1308,1309,0.56,0,,,,,,,,,,,,,,,,,,,,,,,,,,,,,,,,19.3,,66,,0,0
03/01/2026 01:57:26,d092rmnoovhpfm35n490,81432434001,8143,,BS-14,,,False,True,264,133,197,214,,<nil>,218,220,,<nil>,1934,2221,2233,2236,2236,0.6,0,,,,,,,,,,,,,,,,,,,,,,,,,,,,,,,,19.4,,66,,0,0
03/01/2026 01:58:26,d092rmnoovhpfm35n490,81432434001,8143,,BS-14,,,False,True,191,91,124,133,,<nil>,135,136,,<nil>,1221,1398,1404,1405,1405,0.56,0,,,,,,,,,,,,,,,,,,,,,,,,,,,,,,,,19.5,,66,,0,0
03/01/2026 01:59:26,d092rmnoovhpfm35n490,81432434001,8143,,BS-14,,,False,True,182,81,108,115,,<nil>,115,115,,<nil>,1068,1220,1223,1223,1224,0.54,0,,,,,,,,,,,,,,,,,,,,,,,,,,,,,,,,19.6,,65,,0,0
03/01/2026 02:00:26,d092rmnoovhpfm35n490,81432434001,8143,,BS-14,,,False,True,177,76,100,106,,<nil>,106,106,,<nil>,985,1125,1128,1128,1128,0.54,0,,,,,,,,,,,,,,,,,,,,,,,,,,,,,,,,19.6,,65,,0,0
03/01/2026 02:01:26,d092rmnoovhpfm35n490,81432434001,8143,,BS-14,,,False,True,174,74,96,101,,<nil>,102,102,,<nil>,945,1079,1081,1082,1082,0.53,0,,,,,,,,,,,,,,,,,,,,,,,,,,,,,,,,19.7,,65,,0,0
03/01/2026 02:02:26,d092rmnoovhpfm35n490,81432434001,8143,,BS-14,,,False,True,176,75,97,103,,<nil>,103,103,,<nil>,955,1091,1093,1094,1094,0.54,0,,,,,,,,,,,,,,,,,,,,,,,,,,,,,,,,19.7,,65,,0,0
03/01/2026 02:03:26,d092rmnoovhpfm35n490,81432434001,8143,,BS-14,,,False,True,179,78,103,109,,<nil>,109,109,,<nil>,1012,1155,1158,1159,1159,0.54,0,,,,,,,,,,,,,,,,,,,,,,,,,,,,,,,,19.8,,65,,0,0
03/01/2026 02:04:26,d092rmnoovhpfm35n490,81432434001,8143,,BS-14,,,False,True,177,76,100,106,,<nil>,106,106,,<nil>,983,1122,1125,1126,1126,0.54,0,,,,,,,,,,,,,,,,,,,,,,,,,,,,,,,,19.8,,65,,0,0
03/01/2026 02:05:26,d092rmnoovhpfm35n490,81432434001,8143,,BS-14,,,False,True,184,83,112,119,,<nil>,119,119,,<nil>,1101,1258,1261,1262,1262,0.55,0,,,,,,,,,,,,,,,,,,,,,,,,,,,,,,,,19.8,,65,,0,0
03/01/2026 02:06:26,d092rmnoovhpfm35n490,81432434001,8143,,BS-14,,,False,True,247,124,182,197,,<nil>,200,202,,<nil>,1782,2045,2055,2057,2058,0.58,0,,,,,,,,,,,,,,,,,,,,,,,,,,,,,,,,19.9,,65,,0,0
03/01/2026 02:07:26,d092rmnoovhpfm35n490,81432434001,8143,,BS-14,,,False,True,184,83,111,119,,<nil>,120,120,,<nil>,1093,1251,1255,1256,1256,0.56,0,,,,,,,,,,,,,,,,,,,,,,,,,,,,,,,,19.9,,65,,0,0
03/01/2026 02:08:26,d092rmnoovhpfm35n490,81432434001,8143,,BS-14,,,False,True,182,81,109,115,,<nil>,115,115,,<nil>,1072,1224,1227,1227,1227,0.54,0,,,,,,,,,,,,,,,,,,,,,,,,,,,,,,,,19.9,,65,,0,0
03/01/2026 02:09:26,d092rmnoovhpfm35n490,81432434001,8143,,BS-14,,,False,True,182,81,109,115,,<nil>,116,116,,<nil>,1070,1222,1225,1226,1226,0.55,0,,,,,,,,,,,,,,,,,,,,,,,,,,,,,,,,19.9,,65,,0,0
03/01/2026 02:10:26,d092rmnoovhpfm35n490,81432434001,8143,,BS-14,,,False,True,180,79,105,112,,<nil>,112,112,,<nil>,1037,1184,1187,1187,1187,0.54,0,,,,,,,,,,,,,,,,,,,,,,,,,,,,,,,,19.9,,64,,0,0
03/01/2026 02:11:26,d092rmnoovhpfm35n490,81432434001,8143,,BS-14,,,False,True,179,78,104,110,,<nil>,110,110,,<nil>,1023,1168,1170,1171,1171,0.54,0,,,,,,,,,,,,,,,,,,,,,,,,,,,,,,,,20.0,,64,,0,0
03/01/2026 02:12:26,d092rmnoovhpfm35n490,81432434001,8143,,BS-14,,,False,True,181,81,108,114,,<nil>,115,115,,<nil>,1060,1211,1214,1215,1215,0.55,0,,,,,,,,,,,,,,,,,,,,,,,,,,,,,,,,20.0,,64,,0,0
03/01/2026 02:13:26,d092rmnoovhpfm35n490,81432434001,8143,,BS-14,,,False,True,181,80,106,113,,<nil>,113,114,,<nil>,1041,1190,1193,1194,1194,0.55,0,,,,,,,,,,,,,,,,,,,,,,,,,,,,,,,,20.1,,64,,0,0
03/01/2026 02:14:26,d092rmnoovhpfm35n490,81432434001,8143,,BS-14,,,False,True,177,76,100,105,,<nil>,106,106,,<nil>,979,1117,1120,1120,1121,0.54,0,,,,,,,,,,,,,,,,,,,,,,,,,,,,,,,,20.1,,64,,0,0
03/01/2026 02:15:26,d092rmnoovhpfm35n490,81432434001,8143,,BS-14,,,False,True,176,75,98,104,,<nil>,104,104,,<nil>,966,1102,1105,1105,1105,0.53,0,,,,,,,,,,,,,,,,,,,,,,,,,,,,,,,,20.1,,64,,0,0
03/01/2026 02:16:26,d092rmnoovhpfm35n490,81432434001,8143,,BS-14,,,False,True,179,78,102,109,,<nil>,109,109,,<nil>,1007,1150,1152,1153,1153,0.54,0,,,,,,,,,,,,,,,,,,,,,,,,,,,,,,,,20.2,,64,,0,0
03/01/2026 02:17:26,d092rmnoovhpfm35n490,81432434001,8143,,BS-14,,,False,True,176,75,99,104,,<nil>,104,104,,<nil>,969,1106,1109,1109,1109,0.52,0,,,,,,,,,,,,,,,,,,,,,,,,,,,,,,,,20.2,,64,,0,0
03/01/2026 02:18:26,d092rmnoovhpfm35n490,81432434001,8143,,BS-14,,,False,True,174,74,96,101,,<nil>,102,102,,<nil>,942,1075,1078,1078,1078,0.53,0,,,,,,,,,,,,,,,,,,,,,,,,,,,,,,,,20.2,,64,,0,0
03/01/2026 02:19:26,d092rmnoovhpfm35n490,81432434001,8143,,BS-14,,,False,True,174,74,95,101,,<nil>,101,101,,<nil>,935,1067,1069,1070,1070,0.53,0,,,,,,,,,,,,,,,,,,,,,,,,,,,,,,,,20.3,,64,,0,0
03/01/2026 02:20:26,d092rmnoovhpfm35n490,81432434001,8143,,BS-14,,,False,True,175,74,96,102,,<nil>,102,102,,<nil>,939,1073,1075,1076,1076,0.53,0,,,,,,,,,,,,,,,,,,,,,,,,,,,,,,,,20.3,,63,,0,0
03/01/2026 02:21:26,d092rmnoovhpfm35n490,81432434001,8143,,BS-14,,,False,True,174,73,94,100,,<nil>,100,100,,<nil>,926,1058,1060,1060,1061,0.54,0,,,,,,,,,,,,,,,,,,,,,,,,,,,,,,,,20.4,,63,,0,0
03/01/2026 02:22:26,d092rmnoovhpfm35n490,81432434001,8143,,BS-14,,,False,True,173,72,92,98,,<nil>,98,98,,<nil>,906,1034,1036,1037,1037,0.54,0,,,,,,,,,,,,,,,,,,,,,,,,,,,,,,,,20.4,,63,,0,0
03/01/2026 02:23:26,d092rmnoovhpfm35n490,81432434001,8143,,BS-14,,,False,True,172,72,92,97,,<nil>,98,98,,<nil>,904,1031,1034,1034,1034,0.53,0,,,,,,,,,,,,,,,,,,,,,,,,,,,,,,,,20.4,,63,,0,0
03/01/2026 02:24:26,d092rmnoovhpfm35n490,81432434001,8143,,BS-14,,,False,True,172,72,91,97,,<nil>,97,97,,<nil>,892,1018,1021,1021,1022,0.54,0,,,,,,,,,,,,,,,,,,,,,,,,,,,,,,,,20.4,,63,,0,0
03/01/2026 02:25:26,d092rmnoovhpfm35n490,81432434001,8143,,BS-14,,,False,True,172,72,92,97,,<nil>,97,97,,<nil>,899,1027,1029,1030,1030,0.53,0,,,,,,,,,,,,,,,,,,,,,,,,,,,,,,,,20.4,,63,,0,0
03/01/2026 02:26:26,d092rmnoovhpfm35n490,81432434001,8143,,BS-14,,,False,True,172,72,92,97,,<nil>,97,97,,<nil>,902,1029,1032,1032,1032,0.53,0,,,,,,,,,,,,,,,,,,,,,,,,,,,,,,,,20.4,,63,,0,0
03/01/2026 02:27:26,d092rmnoovhpfm35n490,81432434001,8143,,BS-14,,,False,True,173,72,93,98,,<nil>,98,98,,<nil>,907,1036,1038,1039,1039,0.53,0,,,,,,,,,,,,,,,,,,,,,,,,,,,,,,,,20.4,,63,,0,0
03/01/2026 02:28:26,d092rmnoovhpfm35n490,81432434001,8143,,BS-14,,,False,True,173,73,93,99,,<nil>,99,99,,<nil>,915,1045,1048,1048,1048,0.54,0,,,,,,,,,,,,,,,,,,,,,,,,,,,,,,,,20.5,,63,,0,0
03/01/2026 02:29:26,d092rmnoovhpfm35n490,81432434001,8143,,BS-14,,,False,True,174,74,95,101,,<nil>,101,101,,<nil>,933,1066,1069,1069,1069,0.54,0,,,,,,,,,,,,,,,,,,,,,,,,,,,,,,,,20.5,,63,,0,0
03/01/2026 02:30:26,d092rmnoovhpfm35n490,81432434001,8143,,BS-14,,,False,True,176,75,98,104,,<nil>,104,104,,<nil>,964,1100,1103,1103,1103,0.53,0,,,,,,,,,,,,,,,,,,,,,,,,,,,,,,,,20.6,,63,,0,0
03/01/2026 02:31:26,d092rmnoovhpfm35n490,81432434001,8143,,BS-14,,,False,True,179,78,103,109,,<nil>,110,110,,<nil>,1009,1153,1156,1156,1156,0.54,0,,,,,,,,,,,,,,,,,,,,,,,,,,,,,,,,20.6,,63,,0,0
03/01/2026 02:32:26,d092rmnoovhpfm35n490,81432434001,8143,,BS-14,,,False,True,179,78,103,109,,<nil>,109,109,,<nil>,1003,1145,1148,1149,1149,0.55,0,,,,,,,,,,,,,,,,,,,,,,,,,,,,,,,,20.7,,63,,0,0
03/01/2026 02:33:26,d092rmnoovhpfm35n490,81432434001,8143,,BS-14,,,False,True,178,77,102,108,,<nil>,108,108,,<nil>,994,1136,1138,1139,1139,0.54,0,,,,,,,,,,,,,,,,,,,,,,,,,,,,,,,,20.7,,63,,0,0
03/01/2026 02:34:26,d092rmnoovhpfm35n490,81432434001,8143,,BS-14,,,False,True,178,77,101,107,,<nil>,107,107,,<nil>,985,1124,1127,1128,1128,0.54,0,,,,,,,,,,,,,,,,,,,,,,,,,,,,,,,,20.8,,63,,0,0
03/01/2026 02:35:26,d092rmnoovhpfm35n490,81432434001,8143,,BS-14,,,False,True,177,77,100,106,,<nil>,106,107,,<nil>,977,1116,1119,1119,1119,0.54,0,,,,,,,,,,,,,,,,,,,,,,,,,,,,,,,,20.9,,63,,0,0
03/01/2026 02:36:26,d092rmnoovhpfm35n490,81432434001,8143,,BS-14,,,False,True,177,77,100,106,,<nil>,106,107,,<nil>,976,1114,1117,1118,1118,0.54,0,,,,,,,,,,,,,,,,,,,,,,,,,,,,,,,,21.0,,63,,0,0
03/01/2026 02:37:26,d092rmnoovhpfm35n490,81432434001,8143,,BS-14,,,False,True,178,77,102,108,,<nil>,108,108,,<nil>,993,1134,1137,1137,1137,0.53,0,,,,,,,,,,,,,,,,,,,,,,,,,,,,,,,,21.0,,62,,0,0
03/01/2026 02:38:26,d092rmnoovhpfm35n490,81432434001,8143,,BS-14,,,False,True,178,77,101,107,,<nil>,107,107,,<nil>,986,1126,1129,1129,1129,0.53,0,,,,,,,,,,,,,,,,,,,,,,,,,,,,,,,,21.1,,62,,0,0
03/01/2026 02:39:26,d092rmnoovhpfm35n490,81432434001,8143,,BS-14,,,False,True,178,77,102,108,,<nil>,108,108,,<nil>,991,1131,1134,1134,1135,0.53,0,,,,,,,,,,,,,,,,,,,,,,,,,,,,,,,,21.2,,63,,0,0
03/01/2026 02:40:26,d092rmnoovhpfm35n490,81432434001,8143,,BS-14,,,False,True,178,77,101,107,,<nil>,107,107,,<nil>,981,1120,1122,1123,1123,0.53,0,,,,,,,,,,,,,,,,,,,,,,,,,,,,,,,,21.2,,63,,0,0
03/01/2026 02:41:26,d092rmnoovhpfm35n490,81432434001,8143,,BS-14,,,False,True,180,79,106,112,,<nil>,112,112,,<nil>,1026,1172,1175,1175,1176,0.53,0,,,,,,,,,,,,,,,,,,,,,,,,,,,,,,,,21.3,,63,,0,0
03/01/2026 02:42:26,d092rmnoovhpfm35n490,81432434001,8143,,BS-14,,,False,True,182,81,108,115,,<nil>,115,115,,<nil>,1053,1202,1205,1206,1206,0.54,0,,,,,,,,,,,,,,,,,,,,,,,,,,,,,,,,21.3,,62,,0,0
03/01/2026 02:43:26,d092rmnoovhpfm35n490,81432434001,8143,,BS-14,,,False,True,181,80,107,114,,<nil>,114,114,,<nil>,1040,1188,1191,1192,1192,0.54,0,,,,,,,,,,,,,,,,,,,,,,,,,,,,,,,,21.4,,62,,0,0
03/01/2026 02:44:26,d092rmnoovhpfm35n490,81432434001,8143,,BS-14,,,False,True,180,80,106,112,,<nil>,112,113,,<nil>,1029,1175,1178,1178,1178,0.54,0,,,,,,,,,,,,,,,,,,,,,,,,,,,,,,,,21.4,,62,,0,0
03/01/2026 02:45:26,d092rmnoovhpfm35n490,81432434001,8143,,BS-14,,,False,True,178,77,102,108,,<nil>,108,108,,<nil>,987,1127,1130,1130,1130,0.54,0,,,,,,,,,,,,,,,,,,,,,,,,,,,,,,,,21.5,,62,,0,0
03/01/2026 02:46:26,d092rmnoovhpfm35n490,81432434001,8143,,BS-14,,,False,True,178,77,101,107,,<nil>,107,107,,<nil>,979,1118,1120,1121,1121,0.53,0,,,,,,,,,,,,,,,,,,,,,,,,,,,,,,,,21.5,,62,,0,0
03/01/2026 02:47:26,d092rmnoovhpfm35n490,81432434001,8143,,BS-14,,,False,True,181,81,108,114,,<nil>,114,115,,<nil>,1048,1196,1199,1199,1200,0.53,0,,,,,,,,,,,,,,,,,,,,,,,,,,,,,,,,21.6,,61,,0,0
03/01/2026 02:48:26,d092rmnoovhpfm35n490,81432434001,8143,,BS-14,,,False,True,179,78,102,109,,<nil>,109,109,,<nil>,991,1133,1136,1136,1136,0.55,0,,,,,,,,,,,,,,,,,,,,,,,,,,,,,,,,21.6,,61,,0,0
03/01/2026 02:49:26,d092rmnoovhpfm35n490,81432434001,8143,,BS-14,,,False,True,178,77,101,108,,<nil>,108,108,,<nil>,979,1119,1123,1123,1123,0.55,0,,,,,,,,,,,,,,,,,,,,,,,,,,,,,,,,21.6,,61,,0,0
03/01/2026 02:50:26,d092rmnoovhpfm35n490,81432434001,8143,,BS-14,,,False,True,176,75,98,104,,<nil>,104,104,,<nil>,948,1083,1086,1086,1086,0.55,0,,,,,,,,,,,,,,,,,,,,,,,,,,,,,,,,21.6,,61,,0,0
03/01/2026 02:51:26,d092rmnoovhpfm35n490,81432434001,8143,,BS-14,,,False,True,177,76,99,105,,<nil>,105,105,,<nil>,959,1094,1097,1097,1098,0.53,0,,,,,,,,,,,,,,,,,,,,,,,,,,,,,,,,21.6,,61,,0,0
03/01/2026 02:52:26,d092rmnoovhpfm35n490,81432434001,8143,,BS-14,,,False,True,174,74,95,101,,<nil>,101,101,,<nil>,920,1050,1053,1054,1054,0.55,0,,,,,,,,,,,,,,,,,,,,,,,,,,,,,,,,21.7,,61,,0,0
03/01/2026 02:53:26,d092rmnoovhpfm35n490,81432434001,8143,,BS-14,,,False,True,174,74,95,100,,<nil>,101,101,,<nil>,916,1046,1049,1050,1050,0.54,0,,,,,,,,,,,,,,,,,,,,,,,,,,,,,,,,21.7,,61,,0,0
03/01/2026 02:54:26,d092rmnoovhpfm35n490,81432434001,8143,,BS-14,,,False,True,174,73,94,100,,<nil>,100,100,,<nil>,908,1037,1040,1040,1040,0.55,0,,,,,,,,,,,,,,,,,,,,,,,,,,,,,,,,21.8,,61,,0,0
03/01/2026 02:55:26,d092rmnoovhpfm35n490,81432434001,8143,,BS-14,,,False,True,172,72,92,97,,<nil>,97,97,,<nil>,886,1011,1014,1014,1014,0.54,0,,,,,,,,,,,,,,,,,,,,,,,,,,,,,,,,21.9,,61,,0,0
03/01/2026 02:56:26,d092rmnoovhpfm35n490,81432434001,8143,,BS-14,,,False,True,172,72,92,97,,<nil>,98,98,,<nil>,885,1012,1014,1015,1015,0.55,0,,,,,,,,,,,,,,,,,,,,,,,,,,,,,,,,21.9,,61,,0,0
03/01/2026 02:57:26,d092rmnoovhpfm35n490,81432434001,8143,,BS-14,,,False,True,172,71,90,96,,<nil>,96,96,,<nil>,871,994,997,997,998,0.55,0,,,,,,,,,,,,,,,,,,,,,,,,,,,,,,,,22.0,,61,,0,0
03/01/2026 02:58:26,d092rmnoovhpfm35n490,81432434001,8143,,BS-14,,,False,True,170,70,87,93,,<nil>,93,93,,<nil>,843,963,965,966,966,0.53,0,,,,,,,,,,,,,,,,,,,,,,,,,,,,,,,,22.1,,61,,0,0
03/01/2026 02:59:26,d092rmnoovhpfm35n490,81432434001,8143,,BS-14,,,False,True,171,70,88,94,,<nil>,94,94,,<nil>,849,971,973,974,974,0.55,0,,,,,,,,,,,,,,,,,,,,,,,,,,,,,,,,22.2,,62,,0,0
03/01/2026 03:00:26,d092rmnoovhpfm35n490,81432434001,8143,,BS-14,,,False,True,171,70,88,94,,<nil>,94,94,,<nil>,849,970,973,973,973,0.56,0,,,,,,,,,,,,,,,,,,,,,,,,,,,,,,,,22.2,,61,,0,0
03/01/2026 03:01:26,d092rmnoovhpfm35n490,81432434001,8143,,BS-14,,,False,True,171,71,90,95,,<nil>,95,96,,<nil>,868,991,993,994,994,0.53,0,,,,,,,,,,,,,,,,,,,,,,,,,,,,,,,,22.3,,61,,0,0
03/01/2026 03:02:26,d092rmnoovhpfm35n490,81432434001,8143,,BS-14,,,False,True,170,70,88,93,,<nil>,93,94,,<nil>,846,966,969,969,969,0.55,0,,,,,,,,,,,,,,,,,,,,,,,,,,,,,,,,22.3,,61,,0,0
03/01/2026 03:03:26,d092rmnoovhpfm35n490,81432434001,8143,,BS-14,,,False,True,171,70,88,94,,<nil>,94,94,,<nil>,847,968,971,971,972,0.55,0,,,,,,,,,,,,,,,,,,,,,,,,,,,,,,,,22.4,,61,,0,0
03/01/2026 03:04:26,d092rmnoovhpfm35n490,81432434001,8143,,BS-14,,,False,True,171,71,88,94,,<nil>,95,95,,<nil>,846,968,971,972,972,0.55,0,,,,,,,,,,,,,,,,,,,,,,,,,,,,,,,,22.5,,61,,0,0
03/01/2026 03:05:26,d092rmnoovhpfm35n490,81432434001,8143,,BS-14,,,False,True,172,72,90,96,,<nil>,97,97,,<nil>,868,992,995,995,996,0.55,0,,,,,,,,,,,,,,,,,,,,,,,,,,,,,,,,22.5,,61,,0,0
03/01/2026 03:06:26,d092rmnoovhpfm35n490,81432434001,8143,,BS-14,,,False,True,171,71,90,95,,<nil>,95,95,,<nil>,863,985,987,987,987,0.53,0,,,,,,,,,,,,,,,,,,,,,,,,,,,,,,,,22.6,,61,,0,0
03/01/2026 03:07:26,d092rmnoovhpfm35n490,81432434001,8143,,BS-14,,,False,True,172,71,90,96,,<nil>,96,96,,<nil>,868,991,994,994,994,0.54,0,,,,,,,,,,,,,,,,,,,,,,,,,,,,,,,,22.7,,61,,0,0
03/01/2026 03:08:26,d092rmnoovhpfm35n490,81432434001,8143,,BS-14,,,False,True,171,71,89,95,,<nil>,95,95,,<nil>,859,981,984,984,984,0.55,0,,,,,,,,,,,,,,,,,,,,,,,,,,,,,,,,22.7,,60,,0,0
03/01/2026 03:09:26,d092rmnoovhpfm35n490,81432434001,8143,,BS-14,,,False,True,171,70,88,94,,<nil>,94,94,,<nil>,846,966,969,969,970,0.54,0,,,,,,,,,,,,,,,,,,,,,,,,,,,,,,,,22.8,,60,,0,0
03/01/2026 03:10:26,d092rmnoovhpfm35n490,81432434001,8143,,BS-14,,,False,True,171,70,88,94,,<nil>,94,94,,<nil>,849,969,971,972,972,0.53,0,,,,,,,,,,,,,,,,,,,,,,,,,,,,,,,,22.9,,60,,0,0
03/01/2026 03:11:26,d092rmnoovhpfm35n490,81432434001,8143,,BS-14,,,False,True,169,69,86,91,,<nil>,92,92,,<nil>,829,946,948,949,949,0.54,0,,,,,,,,,,,,,,,,,,,,,,,,,,,,,,,,22.9,,60,,0,0
03/01/2026 03:12:26,d092rmnoovhpfm35n490,81432434001,8143,,BS-14,,,False,True,171,70,88,94,,<nil>,94,94,,<nil>,848,968,971,971,971,0.54,0,,,,,,,,,,,,,,,,,,,,,,,,,,,,,,,,23.0,,60,,0,0
03/01/2026 03:13:26,d092rmnoovhpfm35n490,81432434001,8143,,BS-14,,,False,True,170,70,88,93,,<nil>,93,94,,<nil>,840,960,963,963,963,0.55,0,,,,,,,,,,,,,,,,,,,,,,,,,,,,,,,,23.1,,60,,0,0
03/01/2026 03:14:26,d092rmnoovhpfm35n490,81432434001,8143,,BS-14,,,False,True,169,68,85,90,,<nil>,90,90,,<nil>,813,929,931,931,931,0.53,0,,,,,,,,,,,,,,,,,,,,,,,,,,,,,,,,23.1,,60,,0,0
03/01/2026 03:15:26,d092rmnoovhpfm35n490,81432434001,8143,,BS-14,,,False,True,169,68,85,90,,<nil>,90,90,,<nil>,817,932,934,935,935,0.53,0,,,,,,,,,,,,,,,,,,,,,,,,,,,,,,,,23.2,,59,,0,0
03/01/2026 03:16:26,d092rmnoovhpfm35n490,81432434001,8143,,BS-14,,,False,True,168,68,83,88,,<nil>,89,89,,<nil>,792,905,908,908,908,0.55,0,,,,,,,,,,,,,,,,,,,,,,,,,,,,,,,,23.2,,59,,0,0
03/01/2026 03:17:26,d092rmnoovhpfm35n490,81432434001,8143,,BS-14,,,False,True,168,68,84,89,,<nil>,89,89,,<nil>,800,914,916,917,917,0.54,0,,,,,,,,,,,,,,,,,,,,,,,,,,,,,,,,23.3,,59,,0,0
03/01/2026 03:18:26,d092rmnoovhpfm35n490,81432434001,8143,,BS-14,,,False,True,167,67,82,87,,<nil>,87,87,,<nil>,784,895,897,898,898,0.54,0,,,,,,,,,,,,,,,,,,,,,,,,,,,,,,,,23.3,,59,,0,4
03/01/2026 03:19:26,d092rmnoovhpfm35n490,81432434001,8143,,BS-14,,,False,True,168,68,84,89,,<nil>,89,89,,<nil>,801,915,917,917,917,0.53,0,,,,,,,,,,,,,,,,,,,,,,,,,,,,,,,,23.3,,59,,0,4
03/01/2026 03:20:26,d092rmnoovhpfm35n490,81432434001,8143,,BS-14,,,False,True,169,68,85,90,,<nil>,90,90,,<nil>,809,923,926,926,926,0.55,0,,,,,,,,,,,,,,,,,,,,,,,,,,,,,,,,23.2,,59,,0,4
03/01/2026 03:21:26,d092rmnoovhpfm35n490,81432434001,8143,,BS-14,,,False,True,168,68,84,89,,<nil>,89,89,,<nil>,803,916,918,919,919,0.53,0,,,,,,,,,,,,,,,,,,,,,,,,,,,,,,,,23.1,,59,,0,4
03/01/2026 03:22:26,d092rmnoovhpfm35n490,81432434001,8143,,BS-14,,,False,True,168,68,84,89,,<nil>,89,89,,<nil>,801,915,917,917,917,0.52,0,,,,,,,,,,,,,,,,,,,,,,,,,,,,,,,,23.1,,59,,0,4
03/01/2026 03:23:26,d092rmnoovhpfm35n490,81432434001,8143,,BS-14,,,False,True,168,68,84,89,,<nil>,89,90,,<nil>,804,918,921,921,921,0.55,0,,,,,,,,,,,,,,,,,,,,,,,,,,,,,,,,23.0,,60,,0,4
03/01/2026 03:24:26,d092rmnoovhpfm35n490,81432434001,8143,,BS-14,,,False,True,168,67,83,88,,<nil>,88,88,,<nil>,793,906,908,908,908,0.53,0,,,,,,,,,,,,,,,,,,,,,,,,,,,,,,,,23.0,,61,,0,4
03/01/2026 03:25:26,d092rmnoovhpfm35n490,81432434001,8143,,BS-14,,,False,True,168,67,83,88,,<nil>,88,88,,<nil>,792,905,907,907,907,0.54,0,,,,,,,,,,,,,,,,,,,,,,,,,,,,,,,,23.0,,61,,0,4
03/01/2026 03:26:26,d092rmnoovhpfm35n490,81432434001,8143,,BS-14,,,False,True,165,64,78,82,,<nil>,82,82,,<nil>,747,853,855,855,855,0.53,0,,,,,,,,,,,,,,,,,,,,,,,,,,,,,,,,22.9,,61,,0,4
03/01/2026 03:27:26,d092rmnoovhpfm35n490,81432434001,8143,,BS-14,,,False,True,168,68,84,89,,<nil>,89,89,,<nil>,802,916,918,919,919,0.55,0,,,,,,,,,,,,,,,,,,,,,,,,,,,,,,,,22.9,,61,,0,4
03/01/2026 03:28:26,d092rmnoovhpfm35n490,81432434001,8143,,BS-14,,,False,True,168,68,84,89,,<nil>,89,89,,<nil>,805,919,921,921,921,0.54,0,,,,,,,,,,,,,,,,,,,,,,,,,,,,,,,,22.9,,61,,0,4
03/01/2026 03:29:26,d092rmnoovhpfm35n490,81432434001,8143,,BS-14,,,False,True,169,69,86,91,,<nil>,91,91,,<nil>,822,938,940,940,940,0.52,0,,,,,,,,,,,,,,,,,,,,,,,,,,,,,,,,22.9,,61,,0,4
03/01/2026 03:30:26,d092rmnoovhpfm35n490,81432434001,8143,,BS-14,,,False,True,171,70,88,94,,<nil>,94,94,,<nil>,847,967,969,969,970,0.54,0,,,,,,,,,,,,,,,,,,,,,,,,,,,,,,,,22.9,,61,,0,4
03/01/2026 03:31:26,d092rmnoovhpfm35n490,81432434001,8143,,BS-14,,,False,True,172,72,91,96,,<nil>,97,97,,<nil>,868,992,995,995,995,0.55,0,,,,,,,,,,,,,,,,,,,,,,,,,,,,,,,,22.9,,61,,0,4
03/01/2026 03:32:26,d092rmnoovhpfm35n490,81432434001,8143,,BS-14,,,False,True,173,72,92,98,,<nil>,98,98,,<nil>,884,1009,1011,1012,1012,0.54,0,,,,,,,,,,,,,,,,,,,,,,,,,,,,,,,,22.9,,60,,0,4
03/01/2026 03:33:26,d092rmnoovhpfm35n490,81432434001,8143,,BS-14,,,False,True,171,70,88,94,,<nil>,94,94,,<nil>,847,968,970,970,970,0.54,0,,,,,,,,,,,,,,,,,,,,,,,,,,,,,,,,22.8,,60,,0,4
03/01/2026 03:34:26,d092rmnoovhpfm35n490,81432434001,8143,,BS-14,,,False,True,170,70,87,93,,<nil>,93,94,,<nil>,839,958,961,961,962,0.55,0,,,,,,,,,,,,,,,,,,,,,,,,,,,,,,,,22.8,,61,,0,4
03/01/2026 03:35:26,d092rmnoovhpfm35n490,81432434001,8143,,BS-14,,,False,True,170,69,87,92,,<nil>,92,92,,<nil>,832,951,953,953,954,0.54,0,,,,,,,,,,,,,,,,,,,,,,,,,,,,,,,,22.8,,61,,0,4
03/01/2026 03:36:26,d092rmnoovhpfm35n490,81432434001,8143,,BS-14,,,False,True,169,68,85,90,,<nil>,90,90,,<nil>,818,934,937,937,937,0.53,0,,,,,,,,,,,,,,,,,,,,,,,,,,,,,,,,22.8,,60,,0,4
03/01/2026 03:37:26,d092rmnoovhpfm35n490,81432434001,8143,,BS-14,,,False,True,168,67,83,88,,<nil>,88,88,,<nil>,793,905,908,908,908,0.54,0,,,,,,,,,,,,,,,,,,,,,,,,,,,,,,,,22.9,,60,,0,0
03/01/2026 03:38:26,d092rmnoovhpfm35n490,81432434001,8143,,BS-14,,,False,True,167,66,81,86,,<nil>,86,86,,<nil>,779,889,891,891,892,0.52,0,,,,,,,,,,,,,,,,,,,,,,,,,,,,,,,,23.0,,59,,0,0
03/01/2026 03:39:26,d092rmnoovhpfm35n490,81432434001,8143,,BS-14,,,False,True,166,65,79,84,,<nil>,84,84,,<nil>,761,869,871,871,871,0.54,0,,,,,,,,,,,,,,,,,,,,,,,,,,,,,,,,23.0,,59,,0,0
03/01/2026 03:40:26,d092rmnoovhpfm35n490,81432434001,8143,,BS-14,,,False,True,167,66,81,86,,<nil>,86,86,,<nil>,780,891,893,893,893,0.53,0,,,,,,,,,,,,,,,,,,,,,,,,,,,,,,,,23.0,,59,,0,0
03/01/2026 03:41:26,d092rmnoovhpfm35n490,81432434001,8143,,BS-14,,,False,True,166,65,79,84,,<nil>,84,84,,<nil>,763,870,873,873,873,0.54,0,,,,,,,,,,,,,,,,,,,,,,,,,,,,,,,,22.9,,60,,0,0
03/01/2026 03:42:26,d092rmnoovhpfm35n490,81432434001,8143,,BS-14,,,False,True,165,65,78,83,,<nil>,84,84,,<nil>,752,859,862,862,862,0.55,0,,,,,,,,,,,,,,,,,,,,,,,,,,,,,,,,22.9,,60,,0,0
03/01/2026 03:43:26,d092rmnoovhpfm35n490,81432434001,8143,,BS-14,,,False,True,165,65,78,83,,<nil>,83,83,,<nil>,753,860,862,862,862,0.53,0,,,,,,,,,,,,,,,,,,,,,,,,,,,,,,,,22.9,,61,,0,0
03/01/2026 03:44:26,d092rmnoovhpfm35n490,81432434001,8143,,BS-14,,,False,True,165,65,79,83,,<nil>,84,84,,<nil>,756,863,865,865,866,0.54,0,,,,,,,,,,,,,,,,,,,,,,,,,,,,,,,,22.8,,61,,0,0
03/01/2026 03:45:26,d092rmnoovhpfm35n490,81432434001,8143,,BS-14,,,False,True,165,65,78,83,,<nil>,83,83,,<nil>,752,859,861,862,862,0.54,0,,,,,,,,,,,,,,,,,,,,,,,,,,,,,,,,22.8,,61,,0,0
03/01/2026 03:46:26,d092rmnoovhpfm35n490,81432434001,8143,,BS-14,,,False,True,165,65,77,82,,<nil>,83,83,,<nil>,743,849,851,852,852,0.54,0,,,,,,,,,,,,,,,,,,,,,,,,,,,,,,,,22.8,,61,,0,0
03/01/2026 03:47:26,d092rmnoovhpfm35n490,81432434001,8143,,BS-14,,,False,True,165,64,77,82,,<nil>,82,82,,<nil>,742,847,849,849,849,0.54,0,,,,,,,,,,,,,,,,,,,,,,,,,,,,,,,,22.8,,62,,0,0
03/01/2026 03:48:26,d092rmnoovhpfm35n490,81432434001,8143,,BS-14,,,False,True,164,64,77,81,,<nil>,82,82,,<nil>,736,841,843,843,843,0.54,0,,,,,,,,,,,,,,,,,,,,,,,,,,,,,,,,22.8,,62,,0,0
03/01/2026 03:49:26,d092rmnoovhpfm35n490,81432434001,8143,,BS-14,,,False,True,166,65,80,84,,<nil>,84,84,,<nil>,763,871,873,874,874,0.53,0,,,,,,,,,,,,,,,,,,,,,,,,,,,,,,,,22.9,,63,,0,0
03/01/2026 03:50:26,d092rmnoovhpfm35n490,81432434001,8143,,BS-14,,,False,True,164,63,75,80,,<nil>,80,80,,<nil>,722,825,827,827,827,0.54,0,,,,,,,,,,,,,,,,,,,,,,,,,,,,,,,,22.9,,62,,0,0
03/01/2026 03:51:26,d092rmnoovhpfm35n490,81432434001,8143,,BS-14,,,False,True,163,62,73,78,,<nil>,78,78,,<nil>,703,803,805,805,805,0.53,0,,,,,,,,,,,,,,,,,,,,,,,,,,,,,,,,23.0,,62,,0,0
03/01/2026 03:52:26,d092rmnoovhpfm35n490,81432434001,8143,,BS-14,,,False,True,163,62,74,78,,<nil>,78,78,,<nil>,705,805,807,807,807,0.54,0,,,,,,,,,,,,,,,,,,,,,,,,,,,,,,,,23.0,,61,,0,0
03/01/2026 03:53:26,d092rmnoovhpfm35n490,81432434001,8143,,BS-14,,,False,True,162,62,73,77,,<nil>,77,77,,<nil>,697,796,798,798,798,0.53,0,,,,,,,,,,,,,,,,,,,,,,,,,,,,,,,,23.0,,61,,0,0
03/01/2026 03:54:26,d092rmnoovhpfm35n490,81432434001,8143,,BS-14,,,False,True,162,62,72,77,,<nil>,77,77,,<nil>,692,791,793,793,793,0.55,0,,,,,,,,,,,,,,,,,,,,,,,,,,,,,,,,22.9,,61,,0,0
03/01/2026 03:55:26,d092rmnoovhpfm35n490,81432434001,8143,,BS-14,,,False,True,162,62,73,77,,<nil>,78,78,,<nil>,698,798,800,800,800,0.54,0,,,,,,,,,,,,,,,,,,,,,,,,,,,,,,,,22.9,,61,,0,0
03/01/2026 03:56:26,d092rmnoovhpfm35n490,81432434001,8143,,BS-14,,,False,True,163,62,74,78,,<nil>,78,78,,<nil>,706,807,809,809,809,0.54,0,,,,,,,,,,,,,,,,,,,,,,,,,,,,,,,,22.9,,61,,0,0
03/01/2026 03:57:26,d092rmnoovhpfm35n490,81432434001,8143,,BS-14,,,False,True,163,63,74,79,,<nil>,79,79,,<nil>,711,812,814,814,814,0.54,0,,,,,,,,,,,,,,,,,,,,,,,,,,,,,,,,22.9,,61,,0,0
03/01/2026 03:58:26,d092rmnoovhpfm35n490,81432434001,8143,,BS-14,,,False,True,162,62,73,77,,<nil>,78,78,,<nil>,700,799,801,801,801,0.54,0,,,,,,,,,,,,,,,,,,,,,,,,,,,,,,,,23.0,,61,,0,0
03/01/2026 03:59:26,d092rmnoovhpfm35n490,81432434001,8143,,BS-14,,,False,True,163,62,73,78,,<nil>,78,78,,<nil>,703,803,805,805,805,0.53,0,,,,,,,,,,,,,,,,,,,,,,,,,,,,,,,,23.0,,61,,0,0
03/01/2026 04:00:26,d092rmnoovhpfm35n490,81432434001,8143,,BS-14,,,False,True,163,62,73,78,,<nil>,78,78,,<nil>,702,802,804,804,804,0.53,0,,,,,,,,,,,,,,,,,,,,,,,,,,,,,,,,23.0,,61,,0,0
03/01/2026 04:01:26,d092rmnoovhpfm35n490,81432434001,8143,,BS-14,,,False,True,161,61,71,75,,<nil>,76,76,,<nil>,683,779,781,781,781,0.53,0,,,,,,,,,,,,,,,,,,,,,,,,,,,,,,,,23.0,,62,,0,0
03/01/2026 04:02:26,d092rmnoovhpfm35n490,81432434001,8143,,BS-14,,,False,True,161,61,70,75,,<nil>,75,75,,<nil>,671,767,769,769,769,0.55,0,,,,,,,,,,,,,,,,,,,,,,,,,,,,,,,,23.1,,61,,0,0
03/01/2026 04:03:26,d092rmnoovhpfm35n490,81432434001,8143,,BS-14,,,False,True,161,61,71,75,,<nil>,75,75,,<nil>,679,775,777,777,777,0.54,0,,,,,,,,,,,,,,,,,,,,,,,,,,,,,,,,23.1,,61,,0,0
03/01/2026 04:04:26,d092rmnoovhpfm35n490,81432434001,8143,,BS-14,,,False,True,161,61,71,75,,<nil>,75,75,,<nil>,676,771,773,773,773,0.54,0,,,,,,,,,,,,,,,,,,,,,,,,,,,,,,,,23.1,,61,,0,0
03/01/2026 04:05:26,d092rmnoovhpfm35n490,81432434001,8143,,BS-14,,,False,True,162,61,71,76,,<nil>,76,76,,<nil>,683,780,782,782,782,0.54,0,,,,,,,,,,,,,,,,,,,,,,,,,,,,,,,,23.2,,61,,0,0
03/01/2026 04:06:26,d092rmnoovhpfm35n490,81432434001,8143,,BS-14,,,False,True,161,60,70,74,,<nil>,74,74,,<nil>,665,759,761,761,762,0.54,0,,,,,,,,,,,,,,,,,,,,,,,,,,,,,,,,23.2,,60,,0,0
03/01/2026 04:07:26,d092rmnoovhpfm35n490,81432434001,8143,,BS-14,,,False,True,162,61,71,76,,<nil>,76,76,,<nil>,677,775,777,778,778,0.56,0,,,,,,,,,,,,,,,,,,,,,,,,,,,,,,,,23.2,,60,,0,0
03/01/2026 04:08:26,d092rmnoovhpfm35n490,81432434001,8143,,BS-14,,,False,True,161,61,71,75,,<nil>,76,76,,<nil>,674,770,773,773,773,0.55,0,,,,,,,,,,,,,,,,,,,,,,,,,,,,,,,,23.2,,61,,0,0
03/01/2026 04:09:26,d092rmnoovhpfm35n490,81432434001,8143,,BS-14,,,False,True,161,61,70,74,,<nil>,74,75,,<nil>,670,765,767,767,767,0.53,0,,,,,,,,,,,,,,,,,,,,,,,,,,,,,,,,23.3,,62,,0,0
03/01/2026 04:10:26,d092rmnoovhpfm35n490,81432434001,8143,,BS-14,,,False,True,162,62,73,77,,<nil>,77,77,,<nil>,695,793,795,795,795,0.53,0,,,,,,,,,,,,,,,,,,,,,,,,,,,,,,,,23.3,,61,,0,0
03/01/2026 04:11:26,d092rmnoovhpfm35n490,81432434001,8143,,BS-14,,,False,True,161,61,70,75,,<nil>,75,75,,<nil>,672,768,770,771,771,0.55,0,,,,,,,,,,,,,,,,,,,,,,,,,,,,,,,,23.4,,61,,0,0
03/01/2026 04:12:26,d092rmnoovhpfm35n490,81432434001,8143,,BS-14,,,False,True,161,61,70,75,,<nil>,75,75,,<nil>,670,766,768,768,768,0.54,0,,,,,,,,,,,,,,,,,,,,,,,,,,,,,,,,23.4,,61,,0,0
03/01/2026 04:13:26,d092rmnoovhpfm35n490,81432434001,8143,,BS-14,,,False,True,161,61,71,75,,<nil>,75,75,,<nil>,677,773,774,775,775,0.53,0,,,,,,,,,,,,,,,,,,,,,,,,,,,,,,,,23.5,,60,,0,0
03/01/2026 04:14:26,d092rmnoovhpfm35n490,81432434001,8143,,BS-14,,,False,True,161,60,70,74,,<nil>,74,74,,<nil>,670,765,767,767,767,0.54,0,,,,,,,,,,,,,,,,,,,,,,,,,,,,,,,,23.5,,61,,0,0
03/01/2026 04:15:26,d092rmnoovhpfm35n490,81432434001,8143,,BS-14,,,False,True,161,61,70,75,,<nil>,75,75,,<nil>,671,766,768,769,769,0.53,0,,,,,,,,,,,,,,,,,,,,,,,,,,,,,,,,23.6,,61,,0,0
03/01/2026 04:16:26,d092rmnoovhpfm35n490,81432434001,8143,,BS-14,,,False,True,161,60,70,74,,<nil>,74,74,,<nil>,668,763,765,765,765,0.53,0,,,,,,,,,,,,,,,,,,,,,,,,,,,,,,,,23.6,,61,,0,0
03/01/2026 04:17:26,d092rmnoovhpfm35n490,81432434001,8143,,BS-14,,,False,True,161,61,71,75,,<nil>,75,75,,<nil>,674,770,772,772,772,0.54,0,,,,,,,,,,,,,,,,,,,,,,,,,,,,,,,,23.7,,62,,0,0
03/01/2026 04:18:26,d092rmnoovhpfm35n490,81432434001,8143,,BS-14,,,False,True,161,61,70,74,,<nil>,74,75,,<nil>,667,762,764,764,764,0.54,0,,,,,,,,,,,,,,,,,,,,,,,,,,,,,,,,23.7,,62,,0,0
03/01/2026 04:19:26,d092rmnoovhpfm35n490,81432434001,8143,,BS-14,,,False,True,162,62,73,77,,<nil>,77,77,,<nil>,691,789,791,791,791,0.53,0,,,,,,,,,,,,,,,,,,,,,,,,,,,,,,,,23.8,,62,,0,0
03/01/2026 04:20:26,d092rmnoovhpfm35n490,81432434001,8143,,BS-14,,,False,True,162,62,72,77,,<nil>,77,77,,<nil>,688,786,788,788,788,0.53,0,,,,,,,,,,,,,,,,,,,,,,,,,,,,,,,,23.9,,62,,0,0
03/01/2026 04:21:26,d092rmnoovhpfm35n490,81432434001,8143,,BS-14,,,False,True,162,61,72,76,,<nil>,76,76,,<nil>,683,779,781,781,781,0.53,0,,,,,,,,,,,,,,,,,,,,,,,,,,,,,,,,23.9,,63,,0,0
03/01/2026 04:22:26,d092rmnoovhpfm35n490,81432434001,8143,,BS-14,,,False,True,162,61,72,76,,<nil>,76,76,,<nil>,680,777,779,780,780,0.55,0,,,,,,,,,,,,,,,,,,,,,,,,,,,,,,,,24.0,,62,,0,0
03/01/2026 04:23:26,d092rmnoovhpfm35n490,81432434001,8143,,BS-14,,,False,True,161,60,70,74,,<nil>,74,74,,<nil>,660,754,756,756,756,0.53,0,,,,,,,,,,,,,,,,,,,,,,,,,,,,,,,,24.1,,62,,0,0
03/01/2026 04:24:26,d092rmnoovhpfm35n490,81432434001,8143,,BS-14,,,False,True,161,61,70,75,,<nil>,75,75,,<nil>,668,763,765,765,765,0.54,0,,,,,,,,,,,,,,,,,,,,,,,,,,,,,,,,24.1,,61,,0,0
03/01/2026 04:25:26,d092rmnoovhpfm35n490,81432434001,8143,,BS-14,,,False,True,161,61,71,75,,<nil>,75,75,,<nil>,673,768,769,770,770,0.52,0,,,,,,,,,,,,,,,,,,,,,,,,,,,,,,,,24.2,,60,,0,0
03/01/2026 04:26:26,d092rmnoovhpfm35n490,81432434001,8143,,BS-14,,,False,True,161,61,71,75,,<nil>,75,75,,<nil>,671,766,767,768,768,0.53,0,,,,,,,,,,,,,,,,,,,,,,,,,,,,,,,,24.2,,59,,0,0
03/01/2026 04:27:26,d092rmnoovhpfm35n490,81432434001,8143,,BS-14,,,False,True,159,59,67,71,,<nil>,71,71,,<nil>,633,722,724,724,725,0.55,0,,,,,,,,,,,,,,,,,,,,,,,,,,,,,,,,24.2,,59,,0,0
03/01/2026 04:28:26,d092rmnoovhpfm35n490,81432434001,8143,,BS-14,,,False,True,158,58,66,69,,<nil>,70,70,,<nil>,621,709,711,711,711,0.54,0,,,,,,,,,,,,,,,,,,,,,,,,,,,,,,,,24.3,,59,,0,0
03/01/2026 04:29:26,d092rmnoovhpfm35n490,81432434001,8143,,BS-14,,,False,True,158,58,66,70,,<nil>,70,70,,<nil>,623,712,714,714,714,0.55,0,,,,,,,,,,,,,,,,,,,,,,,,,,,,,,,,24.3,,59,,0,0
03/01/2026 04:30:26,d092rmnoovhpfm35n490,81432434001,8143,,BS-14,,,False,True,157,57,64,68,,<nil>,68,68,,<nil>,606,692,694,694,694,0.54,0,,,,,,,,,,,,,,,,,,,,,,,,,,,,,,,,24.3,,59,,0,0
03/01/2026 04:31:26,d092rmnoovhpfm35n490,81432434001,8143,,BS-14,,,False,True,157,57,64,68,,<nil>,68,68,,<nil>,608,694,696,696,696,0.54,0,,,,,,,,,,,,,,,,,,,,,,,,,,,,,,,,24.4,,59,,0,0
03/01/2026 04:32:26,d092rmnoovhpfm35n490,81432434001,8143,,BS-14,,,False,True,157,57,63,67,,<nil>,67,67,,<nil>,598,682,684,684,684,0.54,0,,,,,,,,,,,,,,,,,,,,,,,,,,,,,,,,24.4,,59,,0,0
03/01/2026 04:33:26,d092rmnoovhpfm35n490,81432434001,8143,,BS-14,,,False,True,157,57,63,67,,<nil>,67,67,,<nil>,599,684,686,686,686,0.54,0,,,,,,,,,,,,,,,,,,,,,,,,,,,,,,,,24.4,,59,,0,0
03/01/2026 04:34:26,d092rmnoovhpfm35n490,81432434001,8143,,BS-14,,,False,True,157,57,64,68,,<nil>,68,68,,<nil>,605,690,692,692,692,0.52,0,,,,,,,,,,,,,,,,,,,,,,,,,,,,,,,,24.4,,59,,0,0
03/01/2026 04:35:26,d092rmnoovhpfm35n490,81432434001,8143,,BS-14,,,False,True,156,57,63,66,,<nil>,67,67,,<nil>,592,676,678,678,678,0.55,0,,,,,,,,,,,,,,,,,,,,,,,,,,,,,,,,24.5,,59,,0,0
03/01/2026 04:36:26,d092rmnoovhpfm35n490,81432434001,8143,,BS-14,,,False,True,156,57,62,66,,<nil>,67,67,,<nil>,590,674,676,676,676,0.55,0,,,,,,,,,,,,,,,,,,,,,,,,,,,,,,,,24.6,,60,,0,0
03/01/2026 04:37:26,d092rmnoovhpfm35n490,81432434001,8143,,BS-14,,,False,True,156,56,62,65,,<nil>,66,66,,<nil>,584,667,669,669,669,0.53,0,,,,,,,,,,,,,,,,,,,,,,,,,,,,,,,,24.6,,61,,0,0
03/01/2026 04:38:26,d092rmnoovhpfm35n490,81432434001,8143,,BS-14,,,False,True,156,56,62,66,,<nil>,66,66,,<nil>,585,668,670,670,670,0.54,0,,,,,,,,,,,,,,,,,,,,,,,,,,,,,,,,24.7,,61,,0,0
03/01/2026 04:39:26,d092rmnoovhpfm35n490,81432434001,8143,,BS-14,,,False,True,156,56,62,66,,<nil>,66,66,,<nil>,586,669,670,671,671,0.53,0,,,,,,,,,,,,,,,,,,,,,,,,,,,,,,,,24.8,,61,,0,0
03/01/2026 04:40:26,d092rmnoovhpfm35n490,81432434001,8143,,BS-14,,,False,True,158,58,65,69,,<nil>,69,69,,<nil>,611,698,700,700,700,0.54,0,,,,,,,,,,,,,,,,,,,,,,,,,,,,,,,,24.8,,61,,0,0
03/01/2026 04:41:26,d092rmnoovhpfm35n490,81432434001,8143,,BS-14,,,False,True,158,59,66,70,,<nil>,71,71,,<nil>,626,715,717,717,718,0.54,0,,,,,,,,,,,,,,,,,,,,,,,,,,,,,,,,24.9,,61,,0,0
03/01/2026 04:42:26,d092rmnoovhpfm35n490,81432434001,8143,,BS-14,,,False,True,159,59,67,71,,<nil>,71,71,,<nil>,627,716,718,718,718,0.54,0,,,,,,,,,,,,,,,,,,,,,,,,,,,,,,,,25.0,,61,,0,0
03/01/2026 04:43:26,d092rmnoovhpfm35n490,81432434001,8143,,BS-14,,,False,True,161,61,70,75,,<nil>,75,75,,<nil>,660,754,756,757,757,0.55,0,,,,,,,,,,,,,,,,,,,,,,,,,,,,,,,,25.1,,61,,0,0
03/01/2026 04:44:26,d092rmnoovhpfm35n490,81432434001,8143,,BS-14,,,False,True,162,61,71,76,,<nil>,76,76,,<nil>,672,767,769,769,769,0.52,0,,,,,,,,,,,,,,,,,,,,,,,,,,,,,,,,25.1,,61,,0,0
03/01/2026 04:45:26,d092rmnoovhpfm35n490,81432434001,8143,,BS-14,,,False,True,161,61,71,75,,<nil>,75,75,,<nil>,667,761,763,763,764,0.54,0,,,,,,,,,,,,,,,,,,,,,,,,,,,,,,,,25.2,,61,,0,0
03/01/2026 04:46:26,d092rmnoovhpfm35n490,81432434001,8143,,BS-14,,,False,True,162,62,72,77,,<nil>,77,77,,<nil>,680,777,779,779,779,0.54,0,,,,,,,,,,,,,,,,,,,,,,,,,,,,,,,,25.3,,60,,0,0
03/01/2026 04:47:26,d092rmnoovhpfm35n490,81432434001,8143,,BS-14,,,False,True,162,61,72,76,,<nil>,76,76,,<nil>,672,768,770,770,770,0.53,0,,,,,,,,,,,,,,,,,,,,,,,,,,,,,,,,25.3,,60,,0,0
03/01/2026 04:48:26,d092rmnoovhpfm35n490,81432434001,8143,,BS-14,,,False,True,161,60,70,74,,<nil>,74,74,,<nil>,658,751,752,752,752,0.52,0,,,,,,,,,,,,,,,,,,,,,,,,,,,,,,,,25.4,,60,,0,0
03/01/2026 04:49:26,d092rmnoovhpfm35n490,81432434001,8143,,BS-14,,,False,True,161,60,70,74,,<nil>,74,74,,<nil>,655,748,749,750,750,0.52,0,,,,,,,,,,,,,,,,,,,,,,,,,,,,,,,,25.4,,60,,0,0
03/01/2026 04:50:26,d092rmnoovhpfm35n490,81432434001,8143,,BS-14,,,False,True,161,61,71,75,,<nil>,75,75,,<nil>,663,757,759,759,759,0.53,0,,,,,,,,,,,,,,,,,,,,,,,,,,,,,,,,25.5,,60,,0,0
03/01/2026 04:51:26,d092rmnoovhpfm35n490,81432434001,8143,,BS-14,,,False,True,160,60,69,73,,<nil>,73,73,,<nil>,649,740,742,742,742,0.53,0,,,,,,,,,,,,,,,,,,,,,,,,,,,,,,,,25.6,,60,,0,0
03/01/2026 04:52:26,d092rmnoovhpfm35n490,81432434001,8143,,BS-14,,,False,True,161,60,70,74,,<nil>,74,74,,<nil>,653,745,747,747,747,0.51,0,,,,,,,,,,,,,,,,,,,,,,,,,,,,,,,,25.6,,60,,0,0
03/01/2026 04:53:26,d092rmnoovhpfm35n490,81432434001,8143,,BS-14,,,False,True,160,60,69,73,,<nil>,73,73,,<nil>,645,737,739,739,739,0.54,0,,,,,,,,,,,,,,,,,,,,,,,,,,,,,,,,25.7,,60,,0,0
03/01/2026 04:54:26,d092rmnoovhpfm35n490,81432434001,8143,,BS-14,,,False,True,158,58,66,70,,<nil>,70,70,,<nil>,623,711,712,712,713,0.52,0,,,,,,,,,,,,,,,,,,,,,,,,,,,,,,,,25.7,,59,,0,0
03/01/2026 04:55:26,d092rmnoovhpfm35n490,81432434001,8143,,BS-14,,,False,True,159,59,68,71,,<nil>,72,72,,<nil>,633,722,724,724,724,0.52,0,,,,,,,,,,,,,,,,,,,,,,,,,,,,,,,,25.8,,59,,0,0
03/01/2026 04:56:26,d092rmnoovhpfm35n490,81432434001,8143,,BS-14,,,False,True,158,58,66,70,,<nil>,70,70,,<nil>,621,709,711,711,711,0.53,0,,,,,,,,,,,,,,,,,,,,,,,,,,,,,,,,25.8,,59,,0,0
03/01/2026 04:57:26,d092rmnoovhpfm35n490,81432434001,8143,,BS-14,,,False,True,158,58,66,70,,<nil>,70,70,,<nil>,615,702,704,704,705,0.53,0,,,,,,,,,,,,,,,,,,,,,,,,,,,,,,,,25.9,,59,,0,0
03/01/2026 04:58:26,d092rmnoovhpfm35n490,81432434001,8143,,BS-14,,,False,True,157,57,64,68,,<nil>,68,68,,<nil>,600,684,686,686,686,0.5,0,,,,,,,,,,,,,,,,,,,,,,,,,,,,,,,,25.9,,57,,0,0
03/01/2026 04:59:26,d092rmnoovhpfm35n490,81432434001,8143,,BS-14,,,False,True,157,57,63,67,,<nil>,67,67,,<nil>,593,676,678,678,678,0.52,0,,,,,,,,,,,,,,,,,,,,,,,,,,,,,,,,25.9,,55,,0,0
03/01/2026 05:00:26,d092rmnoovhpfm35n490,81432434001,8143,,BS-14,,,False,True,157,57,64,68,,<nil>,68,68,,<nil>,598,682,684,684,684,0.52,0,,,,,,,,,,,,,,,,,,,,,,,,,,,,,,,,25.9,,55,,0,0
03/01/2026 05:01:26,d092rmnoovhpfm35n490,81432434001,8143,,BS-14,,,False,True,157,58,65,68,,<nil>,69,69,,<nil>,605,691,692,693,693,0.53,0,,,,,,,,,,,,,,,,,,,,,,,,,,,,,,,,25.9,,55,,0,0
03/01/2026 05:02:26,d092rmnoovhpfm35n490,81432434001,8143,,BS-14,,,False,True,157,57,64,68,,<nil>,68,68,,<nil>,599,684,686,686,686,0.54,0,,,,,,,,,,,,,,,,,,,,,,,,,,,,,,,,25.8,,55,,0,0
03/01/2026 05:03:26,d092rmnoovhpfm35n490,81432434001,8143,,BS-14,,,False,True,157,57,63,67,,<nil>,67,67,,<nil>,588,671,673,673,673,0.53,0,,,,,,,,,,,,,,,,,,,,,,,,,,,,,,,,25.8,,55,,0,0
03/01/2026 05:04:26,d092rmnoovhpfm35n490,81432434001,8143,,BS-14,,,False,True,157,57,64,68,,<nil>,68,68,,<nil>,596,681,683,683,683,0.53,0,,,,,,,,,,,,,,,,,,,,,,,,,,,,,,,,25.8,,56,,0,0
03/01/2026 05:05:26,d092rmnoovhpfm35n490,81432434001,8143,,BS-14,,,False,True,158,58,65,69,,<nil>,69,69,,<nil>,607,693,695,695,695,0.53,0,,,,,,,,,,,,,,,,,,,,,,,,,,,,,,,,25.9,,56,,0,0
03/01/2026 05:06:26,d092rmnoovhpfm35n490,81432434001,8143,,BS-14,,,False,True,157,57,63,67,,<nil>,67,67,,<nil>,589,673,674,675,675,0.53,0,,,,,,,,,,,,,,,,,,,,,,,,,,,,,,,,25.9,,57,,0,0
03/01/2026 05:07:26,d092rmnoovhpfm35n490,81432434001,8143,,BS-14,,,False,True,157,57,63,67,,<nil>,67,67,,<nil>,587,670,672,672,672,0.53,0,,,,,,,,,,,,,,,,,,,,,,,,,,,,,,,,26.0,,57,,0,0
03/01/2026 05:08:26,d092rmnoovhpfm35n490,81432434001,8143,,BS-14,,,False,True,156,56,62,65,,<nil>,65,65,,<nil>,576,657,659,659,659,0.52,0,,,,,,,,,,,,,,,,,,,,,,,,,,,,,,,,26.0,,56,,0,0
03/01/2026 05:09:26,d092rmnoovhpfm35n490,81432434001,8143,,BS-14,,,False,True,156,56,62,65,,<nil>,65,65,,<nil>,576,658,659,659,659,0.54,0,,,,,,,,,,,,,,,,,,,,,,,,,,,,,,,,26.1,,55,,0,0
03/01/2026 05:10:26,d092rmnoovhpfm35n490,81432434001,8143,,BS-14,,,False,True,154,54,58,62,,<nil>,62,62,,<nil>,545,622,623,623,623,0.52,0,,,,,,,,,,,,,,,,,,,,,,,,,,,,,,,,26.1,,55,,0,0
03/01/2026 05:11:26,d092rmnoovhpfm35n490,81432434001,8143,,BS-14,,,False,True,153,53,56,59,,<nil>,60,60,,<nil>,524,599,600,600,600,0.54,0,,,,,,,,,,,,,,,,,,,,,,,,,,,,,,,,26.1,,54,,0,0
03/01/2026 05:12:26,d092rmnoovhpfm35n490,81432434001,8143,,BS-14,,,False,True,152,52,54,57,,<nil>,57,57,,<nil>,505,577,578,578,578,0.52,0,,,,,,,,,,,,,,,,,,,,,,,,,,,,,,,,26.1,,54,,0,0
03/01/2026 05:13:26,d092rmnoovhpfm35n490,81432434001,8143,,BS-14,,,False,True,149,51,52,55,,<nil>,55,55,,<nil>,488,557,558,558,558,0.53,0,,,,,,,,,,,,,,,,,,,,,,,,,,,,,,,,26.1,,54,,0,0
03/01/2026 05:14:26,d092rmnoovhpfm35n490,81432434001,8143,,BS-14,,,False,True,144,49,50,53,,<nil>,53,53,,<nil>,466,533,534,534,534,0.55,0,,,,,,,,,,,,,,,,,,,,,,,,,,,,,,,,26.2,,54,,0,0
03/01/2026 05:15:26,d092rmnoovhpfm35n490,81432434001,8143,,BS-14,,,False,True,147,50,51,54,,<nil>,54,54,,<nil>,479,547,548,548,549,0.53,0,,,,,,,,,,,,,,,,,,,,,,,,,,,,,,,,26.2,,55,,0,0
03/01/2026 05:16:26,d092rmnoovhpfm35n490,81432434001,8143,,BS-14,,,False,True,144,49,50,53,,<nil>,53,53,,<nil>,470,537,538,538,538,0.53,0,,,,,,,,,,,,,,,,,,,,,,,,,,,,,,,,26.2,,55,,0,0
03/01/2026 05:17:26,d092rmnoovhpfm35n490,81432434001,8143,,BS-14,,,False,True,151,51,53,56,,<nil>,56,56,,<nil>,495,565,566,566,566,0.53,0,,,,,,,,,,,,,,,,,,,,,,,,,,,,,,,,26.3,,55,,0,0
03/01/2026 05:18:26,d092rmnoovhpfm35n490,81432434001,8143,,BS-14,,,False,True,149,51,52,55,,<nil>,55,55,,<nil>,485,553,555,555,555,0.54,0,,,,,,,,,,,,,,,,,,,,,,,,,,,,,,,,26.3,,55,,0,0
03/01/2026 05:19:26,d092rmnoovhpfm35n490,81432434001,8143,,BS-14,,,False,True,149,51,52,55,,<nil>,55,55,,<nil>,481,549,550,550,550,0.53,0,,,,,,,,,,,,,,,,,,,,,,,,,,,,,,,,26.4,,55,,0,0
03/01/2026 05:20:26,d092rmnoovhpfm35n490,81432434001,8143,,BS-14,,,False,True,149,51,52,55,,<nil>,56,56,,<nil>,488,557,558,558,558,0.54,0,,,,,,,,,,,,,,,,,,,,,,,,,,,,,,,,26.4,,55,,0,0
03/01/2026 05:21:26,d092rmnoovhpfm35n490,81432434001,8143,,BS-14,,,False,True,151,51,53,56,,<nil>,56,56,,<nil>,489,559,560,561,561,0.54,0,,,,,,,,,,,,,,,,,,,,,,,,,,,,,,,,26.5,,54,,0,0
03/01/2026 05:22:26,d092rmnoovhpfm35n490,81432434001,8143,,BS-14,,,False,True,149,51,52,55,,<nil>,55,55,,<nil>,480,548,549,549,549,0.52,0,,,,,,,,,,,,,,,,,,,,,,,,,,,,,,,,26.5,,53,,0,0
03/01/2026 05:23:26,d092rmnoovhpfm35n490,81432434001,8143,,BS-14,,,False,True,147,50,51,54,,<nil>,54,54,,<nil>,475,543,544,544,544,0.52,0,,,,,,,,,,,,,,,,,,,,,,,,,,,,,,,,26.5,,52,,0,0
03/01/2026 05:24:26,d092rmnoovhpfm35n490,81432434001,8143,,BS-14,,,False,True,142,48,50,52,,<nil>,52,52,,<nil>,462,527,528,528,528,0.52,0,,,,,,,,,,,,,,,,,,,,,,,,,,,,,,,,26.5,,52,,0,0
03/01/2026 05:25:26,d092rmnoovhpfm35n490,81432434001,8143,,BS-14,,,False,True,151,51,52,56,,<nil>,56,56,,<nil>,488,558,559,559,559,0.53,0,,,,,,,,,,,,,,,,,,,,,,,,,,,,,,,,26.5,,52,,0,0
03/01/2026 05:26:26,d092rmnoovhpfm35n490,81432434001,8143,,BS-14,,,False,True,152,52,55,58,,<nil>,58,58,,<nil>,509,582,583,584,584,0.55,0,,,,,,,,,,,,,,,,,,,,,,,,,,,,,,,,26.5,,52,,0,0
03/01/2026 05:27:26,d092rmnoovhpfm35n490,81432434001,8143,,BS-14,,,False,True,152,52,54,58,,<nil>,58,58,,<nil>,506,577,579,579,579,0.53,0,,,,,,,,,,,,,,,,,,,,,,,,,,,,,,,,26.6,,53,,0,0
03/01/2026 05:28:26,d092rmnoovhpfm35n490,81432434001,8143,,BS-14,,,False,True,147,50,51,54,,<nil>,54,54,,<nil>,476,543,545,545,545,0.53,0,,,,,,,,,,,,,,,,,,,,,,,,,,,,,,,,26.6,,54,,0,0
03/01/2026 05:29:26,d092rmnoovhpfm35n490,81432434001,8143,,BS-14,,,False,True,144,49,50,53,,<nil>,53,53,,<nil>,462,527,528,529,529,0.53,0,,,,,,,,,,,,,,,,,,,,,,,,,,,,,,,,26.7,,53,,0,0
03/01/2026 05:30:26,d092rmnoovhpfm35n490,81432434001,8143,,BS-14,,,False,True,142,48,49,52,,<nil>,52,52,,<nil>,456,521,522,522,522,0.54,0,,,,,,,,,,,,,,,,,,,,,,,,,,,,,,,,26.7,,53,,0,0
03/01/2026 05:31:26,d092rmnoovhpfm35n490,81432434001,8143,,BS-14,,,False,True,142,48,49,52,,<nil>,52,52,,<nil>,454,519,520,520,520,0.54,0,,,,,,,,,,,,,,,,,,,,,,,,,,,,,,,,26.7,,53,,0,0
03/01/2026 05:32:26,d092rmnoovhpfm35n490,81432434001,8143,,BS-14,,,False,True,139,48,49,51,,<nil>,51,52,,<nil>,450,514,515,516,516,0.54,0,,,,,,,,,,,,,,,,,,,,,,,,,,,,,,,,26.8,,52,,0,0
03/01/2026 05:33:26,d092rmnoovhpfm35n490,81432434001,8143,,BS-14,,,False,True,144,50,50,53,,<nil>,54,54,,<nil>,467,534,535,535,536,0.54,0,,,,,,,,,,,,,,,,,,,,,,,,,,,,,,,,26.8,,52,,0,0
03/01/2026 05:34:26,d092rmnoovhpfm35n490,81432434001,8143,,BS-14,,,False,True,147,50,51,54,,<nil>,54,54,,<nil>,474,541,543,543,543,0.53,0,,,,,,,,,,,,,,,,,,,,,,,,,,,,,,,,26.8,,51,,0,0
03/01/2026 05:35:26,d092rmnoovhpfm35n490,81432434001,8143,,BS-14,,,False,True,144,49,50,53,,<nil>,53,53,,<nil>,466,531,533,533,533,0.53,0,,,,,,,,,,,,,,,,,,,,,,,,,,,,,,,,26.8,,51,,0,0
03/01/2026 05:36:26,d092rmnoovhpfm35n490,81432434001,8143,,BS-14,,,False,True,142,48,49,52,,<nil>,52,52,,<nil>,450,514,516,516,516,0.55,0,,,,,,,,,,,,,,,,,,,,,,,,,,,,,,,,26.8,,50,,0,0
03/01/2026 05:37:26,d092rmnoovhpfm35n490,81432434001,8143,,BS-14,,,False,True,139,47,48,51,,<nil>,51,51,,<nil>,445,508,510,510,510,0.54,0,,,,,,,,,,,,,,,,,,,,,,,,,,,,,,,,26.9,,51,,0,0
03/01/2026 05:38:26,d092rmnoovhpfm35n490,81432434001,8143,,BS-14,,,False,True,137,46,47,50,,<nil>,50,50,,<nil>,438,500,501,502,502,0.55,0,,,,,,,,,,,,,,,,,,,,,,,,,,,,,,,,26.9,,52,,0,0
03/01/2026 05:39:26,d092rmnoovhpfm35n490,81432434001,8143,,BS-14,,,False,True,137,47,48,50,,<nil>,51,51,,<nil>,440,503,504,504,505,0.55,0,,,,,,,,,,,,,,,,,,,,,,,,,,,,,,,,26.9,,51,,0,0
03/01/2026 05:40:26,d092rmnoovhpfm35n490,81432434001,8143,,BS-14,,,False,True,144,49,50,53,,<nil>,53,53,,<nil>,460,525,527,527,527,0.53,0,,,,,,,,,,,,,,,,,,,,,,,,,,,,,,,,27.0,,51,,0,0
03/01/2026 05:41:26,d092rmnoovhpfm35n490,81432434001,8143,,BS-14,,,False,True,147,50,51,54,,<nil>,54,54,,<nil>,475,542,543,544,544,0.51,0,,,,,,,,,,,,,,,,,,,,,,,,,,,,,,,,27.0,,50,,0,0
03/01/2026 05:42:26,d092rmnoovhpfm35n490,81432434001,8143,,BS-14,,,False,True,151,51,53,56,,<nil>,56,56,,<nil>,487,555,557,557,557,0.53,0,,,,,,,,,,,,,,,,,,,,,,,,,,,,,,,,27.0,,50,,0,0
03/01/2026 05:43:26,d092rmnoovhpfm35n490,81432434001,8143,,BS-14,,,False,True,149,51,52,55,,<nil>,55,55,,<nil>,485,554,555,555,555,0.53,0,,,,,,,,,,,,,,,,,,,,,,,,,,,,,,,,27.0,,50,,0,0
03/01/2026 05:44:26,d092rmnoovhpfm35n490,81432434001,8143,,BS-14,,,False,True,147,50,51,54,,<nil>,54,54,,<nil>,476,544,545,545,545,0.53,0,,,,,,,,,,,,,,,,,,,,,,,,,,,,,,,,27.0,,51,,0,0
03/01/2026 05:45:26,d092rmnoovhpfm35n490,81432434001,8143,,BS-14,,,False,True,151,51,53,56,,<nil>,56,56,,<nil>,493,562,564,564,564,0.51,0,,,,,,,,,,,,,,,,,,,,,,,,,,,,,,,,27.0,,51,,0,0
03/01/2026 05:46:26,d092rmnoovhpfm35n490,81432434001,8143,,BS-14,,,False,True,152,52,55,58,,<nil>,58,58,,<nil>,511,583,585,585,585,0.53,0,,,,,,,,,,,,,,,,,,,,,,,,,,,,,,,,27.1,,50,,0,0
03/01/2026 05:47:26,d092rmnoovhpfm35n490,81432434001,8143,,BS-14,,,False,True,153,53,55,59,,<nil>,59,59,,<nil>,513,586,587,587,587,0.53,0,,,,,,,,,,,,,,,,,,,,,,,,,,,,,,,,27.1,,50,,0,0
03/01/2026 05:48:26,d092rmnoovhpfm35n490,81432434001,8143,,BS-14,,,False,True,153,53,55,59,,<nil>,59,59,,<nil>,512,585,586,586,586,0.53,0,,,,,,,,,,,,,,,,,,,,,,,,,,,,,,,,27.1,,50,,0,0
03/01/2026 05:49:26,d092rmnoovhpfm35n490,81432434001,8143,,BS-14,,,False,True,151,52,53,56,,<nil>,57,57,,<nil>,493,563,564,564,565,0.53,0,,,,,,,,,,,,,,,,,,,,,,,,,,,,,,,,27.1,,51,,0,0
03/01/2026 05:50:26,d092rmnoovhpfm35n490,81432434001,8143,,BS-14,,,False,True,149,51,52,55,,<nil>,55,55,,<nil>,478,545,546,547,547,0.51,0,,,,,,,,,,,,,,,,,,,,,,,,,,,,,,,,27.1,,51,,0,0
03/01/2026 05:51:26,d092rmnoovhpfm35n490,81432434001,8143,,BS-14,,,False,True,152,52,54,58,,<nil>,58,58,,<nil>,503,575,576,576,576,0.53,0,,,,,,,,,,,,,,,,,,,,,,,,,,,,,,,,27.2,,51,,0,0
03/01/2026 05:52:26,d092rmnoovhpfm35n490,81432434001,8143,,BS-14,,,False,True,153,53,56,59,,<nil>,59,59,,<nil>,514,587,589,589,589,0.54,0,,,,,,,,,,,,,,,,,,,,,,,,,,,,,,,,27.2,,51,,0,0
03/01/2026 05:53:26,d092rmnoovhpfm35n490,81432434001,8143,,BS-14,,,False,True,152,52,55,58,,<nil>,58,58,,<nil>,511,583,585,585,585,0.51,0,,,,,,,,,,,,,,,,,,,,,,,,,,,,,,,,27.2,,51,,0,0
03/01/2026 05:54:26,d092rmnoovhpfm35n490,81432434001,8143,,BS-14,,,False,True,151,51,53,56,,<nil>,56,56,,<nil>,491,560,561,561,561,0.51,0,,,,,,,,,,,,,,,,,,,,,,,,,,,,,,,,27.2,,51,,0,0
03/01/2026 05:55:26,d092rmnoovhpfm35n490,81432434001,8143,,BS-14,,,False,True,151,51,53,56,,<nil>,56,56,,<nil>,489,558,559,559,559,0.51,0,,,,,,,,,,,,,,,,,,,,,,,,,,,,,,,,27.2,,51,,0,0
03/01/2026 05:56:26,d092rmnoovhpfm35n490,81432434001,8143,,BS-14,,,False,True,151,51,53,56,,<nil>,56,56,,<nil>,487,555,557,557,557,0.51,0,,,,,,,,,,,,,,,,,,,,,,,,,,,,,,,,27.2,,51,,0,0
03/01/2026 05:57:26,d092rmnoovhpfm35n490,81432434001,8143,,BS-14,,,False,True,151,51,53,56,,<nil>,56,56,,<nil>,492,562,563,563,563,0.52,0,,,,,,,,,,,,,,,,,,,,,,,,,,,,,,,,27.2,,51,,0,0
03/01/2026 05:58:26,d092rmnoovhpfm35n490,81432434001,8143,,BS-14,,,False,True,153,53,56,60,,<nil>,60,60,,<nil>,522,596,597,597,597,0.51,0,,,,,,,,,,,,,,,,,,,,,,,,,,,,,,,,27.2,,51,,0,0
03/01/2026 05:59:26,d092rmnoovhpfm35n490,81432434001,8143,,BS-14,,,False,True,154,54,58,61,,<nil>,61,61,,<nil>,533,609,610,610,610,0.52,0,,,,,,,,,,,,,,,,,,,,,,,,,,,,,,,,27.3,,52,,0,0
03/01/2026 06:00:26,d092rmnoovhpfm35n490,81432434001,8143,,BS-14,,,False,True,154,54,58,61,,<nil>,61,61,,<nil>,535,610,611,612,612,0.52,0,,,,,,,,,,,,,,,,,,,,,,,,,,,,,,,,27.3,,52,,0,0
03/01/2026 06:01:26,d092rmnoovhpfm35n490,81432434001,8143,,BS-14,,,False,True,155,55,60,63,,<nil>,63,63,,<nil>,553,631,632,632,633,0.52,0,,,,,,,,,,,,,,,,,,,,,,,,,,,,,,,,27.3,,53,,0,0
03/01/2026 06:02:26,d092rmnoovhpfm35n490,81432434001,8143,,BS-14,,,False,True,156,56,61,65,,<nil>,65,65,,<nil>,568,648,650,650,650,0.53,0,,,,,,,,,,,,,,,,,,,,,,,,,,,,,,,,27.4,,52,,0,0
03/01/2026 06:03:26,d092rmnoovhpfm35n490,81432434001,8143,,BS-14,,,False,True,155,55,61,64,,<nil>,64,64,,<nil>,560,639,641,641,641,0.52,0,,,,,,,,,,,,,,,,,,,,,,,,,,,,,,,,27.4,,52,,0,0
03/01/2026 06:04:26,d092rmnoovhpfm35n490,81432434001,8143,,BS-14,,,False,True,155,55,60,64,,<nil>,64,64,,<nil>,557,636,637,637,637,0.51,0,,,,,,,,,,,,,,,,,,,,,,,,,,,,,,,,27.5,,52,,0,0
03/01/2026 06:05:26,d092rmnoovhpfm35n490,81432434001,8143,,BS-14,,,False,True,156,56,61,65,,<nil>,65,65,,<nil>,563,643,644,645,645,0.53,0,,,,,,,,,,,,,,,,,,,,,,,,,,,,,,,,27.5,,52,,0,0
03/01/2026 06:06:26,d092rmnoovhpfm35n490,81432434001,8143,,BS-14,,,False,True,156,56,62,65,,<nil>,66,66,,<nil>,571,652,654,654,654,0.52,0,,,,,,,,,,,,,,,,,,,,,,,,,,,,,,,,27.5,,51,,0,0
03/01/2026 06:07:26,d092rmnoovhpfm35n490,81432434001,8143,,BS-14,,,False,True,160,60,69,73,,<nil>,74,74,,<nil>,630,721,723,724,724,0.55,0,,,,,,,,,,,,,,,,,,,,,,,,,,,,,,,,27.5,,52,,0,0
03/01/2026 06:08:26,d092rmnoovhpfm35n490,81432434001,8143,,BS-14,,,False,True,158,58,66,70,,<nil>,70,70,,<nil>,606,693,694,695,695,0.54,0,,,,,,,,,,,,,,,,,,,,,,,,,,,,,,,,27.6,,53,,0,0
03/01/2026 06:09:26,d092rmnoovhpfm35n490,81432434001,8143,,BS-14,,,False,True,157,58,65,68,,<nil>,69,69,,<nil>,596,680,682,682,682,0.53,0,,,,,,,,,,,,,,,,,,,,,,,,,,,,,,,,27.6,,53,,0,0
03/01/2026 06:10:26,d092rmnoovhpfm35n490,81432434001,8143,,BS-14,,,False,True,158,58,66,70,,<nil>,70,70,,<nil>,605,691,692,693,693,0.54,0,,,,,,,,,,,,,,,,,,,,,,,,,,,,,,,,27.6,,53,,0,0
03/01/2026 06:11:26,d092rmnoovhpfm35n490,81432434001,8143,,BS-14,,,False,True,160,59,68,72,,<nil>,72,72,,<nil>,622,711,712,713,713,0.54,0,,,,,,,,,,,,,,,,,,,,,,,,,,,,,,,,27.7,,52,,0,0
03/01/2026 06:12:26,d092rmnoovhpfm35n490,81432434001,8143,,BS-14,,,False,True,160,60,69,73,,<nil>,73,73,,<nil>,639,729,731,731,731,0.52,0,,,,,,,,,,,,,,,,,,,,,,,,,,,,,,,,27.7,,52,,0,0
03/01/2026 06:13:26,d092rmnoovhpfm35n490,81432434001,8143,,BS-14,,,False,True,160,60,68,72,,<nil>,73,73,,<nil>,629,718,720,720,720,0.54,0,,,,,,,,,,,,,,,,,,,,,,,,,,,,,,,,27.7,,52,,0,0
03/01/2026 06:14:26,d092rmnoovhpfm35n490,81432434001,8143,,BS-14,,,False,True,160,59,68,72,,<nil>,72,72,,<nil>,622,710,712,712,712,0.54,0,,,,,,,,,,,,,,,,,,,,,,,,,,,,,,,,27.8,,52,,0,0
03/01/2026 06:15:26,d092rmnoovhpfm35n490,81432434001,8143,,BS-14,,,False,True,157,57,64,68,,<nil>,68,68,,<nil>,593,677,678,678,678,0.52,0,,,,,,,,,,,,,,,,,,,,,,,,,,,,,,,,27.8,,51,,0,0
03/01/2026 06:16:26,d092rmnoovhpfm35n490,81432434001,8143,,BS-14,,,False,True,157,57,64,68,,<nil>,68,68,,<nil>,588,671,673,673,673,0.54,0,,,,,,,,,,,,,,,,,,,,,,,,,,,,,,,,27.9,,52,,0,0
03/01/2026 06:17:26,d092rmnoovhpfm35n490,81432434001,8143,,BS-14,,,False,True,157,57,64,68,,<nil>,68,68,,<nil>,591,675,676,676,676,0.52,0,,,,,,,,,,,,,,,,,,,,,,,,,,,,,,,,27.9,,52,,0,0
03/01/2026 06:18:26,d092rmnoovhpfm35n490,81432434001,8143,,BS-14,,,False,True,157,57,63,67,,<nil>,67,67,,<nil>,584,667,668,668,668,0.52,0,,,,,,,,,,,,,,,,,,,,,,,,,,,,,,,,27.9,,52,,0,0
03/01/2026 06:19:26,d092rmnoovhpfm35n490,81432434001,8143,,BS-14,,,False,True,156,56,62,66,,<nil>,66,66,,<nil>,572,653,655,655,655,0.55,0,,,,,,,,,,,,,,,,,,,,,,,,,,,,,,,,28.0,,51,,0,0
03/01/2026 06:20:26,d092rmnoovhpfm35n490,81432434001,8143,,BS-14,,,False,True,156,56,62,66,,<nil>,66,66,,<nil>,571,652,654,654,654,0.53,0,,,,,,,,,,,,,,,,,,,,,,,,,,,,,,,,28.0,,52,,0,0
03/01/2026 06:21:26,d092rmnoovhpfm35n490,81432434001,8143,,BS-14,,,False,True,155,55,60,64,,<nil>,64,64,,<nil>,555,634,635,635,635,0.53,0,,,,,,,,,,,,,,,,,,,,,,,,,,,,,,,,28.0,,52,,0,0
03/01/2026 06:22:26,d092rmnoovhpfm35n490,81432434001,8143,,BS-14,,,False,True,155,55,60,63,,<nil>,63,64,,<nil>,550,628,629,629,629,0.53,0,,,,,,,,,,,,,,,,,,,,,,,,,,,,,,,,28.1,,51,,0,0
03/01/2026 06:23:26,d092rmnoovhpfm35n490,81432434001,8143,,BS-14,,,False,True,154,54,58,61,,<nil>,61,61,,<nil>,530,605,606,607,607,0.53,0,,,,,,,,,,,,,,,,,,,,,,,,,,,,,,,,28.1,,50,,0,0
03/01/2026 06:24:26,d092rmnoovhpfm35n490,81432434001,8143,,BS-14,,,False,True,152,52,55,58,,<nil>,58,58,,<nil>,504,575,576,576,576,0.52,0,,,,,,,,,,,,,,,,,,,,,,,,,,,,,,,,28.1,,50,,0,0
03/01/2026 06:25:26,d092rmnoovhpfm35n490,81432434001,8143,,BS-14,,,False,True,153,53,55,59,,<nil>,59,59,,<nil>,509,580,582,582,582,0.53,0,,,,,,,,,,,,,,,,,,,,,,,,,,,,,,,,28.1,,50,,0,0
03/01/2026 06:26:26,d092rmnoovhpfm35n490,81432434001,8143,,BS-14,,,False,True,153,53,56,59,,<nil>,59,59,,<nil>,514,587,588,589,589,0.53,0,,,,,,,,,,,,,,,,,,,,,,,,,,,,,,,,28.2,,50,,0,0
03/01/2026 06:27:26,d092rmnoovhpfm35n490,81432434001,8143,,BS-14,,,False,True,153,53,56,59,,<nil>,59,59,,<nil>,513,585,587,587,587,0.53,0,,,,,,,,,,,,,,,,,,,,,,,,,,,,,,,,28.2,,49,,0,0
03/01/2026 06:28:26,d092rmnoovhpfm35n490,81432434001,8143,,BS-14,,,False,True,153,53,55,59,,<nil>,59,59,,<nil>,509,581,582,583,583,0.51,0,,,,,,,,,,,,,,,,,,,,,,,,,,,,,,,,28.2,,49,,0,0
03/01/2026 06:29:26,d092rmnoovhpfm35n490,81432434001,8143,,BS-14,,,False,True,153,53,56,59,,<nil>,59,59,,<nil>,513,586,587,587,587,0.52,0,,,,,,,,,,,,,,,,,,,,,,,,,,,,,,,,28.2,,49,,0,0
03/01/2026 06:30:26,d092rmnoovhpfm35n490,81432434001,8143,,BS-14,,,False,True,152,52,54,58,,<nil>,58,58,,<nil>,499,569,570,571,571,0.52,0,,,,,,,,,,,,,,,,,,,,,,,,,,,,,,,,28.2,,49,,0,0
03/01/2026 06:31:26,d092rmnoovhpfm35n490,81432434001,8143,,BS-14,,,False,True,151,51,53,56,,<nil>,56,56,,<nil>,484,553,554,554,554,0.53,0,,,,,,,,,,,,,,,,,,,,,,,,,,,,,,,,28.3,,49,,0,0
03/01/2026 06:32:26,d092rmnoovhpfm35n490,81432434001,8143,,BS-14,,,False,True,151,52,53,56,,<nil>,56,57,,<nil>,487,557,558,558,558,0.53,0,,,,,,,,,,,,,,,,,,,,,,,,,,,,,,,,28.3,,48,,0,0
03/01/2026 06:33:26,d092rmnoovhpfm35n490,81432434001,8143,,BS-14,,,False,True,152,52,54,57,,<nil>,57,57,,<nil>,492,562,563,563,563,0.52,0,,,,,,,,,,,,,,,,,,,,,,,,,,,,,,,,28.3,,47,,0,0
03/01/2026 06:34:26,d092rmnoovhpfm35n490,81432434001,8143,,BS-14,,,False,True,151,51,53,56,,<nil>,56,56,,<nil>,483,551,552,552,552,0.52,0,,,,,,,,,,,,,,,,,,,,,,,,,,,,,,,,28.3,,48,,0,0
03/01/2026 06:35:26,d092rmnoovhpfm35n490,81432434001,8143,,BS-14,,,False,True,154,54,58,62,,<nil>,62,62,,<nil>,536,612,613,614,614,0.55,0,,,,,,,,,,,,,,,,,,,,,,,,,,,,,,,,28.3,,47,,0,0
03/01/2026 06:36:26,d092rmnoovhpfm35n490,81432434001,8143,,BS-14,,,False,True,152,52,54,57,,<nil>,57,57,,<nil>,497,568,569,569,569,0.52,0,,,,,,,,,,,,,,,,,,,,,,,,,,,,,,,,28.3,,47,,0,0
03/01/2026 06:37:26,d092rmnoovhpfm35n490,81432434001,8143,,BS-14,,,False,True,151,51,53,56,,<nil>,56,56,,<nil>,487,556,557,557,557,0.54,0,,,,,,,,,,,,,,,,,,,,,,,,,,,,,,,,28.3,,47,,0,0
03/01/2026 06:38:26,d092rmnoovhpfm35n490,81432434001,8143,,BS-14,,,False,True,153,53,55,59,,<nil>,59,59,,<nil>,503,575,577,577,577,0.57,0,,,,,,,,,,,,,,,,,,,,,,,,,,,,,,,,28.3,,47,,0,0
03/01/2026 06:39:26,d092rmnoovhpfm35n490,81432434001,8143,,BS-14,,,False,True,142,48,49,52,,<nil>,52,52,,<nil>,449,513,515,515,515,0.53,0,,,,,,,,,,,,,,,,,,,,,,,,,,,,,,,,28.4,,46,,0,0
03/01/2026 06:40:26,d092rmnoovhpfm35n490,81432434001,8143,,BS-14,,,False,True,139,47,48,51,,<nil>,51,51,,<nil>,439,501,503,503,503,0.51,0,,,,,,,,,,,,,,,,,,,,,,,,,,,,,,,,28.4,,47,,0,0
03/01/2026 06:41:26,d092rmnoovhpfm35n490,81432434001,8143,,BS-14,,,False,True,132,44,45,48,,<nil>,48,48,,<nil>,414,472,473,473,473,0.52,0,,,,,,,,,,,,,,,,,,,,,,,,,,,,,,,,28.4,,45,,0,0
03/01/2026 06:42:26,d092rmnoovhpfm35n490,81432434001,8143,,BS-14,,,False,True,127,43,44,46,,<nil>,46,46,,<nil>,401,458,459,459,459,0.54,0,,,,,,,,,,,,,,,,,,,,,,,,,,,,,,,,28.4,,46,,0,0
03/01/2026 06:43:26,d092rmnoovhpfm35n490,81432434001,8143,,BS-14,,,False,True,132,44,45,48,,<nil>,48,48,,<nil>,415,474,475,475,475,0.54,0,,,,,,,,,,,,,,,,,,,,,,,,,,,,,,,,28.4,,46,,0,0
03/01/2026 06:44:26,d092rmnoovhpfm35n490,81432434001,8143,,BS-14,,,False,True,137,46,47,50,,<nil>,50,50,,<nil>,430,491,492,493,493,0.53,0,,,,,,,,,,,,,,,,,,,,,,,,,,,,,,,,28.4,,45,,0,0
03/01/2026 06:45:26,d092rmnoovhpfm35n490,81432434001,8143,,BS-14,,,False,True,134,45,46,49,,<nil>,49,49,,<nil>,425,485,486,487,487,0.54,0,,,,,,,,,,,,,,,,,,,,,,,,,,,,,,,,28.4,,46,,0,0
03/01/2026 06:46:26,d092rmnoovhpfm35n490,81432434001,8143,,BS-14,,,False,True,132,44,46,48,,<nil>,48,48,,<nil>,418,478,479,479,479,0.53,0,,,,,,,,,,,,,,,,,,,,,,,,,,,,,,,,28.4,,46,,0,0
03/01/2026 06:47:26,d092rmnoovhpfm35n490,81432434001,8143,,BS-14,,,False,True,129,44,45,47,,<nil>,47,47,,<nil>,408,466,467,467,467,0.52,0,,,,,,,,,,,,,,,,,,,,,,,,,,,,,,,,28.4,,45,,0,0
03/01/2026 06:48:26,d092rmnoovhpfm35n490,81432434001,8143,,BS-14,,,False,True,129,44,45,47,,<nil>,47,47,,<nil>,408,466,467,467,467,0.53,0,,,,,,,,,,,,,,,,,,,,,,,,,,,,,,,,28.5,,46,,0,0
03/01/2026 06:49:26,d092rmnoovhpfm35n490,81432434001,8143,,BS-14,,,False,True,132,44,45,48,,<nil>,48,48,,<nil>,413,471,472,472,472,0.53,0,,,,,,,,,,,,,,,,,,,,,,,,,,,,,,,,28.5,,46,,0,0
03/01/2026 06:50:26,d092rmnoovhpfm35n490,81432434001,8143,,BS-14,,,False,True,129,44,45,47,,<nil>,47,47,,<nil>,410,468,469,469,469,0.52,0,,,,,,,,,,,,,,,,,,,,,,,,,,,,,,,,28.5,,47,,0,0
03/01/2026 06:51:26,d092rmnoovhpfm35n490,81432434001,8143,,BS-14,,,False,True,132,44,46,48,,<nil>,48,48,,<nil>,418,477,478,478,478,0.53,0,,,,,,,,,,,,,,,,,,,,,,,,,,,,,,,,28.5,,47,,0,0
03/01/2026 06:52:26,d092rmnoovhpfm35n490,81432434001,8143,,BS-14,,,False,True,137,46,47,50,,<nil>,50,50,,<nil>,426,487,489,489,489,0.55,0,,,,,,,,,,,,,,,,,,,,,,,,,,,,,,,,28.5,,48,,0,0
03/01/2026 06:53:26,d092rmnoovhpfm35n490,81432434001,8143,,BS-14,,,False,True,134,45,46,49,,<nil>,49,49,,<nil>,424,484,485,486,486,0.53,0,,,,,,,,,,,,,,,,,,,,,,,,,,,,,,,,28.5,,48,,0,0
03/01/2026 06:54:26,d092rmnoovhpfm35n490,81432434001,8143,,BS-14,,,False,True,137,46,47,50,,<nil>,50,50,,<nil>,432,493,494,495,495,0.52,0,,,,,,,,,,,,,,,,,,,,,,,,,,,,,,,,28.5,,47,,0,0
03/01/2026 06:55:26,d092rmnoovhpfm35n490,81432434001,8143,,BS-14,,,False,True,134,45,46,49,,<nil>,49,49,,<nil>,423,483,484,484,484,0.51,0,,,,,,,,,,,,,,,,,,,,,,,,,,,,,,,,28.6,,48,,0,0
03/01/2026 06:56:26,d092rmnoovhpfm35n490,81432434001,8143,,BS-14,,,False,True,137,46,47,50,,<nil>,50,50,,<nil>,432,493,494,495,495,0.52,0,,,,,,,,,,,,,,,,,,,,,,,,,,,,,,,,28.6,,47,,0,0
03/01/2026 06:57:26,d092rmnoovhpfm35n490,81432434001,8143,,BS-14,,,False,True,134,46,47,49,,<nil>,50,50,,<nil>,428,489,490,490,490,0.52,0,,,,,,,,,,,,,,,,,,,,,,,,,,,,,,,,28.6,,48,,0,0
03/01/2026 06:58:26,d092rmnoovhpfm35n490,81432434001,8143,,BS-14,,,False,True,132,44,45,48,,<nil>,48,48,,<nil>,415,473,474,474,474,0.52,0,,,,,,,,,,,,,,,,,,,,,,,,,,,,,,,,28.6,,49,,0,0
03/01/2026 06:59:26,d092rmnoovhpfm35n490,81432434001,8143,,BS-14,,,False,True,134,45,47,49,,<nil>,49,49,,<nil>,427,487,488,488,488,0.52,0,,,,,,,,,,,,,,,,,,,,,,,,,,,,,,,,28.6,,49,,0,0
03/01/2026 07:00:26,d092rmnoovhpfm35n490,81432434001,8143,,BS-14,,,False,True,139,47,48,51,,<nil>,51,51,,<nil>,435,497,498,498,498,0.54,0,,,,,,,,,,,,,,,,,,,,,,,,,,,,,,,,28.7,,49,,0,0
03/01/2026 07:01:26,d092rmnoovhpfm35n490,81432434001,8143,,BS-14,,,False,True,134,45,46,49,,<nil>,49,49,,<nil>,420,479,480,480,480,0.53,0,,,,,,,,,,,,,,,,,,,,,,,,,,,,,,,,28.7,,50,,0,0
03/01/2026 07:02:26,d092rmnoovhpfm35n490,81432434001,8143,,BS-14,,,False,True,137,46,47,50,,<nil>,50,50,,<nil>,429,490,491,491,491,0.52,0,,,,,,,,,,,,,,,,,,,,,,,,,,,,,,,,28.8,,48,,0,0
03/01/2026 07:03:26,d092rmnoovhpfm35n490,81432434001,8143,,BS-14,,,False,True,132,44,46,48,,<nil>,48,48,,<nil>,417,476,477,477,478,0.52,0,,,,,,,,,,,,,,,,,,,,,,,,,,,,,,,,28.8,,48,,0,0
03/01/2026 07:04:26,d092rmnoovhpfm35n490,81432434001,8143,,BS-14,,,False,True,129,44,44,47,,<nil>,47,47,,<nil>,403,460,461,462,462,0.52,0,,,,,,,,,,,,,,,,,,,,,,,,,,,,,,,,28.8,,48,,0,0
03/01/2026 07:05:26,d092rmnoovhpfm35n490,81432434001,8143,,BS-14,,,False,True,132,44,45,48,,<nil>,48,48,,<nil>,411,469,470,470,470,0.53,0,,,,,,,,,,,,,,,,,,,,,,,,,,,,,,,,28.8,,47,,0,0
03/01/2026 07:06:26,d092rmnoovhpfm35n490,81432434001,8143,,BS-14,,,False,True,132,44,46,48,,<nil>,48,48,,<nil>,417,476,477,477,477,0.52,0,,,,,,,,,,,,,,,,,,,,,,,,,,,,,,,,28.8,,48,,0,0
03/01/2026 07:07:26,d092rmnoovhpfm35n490,81432434001,8143,,BS-14,,,False,True,137,46,47,50,,<nil>,50,50,,<nil>,428,489,490,490,490,0.53,0,,,,,,,,,,,,,,,,,,,,,,,,,,,,,,,,28.9,,48,,0,0
03/01/2026 07:08:26,d092rmnoovhpfm35n490,81432434001,8143,,BS-14,,,False,True,159,59,67,71,,<nil>,72,72,,<nil>,609,696,699,699,699,0.56,0,,,,,,,,,,,,,,,,,,,,,,,,,,,,,,,,28.9,,48,,0,0
03/01/2026 07:09:26,d092rmnoovhpfm35n490,81432434001,8143,,BS-14,,,False,True,157,57,64,68,,<nil>,68,68,,<nil>,582,664,666,666,666,0.53,0,,,,,,,,,,,,,,,,,,,,,,,,,,,,,,,,28.9,,48,,0,0
03/01/2026 07:10:26,d092rmnoovhpfm35n490,81432434001,8143,,BS-14,,,False,True,152,52,54,57,,<nil>,57,57,,<nil>,492,561,563,563,563,0.52,0,,,,,,,,,,,,,,,,,,,,,,,,,,,,,,,,28.9,,46,,0,0
03/01/2026 07:11:26,d092rmnoovhpfm35n490,81432434001,8143,,BS-14,,,False,True,149,51,52,55,,<nil>,55,55,,<nil>,474,541,542,542,542,0.52,0,,,,,,,,,,,,,,,,,,,,,,,,,,,,,,,,28.9,,46,,0,0
03/01/2026 07:12:26,d092rmnoovhpfm35n490,81432434001,8143,,BS-14,,,False,True,149,51,52,55,,<nil>,55,55,,<nil>,470,537,538,538,538,0.52,0,,,,,,,,,,,,,,,,,,,,,,,,,,,,,,,,29.0,,47,,0,0
03/01/2026 07:13:26,d092rmnoovhpfm35n490,81432434001,8143,,BS-14,,,False,True,142,48,49,52,,<nil>,52,52,,<nil>,448,511,513,513,513,0.54,0,,,,,,,,,,,,,,,,,,,,,,,,,,,,,,,,29.0,,47,,0,0
03/01/2026 07:14:26,d092rmnoovhpfm35n490,81432434001,8143,,BS-14,,,False,True,142,48,49,52,,<nil>,52,52,,<nil>,447,510,511,511,511,0.53,0,,,,,,,,,,,,,,,,,,,,,,,,,,,,,,,,29.0,,47,,0,0
03/01/2026 07:15:26,d092rmnoovhpfm35n490,81432434001,8143,,BS-14,,,False,True,142,48,49,52,,<nil>,52,52,,<nil>,443,506,507,507,508,0.54,0,,,,,,,,,,,,,,,,,,,,,,,,,,,,,,,,29.0,,47,,0,0
03/01/2026 07:16:26,d092rmnoovhpfm35n490,81432434001,8143,,BS-14,,,False,True,142,48,49,52,,<nil>,52,52,,<nil>,445,509,510,510,510,0.53,0,,,,,,,,,,,,,,,,,,,,,,,,,,,,,,,,29.0,,47,,0,0
03/01/2026 07:17:26,d092rmnoovhpfm35n490,81432434001,8143,,BS-14,,,False,True,137,46,47,50,,<nil>,50,50,,<nil>,430,491,492,492,492,0.52,0,,,,,,,,,,,,,,,,,,,,,,,,,,,,,,,,29.0,,47,,0,0
03/01/2026 07:18:26,d092rmnoovhpfm35n490,81432434001,8143,,BS-14,,,False,True,134,45,47,49,,<nil>,49,49,,<nil>,426,486,487,487,487,0.5,0,,,,,,,,,,,,,,,,,,,,,,,,,,,,,,,,29.0,,46,,0,0
03/01/2026 07:19:26,d092rmnoovhpfm35n490,81432434001,8143,,BS-14,,,False,True,137,46,47,50,,<nil>,50,50,,<nil>,432,493,494,494,494,0.52,0,,,,,,,,,,,,,,,,,,,,,,,,,,,,,,,,29.1,,46,,0,0
03/01/2026 07:20:26,d092rmnoovhpfm35n490,81432434001,8143,,BS-14,,,False,True,134,45,46,49,,<nil>,49,49,,<nil>,420,480,481,481,481,0.53,0,,,,,,,,,,,,,,,,,,,,,,,,,,,,,,,,29.1,,46,,0,0
03/01/2026 07:21:26,d092rmnoovhpfm35n490,81432434001,8143,,BS-14,,,False,True,137,46,47,50,,<nil>,50,50,,<nil>,432,494,495,495,495,0.53,0,,,,,,,,,,,,,,,,,,,,,,,,,,,,,,,,29.1,,45,,0,0
03/01/2026 07:22:26,d092rmnoovhpfm35n490,81432434001,8143,,BS-14,,,False,True,137,47,48,50,,<nil>,50,51,,<nil>,434,495,496,497,497,0.53,0,,,,,,,,,,,,,,,,,,,,,,,,,,,,,,,,29.0,,46,,0,0
03/01/2026 07:23:26,d092rmnoovhpfm35n490,81432434001,8143,,BS-14,,,False,True,139,47,49,51,,<nil>,51,51,,<nil>,443,505,506,507,507,0.52,0,,,,,,,,,,,,,,,,,,,,,,,,,,,,,,,,29.0,,46,,0,0
03/01/2026 07:24:26,d092rmnoovhpfm35n490,81432434001,8143,,BS-14,,,False,True,142,48,49,52,,<nil>,52,52,,<nil>,450,514,515,515,515,0.52,0,,,,,,,,,,,,,,,,,,,,,,,,,,,,,,,,29.1,,47,,0,0
03/01/2026 07:25:26,d092rmnoovhpfm35n490,81432434001,8143,,BS-14,,,False,True,142,48,49,52,,<nil>,52,52,,<nil>,450,514,515,515,515,0.53,0,,,,,,,,,,,,,,,,,,,,,,,,,,,,,,,,29.1,,47,,0,0
03/01/2026 07:26:26,d092rmnoovhpfm35n490,81432434001,8143,,BS-14,,,False,True,139,47,48,51,,<nil>,51,51,,<nil>,441,504,505,505,505,0.53,0,,,,,,,,,,,,,,,,,,,,,,,,,,,,,,,,29.1,,47,,0,0
03/01/2026 07:27:26,d092rmnoovhpfm35n490,81432434001,8143,,BS-14,,,False,True,147,50,51,54,,<nil>,54,54,,<nil>,463,528,529,529,529,0.52,0,,,,,,,,,,,,,,,,,,,,,,,,,,,,,,,,29.0,,46,,0,0
03/01/2026 07:28:26,d092rmnoovhpfm35n490,81432434001,8143,,BS-14,,,False,True,144,49,50,53,,<nil>,53,53,,<nil>,457,522,523,523,523,0.53,0,,,,,,,,,,,,,,,,,,,,,,,,,,,,,,,,29.0,,46,,0,0
03/01/2026 07:29:26,d092rmnoovhpfm35n490,81432434001,8143,,BS-14,,,False,True,142,48,49,52,,<nil>,52,52,,<nil>,446,509,511,511,511,0.53,0,,,,,,,,,,,,,,,,,,,,,,,,,,,,,,,,29.0,,46,,0,0
03/01/2026 07:30:26,d092rmnoovhpfm35n490,81432434001,8143,,BS-14,,,False,True,147,50,51,54,,<nil>,54,54,,<nil>,461,526,527,528,528,0.54,0,,,,,,,,,,,,,,,,,,,,,,,,,,,,,,,,29.1,,46,,0,0
03/01/2026 07:31:26,d092rmnoovhpfm35n490,81432434001,8143,,BS-14,,,False,True,144,49,50,53,,<nil>,53,53,,<nil>,458,523,524,524,524,0.52,0,,,,,,,,,,,,,,,,,,,,,,,,,,,,,,,,29.1,,46,,0,0
03/01/2026 07:32:26,d092rmnoovhpfm35n490,81432434001,8143,,BS-14,,,False,True,147,50,51,54,,<nil>,54,54,,<nil>,464,530,531,531,531,0.53,0,,,,,,,,,,,,,,,,,,,,,,,,,,,,,,,,29.1,,46,,0,0
03/01/2026 07:33:26,d092rmnoovhpfm35n490,81432434001,8143,,BS-14,,,False,True,142,48,49,52,,<nil>,52,52,,<nil>,449,513,514,514,514,0.52,0,,,,,,,,,,,,,,,,,,,,,,,,,,,,,,,,29.1,,46,,0,0
03/01/2026 07:34:26,d092rmnoovhpfm35n490,81432434001,8143,,BS-14,,,False,True,139,47,48,51,,<nil>,51,51,,<nil>,440,502,503,503,503,0.54,0,,,,,,,,,,,,,,,,,,,,,,,,,,,,,,,,29.1,,46,,0,0
03/01/2026 07:35:26,d092rmnoovhpfm35n490,81432434001,8143,,BS-14,,,False,True,137,46,48,50,,<nil>,50,50,,<nil>,434,495,496,497,497,0.52,0,,,,,,,,,,,,,,,,,,,,,,,,,,,,,,,,29.1,,46,,0,0
03/01/2026 07:36:26,d092rmnoovhpfm35n490,81432434001,8143,,BS-14,,,False,True,137,46,47,50,,<nil>,50,50,,<nil>,430,491,492,492,492,0.54,0,,,,,,,,,,,,,,,,,,,,,,,,,,,,,,,,29.1,,46,,0,0
03/01/2026 07:37:26,d092rmnoovhpfm35n490,81432434001,8143,,BS-14,,,False,True,142,48,49,52,,<nil>,52,52,,<nil>,445,508,509,509,509,0.53,0,,,,,,,,,,,,,,,,,,,,,,,,,,,,,,,,29.1,,46,,0,0
03/01/2026 07:38:26,d092rmnoovhpfm35n490,81432434001,8143,,BS-14,,,False,True,142,48,49,52,,<nil>,52,52,,<nil>,446,508,510,510,510,0.52,0,,,,,,,,,,,,,,,,,,,,,,,,,,,,,,,,29.2,,46,,0,0
03/01/2026 07:39:26,d092rmnoovhpfm35n490,81432434001,8143,,BS-14,,,False,True,144,49,50,53,,<nil>,53,53,,<nil>,454,519,520,520,520,0.53,0,,,,,,,,,,,,,,,,,,,,,,,,,,,,,,,,29.2,,46,,0,0
03/01/2026 07:40:26,d092rmnoovhpfm35n490,81432434001,8143,,BS-14,,,False,True,139,47,48,51,,<nil>,51,51,,<nil>,441,504,505,505,505,0.53,0,,,,,,,,,,,,,,,,,,,,,,,,,,,,,,,,29.2,,46,,0,0
03/01/2026 07:41:26,d092rmnoovhpfm35n490,81432434001,8143,,BS-14,,,False,True,144,49,50,53,,<nil>,53,53,,<nil>,455,519,520,520,520,0.51,0,,,,,,,,,,,,,,,,,,,,,,,,,,,,,,,,29.2,,46,,0,0
03/01/2026 07:42:26,d092rmnoovhpfm35n490,81432434001,8143,,BS-14,,,False,True,147,50,51,54,,<nil>,54,54,,<nil>,465,530,532,532,532,0.5,0,,,,,,,,,,,,,,,,,,,,,,,,,,,,,,,,29.2,,46,,0,0
03/01/2026 07:43:26,d092rmnoovhpfm35n490,81432434001,8143,,BS-14,,,False,True,149,51,52,55,,<nil>,55,55,,<nil>,474,541,542,542,542,0.53,0,,,,,,,,,,,,,,,,,,,,,,,,,,,,,,,,29.2,,47,,0,0
03/01/2026 07:44:26,d092rmnoovhpfm35n490,81432434001,8143,,BS-14,,,False,True,153,53,56,59,,<nil>,60,60,,<nil>,510,582,584,584,584,0.54,0,,,,,,,,,,,,,,,,,,,,,,,,,,,,,,,,29.2,,47,,0,0
03/01/2026 07:45:26,d092rmnoovhpfm35n490,81432434001,8143,,BS-14,,,False,True,147,50,51,54,,<nil>,54,54,,<nil>,464,530,531,531,531,0.52,0,,,,,,,,,,,,,,,,,,,,,,,,,,,,,,,,29.2,,47,,0,0
03/01/2026 07:46:26,d092rmnoovhpfm35n490,81432434001,8143,,BS-14,,,False,True,149,51,52,55,,<nil>,55,55,,<nil>,472,539,540,540,540,0.53,0,,,,,,,,,,,,,,,,,,,,,,,,,,,,,,,,29.3,,47,,0,0
03/01/2026 07:47:26,d092rmnoovhpfm35n490,81432434001,8143,,BS-14,,,False,True,144,49,50,53,,<nil>,53,53,,<nil>,456,520,522,522,522,0.53,0,,,,,,,,,,,,,,,,,,,,,,,,,,,,,,,,29.3,,47,,0,0
03/01/2026 07:48:26,d092rmnoovhpfm35n490,81432434001,8143,,BS-14,,,False,True,147,50,51,54,,<nil>,54,54,,<nil>,465,531,533,533,533,0.53,0,,,,,,,,,,,,,,,,,,,,,,,,,,,,,,,,29.3,,47,,0,0
03/01/2026 07:49:26,d092rmnoovhpfm35n490,81432434001,8143,,BS-14,,,False,True,147,50,51,54,,<nil>,54,54,,<nil>,466,531,533,533,533,0.51,0,,,,,,,,,,,,,,,,,,,,,,,,,,,,,,,,29.3,,47,,0,0
03/01/2026 07:50:26,d092rmnoovhpfm35n490,81432434001,8143,,BS-14,,,False,True,152,52,54,57,,<nil>,57,57,,<nil>,489,558,560,560,560,0.53,0,,,,,,,,,,,,,,,,,,,,,,,,,,,,,,,,29.3,,47,,0,0
03/01/2026 07:51:26,d092rmnoovhpfm35n490,81432434001,8143,,BS-14,,,False,True,151,51,53,56,,<nil>,56,56,,<nil>,482,550,551,551,551,0.53,0,,,,,,,,,,,,,,,,,,,,,,,,,,,,,,,,29.3,,47,,0,0
03/01/2026 07:52:26,d092rmnoovhpfm35n490,81432434001,8143,,BS-14,,,False,True,149,51,52,55,,<nil>,55,55,,<nil>,470,536,538,538,538,0.54,0,,,,,,,,,,,,,,,,,,,,,,,,,,,,,,,,29.3,,47,,0,0
03/01/2026 07:53:26,d092rmnoovhpfm35n490,81432434001,8143,,BS-14,,,False,True,149,51,52,55,,<nil>,55,55,,<nil>,474,541,542,542,542,0.53,0,,,,,,,,,,,,,,,,,,,,,,,,,,,,,,,,29.3,,47,,0,0
03/01/2026 07:54:26,d092rmnoovhpfm35n490,81432434001,8143,,BS-14,,,False,True,149,51,52,55,,<nil>,55,55,,<nil>,475,543,544,544,544,0.53,0,,,,,,,,,,,,,,,,,,,,,,,,,,,,,,,,29.4,,47,,0,0
03/01/2026 07:55:26,d092rmnoovhpfm35n490,81432434001,8143,,BS-14,,,False,True,147,50,51,54,,<nil>,54,54,,<nil>,466,532,533,533,533,0.52,0,,,,,,,,,,,,,,,,,,,,,,,,,,,,,,,,29.4,,46,,0,0
03/01/2026 07:56:26,d092rmnoovhpfm35n490,81432434001,8143,,BS-14,,,False,True,147,50,51,54,,<nil>,54,54,,<nil>,460,526,527,527,527,0.52,0,,,,,,,,,,,,,,,,,,,,,,,,,,,,,,,,29.4,,46,,0,0
03/01/2026 07:57:26,d092rmnoovhpfm35n490,81432434001,8143,,BS-14,,,False,True,167,68,78,86,,<nil>,89,90,,<nil>,700,807,813,814,815,0.6,0,,,,,,,,,,,,,,,,,,,,,,,,,,,,,,,,29.4,,45,,0,0
03/01/2026 07:58:26,d092rmnoovhpfm35n490,81432434001,8143,,BS-14,,,False,True,184,92,98,119,,<nil>,131,137,,<nil>,842,998,1021,1026,1026,0.68,0,,,,,,,,,,,,,,,,,,,,,,,,,,,,,,,,29.4,,46,,0,0
03/01/2026 07:59:26,d092rmnoovhpfm35n490,81432434001,8143,,BS-14,,,False,True,159,60,64,71,,<nil>,73,74,,<nil>,572,660,665,666,666,0.57,0,,,,,,,,,,,,,,,,,,,,,,,,,,,,,,,,29.4,,46,,0,0
03/01/2026 08:00:26,d092rmnoovhpfm35n490,81432434001,8143,,BS-14,,,False,True,154,54,57,61,,<nil>,62,62,,<nil>,517,592,594,594,594,0.57,0,,,,,,,,,,,,,,,,,,,,,,,,,,,,,,,,29.5,,46,,0,0
03/01/2026 08:01:26,d092rmnoovhpfm35n490,81432434001,8143,,BS-14,,,False,True,151,51,52,56,,<nil>,56,56,,<nil>,476,544,545,545,545,0.53,0,,,,,,,,,,,,,,,,,,,,,,,,,,,,,,,,29.5,,46,,0,0
03/01/2026 08:02:26,d092rmnoovhpfm35n490,81432434001,8143,,BS-14,,,False,True,151,51,53,56,,<nil>,56,56,,<nil>,481,549,551,551,551,0.54,0,,,,,,,,,,,,,,,,,,,,,,,,,,,,,,,,29.5,,46,,0,0
03/01/2026 08:03:26,d092rmnoovhpfm35n490,81432434001,8143,,BS-14,,,False,True,149,51,52,55,,<nil>,55,55,,<nil>,469,535,537,537,537,0.52,0,,,,,,,,,,,,,,,,,,,,,,,,,,,,,,,,29.5,,46,,0,0
03/01/2026 08:04:26,d092rmnoovhpfm35n490,81432434001,8143,,BS-14,,,False,True,152,52,54,57,,<nil>,57,57,,<nil>,487,556,557,558,558,0.52,0,,,,,,,,,,,,,,,,,,,,,,,,,,,,,,,,29.5,,47,,0,0
03/01/2026 08:05:26,d092rmnoovhpfm35n490,81432434001,8143,,BS-14,,,False,True,152,52,54,57,,<nil>,57,57,,<nil>,490,559,560,560,561,0.52,0,,,,,,,,,,,,,,,,,,,,,,,,,,,,,,,,29.5,,47,,0,0
03/01/2026 08:06:26,d092rmnoovhpfm35n490,81432434001,8143,,BS-14,,,False,True,153,53,55,59,,<nil>,59,59,,<nil>,503,574,575,576,576,0.54,0,,,,,,,,,,,,,,,,,,,,,,,,,,,,,,,,29.5,,46,,0,0
03/01/2026 08:07:26,d092rmnoovhpfm35n490,81432434001,8143,,BS-14,,,False,True,152,52,55,58,,<nil>,58,58,,<nil>,501,572,573,573,574,0.52,0,,,,,,,,,,,,,,,,,,,,,,,,,,,,,,,,29.5,,46,,0,0
03/01/2026 08:08:26,d092rmnoovhpfm35n490,81432434001,8143,,BS-14,,,False,True,153,53,56,59,,<nil>,59,59,,<nil>,509,581,582,583,583,0.52,0,,,,,,,,,,,,,,,,,,,,,,,,,,,,,,,,29.5,,46,,0,0
03/01/2026 08:09:26,d092rmnoovhpfm35n490,81432434001,8143,,BS-14,,,False,True,152,52,54,57,,<nil>,57,57,,<nil>,487,556,557,557,557,0.52,0,,,,,,,,,,,,,,,,,,,,,,,,,,,,,,,,29.5,,47,,0,0
03/01/2026 08:10:26,d092rmnoovhpfm35n490,81432434001,8143,,BS-14,,,False,True,151,51,53,56,,<nil>,56,56,,<nil>,484,552,553,554,554,0.53,0,,,,,,,,,,,,,,,,,,,,,,,,,,,,,,,,29.5,,47,,0,0
03/01/2026 08:11:26,d092rmnoovhpfm35n490,81432434001,8143,,BS-14,,,False,True,152,52,55,58,,<nil>,58,58,,<nil>,499,570,571,571,571,0.53,0,,,,,,,,,,,,,,,,,,,,,,,,,,,,,,,,29.6,,47,,0,0
03/01/2026 08:12:26,d092rmnoovhpfm35n490,81432434001,8143,,BS-14,,,False,True,152,52,54,57,,<nil>,57,57,,<nil>,489,558,559,559,559,0.53,0,,,,,,,,,,,,,,,,,,,,,,,,,,,,,,,,29.6,,47,,0,0
03/01/2026 08:13:26,d092rmnoovhpfm35n490,81432434001,8143,,BS-14,,,False,True,151,51,53,56,,<nil>,56,56,,<nil>,483,551,553,553,553,0.53,0,,,,,,,,,,,,,,,,,,,,,,,,,,,,,,,,29.6,,48,,0,0
03/01/2026 08:14:26,d092rmnoovhpfm35n490,81432434001,8143,,BS-14,,,False,True,152,53,55,58,,<nil>,59,59,,<nil>,501,572,573,574,574,0.53,0,,,,,,,,,,,,,,,,,,,,,,,,,,,,,,,,29.6,,48,,0,0
03/01/2026 08:15:26,d092rmnoovhpfm35n490,81432434001,8143,,BS-14,,,False,True,154,54,58,62,,<nil>,62,62,,<nil>,526,601,603,603,603,0.55,0,,,,,,,,,,,,,,,,,,,,,,,,,,,,,,,,29.6,,48,,0,0
03/01/2026 08:16:26,d092rmnoovhpfm35n490,81432434001,8143,,BS-14,,,False,True,156,56,61,65,,<nil>,65,66,,<nil>,550,629,631,632,632,0.56,0,,,,,,,,,,,,,,,,,,,,,,,,,,,,,,,,29.7,,48,,0,0
03/01/2026 08:17:26,d092rmnoovhpfm35n490,81432434001,8143,,BS-14,,,False,True,152,52,55,58,,<nil>,58,58,,<nil>,497,568,569,569,569,0.52,0,,,,,,,,,,,,,,,,,,,,,,,,,,,,,,,,29.7,,47,,0,0
03/01/2026 08:18:26,d092rmnoovhpfm35n490,81432434001,8143,,BS-14,,,False,True,154,54,57,61,,<nil>,61,61,,<nil>,518,591,593,593,593,0.53,0,,,,,,,,,,,,,,,,,,,,,,,,,,,,,,,,29.7,,48,,0,0
03/01/2026 08:19:26,d092rmnoovhpfm35n490,81432434001,8143,,BS-14,,,False,True,153,53,56,59,,<nil>,59,59,,<nil>,503,575,576,577,577,0.54,0,,,,,,,,,,,,,,,,,,,,,,,,,,,,,,,,29.7,,48,,0,0
03/01/2026 08:20:26,d092rmnoovhpfm35n490,81432434001,8143,,BS-14,,,False,True,152,52,54,57,,<nil>,57,57,,<nil>,490,559,561,561,561,0.52,0,,,,,,,,,,,,,,,,,,,,,,,,,,,,,,,,29.7,,48,,0,0
03/01/2026 08:21:26,d092rmnoovhpfm35n490,81432434001,8143,,BS-14,,,False,True,153,53,56,59,,<nil>,60,60,,<nil>,508,580,581,581,581,0.55,0,,,,,,,,,,,,,,,,,,,,,,,,,,,,,,,,29.7,,47,,0,0
03/01/2026 08:22:26,d092rmnoovhpfm35n490,81432434001,8143,,BS-14,,,False,True,152,52,55,58,,<nil>,58,58,,<nil>,497,567,569,569,569,0.53,0,,,,,,,,,,,,,,,,,,,,,,,,,,,,,,,,29.7,,47,,0,0
03/01/2026 08:23:26,d092rmnoovhpfm35n490,81432434001,8143,,BS-14,,,False,True,153,53,56,59,,<nil>,59,59,,<nil>,506,578,579,579,579,0.53,0,,,,,,,,,,,,,,,,,,,,,,,,,,,,,,,,29.8,,48,,0,0
03/01/2026 08:24:26,d092rmnoovhpfm35n490,81432434001,8143,,BS-14,,,False,True,151,51,53,56,,<nil>,56,56,,<nil>,483,551,552,552,552,0.53,0,,,,,,,,,,,,,,,,,,,,,,,,,,,,,,,,29.8,,48,,0,0
03/01/2026 08:25:26,d092rmnoovhpfm35n490,81432434001,8143,,BS-14,,,False,True,155,55,60,64,,<nil>,64,64,,<nil>,547,624,626,626,626,0.54,0,,,,,,,,,,,,,,,,,,,,,,,,,,,,,,,,29.8,,48,,0,0
03/01/2026 08:26:26,d092rmnoovhpfm35n490,81432434001,8143,,BS-14,,,False,True,180,81,103,112,,<nil>,115,116,,<nil>,925,1063,1069,1071,1071,0.58,0,,,,,,,,,,,,,,,,,,,,,,,,,,,,,,,,29.8,,47,,0,0
03/01/2026 08:27:26,d092rmnoovhpfm35n490,81432434001,8143,,BS-14,,,False,True,165,65,77,82,,<nil>,82,83,,<nil>,691,791,794,794,794,0.55,0,,,,,,,,,,,,,,,,,,,,,,,,,,,,,,,,29.8,,47,,0,0
03/01/2026 08:28:26,d092rmnoovhpfm35n490,81432434001,8143,,BS-14,,,False,True,157,57,63,67,,<nil>,67,67,,<nil>,569,650,651,652,652,0.54,0,,,,,,,,,,,,,,,,,,,,,,,,,,,,,,,,29.8,,47,,0,0
03/01/2026 08:29:26,d092rmnoovhpfm35n490,81432434001,8143,,BS-14,,,False,True,153,53,56,59,,<nil>,59,59,,<nil>,505,577,578,578,578,0.54,0,,,,,,,,,,,,,,,,,,,,,,,,,,,,,,,,29.8,,47,,0,0
03/01/2026 08:30:26,d092rmnoovhpfm35n490,81432434001,8143,,BS-14,,,False,True,152,52,53,57,,<nil>,57,57,,<nil>,482,551,552,552,552,0.54,0,,,,,,,,,,,,,,,,,,,,,,,,,,,,,,,,29.8,,46,,0,0
03/01/2026 08:31:26,d092rmnoovhpfm35n490,81432434001,8143,,BS-14,,,False,True,149,51,52,55,,<nil>,55,55,,<nil>,474,541,542,542,542,0.54,0,,,,,,,,,,,,,,,,,,,,,,,,,,,,,,,,29.8,,45,,0,0
03/01/2026 08:32:26,d092rmnoovhpfm35n490,81432434001,8143,,BS-14,,,False,True,147,50,51,54,,<nil>,54,54,,<nil>,462,527,528,529,529,0.53,0,,,,,,,,,,,,,,,,,,,,,,,,,,,,,,,,29.8,,46,,0,0
03/01/2026 08:33:26,d092rmnoovhpfm35n490,81432434001,8143,,BS-14,,,False,True,144,49,50,53,,<nil>,53,53,,<nil>,456,520,521,522,522,0.53,0,,,,,,,,,,,,,,,,,,,,,,,,,,,,,,,,29.8,,45,,0,0
03/01/2026 08:34:26,d092rmnoovhpfm35n490,81432434001,8143,,BS-14,,,False,True,149,51,52,55,,<nil>,55,55,,<nil>,467,533,534,534,534,0.52,0,,,,,,,,,,,,,,,,,,,,,,,,,,,,,,,,29.8,,45,,0,0
03/01/2026 08:35:26,d092rmnoovhpfm35n490,81432434001,8143,,BS-14,,,False,True,147,50,51,54,,<nil>,54,54,,<nil>,459,524,525,525,525,0.53,0,,,,,,,,,,,,,,,,,,,,,,,,,,,,,,,,29.8,,45,,0,0
03/01/2026 08:36:26,d092rmnoovhpfm35n490,81432434001,8143,,BS-14,,,False,True,139,47,48,51,,<nil>,51,51,,<nil>,439,501,502,503,503,0.52,0,,,,,,,,,,,,,,,,,,,,,,,,,,,,,,,,29.8,,44,,0,0
03/01/2026 08:37:26,d092rmnoovhpfm35n490,81432434001,8143,,BS-14,,,False,True,137,46,47,50,,<nil>,50,50,,<nil>,425,485,486,486,486,0.52,0,,,,,,,,,,,,,,,,,,,,,,,,,,,,,,,,29.8,,45,,0,0
03/01/2026 08:38:26,d092rmnoovhpfm35n490,81432434001,8143,,BS-14,,,False,True,134,45,46,49,,<nil>,49,49,,<nil>,418,477,478,479,479,0.52,0,,,,,,,,,,,,,,,,,,,,,,,,,,,,,,,,29.8,,44,,0,0
03/01/2026 08:39:26,d092rmnoovhpfm35n490,81432434001,8143,,BS-14,,,False,True,129,44,44,47,,<nil>,47,47,,<nil>,399,455,456,457,457,0.51,0,,,,,,,,,,,,,,,,,,,,,,,,,,,,,,,,29.7,,45,,0,0
03/01/2026 08:40:26,d092rmnoovhpfm35n490,81432434001,8143,,BS-14,,,False,True,122,41,41,44,,<nil>,44,44,,<nil>,374,426,427,428,428,0.52,0,,,,,,,,,,,,,,,,,,,,,,,,,,,,,,,,29.7,,43,,0,0
03/01/2026 08:41:26,d092rmnoovhpfm35n490,81432434001,8143,,BS-14,,,False,True,115,38,39,41,,<nil>,41,41,,<nil>,354,404,405,405,405,0.52,0,,,,,,,,,,,,,,,,,,,,,,,,,,,,,,,,29.7,,41,,0,0
03/01/2026 08:42:26,d092rmnoovhpfm35n490,81432434001,8143,,BS-14,,,False,True,112,37,38,40,,<nil>,40,40,,<nil>,343,391,392,392,392,0.52,0,,,,,,,,,,,,,,,,,,,,,,,,,,,,,,,,29.7,,40,,0,0
03/01/2026 08:43:26,d092rmnoovhpfm35n490,81432434001,8143,,BS-14,,,False,True,107,35,36,38,,<nil>,38,38,,<nil>,330,376,377,377,377,0.52,0,,,,,,,,,,,,,,,,,,,,,,,,,,,,,,,,29.7,,40,,0,0
03/01/2026 08:44:26,d092rmnoovhpfm35n490,81432434001,8143,,BS-14,,,False,True,107,35,36,38,,<nil>,38,38,,<nil>,327,374,375,375,375,0.53,0,,,,,,,,,,,,,,,,,,,,,,,,,,,,,,,,29.7,,40,,0,0
03/01/2026 08:45:26,d092rmnoovhpfm35n490,81432434001,8143,,BS-14,,,False,True,110,36,37,39,,<nil>,39,39,,<nil>,333,380,380,381,381,0.52,0,,,,,,,,,,,,,,,,,,,,,,,,,,,,,,,,29.7,,41,,0,0
03/01/2026 08:46:26,d092rmnoovhpfm35n490,81432434001,8143,,BS-14,,,False,True,151,52,52,56,,<nil>,57,57,,<nil>,470,538,541,541,541,0.58,0,,,,,,,,,,,,,,,,,,,,,,,,,,,,,,,,29.7,,41,,0,0
03/01/2026 08:47:26,d092rmnoovhpfm35n490,81432434001,8143,,BS-14,,,False,True,122,41,41,44,,<nil>,44,44,,<nil>,370,423,424,424,424,0.56,0,,,,,,,,,,,,,,,,,,,,,,,,,,,,,,,,29.7,,40,,0,0
03/01/2026 08:48:26,d092rmnoovhpfm35n490,81432434001,8143,,BS-14,,,False,True,117,39,40,42,,<nil>,42,42,,<nil>,358,409,410,410,410,0.52,0,,,,,,,,,,,,,,,,,,,,,,,,,,,,,,,,29.7,,39,,0,0
03/01/2026 08:49:26,d092rmnoovhpfm35n490,81432434001,8143,,BS-14,,,False,True,110,36,37,39,,<nil>,39,39,,<nil>,336,384,385,385,385,0.51,0,,,,,,,,,,,,,,,,,,,,,,,,,,,,,,,,29.7,,40,,0,0
03/01/2026 08:50:26,d092rmnoovhpfm35n490,81432434001,8143,,BS-14,,,False,True,117,39,39,42,,<nil>,42,42,,<nil>,355,405,407,407,407,0.55,0,,,,,,,,,,,,,,,,,,,,,,,,,,,,,,,,29.8,,41,,0,0
03/01/2026 08:51:26,d092rmnoovhpfm35n490,81432434001,8143,,BS-14,,,False,True,134,45,46,49,,<nil>,49,49,,<nil>,421,481,482,482,482,0.53,0,,,,,,,,,,,,,,,,,,,,,,,,,,,,,,,,29.8,,42,,0,0
03/01/2026 08:52:26,d092rmnoovhpfm35n490,81432434001,8143,,BS-14,,,False,True,134,45,46,49,,<nil>,49,49,,<nil>,416,475,476,477,477,0.54,0,,,,,,,,,,,,,,,,,,,,,,,,,,,,,,,,29.8,,43,,0,0
03/01/2026 08:53:26,d092rmnoovhpfm35n490,81432434001,8143,,BS-14,,,False,True,139,47,48,51,,<nil>,51,51,,<nil>,438,500,501,501,502,0.53,0,,,,,,,,,,,,,,,,,,,,,,,,,,,,,,,,29.8,,43,,0,0
03/01/2026 08:54:26,d092rmnoovhpfm35n490,81432434001,8143,,BS-14,,,False,True,134,45,47,49,,<nil>,49,49,,<nil>,421,481,482,482,482,0.53,0,,,,,,,,,,,,,,,,,,,,,,,,,,,,,,,,29.8,,42,,0,0
03/01/2026 08:55:26,d092rmnoovhpfm35n490,81432434001,8143,,BS-14,,,False,True,112,37,37,40,,<nil>,40,40,,<nil>,338,386,387,387,387,0.54,0,,,,,,,,,,,,,,,,,,,,,,,,,,,,,,,,29.7,,40,,0,0
03/01/2026 08:56:26,d092rmnoovhpfm35n490,81432434001,8143,,BS-14,,,False,True,112,37,38,40,,<nil>,40,40,,<nil>,344,393,394,394,394,0.53,0,,,,,,,,,,,,,,,,,,,,,,,,,,,,,,,,29.7,,39,,0,0
03/01/2026 08:57:26,d092rmnoovhpfm35n490,81432434001,8143,,BS-14,,,False,True,95,31,32,33,,<nil>,33,33,,<nil>,286,327,327,327,327,0.53,0,,,,,,,,,,,,,,,,,,,,,,,,,,,,,,,,29.7,,38,,0,0
03/01/2026 08:58:26,d092rmnoovhpfm35n490,81432434001,8143,,BS-14,,,False,True,87,27,27,29,,<nil>,29,29,,<nil>,249,284,285,285,285,0.53,0,,,,,,,,,,,,,,,,,,,,,,,,,,,,,,,,29.7,,37,,0,0
03/01/2026 08:59:26,d092rmnoovhpfm35n490,81432434001,8143,,BS-14,,,False,True,87,27,27,29,,<nil>,29,29,,<nil>,247,282,283,283,283,0.54,0,,,,,,,,,,,,,,,,,,,,,,,,,,,,,,,,29.7,,36,,0,0
03/01/2026 09:00:26,d092rmnoovhpfm35n490,81432434001,8143,,BS-14,,,False,True,91,29,29,31,,<nil>,31,31,,<nil>,262,300,301,301,301,0.55,0,,,,,,,,,,,,,,,,,,,,,,,,,,,,,,,,29.7,,36,,0,0
03/01/2026 09:01:26,d092rmnoovhpfm35n490,81432434001,8143,,BS-14,,,False,True,89,28,29,30,,<nil>,30,30,,<nil>,259,295,296,296,296,0.52,0,,,,,,,,,,,,,,,,,,,,,,,,,,,,,,,,29.7,,37,,0,0
03/01/2026 09:02:26,d092rmnoovhpfm35n490,81432434001,8143,,BS-14,,,False,True,105,34,35,37,,<nil>,37,37,,<nil>,315,360,361,361,361,0.55,0,,,,,,,,,,,,,,,,,,,,,,,,,,,,,,,,29.7,,37,,0,0
03/01/2026 09:03:26,d092rmnoovhpfm35n490,81432434001,8143,,BS-14,,,False,True,93,30,30,32,,<nil>,32,32,,<nil>,272,310,311,311,311,0.52,0,,,,,,,,,,,,,,,,,,,,,,,,,,,,,,,,29.7,,37,,0,0
03/01/2026 09:04:26,d092rmnoovhpfm35n490,81432434001,8143,,BS-14,,,False,True,87,27,27,29,,<nil>,29,29,,<nil>,249,284,285,285,285,0.53,0,,,,,,,,,,,,,,,,,,,,,,,,,,,,,,,,29.7,,36,,0,0
03/01/2026 09:05:26,d092rmnoovhpfm35n490,81432434001,8143,,BS-14,,,False,True,87,27,27,29,,<nil>,29,29,,<nil>,246,281,282,282,282,0.54,0,,,,,,,,,,,,,,,,,,,,,,,,,,,,,,,,29.7,,37,,0,0
03/01/2026 09:06:26,d092rmnoovhpfm35n490,81432434001,8143,,BS-14,,,False,True,97,31,32,34,,<nil>,34,34,,<nil>,287,328,329,329,329,0.56,0,,,,,,,,,,,,,,,,,,,,,,,,,,,,,,,,29.7,,36,,0,0
03/01/2026 09:07:26,d092rmnoovhpfm35n490,81432434001,8143,,BS-14,,,False,True,93,30,30,32,,<nil>,32,32,,<nil>,270,309,310,310,310,0.54,0,,,,,,,,,,,,,,,,,,,,,,,,,,,,,,,,29.7,,36,,0,0
03/01/2026 09:08:26,d092rmnoovhpfm35n490,81432434001,8143,,BS-14,,,False,True,99,32,33,35,,<nil>,35,35,,<nil>,296,339,340,340,340,0.56,0,,,,,,,,,,,,,,,,,,,,,,,,,,,,,,,,29.7,,36,,0,0
03/01/2026 09:09:26,d092rmnoovhpfm35n490,81432434001,8143,,BS-14,,,False,True,87,27,27,29,,<nil>,29,29,,<nil>,248,284,284,284,285,0.53,0,,,,,,,,,,,,,,,,,,,,,,,,,,,,,,,,29.7,,36,,0,0
03/01/2026 09:10:26,d092rmnoovhpfm35n490,81432434001,8143,,BS-14,,,False,True,99,33,33,35,,<nil>,36,36,,<nil>,299,343,344,344,344,0.56,0,,,,,,,,,,,,,,,,,,,,,,,,,,,,,,,,29.7,,36,,0,0
03/01/2026 09:11:26,d092rmnoovhpfm35n490,81432434001,8143,,BS-14,,,False,True,132,44,44,48,,<nil>,48,48,,<nil>,398,456,458,458,458,0.58,0,,,,,,,,,,,,,,,,,,,,,,,,,,,,,,,,29.7,,36,,0,0
03/01/2026 09:12:26,d092rmnoovhpfm35n490,81432434001,8143,,BS-14,,,False,True,115,39,38,41,,<nil>,42,42,,<nil>,343,393,395,395,396,0.56,0,,,,,,,,,,,,,,,,,,,,,,,,,,,,,,,,29.7,,36,,0,0
03/01/2026 09:13:26,d092rmnoovhpfm35n490,81432434001,8143,,BS-14,,,False,True,99,32,33,35,,<nil>,35,35,,<nil>,297,339,340,340,340,0.53,0,,,,,,,,,,,,,,,,,,,,,,,,,,,,,,,,29.7,,36,,0,0
03/01/2026 09:14:26,d092rmnoovhpfm35n490,81432434001,8143,,BS-14,,,False,True,110,37,37,39,,<nil>,40,40,,<nil>,332,380,382,382,382,0.55,0,,,,,,,,,,,,,,,,,,,,,,,,,,,,,,,,29.7,,37,,0,0
03/01/2026 09:15:26,d092rmnoovhpfm35n490,81432434001,8143,,BS-14,,,False,True,97,31,32,34,,<nil>,34,34,,<nil>,290,332,333,333,333,0.56,0,,,,,,,,,,,,,,,,,,,,,,,,,,,,,,,,29.8,,37,,0,0
03/01/2026 09:16:26,d092rmnoovhpfm35n490,81432434001,8143,,BS-14,,,False,True,93,30,30,32,,<nil>,32,32,,<nil>,275,314,315,315,315,0.53,0,,,,,,,,,,,,,,,,,,,,,,,,,,,,,,,,29.8,,38,,0,0
03/01/2026 09:17:26,d092rmnoovhpfm35n490,81432434001,8143,,BS-14,,,False,True,91,29,29,31,,<nil>,31,31,,<nil>,265,303,303,304,304,0.53,0,,,,,,,,,,,,,,,,,,,,,,,,,,,,,,,,29.8,,38,,0,0
03/01/2026 09:18:26,d092rmnoovhpfm35n490,81432434001,8143,,BS-14,,,False,True,91,29,29,31,,<nil>,31,31,,<nil>,264,301,302,302,302,0.53,0,,,,,,,,,,,,,,,,,,,,,,,,,,,,,,,,29.8,,37,,0,0
03/01/2026 09:19:26,d092rmnoovhpfm35n490,81432434001,8143,,BS-14,,,False,True,89,28,28,30,,<nil>,30,30,,<nil>,257,293,294,294,294,0.53,0,,,,,,,,,,,,,,,,,,,,,,,,,,,,,,,,29.8,,36,,0,0
03/01/2026 09:20:26,d092rmnoovhpfm35n490,81432434001,8143,,BS-14,,,False,True,89,28,28,30,,<nil>,30,30,,<nil>,255,292,293,293,293,0.55,0,,,,,,,,,,,,,,,,,,,,,,,,,,,,,,,,29.8,,36,,0,0
03/01/2026 09:21:26,d092rmnoovhpfm35n490,81432434001,8143,,BS-14,,,False,True,89,28,28,30,,<nil>,30,30,,<nil>,254,290,291,291,291,0.52,0,,,,,,,,,,,,,,,,,,,,,,,,,,,,,,,,29.8,,36,,0,0
03/01/2026 09:22:26,d092rmnoovhpfm35n490,81432434001,8143,,BS-14,,,False,True,91,29,29,31,,<nil>,31,31,,<nil>,264,301,302,302,302,0.54,0,,,,,,,,,,,,,,,,,,,,,,,,,,,,,,,,29.8,,36,,0,0
03/01/2026 09:23:26,d092rmnoovhpfm35n490,81432434001,8143,,BS-14,,,False,True,95,31,31,33,,<nil>,33,34,,<nil>,283,324,325,325,325,0.56,0,,,,,,,,,,,,,,,,,,,,,,,,,,,,,,,,29.8,,36,,0,0
03/01/2026 09:24:26,d092rmnoovhpfm35n490,81432434001,8143,,BS-14,,,False,True,93,31,30,32,,<nil>,33,33,,<nil>,276,315,316,316,316,0.54,0,,,,,,,,,,,,,,,,,,,,,,,,,,,,,,,,29.8,,36,,0,0
03/01/2026 09:25:26,d092rmnoovhpfm35n490,81432434001,8143,,BS-14,,,False,True,91,29,30,31,,<nil>,31,31,,<nil>,268,305,306,306,306,0.53,0,,,,,,,,,,,,,,,,,,,,,,,,,,,,,,,,29.8,,36,,0,0
03/01/2026 09:26:26,d092rmnoovhpfm35n490,81432434001,8143,,BS-14,,,False,True,91,29,29,31,,<nil>,31,31,,<nil>,262,299,299,299,299,0.54,0,,,,,,,,,,,,,,,,,,,,,,,,,,,,,,,,29.8,,36,,0,0
03/01/2026 09:27:26,d092rmnoovhpfm35n490,81432434001,8143,,BS-14,,,False,True,95,31,31,33,,<nil>,33,33,,<nil>,280,320,321,321,321,0.54,0,,,,,,,,,,,,,,,,,,,,,,,,,,,,,,,,29.8,,36,,0,0
03/01/2026 09:28:26,d092rmnoovhpfm35n490,81432434001,8143,,BS-14,,,False,True,97,31,32,34,,<nil>,34,34,,<nil>,287,328,329,329,329,0.55,0,,,,,,,,,,,,,,,,,,,,,,,,,,,,,,,,29.8,,37,,0,0
03/01/2026 09:29:26,d092rmnoovhpfm35n490,81432434001,8143,,BS-14,,,False,True,97,31,31,34,,<nil>,34,34,,<nil>,284,325,326,326,326,0.56,0,,,,,,,,,,,,,,,,,,,,,,,,,,,,,,,,29.8,,37,,0,0
03/01/2026 09:30:26,d092rmnoovhpfm35n490,81432434001,8143,,BS-14,,,False,True,93,30,30,32,,<nil>,32,32,,<nil>,276,315,316,316,316,0.54,0,,,,,,,,,,,,,,,,,,,,,,,,,,,,,,,,29.7,,37,,0,0
03/01/2026 09:31:26,d092rmnoovhpfm35n490,81432434001,8143,,BS-14,,,False,True,95,31,31,33,,<nil>,33,33,,<nil>,283,323,324,324,324,0.55,0,,,,,,,,,,,,,,,,,,,,,,,,,,,,,,,,29.7,,38,,0,0
03/01/2026 09:32:26,d092rmnoovhpfm35n490,81432434001,8143,,BS-14,,,False,True,137,47,46,50,,<nil>,50,51,,<nil>,415,476,478,479,479,0.58,0,,,,,,,,,,,,,,,,,,,,,,,,,,,,,,,,29.7,,38,,0,0
03/01/2026 09:33:26,d092rmnoovhpfm35n490,81432434001,8143,,BS-14,,,False,True,105,35,35,37,,<nil>,38,38,,<nil>,315,360,362,362,362,0.55,0,,,,,,,,,,,,,,,,,,,,,,,,,,,,,,,,29.7,,38,,0,0
03/01/2026 09:34:26,d092rmnoovhpfm35n490,81432434001,8143,,BS-14,,,False,True,99,32,33,35,,<nil>,35,35,,<nil>,298,341,342,342,342,0.56,0,,,,,,,,,,,,,,,,,,,,,,,,,,,,,,,,29.8,,38,,0,0
03/01/2026 09:35:26,d092rmnoovhpfm35n490,81432434001,8143,,BS-14,,,False,True,95,31,31,33,,<nil>,33,33,,<nil>,281,321,322,322,322,0.55,0,,,,,,,,,,,,,,,,,,,,,,,,,,,,,,,,29.7,,38,,0,0
03/01/2026 09:36:26,d092rmnoovhpfm35n490,81432434001,8143,,BS-14,,,False,True,95,31,31,33,,<nil>,33,33,,<nil>,283,323,324,324,324,0.52,0,,,,,,,,,,,,,,,,,,,,,,,,,,,,,,,,29.7,,38,,0,0
03/01/2026 09:37:26,d092rmnoovhpfm35n490,81432434001,8143,,BS-14,,,False,True,93,30,30,32,,<nil>,32,32,,<nil>,275,313,314,314,314,0.51,0,,,,,,,,,,,,,,,,,,,,,,,,,,,,,,,,29.8,,37,,0,0
03/01/2026 09:38:26,d092rmnoovhpfm35n490,81432434001,8143,,BS-14,,,False,True,91,29,30,31,,<nil>,31,31,,<nil>,268,306,307,307,307,0.54,0,,,,,,,,,,,,,,,,,,,,,,,,,,,,,,,,29.7,,37,,0,0
03/01/2026 09:39:26,d092rmnoovhpfm35n490,81432434001,8143,,BS-14,,,False,True,93,30,30,32,,<nil>,32,32,,<nil>,270,308,309,309,309,0.53,0,,,,,,,,,,,,,,,,,,,,,,,,,,,,,,,,29.7,,37,,0,0
03/01/2026 09:40:26,d092rmnoovhpfm35n490,81432434001,8143,,BS-14,,,False,True,115,39,39,41,,<nil>,42,42,,<nil>,348,399,401,401,401,0.58,0,,,,,,,,,,,,,,,,,,,,,,,,,,,,,,,,29.7,,37,,0,0
03/01/2026 09:41:26,d092rmnoovhpfm35n490,81432434001,8143,,BS-14,,,False,True,105,34,34,37,,<nil>,37,37,,<nil>,310,355,357,357,357,0.56,0,,,,,,,,,,,,,,,,,,,,,,,,,,,,,,,,29.7,,37,,0,0
03/01/2026 09:42:26,d092rmnoovhpfm35n490,81432434001,8143,,BS-14,,,False,True,105,34,34,37,,<nil>,37,37,,<nil>,309,354,355,355,355,0.56,0,,,,,,,,,,,,,,,,,,,,,,,,,,,,,,,,29.8,,38,,0,0
03/01/2026 09:43:26,d092rmnoovhpfm35n490,81432434001,8143,,BS-14,,,False,True,97,31,32,34,,<nil>,34,34,,<nil>,293,335,336,336,336,0.53,0,,,,,,,,,,,,,,,,,,,,,,,,,,,,,,,,29.8,,38,,0,0
03/01/2026 09:44:26,d092rmnoovhpfm35n490,81432434001,8143,,BS-14,,,False,True,119,41,41,43,,<nil>,43,44,,<nil>,368,421,422,422,422,0.53,0,,,,,,,,,,,,,,,,,,,,,,,,,,,,,,,,29.7,,39,,0,0
03/01/2026 09:45:26,d092rmnoovhpfm35n490,81432434001,8143,,BS-14,,,False,True,155,56,57,63,,<nil>,65,66,,<nil>,512,591,595,596,596,0.61,0,,,,,,,,,,,,,,,,,,,,,,,,,,,,,,,,29.7,,39,,0,0
03/01/2026 09:46:26,d092rmnoovhpfm35n490,81432434001,8143,,BS-14,,,False,True,112,37,37,40,,<nil>,40,40,,<nil>,332,381,382,382,383,0.55,0,,,,,,,,,,,,,,,,,,,,,,,,,,,,,,,,29.7,,38,,0,0
03/01/2026 09:47:26,d092rmnoovhpfm35n490,81432434001,8143,,BS-14,,,False,True,97,31,32,34,,<nil>,34,34,,<nil>,290,331,332,332,332,0.54,0,,,,,,,,,,,,,,,,,,,,,,,,,,,,,,,,29.7,,38,,0,0
03/01/2026 09:48:26,d092rmnoovhpfm35n490,81432434001,8143,,BS-14,,,False,True,93,30,31,32,,<nil>,32,32,,<nil>,276,316,316,316,316,0.53,0,,,,,,,,,,,,,,,,,,,,,,,,,,,,,,,,29.7,,38,,0,0
03/01/2026 09:49:26,d092rmnoovhpfm35n490,81432434001,8143,,BS-14,,,False,True,91,30,30,31,,<nil>,31,32,,<nil>,268,307,307,307,307,0.55,0,,,,,,,,,,,,,,,,,,,,,,,,,,,,,,,,29.7,,37,,0,0
03/01/2026 09:50:26,d092rmnoovhpfm35n490,81432434001,8143,,BS-14,,,False,True,89,28,28,30,,<nil>,30,30,,<nil>,256,293,294,294,294,0.54,0,,,,,,,,,,,,,,,,,,,,,,,,,,,,,,,,29.7,,36,,0,0
03/01/2026 09:51:26,d092rmnoovhpfm35n490,81432434001,8143,,BS-14,,,False,True,87,27,27,29,,<nil>,29,29,,<nil>,249,284,285,285,285,0.54,0,,,,,,,,,,,,,,,,,,,,,,,,,,,,,,,,29.7,,35,,0,0
03/01/2026 09:52:26,d092rmnoovhpfm35n490,81432434001,8143,,BS-14,,,False,True,87,28,28,29,,<nil>,29,30,,<nil>,250,286,287,287,287,0.55,0,,,,,,,,,,,,,,,,,,,,,,,,,,,,,,,,29.7,,35,,0,0
03/01/2026 09:53:26,d092rmnoovhpfm35n490,81432434001,8143,,BS-14,,,False,True,84,26,27,28,,<nil>,28,28,,<nil>,242,276,277,277,277,0.52,0,,,,,,,,,,,,,,,,,,,,,,,,,,,,,,,,29.7,,36,,0,0
03/01/2026 09:54:26,d092rmnoovhpfm35n490,81432434001,8143,,BS-14,,,False,True,84,26,26,28,,<nil>,28,28,,<nil>,237,270,271,271,271,0.53,0,,,,,,,,,,,,,,,,,,,,,,,,,,,,,,,,29.7,,36,,0,0
03/01/2026 09:55:26,d092rmnoovhpfm35n490,81432434001,8143,,BS-14,,,False,True,84,26,26,28,,<nil>,28,28,,<nil>,240,274,275,275,275,0.52,0,,,,,,,,,,,,,,,,,,,,,,,,,,,,,,,,29.7,,37,,0,0
03/01/2026 09:56:26,d092rmnoovhpfm35n490,81432434001,8143,,BS-14,,,False,True,84,26,27,28,,<nil>,28,28,,<nil>,242,276,277,277,277,0.53,0,,,,,,,,,,,,,,,,,,,,,,,,,,,,,,,,29.7,,37,,0,0
03/01/2026 09:57:26,d092rmnoovhpfm35n490,81432434001,8143,,BS-14,,,False,True,107,36,36,38,,<nil>,39,39,,<nil>,326,373,374,374,374,0.54,0,,,,,,,,,,,,,,,,,,,,,,,,,,,,,,,,29.6,,36,,0,0
03/01/2026 09:58:26,d092rmnoovhpfm35n490,81432434001,8143,,BS-14,,,False,True,91,29,29,31,,<nil>,31,31,,<nil>,265,303,304,304,304,0.53,0,,,,,,,,,,,,,,,,,,,,,,,,,,,,,,,,29.6,,37,,0,0
03/01/2026 09:59:26,d092rmnoovhpfm35n490,81432434001,8143,,BS-14,,,False,True,110,36,36,39,,<nil>,39,39,,<nil>,330,377,378,378,378,0.56,0,,,,,,,,,,,,,,,,,,,,,,,,,,,,,,,,29.6,,37,,0,0
03/01/2026 10:00:26,d092rmnoovhpfm35n490,81432434001,8143,,BS-14,,,False,True,102,33,33,36,,<nil>,36,36,,<nil>,299,343,344,345,345,0.56,0,,,,,,,,,,,,,,,,,,,,,,,,,,,,,,,,29.6,,36,,0,0
03/01/2026 10:01:26,d092rmnoovhpfm35n490,81432434001,8143,,BS-14,,,False,True,89,28,29,30,,<nil>,30,30,,<nil>,259,296,297,297,297,0.52,0,,,,,,,,,,,,,,,,,,,,,,,,,,,,,,,,29.6,,37,,0,0
03/01/2026 10:02:26,d092rmnoovhpfm35n490,81432434001,8143,,BS-14,,,False,True,97,31,32,34,,<nil>,34,34,,<nil>,294,336,337,337,337,0.53,0,,,,,,,,,,,,,,,,,,,,,,,,,,,,,,,,29.6,,37,,0,0
03/01/2026 10:03:26,d092rmnoovhpfm35n490,81432434001,8143,,BS-14,,,False,True,115,39,39,41,,<nil>,42,42,,<nil>,349,400,401,401,401,0.56,0,,,,,,,,,,,,,,,,,,,,,,,,,,,,,,,,29.6,,37,,0,0
03/01/2026 10:04:26,d092rmnoovhpfm35n490,81432434001,8143,,BS-14,,,False,True,152,54,53,58,,<nil>,60,61,,<nil>,479,551,555,555,556,0.61,0,,,,,,,,,,,,,,,,,,,,,,,,,,,,,,,,29.6,,38,,0,0
03/01/2026 10:05:26,d092rmnoovhpfm35n490,81432434001,8143,,BS-14,,,False,True,190,96,113,131,,<nil>,141,146,,<nil>,984,1153,1171,1175,1176,0.67,0,,,,,,,,,,,,,,,,,,,,,,,,,,,,,,,,29.6,,38,,0,0
03/01/2026 10:06:26,d092rmnoovhpfm35n490,81432434001,8143,,BS-14,,,False,True,215,118,138,165,,<nil>,181,189,,<nil>,1185,1401,1430,1436,1437,0.67,0,,,,,,,,,,,,,,,,,,,,,,,,,,,,,,,,29.6,,39,,0,0
03/01/2026 10:07:26,d092rmnoovhpfm35n490,81432434001,8143,,BS-14,,,False,True,194,98,122,138,,<nil>,146,149,,<nil>,1073,1248,1263,1266,1267,0.62,0,,,,,,,,,,,,,,,,,,,,,,,,,,,,,,,,29.6,,40,,0,0
03/01/2026 10:08:26,d092rmnoovhpfm35n490,81432434001,8143,,BS-14,,,False,True,270,144,192,220,,<nil>,234,241,,<nil>,1687,1968,1995,2000,2001,0.65,0,,,,,,,,,,,,,,,,,,,,,,,,,,,,,,,,29.5,,40,,0,0
03/01/2026 10:09:26,d092rmnoovhpfm35n490,81432434001,8143,,BS-14,,,False,True,198,102,132,147,,<nil>,154,157,,<nil>,1168,1353,1367,1370,1370,0.61,0,,,,,,,,,,,,,,,,,,,,,,,,,,,,,,,,29.5,,40,,0,0
03/01/2026 10:10:26,d092rmnoovhpfm35n490,81432434001,8143,,BS-14,,,False,True,166,67,77,84,,<nil>,86,87,,<nil>,689,793,798,799,799,0.57,0,,,,,,,,,,,,,,,,,,,,,,,,,,,,,,,,29.5,,40,,0,0
03/01/2026 10:11:26,d092rmnoovhpfm35n490,81432434001,8143,,BS-14,,,False,True,144,49,50,53,,<nil>,53,53,,<nil>,449,513,514,515,515,0.55,0,,,,,,,,,,,,,,,,,,,,,,,,,,,,,,,,29.5,,39,,0,0
03/01/2026 10:12:26,d092rmnoovhpfm35n490,81432434001,8143,,BS-14,,,False,True,144,50,50,53,,<nil>,53,54,,<nil>,449,514,516,516,516,0.57,0,,,,,,,,,,,,,,,,,,,,,,,,,,,,,,,,29.5,,39,,0,0
03/01/2026 10:13:26,d092rmnoovhpfm35n490,81432434001,8143,,BS-14,,,False,True,134,45,46,49,,<nil>,49,49,,<nil>,416,475,477,477,477,0.54,0,,,,,,,,,,,,,,,,,,,,,,,,,,,,,,,,29.5,,39,,0,0
03/01/2026 10:14:26,d092rmnoovhpfm35n490,81432434001,8143,,BS-14,,,False,True,110,36,37,39,,<nil>,39,39,,<nil>,334,381,382,382,382,0.53,0,,,,,,,,,,,,,,,,,,,,,,,,,,,,,,,,29.5,,39,,0,0
03/01/2026 10:15:26,d092rmnoovhpfm35n490,81432434001,8143,,BS-14,,,False,True,162,63,72,77,,<nil>,79,80,,<nil>,644,739,743,744,744,0.57,0,,,,,,,,,,,,,,,,,,,,,,,,,,,,,,,,29.5,,40,,0,0
03/01/2026 10:16:26,d092rmnoovhpfm35n490,81432434001,8143,,BS-14,,,False,True,151,51,52,56,,<nil>,56,56,,<nil>,475,543,544,545,545,0.54,0,,,,,,,,,,,,,,,,,,,,,,,,,,,,,,,,29.5,,40,,0,0
03/01/2026 10:17:26,d092rmnoovhpfm35n490,81432434001,8143,,BS-14,,,False,True,129,44,44,47,,<nil>,47,47,,<nil>,400,457,458,458,459,0.54,0,,,,,,,,,,,,,,,,,,,,,,,,,,,,,,,,29.5,,40,,0,0
03/01/2026 10:18:26,d092rmnoovhpfm35n490,81432434001,8143,,BS-14,,,False,True,110,36,37,39,,<nil>,39,39,,<nil>,331,379,380,380,380,0.55,0,,,,,,,,,,,,,,,,,,,,,,,,,,,,,,,,29.5,,40,,0,0
03/01/2026 10:19:26,d092rmnoovhpfm35n490,81432434001,8143,,BS-14,,,False,True,105,34,35,37,,<nil>,37,37,,<nil>,314,359,360,360,360,0.55,0,,,,,,,,,,,,,,,,,,,,,,,,,,,,,,,,29.5,,39,,0,0
03/01/2026 10:20:26,d092rmnoovhpfm35n490,81432434001,8143,,BS-14,,,False,True,105,34,35,37,,<nil>,37,37,,<nil>,320,366,366,367,367,0.54,0,,,,,,,,,,,,,,,,,,,,,,,,,,,,,,,,29.5,,39,,0,0
03/01/2026 10:21:26,d092rmnoovhpfm35n490,81432434001,8143,,BS-14,,,False,True,117,39,40,42,,<nil>,42,42,,<nil>,362,413,414,414,414,0.54,0,,,,,,,,,,,,,,,,,,,,,,,,,,,,,,,,29.5,,39,,0,0
03/01/2026 10:22:26,d092rmnoovhpfm35n490,81432434001,8143,,BS-14,,,False,True,119,41,41,43,,<nil>,44,44,,<nil>,371,424,425,425,425,0.55,0,,,,,,,,,,,,,,,,,,,,,,,,,,,,,,,,29.5,,38,,0,0
03/01/2026 10:23:26,d092rmnoovhpfm35n490,81432434001,8143,,BS-14,,,False,True,99,32,33,35,,<nil>,35,35,,<nil>,297,339,340,340,340,0.53,0,,,,,,,,,,,,,,,,,,,,,,,,,,,,,,,,29.4,,38,,0,0
03/01/2026 10:24:26,d092rmnoovhpfm35n490,81432434001,8143,,BS-14,,,False,True,97,31,32,34,,<nil>,34,34,,<nil>,292,333,334,334,334,0.52,0,,,,,,,,,,,,,,,,,,,,,,,,,,,,,,,,29.4,,38,,0,0
03/01/2026 10:25:26,d092rmnoovhpfm35n490,81432434001,8143,,BS-14,,,False,True,97,31,32,34,,<nil>,34,34,,<nil>,290,331,331,331,332,0.51,0,,,,,,,,,,,,,,,,,,,,,,,,,,,,,,,,29.4,,38,,0,0
03/01/2026 10:26:26,d092rmnoovhpfm35n490,81432434001,8143,,BS-14,,,False,True,137,47,47,50,,<nil>,51,51,,<nil>,425,486,488,488,488,0.55,0,,,,,,,,,,,,,,,,,,,,,,,,,,,,,,,,29.4,,39,,0,0
03/01/2026 10:27:26,d092rmnoovhpfm35n490,81432434001,8143,,BS-14,,,False,True,155,56,58,63,,<nil>,65,66,,<nil>,520,598,602,603,603,0.57,0,,,,,,,,,,,,,,,,,,,,,,,,,,,,,,,,29.4,,38,,0,0
03/01/2026 10:28:26,d092rmnoovhpfm35n490,81432434001,8143,,BS-14,,,False,True,144,51,48,53,,<nil>,54,55,,<nil>,435,500,503,504,504,0.59,0,,,,,,,,,,,,,,,,,,,,,,,,,,,,,,,,29.4,,38,,0,0
03/01/2026 10:29:26,d092rmnoovhpfm35n490,81432434001,8143,,BS-14,,,False,True,154,56,55,61,,<nil>,63,65,,<nil>,489,565,570,571,572,0.58,0,,,,,,,,,,,,,,,,,,,,,,,,,,,,,,,,29.4,,39,,0,0
03/01/2026 10:30:26,d092rmnoovhpfm35n490,81432434001,8143,,BS-14,,,False,True,162,65,67,77,,<nil>,81,84,,<nil>,590,687,697,699,699,0.64,0,,,,,,,,,,,,,,,,,,,,,,,,,,,,,,,,29.4,,39,,0,0
03/01/2026 10:31:26,d092rmnoovhpfm35n490,81432434001,8143,,BS-14,,,False,True,147,51,49,54,,<nil>,55,56,,<nil>,443,510,513,514,514,0.57,0,,,,,,,,,,,,,,,,,,,,,,,,,,,,,,,,29.4,,39,,0,0
03/01/2026 10:32:26,d092rmnoovhpfm35n490,81432434001,8143,,BS-14,,,False,True,124,43,42,45,,<nil>,45,46,,<nil>,375,430,432,432,432,0.57,0,,,,,,,,,,,,,,,,,,,,,,,,,,,,,,,,29.4,,39,,0,0
03/01/2026 10:33:26,d092rmnoovhpfm35n490,81432434001,8143,,BS-14,,,False,True,105,34,35,37,,<nil>,37,37,,<nil>,315,360,362,362,362,0.55,0,,,,,,,,,,,,,,,,,,,,,,,,,,,,,,,,29.3,,38,,0,0
03/01/2026 10:34:26,d092rmnoovhpfm35n490,81432434001,8143,,BS-14,,,False,True,132,45,45,48,,<nil>,49,49,,<nil>,406,465,467,467,467,0.56,0,,,,,,,,,,,,,,,,,,,,,,,,,,,,,,,,29.3,,38,,0,0
03/01/2026 10:35:26,d092rmnoovhpfm35n490,81432434001,8143,,BS-14,,,False,True,124,44,41,45,,<nil>,46,47,,<nil>,373,429,431,432,432,0.59,0,,,,,,,,,,,,,,,,,,,,,,,,,,,,,,,,29.3,,39,,0,0
03/01/2026 10:36:26,d092rmnoovhpfm35n490,81432434001,8143,,BS-14,,,False,True,112,37,37,40,,<nil>,40,40,,<nil>,336,385,386,387,387,0.56,0,,,,,,,,,,,,,,,,,,,,,,,,,,,,,,,,29.3,,39,,0,0
03/01/2026 10:37:26,d092rmnoovhpfm35n490,81432434001,8143,,BS-14,,,False,True,105,34,34,37,,<nil>,37,37,,<nil>,309,354,355,355,355,0.56,0,,,,,,,,,,,,,,,,,,,,,,,,,,,,,,,,29.3,,39,,0,0
03/01/2026 10:38:26,d092rmnoovhpfm35n490,81432434001,8143,,BS-14,,,False,True,147,51,50,54,,<nil>,56,56,,<nil>,449,516,519,520,520,0.58,0,,,,,,,,,,,,,,,,,,,,,,,,,,,,,,,,29.3,,39,,0,0
03/01/2026 10:39:26,d092rmnoovhpfm35n490,81432434001,8143,,BS-14,,,False,True,167,71,73,86,,<nil>,92,95,,<nil>,640,751,763,766,766,0.65,0,,,,,,,,,,,,,,,,,,,,,,,,,,,,,,,,29.3,,39,,0,0
03/01/2026 10:40:26,d092rmnoovhpfm35n490,81432434001,8143,,BS-14,,,False,True,119,41,39,43,,<nil>,44,44,,<nil>,355,408,410,411,411,0.56,0,,,,,,,,,,,,,,,,,,,,,,,,,,,,,,,,29.3,,39,,0,0
03/01/2026 10:41:26,d092rmnoovhpfm35n490,81432434001,8143,,BS-14,,,False,True,107,35,36,38,,<nil>,38,38,,<nil>,325,372,373,373,373,0.55,0,,,,,,,,,,,,,,,,,,,,,,,,,,,,,,,,29.2,,39,,0,0
03/01/2026 10:42:26,d092rmnoovhpfm35n490,81432434001,8143,,BS-14,,,False,True,102,33,34,36,,<nil>,36,36,,<nil>,307,351,352,352,352,0.54,0,,,,,,,,,,,,,,,,,,,,,,,,,,,,,,,,29.2,,39,,0,0
03/01/2026 10:43:26,d092rmnoovhpfm35n490,81432434001,8143,,BS-14,,,False,True,124,43,43,45,,<nil>,45,46,,<nil>,388,443,444,444,444,0.55,0,,,,,,,,,,,,,,,,,,,,,,,,,,,,,,,,29.2,,39,,0,0
03/01/2026 10:44:26,d092rmnoovhpfm35n490,81432434001,8143,,BS-14,,,False,True,234,125,159,184,,<nil>,197,204,,<nil>,1394,1630,1655,1661,1661,0.68,0,,,,,,,,,,,,,,,,,,,,,,,,,,,,,,,,29.2,,39,,0,0
03/01/2026 10:45:26,d092rmnoovhpfm35n490,81432434001,8143,,BS-14,,,False,True,180,86,97,112,,<nil>,121,125,,<nil>,843,988,1005,1008,1009,0.63,0,,,,,,,,,,,,,,,,,,,,,,,,,,,,,,,,29.2,,39,,0,0
03/01/2026 10:46:26,d092rmnoovhpfm35n490,81432434001,8143,,BS-14,,,False,True,166,67,77,84,,<nil>,86,87,,<nil>,688,792,797,799,799,0.59,0,,,,,,,,,,,,,,,,,,,,,,,,,,,,,,,,29.2,,39,,0,0
03/01/2026 10:47:26,d092rmnoovhpfm35n490,81432434001,8143,,BS-14,,,False,True,147,51,51,54,,<nil>,55,55,,<nil>,458,525,527,528,528,0.56,0,,,,,,,,,,,,,,,,,,,,,,,,,,,,,,,,29.2,,39,,0,0
03/01/2026 10:48:26,d092rmnoovhpfm35n490,81432434001,8143,,BS-14,,,False,True,164,66,73,81,,<nil>,84,86,,<nil>,656,757,764,765,766,0.62,0,,,,,,,,,,,,,,,,,,,,,,,,,,,,,,,,29.2,,40,,0,0
03/01/2026 10:49:26,d092rmnoovhpfm35n490,81432434001,8143,,BS-14,,,False,True,149,52,50,55,,<nil>,56,57,,<nil>,449,518,521,522,522,0.57,0,,,,,,,,,,,,,,,,,,,,,,,,,,,,,,,,29.2,,40,,0,0
03/01/2026 10:50:26,d092rmnoovhpfm35n490,81432434001,8143,,BS-14,,,False,True,147,51,51,54,,<nil>,54,55,,<nil>,459,525,527,527,527,0.55,0,,,,,,,,,,,,,,,,,,,,,,,,,,,,,,,,29.2,,40,,0,0
03/01/2026 10:51:26,d092rmnoovhpfm35n490,81432434001,8143,,BS-14,,,False,True,153,54,56,60,,<nil>,62,62,,<nil>,504,579,582,583,583,0.57,0,,,,,,,,,,,,,,,,,,,,,,,,,,,,,,,,29.2,,40,,0,0
03/01/2026 10:52:26,d092rmnoovhpfm35n490,81432434001,8143,,BS-14,,,False,True,154,55,58,62,,<nil>,62,63,,<nil>,522,598,600,600,601,0.57,0,,,,,,,,,,,,,,,,,,,,,,,,,,,,,,,,29.2,,40,,0,0
03/01/2026 10:53:26,d092rmnoovhpfm35n490,81432434001,8143,,BS-14,,,False,True,161,61,69,74,,<nil>,75,76,,<nil>,621,712,716,716,716,0.57,0,,,,,,,,,,,,,,,,,,,,,,,,,,,,,,,,29.2,,40,,0,0
03/01/2026 10:54:26,d092rmnoovhpfm35n490,81432434001,8143,,BS-14,,,False,True,129,44,44,47,,<nil>,47,48,,<nil>,404,461,463,463,463,0.55,0,,,,,,,,,,,,,,,,,,,,,,,,,,,,,,,,29.1,,40,,0,0
03/01/2026 10:55:26,d092rmnoovhpfm35n490,81432434001,8143,,BS-14,,,False,True,117,39,40,42,,<nil>,42,42,,<nil>,364,415,416,416,416,0.53,0,,,,,,,,,,,,,,,,,,,,,,,,,,,,,,,,29.1,,40,,0,0
03/01/2026 10:56:26,d092rmnoovhpfm35n490,81432434001,8143,,BS-14,,,False,True,107,35,36,38,,<nil>,38,38,,<nil>,329,376,377,377,377,0.52,0,,,,,,,,,,,,,,,,,,,,,,,,,,,,,,,,29.1,,40,,0,0
03/01/2026 10:57:26,d092rmnoovhpfm35n490,81432434001,8143,,BS-14,,,False,True,107,35,36,38,,<nil>,38,38,,<nil>,326,372,373,373,373,0.56,0,,,,,,,,,,,,,,,,,,,,,,,,,,,,,,,,29.1,,40,,0,0
03/01/2026 10:58:26,d092rmnoovhpfm35n490,81432434001,8143,,BS-14,,,False,True,110,36,36,39,,<nil>,39,39,,<nil>,331,378,379,379,379,0.53,0,,,,,,,,,,,,,,,,,,,,,,,,,,,,,,,,29.1,,40,,0,0
03/01/2026 10:59:26,d092rmnoovhpfm35n490,81432434001,8143,,BS-14,,,False,True,117,39,40,42,,<nil>,42,42,,<nil>,360,412,413,413,413,0.56,0,,,,,,,,,,,,,,,,,,,,,,,,,,,,,,,,29.1,,40,,0,0
03/01/2026 11:00:26,d092rmnoovhpfm35n490,81432434001,8143,,BS-14,,,False,True,139,48,48,51,,<nil>,52,52,,<nil>,431,493,495,496,496,0.57,0,,,,,,,,,,,,,,,,,,,,,,,,,,,,,,,,29.0,,41,,0,0
03/01/2026 11:01:26,d092rmnoovhpfm35n490,81432434001,8143,,BS-14,,,False,True,115,39,39,41,,<nil>,42,42,,<nil>,354,405,406,406,406,0.54,0,,,,,,,,,,,,,,,,,,,,,,,,,,,,,,,,29.0,,40,,0,0
03/01/2026 11:02:26,d092rmnoovhpfm35n490,81432434001,8143,,BS-14,,,False,True,155,55,60,64,,<nil>,64,64,,<nil>,547,625,626,627,627,0.54,0,,,,,,,,,,,,,,,,,,,,,,,,,,,,,,,,29.0,,40,,0,0
03/01/2026 11:03:26,d092rmnoovhpfm35n490,81432434001,8143,,BS-14,,,False,True,259,131,194,209,,<nil>,213,215,,<nil>,1752,2010,2020,2022,2023,0.59,0,,,,,,,,,,,,,,,,,,,,,,,,,,,,,,,,29.0,,40,,0,0
03/01/2026 11:04:26,d092rmnoovhpfm35n490,81432434001,8143,,BS-14,,,False,True,167,67,81,86,,<nil>,87,87,,<nil>,734,840,842,843,843,0.54,0,,,,,,,,,,,,,,,,,,,,,,,,,,,,,,,,29.0,,40,,0,0
03/01/2026 11:05:26,d092rmnoovhpfm35n490,81432434001,8143,,BS-14,,,False,True,153,53,57,60,,<nil>,60,60,,<nil>,519,592,593,594,594,0.53,0,,,,,,,,,,,,,,,,,,,,,,,,,,,,,,,,29.0,,41,,0,0
03/01/2026 11:06:26,d092rmnoovhpfm35n490,81432434001,8143,,BS-14,,,False,True,132,45,46,48,,<nil>,48,49,,<nil>,416,475,476,477,477,0.54,0,,,,,,,,,,,,,,,,,,,,,,,,,,,,,,,,29.0,,40,,0,0
03/01/2026 11:07:26,d092rmnoovhpfm35n490,81432434001,8143,,BS-14,,,False,True,115,38,38,41,,<nil>,41,41,,<nil>,351,401,401,402,402,0.53,0,,,,,,,,,,,,,,,,,,,,,,,,,,,,,,,,28.9,,40,,0,0
03/01/2026 11:08:26,d092rmnoovhpfm35n490,81432434001,8143,,BS-14,,,False,True,152,53,54,58,,<nil>,59,59,,<nil>,494,566,568,568,568,0.56,0,,,,,,,,,,,,,,,,,,,,,,,,,,,,,,,,28.9,,41,,0,0
03/01/2026 11:09:26,d092rmnoovhpfm35n490,81432434001,8143,,BS-14,,,False,True,139,48,48,51,,<nil>,52,52,,<nil>,436,499,501,501,501,0.55,0,,,,,,,,,,,,,,,,,,,,,,,,,,,,,,,,28.9,,40,,0,0
03/01/2026 11:10:26,d092rmnoovhpfm35n490,81432434001,8143,,BS-14,,,False,True,137,47,47,50,,<nil>,50,51,,<nil>,428,489,491,491,491,0.54,0,,,,,,,,,,,,,,,,,,,,,,,,,,,,,,,,28.9,,40,,0,0
03/01/2026 11:11:26,d092rmnoovhpfm35n490,81432434001,8143,,BS-14,,,False,True,119,40,40,43,,<nil>,43,43,,<nil>,368,420,421,422,422,0.54,0,,,,,,,,,,,,,,,,,,,,,,,,,,,,,,,,28.8,,40,,0,0
03/01/2026 11:12:26,d092rmnoovhpfm35n490,81432434001,8143,,BS-14,,,False,True,110,36,37,39,,<nil>,39,39,,<nil>,336,383,384,384,384,0.52,0,,,,,,,,,,,,,,,,,,,,,,,,,,,,,,,,28.8,,40,,0,0
03/01/2026 11:13:26,d092rmnoovhpfm35n490,81432434001,8143,,BS-14,,,False,True,102,33,34,36,,<nil>,36,36,,<nil>,314,358,359,359,359,0.53,0,,,,,,,,,,,,,,,,,,,,,,,,,,,,,,,,28.8,,40,,0,0
03/01/2026 11:14:26,d092rmnoovhpfm35n490,81432434001,8143,,BS-14,,,False,True,110,36,37,39,,<nil>,39,39,,<nil>,334,382,383,383,383,0.54,0,,,,,,,,,,,,,,,,,,,,,,,,,,,,,,,,28.8,,40,,0,0
03/01/2026 11:15:26,d092rmnoovhpfm35n490,81432434001,8143,,BS-14,,,False,True,105,34,35,37,,<nil>,37,37,,<nil>,318,363,364,364,364,0.53,0,,,,,,,,,,,,,,,,,,,,,,,,,,,,,,,,28.8,,41,,0,0
03/01/2026 11:16:26,d092rmnoovhpfm35n490,81432434001,8143,,BS-14,,,False,True,105,34,35,37,,<nil>,37,37,,<nil>,322,368,369,369,369,0.53,0,,,,,,,,,,,,,,,,,,,,,,,,,,,,,,,,28.8,,41,,0,0
03/01/2026 11:17:26,d092rmnoovhpfm35n490,81432434001,8143,,BS-14,,,False,True,107,35,36,38,,<nil>,38,38,,<nil>,329,375,376,376,376,0.52,0,,,,,,,,,,,,,,,,,,,,,,,,,,,,,,,,28.8,,41,,0,0
03/01/2026 11:18:26,d092rmnoovhpfm35n490,81432434001,8143,,BS-14,,,False,True,107,35,36,38,,<nil>,38,38,,<nil>,329,376,377,377,377,0.53,0,,,,,,,,,,,,,,,,,,,,,,,,,,,,,,,,28.8,,41,,0,0
03/01/2026 11:19:26,d092rmnoovhpfm35n490,81432434001,8143,,BS-14,,,False,True,157,58,64,68,,<nil>,69,70,,<nil>,577,661,664,665,665,0.56,0,,,,,,,,,,,,,,,,,,,,,,,,,,,,,,,,28.8,,41,,0,0
03/01/2026 11:20:26,d092rmnoovhpfm35n490,81432434001,8143,,BS-14,,,False,True,174,78,89,101,,<nil>,106,109,,<nil>,789,918,929,931,932,0.63,0,,,,,,,,,,,,,,,,,,,,,,,,,,,,,,,,28.8,,41,,0,0
03/01/2026 11:21:26,d092rmnoovhpfm35n490,81432434001,8143,,BS-14,,,False,True,178,81,97,108,,<nil>,113,115,,<nil>,863,999,1009,1011,1012,0.62,0,,,,,,,,,,,,,,,,,,,,,,,,,,,,,,,,28.7,,42,,0,0
03/01/2026 11:22:26,d092rmnoovhpfm35n490,81432434001,8143,,BS-14,,,False,True,160,60,67,72,,<nil>,74,74,,<nil>,604,694,698,698,698,0.56,0,,,,,,,,,,,,,,,,,,,,,,,,,,,,,,,,28.7,,42,,0,0
03/01/2026 11:23:26,d092rmnoovhpfm35n490,81432434001,8143,,BS-14,,,False,True,153,54,56,60,,<nil>,60,61,,<nil>,510,584,586,586,586,0.55,0,,,,,,,,,,,,,,,,,,,,,,,,,,,,,,,,28.7,,42,,0,0
03/01/2026 11:24:26,d092rmnoovhpfm35n490,81432434001,8143,,BS-14,,,False,True,142,48,49,52,,<nil>,52,52,,<nil>,446,510,511,512,512,0.56,0,,,,,,,,,,,,,,,,,,,,,,,,,,,,,,,,28.7,,42,,0,0
03/01/2026 11:25:26,d092rmnoovhpfm35n490,81432434001,8143,,BS-14,,,False,True,127,43,43,46,,<nil>,46,46,,<nil>,391,447,449,449,449,0.56,0,,,,,,,,,,,,,,,,,,,,,,,,,,,,,,,,28.7,,42,,0,0
03/01/2026 11:26:26,d092rmnoovhpfm35n490,81432434001,8143,,BS-14,,,False,True,112,37,38,40,,<nil>,40,40,,<nil>,343,392,393,393,393,0.54,0,,,,,,,,,,,,,,,,,,,,,,,,,,,,,,,,28.6,,42,,0,0
03/01/2026 11:27:26,d092rmnoovhpfm35n490,81432434001,8143,,BS-14,,,False,True,110,36,37,39,,<nil>,39,39,,<nil>,334,382,383,383,383,0.55,0,,,,,,,,,,,,,,,,,,,,,,,,,,,,,,,,28.6,,42,,0,0
03/01/2026 11:28:26,d092rmnoovhpfm35n490,81432434001,8143,,BS-14,,,False,True,107,36,36,38,,<nil>,39,39,,<nil>,331,378,379,379,379,0.54,0,,,,,,,,,,,,,,,,,,,,,,,,,,,,,,,,28.6,,42,,0,0
03/01/2026 11:29:26,d092rmnoovhpfm35n490,81432434001,8143,,BS-14,,,False,True,112,38,38,40,,<nil>,41,41,,<nil>,349,398,399,399,399,0.54,0,,,,,,,,,,,,,,,,,,,,,,,,,,,,,,,,28.6,,42,,0,0
03/01/2026 11:30:26,d092rmnoovhpfm35n490,81432434001,8143,,BS-14,,,False,True,156,57,60,65,,<nil>,67,67,,<nil>,548,629,632,633,633,0.59,0,,,,,,,,,,,,,,,,,,,,,,,,,,,,,,,,28.6,,42,,0,0
03/01/2026 11:31:26,d092rmnoovhpfm35n490,81432434001,8143,,BS-14,,,False,True,157,59,61,67,,<nil>,69,71,,<nil>,550,635,640,641,641,0.6,0,,,,,,,,,,,,,,,,,,,,,,,,,,,,,,,,28.6,,42,,0,0
03/01/2026 11:32:26,d092rmnoovhpfm35n490,81432434001,8143,,BS-14,,,False,True,153,55,54,60,,<nil>,62,63,,<nil>,490,565,570,571,571,0.58,0,,,,,,,,,,,,,,,,,,,,,,,,,,,,,,,,28.6,,42,,0,0
03/01/2026 11:33:26,d092rmnoovhpfm35n490,81432434001,8143,,BS-14,,,False,True,124,43,42,45,,<nil>,46,46,,<nil>,384,440,442,442,442,0.55,0,,,,,,,,,,,,,,,,,,,,,,,,,,,,,,,,28.5,,42,,0,0
03/01/2026 11:34:26,d092rmnoovhpfm35n490,81432434001,8143,,BS-14,,,False,True,119,40,41,43,,<nil>,43,43,,<nil>,370,423,424,424,424,0.54,0,,,,,,,,,,,,,,,,,,,,,,,,,,,,,,,,28.5,,42,,0,0
03/01/2026 11:35:26,d092rmnoovhpfm35n490,81432434001,8143,,BS-14,,,False,True,112,37,38,40,,<nil>,40,40,,<nil>,343,392,393,393,393,0.54,0,,,,,,,,,,,,,,,,,,,,,,,,,,,,,,,,28.5,,42,,0,0
03/01/2026 11:36:26,d092rmnoovhpfm35n490,81432434001,8143,,BS-14,,,False,True,110,36,37,39,,<nil>,39,39,,<nil>,340,388,389,389,389,0.53,0,,,,,,,,,,,,,,,,,,,,,,,,,,,,,,,,28.5,,43,,0,0
03/01/2026 11:37:26,d092rmnoovhpfm35n490,81432434001,8143,,BS-14,,,False,True,112,37,37,40,,<nil>,40,40,,<nil>,341,389,390,391,391,0.56,0,,,,,,,,,,,,,,,,,,,,,,,,,,,,,,,,28.5,,43,,0,0
03/01/2026 11:38:26,d092rmnoovhpfm35n490,81432434001,8143,,BS-14,,,False,True,112,38,37,40,,<nil>,41,41,,<nil>,341,390,392,392,392,0.55,0,,,,,,,,,,,,,,,,,,,,,,,,,,,,,,,,28.5,,43,,0,0
03/01/2026 11:39:26,d092rmnoovhpfm35n490,81432434001,8143,,BS-14,,,False,True,107,35,36,38,,<nil>,38,38,,<nil>,329,376,377,377,377,0.53,0,,,,,,,,,,,,,,,,,,,,,,,,,,,,,,,,28.4,,43,,0,0
03/01/2026 11:40:26,d092rmnoovhpfm35n490,81432434001,8143,,BS-14,,,False,True,110,36,36,39,,<nil>,39,39,,<nil>,334,381,382,382,382,0.53,0,,,,,,,,,,,,,,,,,,,,,,,,,,,,,,,,28.4,,43,,0,0
03/01/2026 11:41:26,d092rmnoovhpfm35n490,81432434001,8143,,BS-14,,,False,True,107,35,36,38,,<nil>,38,38,,<nil>,328,375,376,376,376,0.53,0,,,,,,,,,,,,,,,,,,,,,,,,,,,,,,,,28.4,,43,,0,0
03/01/2026 11:42:26,d092rmnoovhpfm35n490,81432434001,8143,,BS-14,,,False,True,117,39,40,42,,<nil>,42,42,,<nil>,367,419,420,420,420,0.53,0,,,,,,,,,,,,,,,,,,,,,,,,,,,,,,,,28.3,,43,,0,0
03/01/2026 11:43:26,d092rmnoovhpfm35n490,81432434001,8143,,BS-14,,,False,True,152,53,55,58,,<nil>,58,59,,<nil>,501,573,575,575,575,0.55,0,,,,,,,,,,,,,,,,,,,,,,,,,,,,,,,,28.3,,43,,0,0
03/01/2026 11:44:26,d092rmnoovhpfm35n490,81432434001,8143,,BS-14,,,False,True,144,50,50,53,,<nil>,54,54,,<nil>,459,525,526,526,527,0.57,0,,,,,,,,,,,,,,,,,,,,,,,,,,,,,,,,28.3,,43,,0,0
03/01/2026 11:45:26,d092rmnoovhpfm35n490,81432434001,8143,,BS-14,,,False,True,151,51,52,56,,<nil>,56,56,,<nil>,477,546,547,548,548,0.55,0,,,,,,,,,,,,,,,,,,,,,,,,,,,,,,,,28.3,,43,,0,0
03/01/2026 11:46:26,d092rmnoovhpfm35n490,81432434001,8143,,BS-14,,,False,True,139,48,48,51,,<nil>,52,52,,<nil>,438,501,503,503,503,0.57,0,,,,,,,,,,,,,,,,,,,,,,,,,,,,,,,,28.2,,43,,0,0
03/01/2026 11:47:26,d092rmnoovhpfm35n490,81432434001,8143,,BS-14,,,False,True,144,50,50,53,,<nil>,54,54,,<nil>,453,519,521,521,521,0.55,0,,,,,,,,,,,,,,,,,,,,,,,,,,,,,,,,28.2,,44,,0,0
03/01/2026 11:48:26,d092rmnoovhpfm35n490,81432434001,8143,,BS-14,,,False,True,124,42,43,45,,<nil>,45,45,,<nil>,392,447,449,449,449,0.53,0,,,,,,,,,,,,,,,,,,,,,,,,,,,,,,,,28.2,,43,,0,0
03/01/2026 11:49:26,d092rmnoovhpfm35n490,81432434001,8143,,BS-14,,,False,True,127,43,43,46,,<nil>,46,46,,<nil>,396,452,453,453,453,0.53,0,,,,,,,,,,,,,,,,,,,,,,,,,,,,,,,,28.1,,44,,0,0
03/01/2026 11:50:26,d092rmnoovhpfm35n490,81432434001,8143,,BS-14,,,False,True,119,40,41,43,,<nil>,43,43,,<nil>,373,425,426,426,426,0.52,0,,,,,,,,,,,,,,,,,,,,,,,,,,,,,,,,28.1,,44,,0,0
03/01/2026 11:51:26,d092rmnoovhpfm35n490,81432434001,8143,,BS-14,,,False,True,122,41,42,44,,<nil>,44,44,,<nil>,383,437,438,438,438,0.52,0,,,,,,,,,,,,,,,,,,,,,,,,,,,,,,,,28.0,,44,,0,0
03/01/2026 11:52:26,d092rmnoovhpfm35n490,81432434001,8143,,BS-14,,,False,True,115,39,39,41,,<nil>,42,42,,<nil>,360,411,412,412,412,0.53,0,,,,,,,,,,,,,,,,,,,,,,,,,,,,,,,,28.0,,44,,0,0
03/01/2026 11:53:26,d092rmnoovhpfm35n490,81432434001,8143,,BS-14,,,False,True,112,37,38,40,,<nil>,40,40,,<nil>,346,395,396,396,396,0.53,0,,,,,,,,,,,,,,,,,,,,,,,,,,,,,,,,28.0,,44,,0,0
03/01/2026 11:54:26,d092rmnoovhpfm35n490,81432434001,8143,,BS-14,,,False,True,110,36,37,39,,<nil>,39,39,,<nil>,342,390,391,391,391,0.53,0,,,,,,,,,,,,,,,,,,,,,,,,,,,,,,,,27.9,,44,,0,0
03/01/2026 11:55:26,d092rmnoovhpfm35n490,81432434001,8143,,BS-14,,,False,True,110,36,37,39,,<nil>,39,39,,<nil>,337,385,386,386,386,0.53,0,,,,,,,,,,,,,,,,,,,,,,,,,,,,,,,,27.9,,44,,0,0
03/01/2026 11:56:26,d092rmnoovhpfm35n490,81432434001,8143,,BS-14,,,False,True,107,35,36,38,,<nil>,38,38,,<nil>,329,375,376,376,376,0.52,0,,,,,,,,,,,,,,,,,,,,,,,,,,,,,,,,27.9,,44,,0,0
03/01/2026 11:57:26,d092rmnoovhpfm35n490,81432434001,8143,,BS-14,,,False,True,110,36,37,39,,<nil>,39,39,,<nil>,340,388,389,389,389,0.54,0,,,,,,,,,,,,,,,,,,,,,,,,,,,,,,,,27.8,,44,,0,0
03/01/2026 11:58:26,d092rmnoovhpfm35n490,81432434001,8143,,BS-14,,,False,True,107,35,36,38,,<nil>,38,38,,<nil>,328,375,376,376,376,0.51,0,,,,,,,,,,,,,,,,,,,,,,,,,,,,,,,,27.8,,44,,0,0
03/01/2026 11:59:26,d092rmnoovhpfm35n490,81432434001,8143,,BS-14,,,False,True,110,36,37,39,,<nil>,39,39,,<nil>,342,390,391,391,391,0.51,0,,,,,,,,,,,,,,,,,,,,,,,,,,,,,,,,27.8,,45,,0,0
03/01/2026 12:00:26,d092rmnoovhpfm35n490,81432434001,8143,,BS-14,,,False,True,107,36,36,38,,<nil>,38,39,,<nil>,334,381,382,382,383,0.53,0,,,,,,,,,,,,,,,,,,,,,,,,,,,,,,,,27.8,,45,,0,0
03/01/2026 12:01:26,d092rmnoovhpfm35n490,81432434001,8143,,BS-14,,,False,True,105,35,35,37,,<nil>,38,38,,<nil>,325,371,372,372,372,0.54,0,,,,,,,,,,,,,,,,,,,,,,,,,,,,,,,,27.7,,45,,0,0
03/01/2026 12:02:26,d092rmnoovhpfm35n490,81432434001,8143,,BS-14,,,False,True,105,34,35,37,,<nil>,37,37,,<nil>,318,363,364,364,364,0.54,0,,,,,,,,,,,,,,,,,,,,,,,,,,,,,,,,27.7,,45,,0,0
03/01/2026 12:03:26,d092rmnoovhpfm35n490,81432434001,8143,,BS-14,,,False,True,110,36,36,39,,<nil>,39,39,,<nil>,335,383,384,384,384,0.53,0,,,,,,,,,,,,,,,,,,,,,,,,,,,,,,,,27.7,,45,,0,0
03/01/2026 12:04:26,d092rmnoovhpfm35n490,81432434001,8143,,BS-14,,,False,True,107,35,36,38,,<nil>,38,38,,<nil>,331,377,378,379,379,0.54,0,,,,,,,,,,,,,,,,,,,,,,,,,,,,,,,,27.7,,45,,0,0
03/01/2026 12:05:26,d092rmnoovhpfm35n490,81432434001,8143,,BS-14,,,False,True,107,35,35,38,,<nil>,38,38,,<nil>,327,373,374,374,374,0.51,0,,,,,,,,,,,,,,,,,,,,,,,,,,,,,,,,27.6,,45,,0,0
03/01/2026 12:06:26,d092rmnoovhpfm35n490,81432434001,8143,,BS-14,,,False,True,105,34,35,37,,<nil>,37,37,,<nil>,323,369,370,370,370,0.53,0,,,,,,,,,,,,,,,,,,,,,,,,,,,,,,,,27.6,,45,,0,0
03/01/2026 12:07:26,d092rmnoovhpfm35n490,81432434001,8143,,BS-14,,,False,True,107,35,36,38,,<nil>,38,38,,<nil>,333,380,381,381,381,0.54,0,,,,,,,,,,,,,,,,,,,,,,,,,,,,,,,,27.6,,45,,0,0
03/01/2026 12:08:26,d092rmnoovhpfm35n490,81432434001,8143,,BS-14,,,False,True,107,35,36,38,,<nil>,38,38,,<nil>,331,377,378,378,379,0.53,0,,,,,,,,,,,,,,,,,,,,,,,,,,,,,,,,27.6,,46,,0,0
03/01/2026 12:09:26,d092rmnoovhpfm35n490,81432434001,8143,,BS-14,,,False,True,112,37,38,40,,<nil>,40,40,,<nil>,349,398,399,400,400,0.53,0,,,,,,,,,,,,,,,,,,,,,,,,,,,,,,,,27.5,,46,,0,0
03/01/2026 12:10:26,d092rmnoovhpfm35n490,81432434001,8143,,BS-14,,,False,True,112,37,38,40,,<nil>,40,40,,<nil>,347,397,398,398,398,0.53,0,,,,,,,,,,,,,,,,,,,,,,,,,,,,,,,,27.5,,46,,0,0
03/01/2026 12:11:26,d092rmnoovhpfm35n490,81432434001,8143,,BS-14,,,False,True,110,36,37,39,,<nil>,39,39,,<nil>,338,386,386,387,387,0.53,0,,,,,,,,,,,,,,,,,,,,,,,,,,,,,,,,27.5,,46,,0,0
03/01/2026 12:12:26,d092rmnoovhpfm35n490,81432434001,8143,,BS-14,,,False,True,102,33,34,36,,<nil>,36,36,,<nil>,317,361,362,362,362,0.53,0,,,,,,,,,,,,,,,,,,,,,,,,,,,,,,,,27.4,,46,,0,0
03/01/2026 12:13:26,d092rmnoovhpfm35n490,81432434001,8143,,BS-14,,,False,True,105,34,35,37,,<nil>,37,37,,<nil>,323,368,369,369,369,0.51,0,,,,,,,,,,,,,,,,,,,,,,,,,,,,,,,,27.4,,46,,0,0
03/01/2026 12:14:26,d092rmnoovhpfm35n490,81432434001,8143,,BS-14,,,False,True,110,36,37,39,,<nil>,39,39,,<nil>,341,389,390,390,390,0.51,0,,,,,,,,,,,,,,,,,,,,,,,,,,,,,,,,27.4,,46,,0,0
03/01/2026 12:15:26,d092rmnoovhpfm35n490,81432434001,8143,,BS-14,,,False,True,105,34,35,37,,<nil>,37,37,,<nil>,321,366,367,367,367,0.52,0,,,,,,,,,,,,,,,,,,,,,,,,,,,,,,,,27.3,,46,,0,0
03/01/2026 12:16:26,d092rmnoovhpfm35n490,81432434001,8143,,BS-14,,,False,True,105,34,35,37,,<nil>,37,37,,<nil>,322,367,368,368,368,0.53,0,,,,,,,,,,,,,,,,,,,,,,,,,,,,,,,,27.3,,46,,0,0
03/01/2026 12:17:26,d092rmnoovhpfm35n490,81432434001,8143,,BS-14,,,False,True,115,38,38,41,,<nil>,41,41,,<nil>,355,405,406,406,406,0.52,0,,,,,,,,,,,,,,,,,,,,,,,,,,,,,,,,27.3,,46,,0,0
03/01/2026 12:18:26,d092rmnoovhpfm35n490,81432434001,8143,,BS-14,,,False,True,110,36,37,39,,<nil>,39,39,,<nil>,342,390,391,391,391,0.53,0,,,,,,,,,,,,,,,,,,,,,,,,,,,,,,,,27.3,,46,,0,0
03/01/2026 12:19:26,d092rmnoovhpfm35n490,81432434001,8143,,BS-14,,,False,True,110,36,37,39,,<nil>,39,39,,<nil>,339,387,388,388,388,0.52,0,,,,,,,,,,,,,,,,,,,,,,,,,,,,,,,,27.2,,46,,0,0
03/01/2026 12:20:26,d092rmnoovhpfm35n490,81432434001,8143,,BS-14,,,False,True,107,35,36,38,,<nil>,38,38,,<nil>,329,376,377,377,377,0.52,0,,,,,,,,,,,,,,,,,,,,,,,,,,,,,,,,27.2,,47,,0,0
03/01/2026 12:21:26,d092rmnoovhpfm35n490,81432434001,8143,,BS-14,,,False,True,107,35,36,38,,<nil>,38,38,,<nil>,331,377,378,378,378,0.52,0,,,,,,,,,,,,,,,,,,,,,,,,,,,,,,,,27.2,,47,,0,0
03/01/2026 12:22:26,d092rmnoovhpfm35n490,81432434001,8143,,BS-14,,,False,True,105,34,35,37,,<nil>,37,37,,<nil>,320,365,366,366,366,0.51,0,,,,,,,,,,,,,,,,,,,,,,,,,,,,,,,,27.1,,47,,0,0
03/01/2026 12:23:26,d092rmnoovhpfm35n490,81432434001,8143,,BS-14,,,False,True,107,35,36,38,,<nil>,38,38,,<nil>,330,377,378,378,378,0.52,0,,,,,,,,,,,,,,,,,,,,,,,,,,,,,,,,27.1,,47,,0,0
03/01/2026 12:24:26,d092rmnoovhpfm35n490,81432434001,8143,,BS-14,,,False,True,107,35,36,38,,<nil>,38,38,,<nil>,334,381,382,382,382,0.52,0,,,,,,,,,,,,,,,,,,,,,,,,,,,,,,,,27.1,,47,,0,0
03/01/2026 12:25:26,d092rmnoovhpfm35n490,81432434001,8143,,BS-14,,,False,True,110,36,37,39,,<nil>,39,39,,<nil>,342,390,391,391,391,0.53,0,,,,,,,,,,,,,,,,,,,,,,,,,,,,,,,,27.1,,47,,0,0
03/01/2026 12:26:26,d092rmnoovhpfm35n490,81432434001,8143,,BS-14,,,False,True,110,37,37,39,,<nil>,40,40,,<nil>,344,393,394,394,394,0.55,0,,,,,,,,,,,,,,,,,,,,,,,,,,,,,,,,27.0,,48,,0,0
03/01/2026 12:27:26,d092rmnoovhpfm35n490,81432434001,8143,,BS-14,,,False,True,112,37,37,40,,<nil>,40,40,,<nil>,345,394,395,395,395,0.55,0,,,,,,,,,,,,,,,,,,,,,,,,,,,,,,,,27.0,,48,,0,0
03/01/2026 12:28:26,d092rmnoovhpfm35n490,81432434001,8143,,BS-14,,,False,True,117,39,39,42,,<nil>,42,42,,<nil>,365,417,418,418,418,0.54,0,,,,,,,,,,,,,,,,,,,,,,,,,,,,,,,,27.0,,48,,0,0
03/01/2026 12:29:26,d092rmnoovhpfm35n490,81432434001,8143,,BS-14,,,False,True,124,42,42,45,,<nil>,45,45,,<nil>,393,448,449,449,450,0.52,0,,,,,,,,,,,,,,,,,,,,,,,,,,,,,,,,26.9,,48,,0,0
03/01/2026 12:30:26,d092rmnoovhpfm35n490,81432434001,8143,,BS-14,,,False,True,132,44,45,48,,<nil>,48,48,,<nil>,417,476,477,477,477,0.52,0,,,,,,,,,,,,,,,,,,,,,,,,,,,,,,,,26.9,,48,,0,0
03/01/2026 12:31:26,d092rmnoovhpfm35n490,81432434001,8143,,BS-14,,,False,True,149,51,52,55,,<nil>,55,55,,<nil>,484,552,554,554,554,0.53,0,,,,,,,,,,,,,,,,,,,,,,,,,,,,,,,,26.9,,48,,0,0
03/01/2026 12:32:26,d092rmnoovhpfm35n490,81432434001,8143,,BS-14,,,False,True,152,52,54,57,,<nil>,57,57,,<nil>,500,570,572,572,572,0.54,0,,,,,,,,,,,,,,,,,,,,,,,,,,,,,,,,26.8,,49,,0,0
03/01/2026 12:33:26,d092rmnoovhpfm35n490,81432434001,8143,,BS-14,,,False,True,154,54,59,62,,<nil>,62,62,,<nil>,545,622,624,624,624,0.54,0,,,,,,,,,,,,,,,,,,,,,,,,,,,,,,,,26.8,,49,,0,0
03/01/2026 12:34:26,d092rmnoovhpfm35n490,81432434001,8143,,BS-14,,,False,True,155,55,59,63,,<nil>,63,63,,<nil>,550,628,630,630,630,0.54,0,,,,,,,,,,,,,,,,,,,,,,,,,,,,,,,,26.7,,49,,0,0
03/01/2026 12:35:26,d092rmnoovhpfm35n490,81432434001,8143,,BS-14,,,False,True,158,58,65,69,,<nil>,69,69,,<nil>,602,687,689,689,689,0.53,0,,,,,,,,,,,,,,,,,,,,,,,,,,,,,,,,26.7,,49,,0,0
03/01/2026 12:36:26,d092rmnoovhpfm35n490,81432434001,8143,,BS-14,,,False,True,158,58,66,70,,<nil>,70,70,,<nil>,615,702,704,704,704,0.53,0,,,,,,,,,,,,,,,,,,,,,,,,,,,,,,,,26.6,,49,,0,0
03/01/2026 12:37:26,d092rmnoovhpfm35n490,81432434001,8143,,BS-14,,,False,True,156,56,63,66,,<nil>,66,66,,<nil>,582,664,666,666,666,0.53,0,,,,,,,,,,,,,,,,,,,,,,,,,,,,,,,,26.6,,49,,0,0
03/01/2026 12:38:26,d092rmnoovhpfm35n490,81432434001,8143,,BS-14,,,False,True,155,55,59,63,,<nil>,63,63,,<nil>,551,629,631,631,631,0.54,0,,,,,,,,,,,,,,,,,,,,,,,,,,,,,,,,26.5,,49,,0,0
03/01/2026 12:39:26,d092rmnoovhpfm35n490,81432434001,8143,,BS-14,,,False,True,156,56,62,66,,<nil>,66,66,,<nil>,573,654,656,656,657,0.55,0,,,,,,,,,,,,,,,,,,,,,,,,,,,,,,,,26.5,,49,,0,0
03/01/2026 12:40:26,d092rmnoovhpfm35n490,81432434001,8143,,BS-14,,,False,True,156,56,61,65,,<nil>,65,66,,<nil>,568,649,651,651,651,0.55,0,,,,,,,,,,,,,,,,,,,,,,,,,,,,,,,,26.5,,49,,0,0
03/01/2026 12:41:26,d092rmnoovhpfm35n490,81432434001,8143,,BS-14,,,False,True,156,56,61,65,,<nil>,65,65,,<nil>,570,651,652,653,653,0.55,0,,,,,,,,,,,,,,,,,,,,,,,,,,,,,,,,26.5,,49,,0,0
03/01/2026 12:42:26,d092rmnoovhpfm35n490,81432434001,8143,,BS-14,,,False,True,158,58,65,69,,<nil>,69,70,,<nil>,603,689,691,691,691,0.55,0,,,,,,,,,,,,,,,,,,,,,,,,,,,,,,,,26.4,,49,,0,0
03/01/2026 12:43:26,d092rmnoovhpfm35n490,81432434001,8143,,BS-14,,,False,True,167,67,81,87,,<nil>,87,88,,<nil>,756,864,867,867,868,0.56,0,,,,,,,,,,,,,,,,,,,,,,,,,,,,,,,,26.4,,49,,0,0
03/01/2026 12:44:26,d092rmnoovhpfm35n490,81432434001,8143,,BS-14,,,False,True,405,308,324,381,,<nil>,414,431,,<nil>,2872,3380,3443,3456,3458,0.68,0,,,,,,,,,,,,,,,,,,,,,,,,,,,,,,,,26.4,,50,,0,0
03/01/2026 12:45:26,d092rmnoovhpfm35n490,81432434001,8143,,BS-14,,,False,True,330,185,244,287,,<nil>,311,323,,<nil>,2170,2551,2597,2607,2608,0.64,0,,,,,,,,,,,,,,,,,,,,,,,,,,,,,,,,26.3,,50,,0,0
03/01/2026 12:46:26,d092rmnoovhpfm35n490,81432434001,8143,,BS-14,,,False,True,313,168,232,265,,<nil>,282,290,,<nil>,2092,2440,2473,2480,2481,0.64,0,,,,,,,,,,,,,,,,,,,,,,,,,,,,,,,,26.3,,50,,0,0
03/01/2026 12:47:26,d092rmnoovhpfm35n490,81432434001,8143,,BS-14,,,False,True,281,149,204,231,,<nil>,244,251,,<nil>,1849,2150,2176,2181,2182,0.62,0,,,,,,,,,,,,,,,,,,,,,,,,,,,,,,,,26.3,,50,,0,0
03/01/2026 12:48:26,d092rmnoovhpfm35n490,81432434001,8143,,BS-14,,,False,True,306,162,228,257,,<nil>,271,278,,<nil>,2064,2398,2427,2432,2433,0.63,0,,,,,,,,,,,,,,,,,,,,,,,,,,,,,,,,26.2,,50,,0,0
03/01/2026 12:49:26,d092rmnoovhpfm35n490,81432434001,8143,,BS-14,,,False,True,274,143,199,224,,<nil>,234,240,,<nil>,1815,2105,2127,2132,2133,0.61,0,,,,,,,,,,,,,,,,,,,,,,,,,,,,,,,,26.2,,50,,0,0
03/01/2026 12:50:26,d092rmnoovhpfm35n490,81432434001,8143,,BS-14,,,False,True,321,173,242,275,,<nil>,291,299,,<nil>,2191,2550,2582,2589,2590,0.64,0,,,,,,,,,,,,,,,,,,,,,,,,,,,,,,,,26.1,,50,,0,0
03/01/2026 12:51:26,d092rmnoovhpfm35n490,81432434001,8143,,BS-14,,,False,True,198,101,133,147,,<nil>,153,156,,<nil>,1214,1403,1416,1418,1419,0.58,0,,,,,,,,,,,,,,,,,,,,,,,,,,,,,,,,26.1,,50,,0,0
03/01/2026 12:52:26,d092rmnoovhpfm35n490,81432434001,8143,,BS-14,,,False,True,344,188,269,304,,<nil>,321,329,,<nil>,2441,2837,2871,2878,2879,0.65,0,,,,,,,,,,,,,,,,,,,,,,,,,,,,,,,,26.1,,50,,0,0
03/01/2026 12:53:26,d092rmnoovhpfm35n490,81432434001,8143,,BS-14,,,False,True,481,437,399,477,,<nil>,523,547,,<nil>,3529,4172,4259,4277,4280,0.68,0,,,,,,,,,,,,,,,,,,,,,,,,,,,,,,,,26.0,,50,,0,0
03/01/2026 12:54:26,d092rmnoovhpfm35n490,81432434001,8143,,BS-14,,,False,True,316,170,237,269,,<nil>,285,293,,<nil>,2143,2495,2528,2534,2535,0.62,0,,,,,,,,,,,,,,,,,,,,,,,,,,,,,,,,26.0,,51,,0,0
03/01/2026 12:55:26,d092rmnoovhpfm35n490,81432434001,8143,,BS-14,,,False,True,377,235,301,346,,<nil>,368,379,,<nil>,2719,3174,3219,3228,3230,0.64,0,,,,,,,,,,,,,,,,,,,,,,,,,,,,,,,,25.9,,51,,0,0
03/01/2026 12:56:26,d092rmnoovhpfm35n490,81432434001,8143,,BS-14,,,False,True,315,167,238,268,,<nil>,281,287,,<nil>,2173,2521,2548,2554,2555,0.61,0,,,,,,,,,,,,,,,,,,,,,,,,,,,,,,,,25.9,,51,,0,0
03/01/2026 12:57:26,d092rmnoovhpfm35n490,81432434001,8143,,BS-14,,,False,True,292,151,218,242,,<nil>,251,255,,<nil>,2000,2311,2332,2336,2337,0.6,0,,,,,,,,,,,,,,,,,,,,,,,,,,,,,,,,25.9,,51,,0,0
03/01/2026 12:58:26,d092rmnoovhpfm35n490,81432434001,8143,,BS-14,,,False,True,239,122,173,189,,<nil>,194,197,,<nil>,1602,1844,1856,1858,1859,0.57,0,,,,,,,,,,,,,,,,,,,,,,,,,,,,,,,,25.8,,51,,0,0
03/01/2026 12:59:26,d092rmnoovhpfm35n490,81432434001,8143,,BS-14,,,False,True,243,124,177,193,,<nil>,198,201,,<nil>,1640,1887,1899,1901,1902,0.6,0,,,,,,,,,,,,,,,,,,,,,,,,,,,,,,,,25.8,,51,,0,0
03/01/2026 13:00:26,d092rmnoovhpfm35n490,81432434001,8143,,BS-14,,,False,True,284,150,206,234,,<nil>,247,254,,<nil>,1871,2177,2204,2210,2211,0.64,0,,,,,,,,,,,,,,,,,,,,,,,,,,,,,,,,25.8,,52,,0,0
03/01/2026 13:01:26,d092rmnoovhpfm35n490,81432434001,8143,,BS-14,,,False,True,262,137,188,212,,<nil>,223,228,,<nil>,1718,1994,2017,2021,2022,0.62,0,,,,,,,,,,,,,,,,,,,,,,,,,,,,,,,,25.7,,52,,0,0
03/01/2026 13:02:26,d092rmnoovhpfm35n490,81432434001,8143,,BS-14,,,False,True,241,125,171,191,,<nil>,200,204,,<nil>,1565,1813,1832,1835,1836,0.6,0,,,,,,,,,,,,,,,,,,,,,,,,,,,,,,,,25.7,,52,,0,0
03/01/2026 13:03:26,d092rmnoovhpfm35n490,81432434001,8143,,BS-14,,,False,True,217,111,153,167,,<nil>,172,175,,<nil>,1408,1623,1635,1637,1637,0.59,0,,,,,,,,,,,,,,,,,,,,,,,,,,,,,,,,25.7,,51,,0,0
03/01/2026 13:04:26,d092rmnoovhpfm35n490,81432434001,8143,,BS-14,,,False,True,211,108,146,161,,<nil>,166,169,,<nil>,1345,1552,1564,1567,1567,0.6,0,,,,,,,,,,,,,,,,,,,,,,,,,,,,,,,,25.6,,51,,0,0
03/01/2026 13:05:26,d092rmnoovhpfm35n490,81432434001,8143,,BS-14,,,False,True,221,114,154,171,,<nil>,179,182,,<nil>,1414,1636,1652,1655,1655,0.6,0,,,,,,,,,,,,,,,,,,,,,,,,,,,,,,,,25.6,,51,,0,0
03/01/2026 13:06:26,d092rmnoovhpfm35n490,81432434001,8143,,BS-14,,,False,True,335,187,251,293,,<nil>,316,327,,<nil>,2252,2642,2687,2696,2698,0.67,0,,,,,,,,,,,,,,,,,,,,,,,,,,,,,,,,25.6,,51,,0,0
03/01/2026 13:07:26,d092rmnoovhpfm35n490,81432434001,8143,,BS-14,,,False,True,329,187,238,286,,<nil>,314,328,,<nil>,2105,2492,2546,2558,2560,0.67,0,,,,,,,,,,,,,,,,,,,,,,,,,,,,,,,,25.5,,51,,0,0
03/01/2026 13:08:26,d092rmnoovhpfm35n490,81432434001,8143,,BS-14,,,False,True,292,158,208,242,,<nil>,261,270,,<nil>,1867,2190,2226,2234,2235,0.64,0,,,,,,,,,,,,,,,,,,,,,,,,,,,,,,,,25.5,,51,,0,0
03/01/2026 13:09:26,d092rmnoovhpfm35n490,81432434001,8143,,BS-14,,,False,True,313,168,233,266,,<nil>,281,289,,<nil>,2122,2471,2503,2509,2511,0.63,0,,,,,,,,,,,,,,,,,,,,,,,,,,,,,,,,25.5,,51,,0,0
03/01/2026 13:10:26,d092rmnoovhpfm35n490,81432434001,8143,,BS-14,,,False,True,270,141,197,220,,<nil>,230,235,,<nil>,1801,2088,2109,2114,2115,0.61,0,,,,,,,,,,,,,,,,,,,,,,,,,,,,,,,,25.4,,51,,0,0
03/01/2026 13:11:26,d092rmnoovhpfm35n490,81432434001,8143,,BS-14,,,False,True,192,92,125,135,,<nil>,137,138,,<nil>,1168,1340,1346,1347,1348,0.57,0,,,,,,,,,,,,,,,,,,,,,,,,,,,,,,,,25.4,,51,,0,0
03/01/2026 13:12:26,d092rmnoovhpfm35n490,81432434001,8143,,BS-14,,,False,True,188,88,121,128,,<nil>,129,130,,<nil>,1130,1292,1296,1296,1297,0.55,0,,,,,,,,,,,,,,,,,,,,,,,,,,,,,,,,25.4,,51,,0,0
03/01/2026 13:13:26,d092rmnoovhpfm35n490,81432434001,8143,,BS-14,,,False,True,192,91,126,135,,<nil>,136,136,,<nil>,1180,1350,1355,1355,1356,0.56,0,,,,,,,,,,,,,,,,,,,,,,,,,,,,,,,,25.4,,51,,0,0
03/01/2026 13:14:26,d092rmnoovhpfm35n490,81432434001,8143,,BS-14,,,False,True,235,120,169,185,,<nil>,191,194,,<nil>,1559,1798,1812,1814,1815,0.6,0,,,,,,,,,,,,,,,,,,,,,,,,,,,,,,,,25.4,,51,,0,0
03/01/2026 13:15:26,d092rmnoovhpfm35n490,81432434001,8143,,BS-14,,,False,True,296,158,214,246,,<nil>,261,269,,<nil>,1947,2271,2303,2309,2310,0.65,0,,,,,,,,,,,,,,,,,,,,,,,,,,,,,,,,25.3,,51,,0,0
03/01/2026 13:16:26,d092rmnoovhpfm35n490,81432434001,8143,,BS-14,,,False,True,233,120,165,183,,<nil>,190,194,,<nil>,1515,1753,1769,1772,1773,0.59,0,,,,,,,,,,,,,,,,,,,,,,,,,,,,,,,,25.3,,52,,0,0
03/01/2026 13:17:26,d092rmnoovhpfm35n490,81432434001,8143,,BS-14,,,False,True,212,106,151,162,,<nil>,164,165,,<nil>,1416,1622,1628,1629,1630,0.57,0,,,,,,,,,,,,,,,,,,,,,,,,,,,,,,,,25.3,,51,,0,0
03/01/2026 13:18:26,d092rmnoovhpfm35n490,81432434001,8143,,BS-14,,,False,True,206,103,146,156,,<nil>,158,159,,<nil>,1361,1559,1566,1567,1567,0.56,0,,,,,,,,,,,,,,,,,,,,,,,,,,,,,,,,25.3,,52,,0,0
03/01/2026 13:19:26,d092rmnoovhpfm35n490,81432434001,8143,,BS-14,,,False,True,197,97,137,145,,<nil>,146,147,,<nil>,1281,1465,1469,1470,1470,0.55,0,,,,,,,,,,,,,,,,,,,,,,,,,,,,,,,,25.3,,52,,0,0
03/01/2026 13:20:26,d092rmnoovhpfm35n490,81432434001,8143,,BS-14,,,False,True,231,116,167,181,,<nil>,184,185,,<nil>,1558,1789,1798,1799,1800,0.58,0,,,,,,,,,,,,,,,,,,,,,,,,,,,,,,,,25.3,,51,,0,0
03/01/2026 13:21:26,d092rmnoovhpfm35n490,81432434001,8143,,BS-14,,,False,True,238,120,172,188,,<nil>,192,194,,<nil>,1601,1841,1853,1855,1855,0.59,0,,,,,,,,,,,,,,,,,,,,,,,,,,,,,,,,25.3,,51,,0,0
03/01/2026 13:22:26,d092rmnoovhpfm35n490,81432434001,8143,,BS-14,,,False,True,237,121,172,187,,<nil>,192,195,,<nil>,1594,1834,1847,1849,1850,0.57,0,,,,,,,,,,,,,,,,,,,,,,,,,,,,,,,,25.2,,51,,0,0
03/01/2026 13:23:26,d092rmnoovhpfm35n490,81432434001,8143,,BS-14,,,False,True,225,112,164,175,,<nil>,177,178,,<nil>,1535,1757,1764,1765,1765,0.57,0,,,,,,,,,,,,,,,,,,,,,,,,,,,,,,,,25.2,,51,,0,0
03/01/2026 13:24:26,d092rmnoovhpfm35n490,81432434001,8143,,BS-14,,,False,True,299,151,231,249,,<nil>,254,256,,<nil>,2150,2469,2482,2484,2485,0.58,0,,,,,,,,,,,,,,,,,,,,,,,,,,,,,,,,25.2,,51,,0,0
03/01/2026 13:25:26,d092rmnoovhpfm35n490,81432434001,8143,,BS-14,,,False,True,399,248,344,374,,<nil>,383,388,,<nil>,3200,3680,3703,3707,3708,0.58,0,,,,,,,,,,,,,,,,,,,,,,,,,,,,,,,,25.2,,51,,0,0
03/01/2026 13:26:26,d092rmnoovhpfm35n490,81432434001,8143,,BS-14,,,False,True,299,148,234,249,,<nil>,250,250,,<nil>,2202,2516,2523,2524,2524,0.53,0,,,,,,,,,,,,,,,,,,,,,,,,,,,,,,,,25.2,,52,,0,0
03/01/2026 13:27:26,d092rmnoovhpfm35n490,81432434001,8143,,BS-14,,,False,True,285,141,222,235,,<nil>,235,235,,<nil>,2090,2386,2391,2392,2393,0.53,0,,,,,,,,,,,,,,,,,,,,,,,,,,,,,,,,25.1,,52,,0,0
03/01/2026 13:28:26,d092rmnoovhpfm35n490,81432434001,8143,,BS-14,,,False,True,269,133,207,219,,<nil>,219,219,,<nil>,1945,2221,2226,2227,2227,0.52,0,,,,,,,,,,,,,,,,,,,,,,,,,,,,,,,,25.1,,52,,0,0
03/01/2026 13:29:26,d092rmnoovhpfm35n490,81432434001,8143,,BS-14,,,False,True,291,144,227,241,,<nil>,242,242,,<nil>,2130,2434,2441,2442,2442,0.55,0,,,,,,,,,,,,,,,,,,,,,,,,,,,,,,,,25.1,,52,,0,0
03/01/2026 13:30:26,d092rmnoovhpfm35n490,81432434001,8143,,BS-14,,,False,True,291,144,228,241,,<nil>,241,242,,<nil>,2144,2448,2454,2455,2455,0.53,0,,,,,,,,,,,,,,,,,,,,,,,,,,,,,,,,25.1,,52,,0,0
03/01/2026 13:31:26,d092rmnoovhpfm35n490,81432434001,8143,,BS-14,,,False,True,409,266,354,386,,<nil>,395,400,,<nil>,3300,3795,3819,3824,3825,0.58,0,,,,,,,,,,,,,,,,,,,,,,,,,,,,,,,,25.0,,52,,0,0
03/01/2026 13:32:26,d092rmnoovhpfm35n490,81432434001,8143,,BS-14,,,False,True,-1,-1,781,916,,<nil>,991,1029,,<nil>,7030,8260,8407,8437,8442,0.67,0,,,,,,,,,,,,,,,,,,,,,,,,,,,,,,,,25.0,,52,,0,0
03/01/2026 13:33:26,d092rmnoovhpfm35n490,81432434001,8143,,BS-14,,,False,True,-1,-1,738,869,,<nil>,942,979,,<nil>,6636,7805,7947,7977,7982,0.66,0,,,,,,,,,,,,,,,,,,,,,,,,,,,,,,,,25.0,,53,,0,0
03/01/2026 13:34:26,d092rmnoovhpfm35n490,81432434001,8143,,BS-14,,,False,True,-1,-1,714,823,,<nil>,880,909,,<nil>,6483,7577,7691,7714,7718,0.64,0,,,,,,,,,,,,,,,,,,,,,,,,,,,,,,,,25.0,,53,,0,0
03/01/2026 13:35:26,d092rmnoovhpfm35n490,81432434001,8143,,BS-14,,,False,True,-1,-1,779,904,,<nil>,970,1004,,<nil>,7049,8256,8389,8416,8421,0.65,0,,,,,,,,,,,,,,,,,,,,,,,,,,,,,,,,25.0,,53,,0,0
03/01/2026 13:36:26,d092rmnoovhpfm35n490,81432434001,8143,,BS-14,,,False,True,-1,-1,599,674,,<nil>,708,726,,<nil>,5502,6386,6458,6472,6475,0.61,0,,,,,,,,,,,,,,,,,,,,,,,,,,,,,,,,24.9,,53,,0,0
03/01/2026 13:37:26,d092rmnoovhpfm35n490,81432434001,8143,,BS-14,,,False,True,-1,460,494,543,,<nil>,559,568,,<nil>,4593,5293,5333,5341,5342,0.59,0,,,,,,,,,,,,,,,,,,,,,,,,,,,,,,,,24.9,,53,,0,0
03/01/2026 13:38:26,d092rmnoovhpfm35n490,81432434001,8143,,BS-14,,,False,True,-1,429,476,520,,<nil>,533,540,,<nil>,4433,5102,5136,5143,5144,0.58,0,,,,,,,,,,,,,,,,,,,,,,,,,,,,,,,,24.9,,53,,0,0
03/01/2026 13:39:26,d092rmnoovhpfm35n490,81432434001,8143,,BS-14,,,False,True,-1,473,495,549,,<nil>,569,580,,<nil>,4583,5296,5343,5352,5354,0.61,0,,,,,,,,,,,,,,,,,,,,,,,,,,,,,,,,24.9,,53,,0,0
03/01/2026 13:40:26,d092rmnoovhpfm35n490,81432434001,8143,,BS-14,,,False,True,-1,483,502,556,,<nil>,578,589,,<nil>,4640,5363,5412,5421,5423,0.6,0,,,,,,,,,,,,,,,,,,,,,,,,,,,,,,,,24.8,,54,,0,0
03/01/2026 13:41:26,d092rmnoovhpfm35n490,81432434001,8143,,BS-14,,,False,True,-1,477,501,553,,<nil>,573,583,,<nil>,4642,5360,5405,5414,5416,0.61,0,,,,,,,,,,,,,,,,,,,,,,,,,,,,,,,,24.8,,54,,0,0
03/01/2026 13:42:26,d092rmnoovhpfm35n490,81432434001,8143,,BS-14,,,False,True,-1,427,468,514,,<nil>,529,538,,<nil>,4351,5015,5053,5060,5062,0.59,0,,,,,,,,,,,,,,,,,,,,,,,,,,,,,,,,24.8,,54,,0,0
03/01/2026 13:43:26,d092rmnoovhpfm35n490,81432434001,8143,,BS-14,,,False,True,-1,434,469,517,,<nil>,535,545,,<nil>,4350,5022,5064,5072,5073,0.6,0,,,,,,,,,,,,,,,,,,,,,,,,,,,,,,,,24.7,,54,,0,0
03/01/2026 13:44:26,d092rmnoovhpfm35n490,81432434001,8143,,BS-14,,,False,True,463,352,417,454,,<nil>,465,471,,<nil>,3893,4478,4507,4512,4513,0.58,0,,,,,,,,,,,,,,,,,,,,,,,,,,,,,,,,24.7,,54,,0,0
03/01/2026 13:45:26,d092rmnoovhpfm35n490,81432434001,8143,,BS-14,,,False,True,429,299,379,411,,<nil>,419,423,,<nil>,3548,4075,4099,4103,4104,0.58,0,,,,,,,,,,,,,,,,,,,,,,,,,,,,,,,,24.6,,55,,0,0
03/01/2026 13:46:26,d092rmnoovhpfm35n490,81432434001,8143,,BS-14,,,False,True,412,266,361,390,,<nil>,397,400,,<nil>,3387,3887,3907,3911,3912,0.57,0,,,,,,,,,,,,,,,,,,,,,,,,,,,,,,,,24.6,,55,,0,0
03/01/2026 13:47:26,d092rmnoovhpfm35n490,81432434001,8143,,BS-14,,,False,True,399,238,347,373,,<nil>,378,381,,<nil>,3257,3733,3750,3753,3754,0.56,0,,,,,,,,,,,,,,,,,,,,,,,,,,,,,,,,24.6,,55,,0,0
03/01/2026 13:48:26,d092rmnoovhpfm35n490,81432434001,8143,,BS-14,,,False,True,364,189,311,330,,<nil>,331,331,,<nil>,2941,3359,3368,3369,3369,0.53,0,,,,,,,,,,,,,,,,,,,,,,,,,,,,,,,,24.5,,55,,0,0
03/01/2026 13:49:26,d092rmnoovhpfm35n490,81432434001,8143,,BS-14,,,False,True,399,233,350,373,,<nil>,376,377,,<nil>,3303,3777,3790,3792,3793,0.56,0,,,,,,,,,,,,,,,,,,,,,,,,,,,,,,,,24.5,,55,,0,0
03/01/2026 13:50:26,d092rmnoovhpfm35n490,81432434001,8143,,BS-14,,,False,True,465,353,419,456,,<nil>,467,472,,<nil>,3918,4505,4534,4539,4540,0.59,0,,,,,,,,,,,,,,,,,,,,,,,,,,,,,,,,24.5,,55,,0,0
03/01/2026 13:51:26,d092rmnoovhpfm35n490,81432434001,8143,,BS-14,,,False,True,-1,442,481,528,,<nil>,544,552,,<nil>,4484,5168,5206,5214,5215,0.59,0,,,,,,,,,,,,,,,,,,,,,,,,,,,,,,,,24.5,,55,,0,0
03/01/2026 13:52:26,d092rmnoovhpfm35n490,81432434001,8143,,BS-14,,,False,True,493,394,453,492,,<nil>,503,509,,<nil>,4244,4879,4908,4914,4915,0.58,0,,,,,,,,,,,,,,,,,,,,,,,,,,,,,,,,24.4,,55,,0,0
03/01/2026 13:53:26,d092rmnoovhpfm35n490,81432434001,8143,,BS-14,,,False,True,-1,473,506,555,,<nil>,572,580,,<nil>,4721,5440,5481,5489,5491,0.6,0,,,,,,,,,,,,,,,,,,,,,,,,,,,,,,,,24.4,,56,,0,0
03/01/2026 13:54:26,d092rmnoovhpfm35n490,81432434001,8143,,BS-14,,,False,True,-1,-1,566,625,,<nil>,647,658,,<nil>,5272,6086,6137,6147,6149,0.6,0,,,,,,,,,,,,,,,,,,,,,,,,,,,,,,,,24.3,,56,,0,0
03/01/2026 13:55:26,d092rmnoovhpfm35n490,81432434001,8143,,BS-14,,,False,True,-1,-1,551,608,,<nil>,629,640,,<nil>,5128,5920,5969,5979,5981,0.61,0,,,,,,,,,,,,,,,,,,,,,,,,,,,,,,,,24.3,,56,,0,0
03/01/2026 13:56:26,d092rmnoovhpfm35n490,81432434001,8143,,BS-14,,,False,True,-1,-1,585,643,,<nil>,663,674,,<nil>,5464,6300,6348,6357,6359,0.6,0,,,,,,,,,,,,,,,,,,,,,,,,,,,,,,,,24.3,,56,,0,0
03/01/2026 13:57:26,d092rmnoovhpfm35n490,81432434001,8143,,BS-14,,,False,True,-1,457,502,546,,<nil>,558,565,,<nil>,4714,5418,5451,5457,5459,0.59,0,,,,,,,,,,,,,,,,,,,,,,,,,,,,,,,,24.2,,56,,0,0
03/01/2026 13:58:26,d092rmnoovhpfm35n490,81432434001,8143,,BS-14,,,False,True,-1,-1,579,638,,<nil>,658,669,,<nil>,5407,6237,6286,6295,6298,0.6,0,,,,,,,,,,,,,,,,,,,,,,,,,,,,,,,,24.2,,56,,0,0
03/01/2026 13:59:26,d092rmnoovhpfm35n490,81432434001,8143,,BS-14,,,False,True,-1,-1,545,594,,<nil>,609,617,,<nil>,5105,5874,5912,5919,5921,0.58,0,,,,,,,,,,,,,,,,,,,,,,,,,,,,,,,,24.2,,56,,0,0
03/01/2026 14:00:26,d092rmnoovhpfm35n490,81432434001,8143,,BS-14,,,False,True,-1,444,498,539,,<nil>,549,554,,<nil>,4683,5376,5406,5411,5412,0.58,0,,,,,,,,,,,,,,,,,,,,,,,,,,,,,,,,24.2,,57,,0,0
03/01/2026 14:01:26,d092rmnoovhpfm35n490,81432434001,8143,,BS-14,,,False,True,420,273,374,400,,<nil>,403,405,,<nil>,3542,4052,4067,4069,4070,0.55,0,,,,,,,,,,,,,,,,,,,,,,,,,,,,,,,,24.1,,57,,0,0
03/01/2026 14:02:26,d092rmnoovhpfm35n490,81432434001,8143,,BS-14,,,False,True,402,235,354,377,,<nil>,378,379,,<nil>,3361,3840,3851,3853,3854,0.55,0,,,,,,,,,,,,,,,,,,,,,,,,,,,,,,,,24.1,,57,,0,0
03/01/2026 14:03:26,d092rmnoovhpfm35n490,81432434001,8143,,BS-14,,,False,True,413,257,368,391,,<nil>,393,394,,<nil>,3491,3989,4001,4002,4003,0.55,0,,,,,,,,,,,,,,,,,,,,,,,,,,,,,,,,24.1,,57,,0,0
03/01/2026 14:04:26,d092rmnoovhpfm35n490,81432434001,8143,,BS-14,,,False,True,375,196,323,343,,<nil>,344,345,,<nil>,3061,3497,3507,3509,3509,0.55,0,,,,,,,,,,,,,,,,,,,,,,,,,,,,,,,,24.1,,57,,0,0
03/01/2026 14:05:26,d092rmnoovhpfm35n490,81432434001,8143,,BS-14,,,False,True,398,230,349,372,,<nil>,374,375,,<nil>,3310,3784,3796,3798,3799,0.56,0,,,,,,,,,,,,,,,,,,,,,,,,,,,,,,,,24.0,,57,,0,0
03/01/2026 14:06:26,d092rmnoovhpfm35n490,81432434001,8143,,BS-14,,,False,True,409,256,361,386,,<nil>,390,393,,<nil>,3411,3905,3921,3924,3924,0.57,0,,,,,,,,,,,,,,,,,,,,,,,,,,,,,,,,24.0,,57,,0,0
03/01/2026 14:07:26,d092rmnoovhpfm35n490,81432434001,8143,,BS-14,,,False,True,478,375,432,473,,<nil>,486,492,,<nil>,4049,4663,4696,4702,4704,0.6,0,,,,,,,,,,,,,,,,,,,,,,,,,,,,,,,,24.0,,57,,0,0
03/01/2026 14:08:26,d092rmnoovhpfm35n490,81432434001,8143,,BS-14,,,False,True,-1,-1,566,641,,<nil>,677,695,,<nil>,5222,6073,6148,6163,6166,0.65,0,,,,,,,,,,,,,,,,,,,,,,,,,,,,,,,,24.0,,57,,0,0
03/01/2026 14:09:26,d092rmnoovhpfm35n490,81432434001,8143,,BS-14,,,False,True,-1,-1,622,716,,<nil>,765,790,,<nil>,5697,6657,6756,6777,6780,0.64,0,,,,,,,,,,,,,,,,,,,,,,,,,,,,,,,,23.9,,57,,0,0
03/01/2026 14:10:26,d092rmnoovhpfm35n490,81432434001,8143,,BS-14,,,False,True,-1,-1,550,611,,<nil>,636,649,,<nil>,5118,5921,5977,5988,5990,0.59,0,,,,,,,,,,,,,,,,,,,,,,,,,,,,,,,,23.9,,57,,0,0
03/01/2026 14:11:26,d092rmnoovhpfm35n490,81432434001,8143,,BS-14,,,False,True,-1,-1,688,771,,<nil>,807,825,,<nil>,6389,7406,7484,7500,7503,0.63,0,,,,,,,,,,,,,,,,,,,,,,,,,,,,,,,,23.9,,57,,0,0
03/01/2026 14:12:26,d092rmnoovhpfm35n490,81432434001,8143,,BS-14,,,False,True,-1,-1,546,599,,<nil>,617,626,,<nil>,5120,5899,5943,5951,5953,0.58,0,,,,,,,,,,,,,,,,,,,,,,,,,,,,,,,,23.9,,57,,0,0
03/01/2026 14:13:26,d092rmnoovhpfm35n490,81432434001,8143,,BS-14,,,False,True,-1,-1,761,858,,<nil>,902,925,,<nil>,7042,8178,8273,8292,8295,0.63,0,,,,,,,,,,,,,,,,,,,,,,,,,,,,,,,,23.9,,57,,0,0
03/01/2026 14:14:26,d092rmnoovhpfm35n490,81432434001,8143,,BS-14,,,False,True,-1,-1,799,922,,<nil>,987,1020,,<nil>,7317,8556,8687,8713,8718,0.64,0,,,,,,,,,,,,,,,,,,,,,,,,,,,,,,,,23.9,,57,,0,0
03/01/2026 14:15:26,d092rmnoovhpfm35n490,81432434001,8143,,BS-14,,,False,True,-1,-1,568,632,,<nil>,659,673,,<nil>,5287,6119,6178,6190,6192,0.59,0,,,,,,,,,,,,,,,,,,,,,,,,,,,,,,,,23.8,,57,,0,0
03/01/2026 14:16:26,d092rmnoovhpfm35n490,81432434001,8143,,BS-14,,,False,True,467,344,430,459,,<nil>,462,464,,<nil>,4085,4672,4687,4690,4690,0.55,0,,,,,,,,,,,,,,,,,,,,,,,,,,,,,,,,23.8,,57,,0,0
03/01/2026 14:17:26,d092rmnoovhpfm35n490,81432434001,8143,,BS-14,,,False,True,-1,452,509,548,,<nil>,557,561,,<nil>,4808,5514,5541,5545,5547,0.59,0,,,,,,,,,,,,,,,,,,,,,,,,,,,,,,,,23.8,,57,,0,0
03/01/2026 14:18:26,d092rmnoovhpfm35n490,81432434001,8143,,BS-14,,,False,True,-1,-1,622,693,,<nil>,723,738,,<nil>,5793,6705,6771,6784,6787,0.61,0,,,,,,,,,,,,,,,,,,,,,,,,,,,,,,,,23.8,,57,,0,0
03/01/2026 14:19:26,d092rmnoovhpfm35n490,81432434001,8143,,BS-14,,,False,True,-1,-1,685,756,,<nil>,782,795,,<nil>,6413,7402,7463,7474,7477,0.6,0,,,,,,,,,,,,,,,,,,,,,,,,,,,,,,,,23.8,,57,,0,0
03/01/2026 14:20:26,d092rmnoovhpfm35n490,81432434001,8143,,BS-14,,,False,True,-1,-1,701,779,,<nil>,810,826,,<nil>,6541,7564,7634,7648,7651,0.62,0,,,,,,,,,,,,,,,,,,,,,,,,,,,,,,,,23.8,,57,,0,0
03/01/2026 14:21:26,d092rmnoovhpfm35n490,81432434001,8143,,BS-14,,,False,True,-1,414,465,508,,<nil>,521,527,,<nil>,4378,5038,5071,5077,5079,0.57,0,,,,,,,,,,,,,,,,,,,,,,,,,,,,,,,,23.7,,57,,0,0
03/01/2026 14:22:26,d092rmnoovhpfm35n490,81432434001,8143,,BS-14,,,False,True,-1,460,506,549,,<nil>,561,568,,<nil>,4766,5478,5511,5517,5518,0.59,0,,,,,,,,,,,,,,,,,,,,,,,,,,,,,,,,23.7,,57,,0,0
03/01/2026 14:23:26,d092rmnoovhpfm35n490,81432434001,8143,,BS-14,,,False,True,444,320,398,430,,<nil>,438,442,,<nil>,3756,4312,4335,4340,4341,0.55,0,,,,,,,,,,,,,,,,,,,,,,,,,,,,,,,,23.7,,57,,0,0
03/01/2026 14:24:26,d092rmnoovhpfm35n490,81432434001,8143,,BS-14,,,False,True,381,199,331,351,,<nil>,351,351,,<nil>,3161,3608,3616,3617,3617,0.51,0,,,,,,,,,,,,,,,,,,,,,,,,,,,,,,,,23.7,,57,,0,0
03/01/2026 14:25:26,d092rmnoovhpfm35n490,81432434001,8143,,BS-14,,,False,True,363,187,309,328,,<nil>,328,328,,<nil>,2949,3367,3375,3376,3376,0.53,0,,,,,,,,,,,,,,,,,,,,,,,,,,,,,,,,23.6,,57,,0,0
03/01/2026 14:26:26,d092rmnoovhpfm35n490,81432434001,8143,,BS-14,,,False,True,457,340,412,446,,<nil>,455,460,,<nil>,3887,4464,4489,4494,4495,0.59,0,,,,,,,,,,,,,,,,,,,,,,,,,,,,,,,,23.6,,57,,0,0
03/01/2026 14:27:26,d092rmnoovhpfm35n490,81432434001,8143,,BS-14,,,False,True,430,297,381,412,,<nil>,419,422,,<nil>,3605,4136,4158,4161,4162,0.57,0,,,,,,,,,,,,,,,,,,,,,,,,,,,,,,,,23.6,,57,,0,0
03/01/2026 14:28:26,d092rmnoovhpfm35n490,81432434001,8143,,BS-14,,,False,True,446,323,399,432,,<nil>,440,445,,<nil>,3772,4331,4355,4359,4361,0.58,0,,,,,,,,,,,,,,,,,,,,,,,,,,,,,,,,23.6,,57,,0,0
03/01/2026 14:29:26,d092rmnoovhpfm35n490,81432434001,8143,,BS-14,,,False,True,-1,419,455,503,,<nil>,521,531,,<nil>,4257,4917,4960,4968,4970,0.62,0,,,,,,,,,,,,,,,,,,,,,,,,,,,,,,,,23.6,,57,,0,0
03/01/2026 14:30:26,d092rmnoovhpfm35n490,81432434001,8143,,BS-14,,,False,True,-1,430,461,512,,<nil>,531,541,,<nil>,4316,4988,5033,5042,5044,0.6,0,,,,,,,,,,,,,,,,,,,,,,,,,,,,,,,,23.6,,58,,0,0
03/01/2026 14:31:26,d092rmnoovhpfm35n490,81432434001,8143,,BS-14,,,False,True,-1,431,466,515,,<nil>,533,542,,<nil>,4368,5043,5085,5093,5095,0.61,0,,,,,,,,,,,,,,,,,,,,,,,,,,,,,,,,23.5,,58,,0,0
03/01/2026 14:32:26,d092rmnoovhpfm35n490,81432434001,8143,,BS-14,,,False,True,-1,471,492,546,,<nil>,567,578,,<nil>,4608,5326,5374,5383,5385,0.62,0,,,,,,,,,,,,,,,,,,,,,,,,,,,,,,,,23.5,,58,,0,0
03/01/2026 14:33:26,d092rmnoovhpfm35n490,81432434001,8143,,BS-14,,,False,True,445,328,393,431,,<nil>,443,449,,<nil>,3702,4264,4295,4300,4302,0.57,0,,,,,,,,,,,,,,,,,,,,,,,,,,,,,,,,23.5,,58,,0,0
03/01/2026 14:34:26,d092rmnoovhpfm35n490,81432434001,8143,,BS-14,,,False,True,343,175,286,303,,<nil>,303,304,,<nil>,2727,3114,3122,3123,3123,0.53,0,,,,,,,,,,,,,,,,,,,,,,,,,,,,,,,,23.5,,58,,0,0
03/01/2026 14:35:26,d092rmnoovhpfm35n490,81432434001,8143,,BS-14,,,False,True,328,166,269,285,,<nil>,286,286,,<nil>,2564,2929,2936,2937,2938,0.54,0,,,,,,,,,,,,,,,,,,,,,,,,,,,,,,,,23.5,,58,,0,0
03/01/2026 14:36:26,d092rmnoovhpfm35n490,81432434001,8143,,BS-14,,,False,True,326,165,265,282,,<nil>,282,283,,<nil>,2532,2892,2899,2900,2901,0.54,0,,,,,,,,,,,,,,,,,,,,,,,,,,,,,,,,23.4,,58,,0,0
03/01/2026 14:37:26,d092rmnoovhpfm35n490,81432434001,8143,,BS-14,,,False,True,295,146,232,245,,<nil>,246,246,,<nil>,2213,2527,2532,2533,2534,0.53,0,,,,,,,,,,,,,,,,,,,,,,,,,,,,,,,,23.4,,58,,0,0
03/01/2026 14:38:26,d092rmnoovhpfm35n490,81432434001,8143,,BS-14,,,False,True,316,158,253,269,,<nil>,270,270,,<nil>,2415,2759,2767,2768,2768,0.55,0,,,,,,,,,,,,,,,,,,,,,,,,,,,,,,,,23.4,,58,,0,0
03/01/2026 14:39:26,d092rmnoovhpfm35n490,81432434001,8143,,BS-14,,,False,True,414,277,360,393,,<nil>,402,408,,<nil>,3400,3912,3937,3942,3943,0.6,0,,,,,,,,,,,,,,,,,,,,,,,,,,,,,,,,23.4,,58,,0,0
03/01/2026 14:40:26,d092rmnoovhpfm35n490,81432434001,8143,,BS-14,,,False,True,418,289,361,397,,<nil>,409,416,,<nil>,3397,3917,3947,3953,3954,0.59,0,,,,,,,,,,,,,,,,,,,,,,,,,,,,,,,,23.3,,58,,0,0
03/01/2026 14:41:26,d092rmnoovhpfm35n490,81432434001,8143,,BS-14,,,False,True,407,261,352,384,,<nil>,393,397,,<nil>,3328,3828,3852,3856,3858,0.58,0,,,,,,,,,,,,,,,,,,,,,,,,,,,,,,,,23.3,,59,,0,0
03/01/2026 14:42:26,d092rmnoovhpfm35n490,81432434001,8143,,BS-14,,,False,True,365,192,309,331,,<nil>,335,337,,<nil>,2942,3369,3382,3385,3385,0.56,0,,,,,,,,,,,,,,,,,,,,,,,,,,,,,,,,23.3,,59,,0,0
03/01/2026 14:43:26,d092rmnoovhpfm35n490,81432434001,8143,,BS-14,,,False,True,375,198,319,343,,<nil>,347,349,,<nil>,3039,3481,3496,3499,3499,0.57,0,,,,,,,,,,,,,,,,,,,,,,,,,,,,,,,,23.3,,59,,0,0
03/01/2026 14:44:26,d092rmnoovhpfm35n490,81432434001,8143,,BS-14,,,False,True,374,199,317,342,,<nil>,348,351,,<nil>,3015,3458,3475,3478,3479,0.58,0,,,,,,,,,,,,,,,,,,,,,,,,,,,,,,,,23.2,,59,,0,0
03/01/2026 14:45:26,d092rmnoovhpfm35n490,81432434001,8143,,BS-14,,,False,True,364,192,307,330,,<nil>,335,337,,<nil>,2917,3344,3360,3363,3363,0.57,0,,,,,,,,,,,,,,,,,,,,,,,,,,,,,,,,23.2,,59,,0,0
03/01/2026 14:46:26,d092rmnoovhpfm35n490,81432434001,8143,,BS-14,,,False,True,352,183,294,315,,<nil>,318,320,,<nil>,2797,3204,3216,3219,3219,0.57,0,,,,,,,,,,,,,,,,,,,,,,,,,,,,,,,,23.2,,60,,0,0
03/01/2026 14:47:26,d092rmnoovhpfm35n490,81432434001,8143,,BS-14,,,False,True,344,178,285,305,,<nil>,308,309,,<nil>,2714,3107,3119,3120,3121,0.57,0,,,,,,,,,,,,,,,,,,,,,,,,,,,,,,,,23.2,,60,,0,0
03/01/2026 14:48:26,d092rmnoovhpfm35n490,81432434001,8143,,BS-14,,,False,True,344,178,285,305,,<nil>,308,310,,<nil>,2721,3115,3127,3129,3130,0.56,0,,,,,,,,,,,,,,,,,,,,,,,,,,,,,,,,23.1,,60,,0,0
03/01/2026 14:49:26,d092rmnoovhpfm35n490,81432434001,8143,,BS-14,,,False,True,352,183,294,315,,<nil>,318,320,,<nil>,2804,3210,3223,3225,3225,0.56,0,,,,,,,,,,,,,,,,,,,,,,,,,,,,,,,,23.1,,60,,0,0
03/01/2026 14:50:26,d092rmnoovhpfm35n490,81432434001,8143,,BS-14,,,False,True,354,184,297,317,,<nil>,320,321,,<nil>,2833,3241,3253,3255,3255,0.55,0,,,,,,,,,,,,,,,,,,,,,,,,,,,,,,,,23.1,,60,,0,0
03/01/2026 14:51:26,d092rmnoovhpfm35n490,81432434001,8143,,BS-14,,,False,True,350,181,291,312,,<nil>,315,316,,<nil>,2778,3180,3192,3194,3195,0.56,0,,,,,,,,,,,,,,,,,,,,,,,,,,,,,,,,23.1,,60,,0,0
03/01/2026 14:52:26,d092rmnoovhpfm35n490,81432434001,8143,,BS-14,,,False,True,352,183,294,314,,<nil>,317,319,,<nil>,2807,3212,3224,3226,3227,0.56,0,,,,,,,,,,,,,,,,,,,,,,,,,,,,,,,,23.0,,60,,0,0
03/01/2026 14:53:26,d092rmnoovhpfm35n490,81432434001,8143,,BS-14,,,False,True,328,166,268,285,,<nil>,286,286,,<nil>,2560,2926,2934,2936,2936,0.55,0,,,,,,,,,,,,,,,,,,,,,,,,,,,,,,,,23.0,,60,,0,0
03/01/2026 14:54:26,d092rmnoovhpfm35n490,81432434001,8143,,BS-14,,,False,True,350,182,291,312,,<nil>,316,318,,<nil>,2773,3177,3191,3193,3194,0.57,0,,,,,,,,,,,,,,,,,,,,,,,,,,,,,,,,23.0,,60,,0,0
03/01/2026 14:55:26,d092rmnoovhpfm35n490,81432434001,8143,,BS-14,,,False,True,333,170,274,291,,<nil>,292,293,,<nil>,2624,2998,3006,3008,3008,0.54,0,,,,,,,,,,,,,,,,,,,,,,,,,,,,,,,,23.0,,60,,0,0
03/01/2026 14:56:26,d092rmnoovhpfm35n490,81432434001,8143,,BS-14,,,False,True,299,148,235,249,,<nil>,250,250,,<nil>,2252,2572,2578,2579,2580,0.54,0,,,,,,,,,,,,,,,,,,,,,,,,,,,,,,,,23.0,,60,,0,0
03/01/2026 14:57:26,d092rmnoovhpfm35n490,81432434001,8143,,BS-14,,,False,True,296,146,233,246,,<nil>,246,246,,<nil>,2234,2550,2555,2556,2557,0.52,0,,,,,,,,,,,,,,,,,,,,,,,,,,,,,,,,22.9,,60,,0,0
03/01/2026 14:58:26,d092rmnoovhpfm35n490,81432434001,8143,,BS-14,,,False,True,273,135,211,223,,<nil>,224,224,,<nil>,2023,2310,2315,2316,2316,0.53,0,,,,,,,,,,,,,,,,,,,,,,,,,,,,,,,,22.9,,60,,0,0
03/01/2026 14:59:26,d092rmnoovhpfm35n490,81432434001,8143,,BS-14,,,False,True,261,129,199,211,,<nil>,211,211,,<nil>,1911,2181,2186,2187,2187,0.54,0,,,,,,,,,,,,,,,,,,,,,,,,,,,,,,,,22.8,,60,,0,0
03/01/2026 15:00:26,d092rmnoovhpfm35n490,81432434001,8143,,BS-14,,,False,True,273,135,210,223,,<nil>,223,224,,<nil>,2015,2301,2307,2308,2308,0.54,0,,,,,,,,,,,,,,,,,,,,,,,,,,,,,,,,22.8,,60,,0,0
03/01/2026 15:01:26,d092rmnoovhpfm35n490,81432434001,8143,,BS-14,,,False,True,302,150,237,252,,<nil>,253,254,,<nil>,2277,2602,2609,2610,2611,0.55,0,,,,,,,,,,,,,,,,,,,,,,,,,,,,,,,,22.8,,60,,0,0
03/01/2026 15:02:26,d092rmnoovhpfm35n490,81432434001,8143,,BS-14,,,False,True,309,154,244,260,,<nil>,261,261,,<nil>,2342,2676,2684,2685,2686,0.56,0,,,,,,,,,,,,,,,,,,,,,,,,,,,,,,,,22.7,,60,,0,0
03/01/2026 15:03:26,d092rmnoovhpfm35n490,81432434001,8143,,BS-14,,,False,True,320,161,258,274,,<nil>,275,276,,<nil>,2478,2831,2839,2841,2841,0.55,0,,,,,,,,,,,,,,,,,,,,,,,,,,,,,,,,22.7,,60,,0,0
03/01/2026 15:04:26,d092rmnoovhpfm35n490,81432434001,8143,,BS-14,,,False,True,321,161,259,275,,<nil>,276,276,,<nil>,2494,2848,2855,2856,2856,0.54,0,,,,,,,,,,,,,,,,,,,,,,,,,,,,,,,,22.6,,61,,0,0
03/01/2026 15:05:26,d092rmnoovhpfm35n490,81432434001,8143,,BS-14,,,False,True,297,147,233,247,,<nil>,248,248,,<nil>,2245,2564,2570,2571,2571,0.53,0,,,,,,,,,,,,,,,,,,,,,,,,,,,,,,,,22.6,,61,,0,0
03/01/2026 15:06:26,d092rmnoovhpfm35n490,81432434001,8143,,BS-14,,,False,True,238,117,178,188,,<nil>,188,188,,<nil>,1712,1954,1958,1958,1959,0.52,0,,,,,,,,,,,,,,,,,,,,,,,,,,,,,,,,22.6,,61,,0,0
03/01/2026 15:07:26,d092rmnoovhpfm35n490,81432434001,8143,,BS-14,,,False,True,257,127,196,207,,<nil>,207,207,,<nil>,1884,2151,2156,2156,2157,0.53,0,,,,,,,,,,,,,,,,,,,,,,,,,,,,,,,,22.5,,61,,0,0
03/01/2026 15:08:26,d092rmnoovhpfm35n490,81432434001,8143,,BS-14,,,False,True,280,139,217,230,,<nil>,231,231,,<nil>,2083,2380,2387,2388,2388,0.55,0,,,,,,,,,,,,,,,,,,,,,,,,,,,,,,,,22.5,,61,,0,0
03/01/2026 15:09:26,d092rmnoovhpfm35n490,81432434001,8143,,BS-14,,,False,True,316,160,251,269,,<nil>,272,273,,<nil>,2401,2750,2761,2763,2764,0.57,0,,,,,,,,,,,,,,,,,,,,,,,,,,,,,,,,22.4,,61,,0,0
03/01/2026 15:10:26,d092rmnoovhpfm35n490,81432434001,8143,,BS-14,,,False,True,280,139,216,230,,<nil>,231,232,,<nil>,2081,2378,2385,2387,2387,0.54,0,,,,,,,,,,,,,,,,,,,,,,,,,,,,,,,,22.4,,62,,0,0
03/01/2026 15:11:26,d092rmnoovhpfm35n490,81432434001,8143,,BS-14,,,False,True,237,117,177,187,,<nil>,187,187,,<nil>,1706,1947,1951,1952,1952,0.53,0,,,,,,,,,,,,,,,,,,,,,,,,,,,,,,,,22.4,,62,,0,0
03/01/2026 15:12:26,d092rmnoovhpfm35n490,81432434001,8143,,BS-14,,,False,True,231,114,171,181,,<nil>,181,181,,<nil>,1652,1886,1890,1890,1891,0.53,0,,,,,,,,,,,,,,,,,,,,,,,,,,,,,,,,22.3,,62,,0,0
03/01/2026 15:13:26,d092rmnoovhpfm35n490,81432434001,8143,,BS-14,,,False,True,255,126,193,205,,<nil>,205,206,,<nil>,1860,2125,2130,2131,2132,0.54,0,,,,,,,,,,,,,,,,,,,,,,,,,,,,,,,,22.3,,62,,0,0
03/01/2026 15:14:26,d092rmnoovhpfm35n490,81432434001,8143,,BS-14,,,False,True,285,142,220,235,,<nil>,236,237,,<nil>,2121,2426,2433,2435,2435,0.55,0,,,,,,,,,,,,,,,,,,,,,,,,,,,,,,,,22.3,,62,,0,0
03/01/2026 15:15:26,d092rmnoovhpfm35n490,81432434001,8143,,BS-14,,,False,True,267,132,204,217,,<nil>,217,218,,<nil>,1965,2245,2251,2252,2253,0.54,0,,,,,,,,,,,,,,,,,,,,,,,,,,,,,,,,22.3,,63,,0,0
03/01/2026 15:16:26,d092rmnoovhpfm35n490,81432434001,8143,,BS-14,,,False,True,259,128,198,209,,<nil>,210,210,,<nil>,1906,2177,2182,2183,2184,0.54,0,,,,,,,,,,,,,,,,,,,,,,,,,,,,,,,,22.2,,63,,0,0
03/01/2026 15:17:26,d092rmnoovhpfm35n490,81432434001,8143,,BS-14,,,False,True,293,146,227,243,,<nil>,245,246,,<nil>,2188,2503,2512,2514,2514,0.57,0,,,,,,,,,,,,,,,,,,,,,,,,,,,,,,,,22.2,,63,,0,0
03/01/2026 15:18:26,d092rmnoovhpfm35n490,81432434001,8143,,BS-14,,,False,True,255,126,193,205,,<nil>,205,205,,<nil>,1865,2129,2134,2135,2135,0.53,0,,,,,,,,,,,,,,,,,,,,,,,,,,,,,,,,22.2,,63,,0,0
03/01/2026 15:19:26,d092rmnoovhpfm35n490,81432434001,8143,,BS-14,,,False,True,234,116,174,184,,<nil>,185,185,,<nil>,1682,1920,1925,1925,1926,0.53,0,,,,,,,,,,,,,,,,,,,,,,,,,,,,,,,,22.2,,63,,0,0
03/01/2026 15:20:26,d092rmnoovhpfm35n490,81432434001,8143,,BS-14,,,False,True,267,133,204,217,,<nil>,218,219,,<nil>,1971,2252,2259,2260,2260,0.55,0,,,,,,,,,,,,,,,,,,,,,,,,,,,,,,,,22.2,,63,,0,0
03/01/2026 15:21:26,d092rmnoovhpfm35n490,81432434001,8143,,BS-14,,,False,True,289,144,224,239,,<nil>,240,241,,<nil>,2160,2470,2477,2478,2479,0.55,0,,,,,,,,,,,,,,,,,,,,,,,,,,,,,,,,22.2,,63,,0,0
03/01/2026 15:22:26,d092rmnoovhpfm35n490,81432434001,8143,,BS-14,,,False,True,270,133,207,220,,<nil>,220,220,,<nil>,1997,2281,2287,2288,2288,0.55,0,,,,,,,,,,,,,,,,,,,,,,,,,,,,,,,,22.2,,63,,0,0
03/01/2026 15:23:26,d092rmnoovhpfm35n490,81432434001,8143,,BS-14,,,False,True,276,137,212,226,,<nil>,227,228,,<nil>,2048,2341,2348,2349,2349,0.55,0,,,,,,,,,,,,,,,,,,,,,,,,,,,,,,,,22.2,,63,,0,0
03/01/2026 15:24:26,d092rmnoovhpfm35n490,81432434001,8143,,BS-14,,,False,True,236,116,176,186,,<nil>,186,186,,<nil>,1696,1936,1940,1941,1941,0.53,0,,,,,,,,,,,,,,,,,,,,,,,,,,,,,,,,22.2,,63,,0,0
03/01/2026 15:25:26,d092rmnoovhpfm35n490,81432434001,8143,,BS-14,,,False,True,275,137,211,225,,<nil>,226,227,,<nil>,2030,2322,2329,2330,2331,0.56,0,,,,,,,,,,,,,,,,,,,,,,,,,,,,,,,,22.1,,63,,0,0
03/01/2026 15:26:26,d092rmnoovhpfm35n490,81432434001,8143,,BS-14,,,False,True,275,136,211,225,,<nil>,226,226,,<nil>,2039,2330,2336,2337,2338,0.55,0,,,,,,,,,,,,,,,,,,,,,,,,,,,,,,,,22.1,,63,,0,0
03/01/2026 15:27:26,d092rmnoovhpfm35n490,81432434001,8143,,BS-14,,,False,True,255,127,193,205,,<nil>,206,207,,<nil>,1862,2127,2134,2135,2135,0.56,0,,,,,,,,,,,,,,,,,,,,,,,,,,,,,,,,22.1,,63,,0,0
03/01/2026 15:28:26,d092rmnoovhpfm35n490,81432434001,8143,,BS-14,,,False,True,298,149,232,248,,<nil>,251,252,,<nil>,2227,2550,2560,2562,2562,0.57,0,,,,,,,,,,,,,,,,,,,,,,,,,,,,,,,,22.1,,63,,0,0
03/01/2026 15:29:26,d092rmnoovhpfm35n490,81432434001,8143,,BS-14,,,False,True,285,142,220,235,,<nil>,236,237,,<nil>,2115,2419,2428,2429,2430,0.56,0,,,,,,,,,,,,,,,,,,,,,,,,,,,,,,,,22.1,,63,,0,0
03/01/2026 15:30:26,d092rmnoovhpfm35n490,81432434001,8143,,BS-14,,,False,True,268,133,205,218,,<nil>,219,219,,<nil>,1982,2265,2271,2272,2272,0.55,0,,,,,,,,,,,,,,,,,,,,,,,,,,,,,,,,22.1,,63,,0,0
03/01/2026 15:31:26,d092rmnoovhpfm35n490,81432434001,8143,,BS-14,,,False,True,254,126,192,204,,<nil>,205,205,,<nil>,1857,2121,2127,2128,2128,0.55,0,,,,,,,,,,,,,,,,,,,,,,,,,,,,,,,,22.1,,63,,0,0
03/01/2026 15:32:26,d092rmnoovhpfm35n490,81432434001,8143,,BS-14,,,False,True,277,138,213,227,,<nil>,229,230,,<nil>,2049,2343,2352,2353,2353,0.56,0,,,,,,,,,,,,,,,,,,,,,,,,,,,,,,,,22.0,,64,,0,0
03/01/2026 15:33:26,d092rmnoovhpfm35n490,81432434001,8143,,BS-14,,,False,True,240,118,179,190,,<nil>,190,190,,<nil>,1732,1978,1982,1983,1983,0.53,0,,,,,,,,,,,,,,,,,,,,,,,,,,,,,,,,22.0,,64,,0,0
03/01/2026 15:34:26,d092rmnoovhpfm35n490,81432434001,8143,,BS-14,,,False,True,263,130,200,213,,<nil>,214,214,,<nil>,1929,2205,2212,2213,2213,0.56,0,,,,,,,,,,,,,,,,,,,,,,,,,,,,,,,,22.0,,64,,0,0
03/01/2026 15:35:26,d092rmnoovhpfm35n490,81432434001,8143,,BS-14,,,False,True,257,128,194,207,,<nil>,208,209,,<nil>,1874,2143,2150,2151,2151,0.54,0,,,,,,,,,,,,,,,,,,,,,,,,,,,,,,,,22.0,,64,,0,0
03/01/2026 15:36:26,d092rmnoovhpfm35n490,81432434001,8143,,BS-14,,,False,True,221,109,162,171,,<nil>,171,171,,<nil>,1563,1784,1788,1789,1789,0.53,0,,,,,,,,,,,,,,,,,,,,,,,,,,,,,,,,22.0,,64,,0,0
03/01/2026 15:37:26,d092rmnoovhpfm35n490,81432434001,8143,,BS-14,,,False,True,220,108,161,170,,<nil>,170,170,,<nil>,1555,1775,1779,1780,1780,0.53,0,,,,,,,,,,,,,,,,,,,,,,,,,,,,,,,,22.0,,64,,0,0
03/01/2026 15:38:26,d092rmnoovhpfm35n490,81432434001,8143,,BS-14,,,False,True,207,102,148,157,,<nil>,157,157,,<nil>,1434,1637,1641,1641,1641,0.53,0,,,,,,,,,,,,,,,,,,,,,,,,,,,,,,,,22.0,,64,,0,0
03/01/2026 15:39:26,d092rmnoovhpfm35n490,81432434001,8143,,BS-14,,,False,True,213,105,154,163,,<nil>,163,163,,<nil>,1487,1697,1701,1702,1702,0.53,0,,,,,,,,,,,,,,,,,,,,,,,,,,,,,,,,22.0,,64,,0,0
03/01/2026 15:40:26,d092rmnoovhpfm35n490,81432434001,8143,,BS-14,,,False,True,233,115,172,183,,<nil>,183,184,,<nil>,1662,1899,1904,1905,1905,0.54,0,,,,,,,,,,,,,,,,,,,,,,,,,,,,,,,,22.0,,64,,0,0
03/01/2026 15:41:26,d092rmnoovhpfm35n490,81432434001,8143,,BS-14,,,False,True,226,111,166,176,,<nil>,176,176,,<nil>,1603,1831,1835,1836,1836,0.54,0,,,,,,,,,,,,,,,,,,,,,,,,,,,,,,,,22.0,,64,,0,0
03/01/2026 15:42:26,d092rmnoovhpfm35n490,81432434001,8143,,BS-14,,,False,True,216,107,157,166,,<nil>,167,167,,<nil>,1513,1728,1733,1734,1734,0.54,0,,,,,,,,,,,,,,,,,,,,,,,,,,,,,,,,22.0,,64,,0,0
03/01/2026 15:43:26,d092rmnoovhpfm35n490,81432434001,8143,,BS-14,,,False,True,204,100,146,154,,<nil>,154,154,,<nil>,1408,1607,1611,1611,1612,0.53,0,,,,,,,,,,,,,,,,,,,,,,,,,,,,,,,,22.0,,64,,0,0
03/01/2026 15:44:26,d092rmnoovhpfm35n490,81432434001,8143,,BS-14,,,False,True,213,105,154,163,,<nil>,163,163,,<nil>,1488,1699,1703,1704,1704,0.53,0,,,,,,,,,,,,,,,,,,,,,,,,,,,,,,,,22.0,,64,,0,0
03/01/2026 15:45:26,d092rmnoovhpfm35n490,81432434001,8143,,BS-14,,,False,True,213,105,154,163,,<nil>,163,163,,<nil>,1486,1697,1701,1701,1702,0.54,0,,,,,,,,,,,,,,,,,,,,,,,,,,,,,,,,22.0,,64,,0,0
03/01/2026 15:46:26,d092rmnoovhpfm35n490,81432434001,8143,,BS-14,,,False,True,214,106,155,164,,<nil>,164,165,,<nil>,1500,1713,1717,1717,1718,0.53,0,,,,,,,,,,,,,,,,,,,,,,,,,,,,,,,,22.0,,64,,0,0
03/01/2026 15:47:26,d092rmnoovhpfm35n490,81432434001,8143,,BS-14,,,False,True,214,105,155,164,,<nil>,164,164,,<nil>,1496,1708,1712,1713,1713,0.54,0,,,,,,,,,,,,,,,,,,,,,,,,,,,,,,,,21.9,,64,,0,0
03/01/2026 15:48:26,d092rmnoovhpfm35n490,81432434001,8143,,BS-14,,,False,True,209,103,150,159,,<nil>,160,160,,<nil>,1451,1657,1662,1662,1663,0.54,0,,,,,,,,,,,,,,,,,,,,,,,,,,,,,,,,21.9,,65,,0,0
03/01/2026 15:49:26,d092rmnoovhpfm35n490,81432434001,8143,,BS-14,,,False,True,209,103,150,159,,<nil>,159,159,,<nil>,1451,1656,1660,1661,1661,0.53,0,,,,,,,,,,,,,,,,,,,,,,,,,,,,,,,,21.9,,65,,0,0
03/01/2026 15:50:26,d092rmnoovhpfm35n490,81432434001,8143,,BS-14,,,False,True,207,102,149,157,,<nil>,157,157,,<nil>,1438,1641,1645,1646,1646,0.52,0,,,,,,,,,,,,,,,,,,,,,,,,,,,,,,,,21.9,,65,,0,0
03/01/2026 15:51:26,d092rmnoovhpfm35n490,81432434001,8143,,BS-14,,,False,True,205,101,147,155,,<nil>,155,155,,<nil>,1419,1619,1623,1623,1624,0.53,0,,,,,,,,,,,,,,,,,,,,,,,,,,,,,,,,21.9,,65,,0,0
03/01/2026 15:52:26,d092rmnoovhpfm35n490,81432434001,8143,,BS-14,,,False,True,203,100,144,153,,<nil>,153,153,,<nil>,1397,1595,1599,1600,1600,0.53,0,,,,,,,,,,,,,,,,,,,,,,,,,,,,,,,,21.9,,65,,0,0
03/01/2026 15:53:26,d092rmnoovhpfm35n490,81432434001,8143,,BS-14,,,False,True,204,100,145,154,,<nil>,154,154,,<nil>,1408,1607,1611,1611,1611,0.53,0,,,,,,,,,,,,,,,,,,,,,,,,,,,,,,,,21.9,,65,,0,0
03/01/2026 15:54:26,d092rmnoovhpfm35n490,81432434001,8143,,BS-14,,,False,True,204,100,145,154,,<nil>,154,154,,<nil>,1408,1607,1611,1611,1611,0.53,0,,,,,,,,,,,,,,,,,,,,,,,,,,,,,,,,21.9,,65,,0,0
03/01/2026 15:55:26,d092rmnoovhpfm35n490,81432434001,8143,,BS-14,,,False,True,204,100,145,154,,<nil>,154,154,,<nil>,1406,1606,1609,1610,1610,0.54,0,,,,,,,,,,,,,,,,,,,,,,,,,,,,,,,,21.9,,65,,0,0
03/01/2026 15:56:26,d092rmnoovhpfm35n490,81432434001,8143,,BS-14,,,False,True,205,101,146,155,,<nil>,155,155,,<nil>,1418,1619,1623,1623,1624,0.53,0,,,,,,,,,,,,,,,,,,,,,,,,,,,,,,,,21.8,,65,,0,0
03/01/2026 15:57:26,d092rmnoovhpfm35n490,81432434001,8143,,BS-14,,,False,True,203,100,145,153,,<nil>,153,153,,<nil>,1404,1603,1606,1607,1607,0.52,0,,,,,,,,,,,,,,,,,,,,,,,,,,,,,,,,21.8,,65,,0,0
03/01/2026 15:58:26,d092rmnoovhpfm35n490,81432434001,8143,,BS-14,,,False,True,202,99,143,152,,<nil>,152,152,,<nil>,1390,1586,1590,1590,1590,0.52,0,,,,,,,,,,,,,,,,,,,,,,,,,,,,,,,,21.8,,65,,0,0
03/01/2026 15:59:26,d092rmnoovhpfm35n490,81432434001,8143,,BS-14,,,False,True,201,99,143,151,,<nil>,151,151,,<nil>,1381,1576,1580,1580,1581,0.53,0,,,,,,,,,,,,,,,,,,,,,,,,,,,,,,,,21.8,,65,,0,0
03/01/2026 16:00:26,d092rmnoovhpfm35n490,81432434001,8143,,BS-14,,,False,True,201,99,143,151,,<nil>,152,152,,<nil>,1387,1583,1587,1587,1587,0.52,0,,,,,,,,,,,,,,,,,,,,,,,,,,,,,,,,21.8,,65,,0,0
03/01/2026 16:01:26,d092rmnoovhpfm35n490,81432434001,8143,,BS-14,,,False,True,206,101,147,156,,<nil>,156,156,,<nil>,1429,1631,1635,1635,1635,0.52,0,,,,,,,,,,,,,,,,,,,,,,,,,,,,,,,,21.8,,65,,0,0
03/01/2026 16:02:26,d092rmnoovhpfm35n490,81432434001,8143,,BS-14,,,False,True,203,100,145,153,,<nil>,153,154,,<nil>,1403,1602,1605,1606,1606,0.53,0,,,,,,,,,,,,,,,,,,,,,,,,,,,,,,,,21.8,,65,,0,0
03/01/2026 16:03:26,d092rmnoovhpfm35n490,81432434001,8143,,BS-14,,,False,True,199,98,141,149,,<nil>,149,149,,<nil>,1364,1557,1561,1561,1561,0.53,0,,,,,,,,,,,,,,,,,,,,,,,,,,,,,,,,21.8,,64,,0,0
03/01/2026 16:04:26,d092rmnoovhpfm35n490,81432434001,8143,,BS-14,,,False,True,197,95,136,144,,<nil>,144,144,,<nil>,1318,1504,1508,1508,1509,0.54,0,,,,,,,,,,,,,,,,,,,,,,,,,,,,,,,,21.8,,64,,0,0
03/01/2026 16:05:26,d092rmnoovhpfm35n490,81432434001,8143,,BS-14,,,False,True,200,98,141,150,,<nil>,150,150,,<nil>,1368,1562,1566,1566,1567,0.54,0,,,,,,,,,,,,,,,,,,,,,,,,,,,,,,,,21.8,,64,,0,0
03/01/2026 16:06:26,d092rmnoovhpfm35n490,81432434001,8143,,BS-14,,,False,True,206,101,147,156,,<nil>,156,156,,<nil>,1429,1631,1635,1635,1635,0.53,0,,,,,,,,,,,,,,,,,,,,,,,,,,,,,,,,21.8,,64,,0,0
03/01/2026 16:07:26,d092rmnoovhpfm35n490,81432434001,8143,,BS-14,,,False,True,215,106,156,165,,<nil>,165,166,,<nil>,1508,1722,1726,1727,1727,0.54,0,,,,,,,,,,,,,,,,,,,,,,,,,,,,,,,,21.8,,64,,0,0
03/01/2026 16:08:26,d092rmnoovhpfm35n490,81432434001,8143,,BS-14,,,False,True,241,119,180,191,,<nil>,192,192,,<nil>,1744,1992,1998,1998,1999,0.55,0,,,,,,,,,,,,,,,,,,,,,,,,,,,,,,,,21.8,,64,,0,0
03/01/2026 16:09:26,d092rmnoovhpfm35n490,81432434001,8143,,BS-14,,,False,True,261,130,198,211,,<nil>,213,214,,<nil>,1915,2190,2198,2199,2199,0.56,0,,,,,,,,,,,,,,,,,,,,,,,,,,,,,,,,21.8,,64,,0,0
03/01/2026 16:10:26,d092rmnoovhpfm35n490,81432434001,8143,,BS-14,,,False,True,255,127,193,205,,<nil>,206,207,,<nil>,1863,2130,2136,2137,2138,0.55,0,,,,,,,,,,,,,,,,,,,,,,,,,,,,,,,,21.8,,64,,0,0
03/01/2026 16:11:26,d092rmnoovhpfm35n490,81432434001,8143,,BS-14,,,False,True,239,118,178,189,,<nil>,189,189,,<nil>,1721,1965,1971,1971,1972,0.55,0,,,,,,,,,,,,,,,,,,,,,,,,,,,,,,,,21.8,,64,,0,0
03/01/2026 16:12:26,d092rmnoovhpfm35n490,81432434001,8143,,BS-14,,,False,True,230,114,170,180,,<nil>,181,181,,<nil>,1646,1880,1885,1886,1886,0.54,0,,,,,,,,,,,,,,,,,,,,,,,,,,,,,,,,21.8,,64,,0,0
03/01/2026 16:13:26,d092rmnoovhpfm35n490,81432434001,8143,,BS-14,,,False,True,220,109,160,170,,<nil>,170,171,,<nil>,1554,1775,1779,1780,1780,0.54,0,,,,,,,,,,,,,,,,,,,,,,,,,,,,,,,,21.7,,64,,0,0
03/01/2026 16:14:26,d092rmnoovhpfm35n490,81432434001,8143,,BS-14,,,False,True,212,105,153,162,,<nil>,162,163,,<nil>,1477,1688,1692,1693,1693,0.55,0,,,,,,,,,,,,,,,,,,,,,,,,,,,,,,,,21.7,,64,,0,0
03/01/2026 16:15:26,d092rmnoovhpfm35n490,81432434001,8143,,BS-14,,,False,True,209,103,150,159,,<nil>,159,159,,<nil>,1454,1660,1664,1665,1665,0.54,0,,,,,,,,,,,,,,,,,,,,,,,,,,,,,,,,21.7,,64,,0,0
03/01/2026 16:16:26,d092rmnoovhpfm35n490,81432434001,8143,,BS-14,,,False,True,204,100,145,154,,<nil>,154,154,,<nil>,1405,1604,1608,1609,1609,0.54,0,,,,,,,,,,,,,,,,,,,,,,,,,,,,,,,,21.7,,64,,0,0
03/01/2026 16:17:26,d092rmnoovhpfm35n490,81432434001,8143,,BS-14,,,False,True,203,100,144,153,,<nil>,153,154,,<nil>,1395,1593,1598,1598,1599,0.55,0,,,,,,,,,,,,,,,,,,,,,,,,,,,,,,,,21.7,,64,,0,0
03/01/2026 16:18:26,d092rmnoovhpfm35n490,81432434001,8143,,BS-14,,,False,True,201,99,143,151,,<nil>,152,152,,<nil>,1385,1581,1585,1586,1586,0.54,0,,,,,,,,,,,,,,,,,,,,,,,,,,,,,,,,21.7,,64,,0,0
03/01/2026 16:19:26,d092rmnoovhpfm35n490,81432434001,8143,,BS-14,,,False,True,198,97,138,146,,<nil>,146,147,,<nil>,1333,1523,1527,1527,1527,0.55,0,,,,,,,,,,,,,,,,,,,,,,,,,,,,,,,,21.7,,64,,0,0
03/01/2026 16:20:26,d092rmnoovhpfm35n490,81432434001,8143,,BS-14,,,False,True,195,94,133,141,,<nil>,141,141,,<nil>,1293,1476,1479,1480,1480,0.53,0,,,,,,,,,,,,,,,,,,,,,,,,,,,,,,,,21.7,,64,,0,0
03/01/2026 16:21:26,d092rmnoovhpfm35n490,81432434001,8143,,BS-14,,,False,True,194,92,131,138,,<nil>,138,138,,<nil>,1268,1447,1450,1450,1451,0.53,0,,,,,,,,,,,,,,,,,,,,,,,,,,,,,,,,21.6,,64,,0,0
03/01/2026 16:22:26,d092rmnoovhpfm35n490,81432434001,8143,,BS-14,,,False,True,189,88,121,129,,<nil>,129,129,,<nil>,1178,1345,1348,1349,1349,0.54,0,,,,,,,,,,,,,,,,,,,,,,,,,,,,,,,,21.6,,64,,0,0
03/01/2026 16:23:26,d092rmnoovhpfm35n490,81432434001,8143,,BS-14,,,False,True,186,85,116,123,,<nil>,123,123,,<nil>,1126,1285,1288,1288,1289,0.54,0,,,,,,,,,,,,,,,,,,,,,,,,,,,,,,,,21.6,,63,,0,0
03/01/2026 16:24:26,d092rmnoovhpfm35n490,81432434001,8143,,BS-14,,,False,True,188,87,121,128,,<nil>,128,128,,<nil>,1171,1337,1340,1340,1340,0.54,0,,,,,,,,,,,,,,,,,,,,,,,,,,,,,,,,21.6,,64,,0,0
03/01/2026 16:25:26,d092rmnoovhpfm35n490,81432434001,8143,,BS-14,,,False,True,188,87,120,127,,<nil>,128,128,,<nil>,1167,1332,1335,1336,1336,0.53,0,,,,,,,,,,,,,,,,,,,,,,,,,,,,,,,,21.6,,64,,0,0
03/01/2026 16:26:26,d092rmnoovhpfm35n490,81432434001,8143,,BS-14,,,False,True,187,86,118,125,,<nil>,125,125,,<nil>,1141,1303,1306,1306,1307,0.54,0,,,,,,,,,,,,,,,,,,,,,,,,,,,,,,,,21.6,,63,,0,0
03/01/2026 16:27:26,d092rmnoovhpfm35n490,81432434001,8143,,BS-14,,,False,True,185,84,115,122,,<nil>,122,122,,<nil>,1117,1276,1279,1279,1279,0.54,0,,,,,,,,,,,,,,,,,,,,,,,,,,,,,,,,21.6,,63,,0,0
03/01/2026 16:28:26,d092rmnoovhpfm35n490,81432434001,8143,,BS-14,,,False,True,184,84,114,120,,<nil>,120,121,,<nil>,1104,1261,1264,1264,1264,0.53,0,,,,,,,,,,,,,,,,,,,,,,,,,,,,,,,,21.5,,64,,0,0
03/01/2026 16:29:26,d092rmnoovhpfm35n490,81432434001,8143,,BS-14,,,False,True,183,82,111,118,,<nil>,118,118,,<nil>,1080,1233,1236,1236,1237,0.53,0,,,,,,,,,,,,,,,,,,,,,,,,,,,,,,,,21.5,,64,,0,0
03/01/2026 16:30:26,d092rmnoovhpfm35n490,81432434001,8143,,BS-14,,,False,True,183,82,111,118,,<nil>,118,118,,<nil>,1079,1231,1234,1235,1235,0.53,0,,,,,,,,,,,,,,,,,,,,,,,,,,,,,,,,21.5,,64,,0,0
03/01/2026 16:31:26,d092rmnoovhpfm35n490,81432434001,8143,,BS-14,,,False,True,182,81,109,116,,<nil>,116,116,,<nil>,1063,1213,1216,1216,1216,0.53,0,,,,,,,,,,,,,,,,,,,,,,,,,,,,,,,,21.5,,64,,0,0
03/01/2026 16:32:26,d092rmnoovhpfm35n490,81432434001,8143,,BS-14,,,False,True,182,81,109,116,,<nil>,116,116,,<nil>,1064,1215,1217,1218,1218,0.52,0,,,,,,,,,,,,,,,,,,,,,,,,,,,,,,,,21.5,,64,,0,0
03/01/2026 16:33:26,d092rmnoovhpfm35n490,81432434001,8143,,BS-14,,,False,True,181,80,107,113,,<nil>,113,113,,<nil>,1039,1186,1189,1189,1190,0.53,0,,,,,,,,,,,,,,,,,,,,,,,,,,,,,,,,21.5,,64,,0,0
03/01/2026 16:34:26,d092rmnoovhpfm35n490,81432434001,8143,,BS-14,,,False,True,181,80,107,114,,<nil>,114,114,,<nil>,1042,1190,1194,1194,1194,0.53,0,,,,,,,,,,,,,,,,,,,,,,,,,,,,,,,,21.4,,64,,0,0
03/01/2026 16:35:26,d092rmnoovhpfm35n490,81432434001,8143,,BS-14,,,False,True,180,79,104,111,,<nil>,111,111,,<nil>,1015,1159,1162,1162,1162,0.53,0,,,,,,,,,,,,,,,,,,,,,,,,,,,,,,,,21.4,,64,,0,0
03/01/2026 16:36:26,d092rmnoovhpfm35n490,81432434001,8143,,BS-14,,,False,True,179,78,102,109,,<nil>,109,109,,<nil>,995,1137,1140,1140,1140,0.54,0,,,,,,,,,,,,,,,,,,,,,,,,,,,,,,,,21.4,,64,,0,0
03/01/2026 16:37:26,d092rmnoovhpfm35n490,81432434001,8143,,BS-14,,,False,True,178,77,101,107,,<nil>,107,107,,<nil>,980,1119,1121,1122,1122,0.53,0,,,,,,,,,,,,,,,,,,,,,,,,,,,,,,,,21.4,,63,,0,0
03/01/2026 16:38:26,d092rmnoovhpfm35n490,81432434001,8143,,BS-14,,,False,True,177,76,100,106,,<nil>,106,106,,<nil>,971,1108,1111,1111,1111,0.53,0,,,,,,,,,,,,,,,,,,,,,,,,,,,,,,,,21.4,,63,,0,0
03/01/2026 16:39:26,d092rmnoovhpfm35n490,81432434001,8143,,BS-14,,,False,True,176,75,97,103,,<nil>,103,103,,<nil>,944,1078,1080,1081,1081,0.54,0,,,,,,,,,,,,,,,,,,,,,,,,,,,,,,,,21.4,,63,,0,0
03/01/2026 16:40:26,d092rmnoovhpfm35n490,81432434001,8143,,BS-14,,,False,True,174,73,94,100,,<nil>,100,100,,<nil>,915,1045,1047,1048,1048,0.53,0,,,,,,,,,,,,,,,,,,,,,,,,,,,,,,,,21.4,,63,,0,0
03/01/2026 16:41:26,d092rmnoovhpfm35n490,81432434001,8143,,BS-14,,,False,True,174,73,94,100,,<nil>,100,100,,<nil>,912,1041,1044,1045,1045,0.55,0,,,,,,,,,,,,,,,,,,,,,,,,,,,,,,,,21.4,,63,,0,0
03/01/2026 16:42:26,d092rmnoovhpfm35n490,81432434001,8143,,BS-14,,,False,True,173,73,93,99,,<nil>,99,99,,<nil>,900,1029,1032,1032,1032,0.54,0,,,,,,,,,,,,,,,,,,,,,,,,,,,,,,,,21.4,,63,,0,0
03/01/2026 16:43:26,d092rmnoovhpfm35n490,81432434001,8143,,BS-14,,,False,True,173,73,93,99,,<nil>,99,99,,<nil>,905,1034,1036,1036,1036,0.53,0,,,,,,,,,,,,,,,,,,,,,,,,,,,,,,,,21.4,,63,,0,0
03/01/2026 16:44:26,d092rmnoovhpfm35n490,81432434001,8143,,BS-14,,,False,True,171,71,90,95,,<nil>,95,95,,<nil>,874,998,1000,1001,1001,0.54,0,,,,,,,,,,,,,,,,,,,,,,,,,,,,,,,,21.4,,63,,0,0
03/01/2026 16:45:26,d092rmnoovhpfm35n490,81432434001,8143,,BS-14,,,False,True,169,69,86,91,,<nil>,91,91,,<nil>,833,951,953,954,954,0.53,0,,,,,,,,,,,,,,,,,,,,,,,,,,,,,,,,21.4,,62,,0,0
03/01/2026 16:46:26,d092rmnoovhpfm35n490,81432434001,8143,,BS-14,,,False,True,171,70,89,94,,<nil>,94,94,,<nil>,861,983,986,986,986,0.54,0,,,,,,,,,,,,,,,,,,,,,,,,,,,,,,,,21.4,,62,,0,0
03/01/2026 16:47:26,d092rmnoovhpfm35n490,81432434001,8143,,BS-14,,,False,True,171,71,90,95,,<nil>,95,96,,<nil>,873,997,1000,1000,1000,0.53,0,,,,,,,,,,,,,,,,,,,,,,,,,,,,,,,,21.4,,62,,0,0
03/01/2026 16:48:26,d092rmnoovhpfm35n490,81432434001,8143,,BS-14,,,False,True,170,70,88,93,,<nil>,93,94,,<nil>,856,978,980,980,980,0.54,0,,,,,,,,,,,,,,,,,,,,,,,,,,,,,,,,21.5,,62,,0,0
03/01/2026 16:49:26,d092rmnoovhpfm35n490,81432434001,8143,,BS-14,,,False,True,172,71,91,96,,<nil>,96,96,,<nil>,881,1005,1008,1008,1008,0.54,0,,,,,,,,,,,,,,,,,,,,,,,,,,,,,,,,21.5,,62,,0,0
03/01/2026 16:50:26,d092rmnoovhpfm35n490,81432434001,8143,,BS-14,,,False,True,171,70,89,94,,<nil>,94,94,,<nil>,860,982,984,985,985,0.53,0,,,,,,,,,,,,,,,,,,,,,,,,,,,,,,,,21.5,,62,,0,0
03/01/2026 16:51:26,d092rmnoovhpfm35n490,81432434001,8143,,BS-14,,,False,True,170,69,87,92,,<nil>,92,92,,<nil>,842,961,963,963,963,0.53,0,,,,,,,,,,,,,,,,,,,,,,,,,,,,,,,,21.5,,62,,0,0
03/01/2026 16:52:26,d092rmnoovhpfm35n490,81432434001,8143,,BS-14,,,False,True,170,70,87,92,,<nil>,93,93,,<nil>,844,964,967,967,967,0.55,0,,,,,,,,,,,,,,,,,,,,,,,,,,,,,,,,21.5,,62,,0,0
03/01/2026 16:53:26,d092rmnoovhpfm35n490,81432434001,8143,,BS-14,,,False,True,171,70,89,94,,<nil>,94,94,,<nil>,866,988,990,991,991,0.52,0,,,,,,,,,,,,,,,,,,,,,,,,,,,,,,,,21.5,,62,,0,0
03/01/2026 16:54:26,d092rmnoovhpfm35n490,81432434001,8143,,BS-14,,,False,True,170,70,87,92,,<nil>,93,93,,<nil>,845,965,967,968,968,0.54,0,,,,,,,,,,,,,,,,,,,,,,,,,,,,,,,,21.5,,62,,0,0
03/01/2026 16:55:26,d092rmnoovhpfm35n490,81432434001,8143,,BS-14,,,False,True,170,70,88,93,,<nil>,93,93,,<nil>,850,971,973,973,973,0.53,0,,,,,,,,,,,,,,,,,,,,,,,,,,,,,,,,21.5,,62,,0,0
03/01/2026 16:56:26,d092rmnoovhpfm35n490,81432434001,8143,,BS-14,,,False,True,170,70,87,93,,<nil>,93,93,,<nil>,848,968,971,971,971,0.53,0,,,,,,,,,,,,,,,,,,,,,,,,,,,,,,,,21.5,,62,,0,0
03/01/2026 16:57:26,d092rmnoovhpfm35n490,81432434001,8143,,BS-14,,,False,True,170,69,87,92,,<nil>,92,92,,<nil>,845,965,967,968,968,0.54,0,,,,,,,,,,,,,,,,,,,,,,,,,,,,,,,,21.5,,62,,0,0
03/01/2026 16:58:26,d092rmnoovhpfm35n490,81432434001,8143,,BS-14,,,False,True,167,66,81,86,,<nil>,86,86,,<nil>,791,903,905,905,905,0.53,0,,,,,,,,,,,,,,,,,,,,,,,,,,,,,,,,21.5,,61,,0,0
03/01/2026 16:59:26,d092rmnoovhpfm35n490,81432434001,8143,,BS-14,,,False,True,168,67,83,88,,<nil>,88,88,,<nil>,802,915,918,918,918,0.54,0,,,,,,,,,,,,,,,,,,,,,,,,,,,,,,,,21.5,,61,,0,0
03/01/2026 17:00:26,d092rmnoovhpfm35n490,81432434001,8143,,BS-14,,,False,True,170,69,87,92,,<nil>,92,92,,<nil>,842,961,964,964,964,0.54,0,,,,,,,,,,,,,,,,,,,,,,,,,,,,,,,,21.5,,61,,0,0
03/01/2026 17:01:26,d092rmnoovhpfm35n490,81432434001,8143,,BS-14,,,False,True,173,72,93,98,,<nil>,98,98,,<nil>,899,1026,1029,1029,1029,0.54,0,,,,,,,,,,,,,,,,,,,,,,,,,,,,,,,,21.5,,61,,0,0
03/01/2026 17:02:26,d092rmnoovhpfm35n490,81432434001,8143,,BS-14,,,False,True,171,70,88,94,,<nil>,94,94,,<nil>,858,979,982,982,982,0.54,0,,,,,,,,,,,,,,,,,,,,,,,,,,,,,,,,21.5,,60,,0,0
03/01/2026 17:03:26,d092rmnoovhpfm35n490,81432434001,8143,,BS-14,,,False,True,166,65,79,84,,<nil>,84,84,,<nil>,771,881,883,883,883,0.54,0,,,,,,,,,,,,,,,,,,,,,,,,,,,,,,,,21.5,,60,,0,0
03/01/2026 17:04:26,d092rmnoovhpfm35n490,81432434001,8143,,BS-14,,,False,True,166,65,79,84,,<nil>,84,84,,<nil>,771,881,883,883,883,0.54,0,,,,,,,,,,,,,,,,,,,,,,,,,,,,,,,,21.5,,60,,0,0
03/01/2026 17:05:26,d092rmnoovhpfm35n490,81432434001,8143,,BS-14,,,False,True,166,65,79,84,,<nil>,84,84,,<nil>,768,877,879,879,879,0.53,0,,,,,,,,,,,,,,,,,,,,,,,,,,,,,,,,21.5,,60,,0,0
03/01/2026 17:06:26,d092rmnoovhpfm35n490,81432434001,8143,,BS-14,,,False,True,167,67,82,87,,<nil>,87,88,,<nil>,793,906,908,909,909,0.55,0,,,,,,,,,,,,,,,,,,,,,,,,,,,,,,,,21.5,,60,,0,0
03/01/2026 17:07:26,d092rmnoovhpfm35n490,81432434001,8143,,BS-14,,,False,True,165,65,78,83,,<nil>,83,83,,<nil>,756,864,866,867,867,0.54,0,,,,,,,,,,,,,,,,,,,,,,,,,,,,,,,,21.5,,60,,0,0
03/01/2026 17:08:26,d092rmnoovhpfm35n490,81432434001,8143,,BS-14,,,False,True,165,65,78,83,,<nil>,83,83,,<nil>,759,867,869,869,869,0.54,0,,,,,,,,,,,,,,,,,,,,,,,,,,,,,,,,21.5,,60,,0,0
03/01/2026 17:09:26,d092rmnoovhpfm35n490,81432434001,8143,,BS-14,,,False,True,164,64,77,81,,<nil>,81,81,,<nil>,744,849,851,851,852,0.53,0,,,,,,,,,,,,,,,,,,,,,,,,,,,,,,,,21.5,,60,,0,0
03/01/2026 17:10:26,d092rmnoovhpfm35n490,81432434001,8143,,BS-14,,,False,True,164,64,76,81,,<nil>,81,81,,<nil>,736,841,843,843,844,0.55,0,,,,,,,,,,,,,,,,,,,,,,,,,,,,,,,,21.5,,60,,0,0
03/01/2026 17:11:26,d092rmnoovhpfm35n490,81432434001,8143,,BS-14,,,False,True,164,64,77,81,,<nil>,82,82,,<nil>,745,850,853,853,853,0.54,0,,,,,,,,,,,,,,,,,,,,,,,,,,,,,,,,21.5,,60,,0,0
03/01/2026 17:12:26,d092rmnoovhpfm35n490,81432434001,8143,,BS-14,,,False,True,164,64,76,81,,<nil>,81,81,,<nil>,737,843,845,845,845,0.55,0,,,,,,,,,,,,,,,,,,,,,,,,,,,,,,,,21.5,,60,,0,0
03/01/2026 17:13:26,d092rmnoovhpfm35n490,81432434001,8143,,BS-14,,,False,True,174,74,94,100,,<nil>,101,101,,<nil>,913,1044,1047,1048,1048,0.56,0,,,,,,,,,,,,,,,,,,,,,,,,,,,,,,,,21.5,,60,,0,0
03/01/2026 17:14:26,d092rmnoovhpfm35n490,81432434001,8143,,BS-14,,,False,True,171,71,90,95,,<nil>,96,96,,<nil>,869,993,996,996,997,0.53,0,,,,,,,,,,,,,,,,,,,,,,,,,,,,,,,,21.5,,60,,0,0
03/01/2026 17:15:26,d092rmnoovhpfm35n490,81432434001,8143,,BS-14,,,False,True,166,66,80,85,,<nil>,85,85,,<nil>,781,891,893,893,893,0.52,0,,,,,,,,,,,,,,,,,,,,,,,,,,,,,,,,21.5,,60,,0,0
03/01/2026 17:16:26,d092rmnoovhpfm35n490,81432434001,8143,,BS-14,,,False,True,166,65,79,84,,<nil>,84,84,,<nil>,767,876,878,878,878,0.52,0,,,,,,,,,,,,,,,,,,,,,,,,,,,,,,,,21.5,,60,,0,0
03/01/2026 17:17:26,d092rmnoovhpfm35n490,81432434001,8143,,BS-14,,,False,True,168,68,84,89,,<nil>,89,89,,<nil>,812,927,930,930,930,0.55,0,,,,,,,,,,,,,,,,,,,,,,,,,,,,,,,,21.5,,60,,0,0
03/01/2026 17:18:26,d092rmnoovhpfm35n490,81432434001,8143,,BS-14,,,False,True,168,67,83,88,,<nil>,88,88,,<nil>,804,918,920,921,921,0.54,0,,,,,,,,,,,,,,,,,,,,,,,,,,,,,,,,21.5,,60,,0,0
03/01/2026 17:19:26,d092rmnoovhpfm35n490,81432434001,8143,,BS-14,,,False,True,168,68,83,89,,<nil>,89,89,,<nil>,808,924,927,927,927,0.57,0,,,,,,,,,,,,,,,,,,,,,,,,,,,,,,,,21.4,,60,,0,0
03/01/2026 17:20:26,d092rmnoovhpfm35n490,81432434001,8143,,BS-14,,,False,True,164,64,77,81,,<nil>,82,82,,<nil>,744,850,852,852,853,0.54,0,,,,,,,,,,,,,,,,,,,,,,,,,,,,,,,,21.4,,60,,0,0
03/01/2026 17:21:26,d092rmnoovhpfm35n490,81432434001,8143,,BS-14,,,False,True,164,64,77,81,,<nil>,81,81,,<nil>,747,853,855,855,855,0.53,0,,,,,,,,,,,,,,,,,,,,,,,,,,,,,,,,21.4,,60,,0,0
03/01/2026 17:22:26,d092rmnoovhpfm35n490,81432434001,8143,,BS-14,,,False,True,166,66,80,84,,<nil>,84,85,,<nil>,773,882,885,885,885,0.54,0,,,,,,,,,,,,,,,,,,,,,,,,,,,,,,,,21.4,,60,,0,0
03/01/2026 17:23:26,d092rmnoovhpfm35n490,81432434001,8143,,BS-14,,,False,True,168,68,83,88,,<nil>,89,89,,<nil>,810,925,928,928,928,0.54,0,,,,,,,,,,,,,,,,,,,,,,,,,,,,,,,,21.3,,60,,0,0
03/01/2026 17:24:26,d092rmnoovhpfm35n490,81432434001,8143,,BS-14,,,False,True,169,69,86,91,,<nil>,92,92,,<nil>,836,955,958,958,958,0.56,0,,,,,,,,,,,,,,,,,,,,,,,,,,,,,,,,21.3,,61,,0,0
03/01/2026 17:25:26,d092rmnoovhpfm35n490,81432434001,8143,,BS-14,,,False,True,168,67,83,88,,<nil>,88,88,,<nil>,806,920,923,923,923,0.53,0,,,,,,,,,,,,,,,,,,,,,,,,,,,,,,,,21.2,,61,,0,0
03/01/2026 17:26:26,d092rmnoovhpfm35n490,81432434001,8143,,BS-14,,,False,True,171,70,88,94,,<nil>,94,94,,<nil>,861,983,985,986,986,0.54,0,,,,,,,,,,,,,,,,,,,,,,,,,,,,,,,,21.2,,61,,0,0
03/01/2026 17:27:26,d092rmnoovhpfm35n490,81432434001,8143,,BS-14,,,False,True,171,71,90,95,,<nil>,95,96,,<nil>,873,997,999,1000,1000,0.55,0,,,,,,,,,,,,,,,,,,,,,,,,,,,,,,,,21.2,,61,,0,0
03/01/2026 17:28:26,d092rmnoovhpfm35n490,81432434001,8143,,BS-14,,,False,True,168,68,83,88,,<nil>,88,89,,<nil>,811,926,929,929,929,0.53,0,,,,,,,,,,,,,,,,,,,,,,,,,,,,,,,,21.2,,61,,0,0
03/01/2026 17:29:26,d092rmnoovhpfm35n490,81432434001,8143,,BS-14,,,False,True,168,68,84,89,,<nil>,90,90,,<nil>,821,937,940,940,940,0.54,0,,,,,,,,,,,,,,,,,,,,,,,,,,,,,,,,21.1,,61,,0,0
03/01/2026 17:30:26,d092rmnoovhpfm35n490,81432434001,8143,,BS-14,,,False,True,169,69,85,90,,<nil>,90,91,,<nil>,822,940,943,943,944,0.55,0,,,,,,,,,,,,,,,,,,,,,,,,,,,,,,,,21.1,,61,,0,0
03/01/2026 17:31:26,d092rmnoovhpfm35n490,81432434001,8143,,BS-14,,,False,True,169,69,86,91,,<nil>,91,91,,<nil>,840,959,961,961,962,0.54,0,,,,,,,,,,,,,,,,,,,,,,,,,,,,,,,,21.0,,62,,0,0
03/01/2026 17:32:26,d092rmnoovhpfm35n490,81432434001,8143,,BS-14,,,False,True,169,69,86,91,,<nil>,92,92,,<nil>,833,952,955,955,956,0.55,0,,,,,,,,,,,,,,,,,,,,,,,,,,,,,,,,21.0,,62,,0,0
03/01/2026 17:33:26,d092rmnoovhpfm35n490,81432434001,8143,,BS-14,,,False,True,170,69,87,92,,<nil>,92,92,,<nil>,847,967,970,970,970,0.54,0,,,,,,,,,,,,,,,,,,,,,,,,,,,,,,,,20.9,,62,,0,0
03/01/2026 17:34:26,d092rmnoovhpfm35n490,81432434001,8143,,BS-14,,,False,True,172,72,91,97,,<nil>,98,98,,<nil>,883,1011,1014,1015,1015,0.57,0,,,,,,,,,,,,,,,,,,,,,,,,,,,,,,,,20.9,,62,,0,0
03/01/2026 17:35:26,d092rmnoovhpfm35n490,81432434001,8143,,BS-14,,,False,True,171,70,89,94,,<nil>,94,94,,<nil>,867,990,993,993,993,0.54,0,,,,,,,,,,,,,,,,,,,,,,,,,,,,,,,,20.9,,62,,0,0
03/01/2026 17:36:26,d092rmnoovhpfm35n490,81432434001,8143,,BS-14,,,False,True,167,66,81,86,,<nil>,86,86,,<nil>,794,907,909,909,910,0.54,0,,,,,,,,,,,,,,,,,,,,,,,,,,,,,,,,20.9,,63,,0,0
03/01/2026 17:37:26,d092rmnoovhpfm35n490,81432434001,8143,,BS-14,,,False,True,166,66,80,85,,<nil>,85,85,,<nil>,786,897,899,899,899,0.53,0,,,,,,,,,,,,,,,,,,,,,,,,,,,,,,,,20.8,,63,,0,0
03/01/2026 17:38:26,d092rmnoovhpfm35n490,81432434001,8143,,BS-14,,,False,True,165,65,78,83,,<nil>,83,83,,<nil>,761,869,871,872,872,0.55,0,,,,,,,,,,,,,,,,,,,,,,,,,,,,,,,,20.8,,63,,0,0
03/01/2026 17:39:26,d092rmnoovhpfm35n490,81432434001,8143,,BS-14,,,False,True,166,66,79,84,,<nil>,85,85,,<nil>,773,884,886,887,887,0.54,0,,,,,,,,,,,,,,,,,,,,,,,,,,,,,,,,20.8,,63,,0,0
03/01/2026 17:40:26,d092rmnoovhpfm35n490,81432434001,8143,,BS-14,,,False,True,166,65,79,84,,<nil>,84,84,,<nil>,773,883,885,886,886,0.54,0,,,,,,,,,,,,,,,,,,,,,,,,,,,,,,,,20.7,,63,,0,0
03/01/2026 17:41:26,d092rmnoovhpfm35n490,81432434001,8143,,BS-14,,,False,True,165,65,77,82,,<nil>,82,83,,<nil>,757,864,867,867,867,0.55,0,,,,,,,,,,,,,,,,,,,,,,,,,,,,,,,,20.7,,64,,0,0
03/01/2026 17:42:26,d092rmnoovhpfm35n490,81432434001,8143,,BS-14,,,False,True,165,64,77,82,,<nil>,82,82,,<nil>,752,860,862,863,863,0.55,0,,,,,,,,,,,,,,,,,,,,,,,,,,,,,,,,20.7,,64,,0,0
03/01/2026 17:43:26,d092rmnoovhpfm35n490,81432434001,8143,,BS-14,,,False,True,165,65,79,83,,<nil>,84,84,,<nil>,770,879,881,882,882,0.54,0,,,,,,,,,,,,,,,,,,,,,,,,,,,,,,,,20.6,,64,,0,0
03/01/2026 17:44:26,d092rmnoovhpfm35n490,81432434001,8143,,BS-14,,,False,True,167,66,81,86,,<nil>,86,86,,<nil>,788,900,903,903,903,0.55,0,,,,,,,,,,,,,,,,,,,,,,,,,,,,,,,,20.6,,64,,0,0
03/01/2026 17:45:26,d092rmnoovhpfm35n490,81432434001,8143,,BS-14,,,False,True,166,65,79,84,,<nil>,84,84,,<nil>,775,885,887,887,888,0.53,0,,,,,,,,,,,,,,,,,,,,,,,,,,,,,,,,20.6,,64,,0,0
03/01/2026 17:46:26,d092rmnoovhpfm35n490,81432434001,8143,,BS-14,,,False,True,165,65,79,83,,<nil>,83,83,,<nil>,770,879,881,881,882,0.53,0,,,,,,,,,,,,,,,,,,,,,,,,,,,,,,,,20.6,,64,,0,0
03/01/2026 17:47:26,d092rmnoovhpfm35n490,81432434001,8143,,BS-14,,,False,True,166,66,80,84,,<nil>,85,85,,<nil>,781,891,893,894,894,0.54,0,,,,,,,,,,,,,,,,,,,,,,,,,,,,,,,,20.5,,64,,0,0
03/01/2026 17:48:26,d092rmnoovhpfm35n490,81432434001,8143,,BS-14,,,False,True,166,65,79,84,,<nil>,84,84,,<nil>,774,884,886,887,887,0.54,0,,,,,,,,,,,,,,,,,,,,,,,,,,,,,,,,20.5,,64,,0,0
03/01/2026 17:49:27,d092rmnoovhpfm35n490,81432434001,8143,,BS-14,,,False,True,166,65,79,84,,<nil>,84,84,,<nil>,776,886,888,888,888,0.53,0,,,,,,,,,,,,,,,,,,,,,,,,,,,,,,,,20.5,,64,,0,0
03/01/2026 17:50:27,d092rmnoovhpfm35n490,81432434001,8143,,BS-14,,,False,True,166,66,80,85,,<nil>,85,85,,<nil>,783,894,896,896,896,0.53,0,,,,,,,,,,,,,,,,,,,,,,,,,,,,,,,,20.5,,64,,0,0
03/01/2026 17:51:27,d092rmnoovhpfm35n490,81432434001,8143,,BS-14,,,False,True,166,66,80,84,,<nil>,85,85,,<nil>,780,890,892,893,893,0.54,0,,,,,,,,,,,,,,,,,,,,,,,,,,,,,,,,20.5,,65,,0,0
03/01/2026 17:52:27,d092rmnoovhpfm35n490,81432434001,8143,,BS-14,,,False,True,166,65,79,84,,<nil>,84,84,,<nil>,774,884,887,887,887,0.54,0,,,,,,,,,,,,,,,,,,,,,,,,,,,,,,,,20.5,,65,,0,0
03/01/2026 17:53:27,d092rmnoovhpfm35n490,81432434001,8143,,BS-14,,,False,True,166,66,80,85,,<nil>,85,85,,<nil>,783,895,897,897,898,0.55,0,,,,,,,,,,,,,,,,,,,,,,,,,,,,,,,,20.5,,65,,0,0
03/01/2026 17:54:27,d092rmnoovhpfm35n490,81432434001,8143,,BS-14,,,False,True,166,65,79,84,,<nil>,84,84,,<nil>,777,887,889,889,890,0.53,0,,,,,,,,,,,,,,,,,,,,,,,,,,,,,,,,20.5,,65,,0,0
03/01/2026 17:55:27,d092rmnoovhpfm35n490,81432434001,8143,,BS-14,,,False,True,165,65,78,83,,<nil>,83,83,,<nil>,763,872,874,875,875,0.54,0,,,,,,,,,,,,,,,,,,,,,,,,,,,,,,,,20.5,,65,,0,0
03/01/2026 17:56:27,d092rmnoovhpfm35n490,81432434001,8143,,BS-14,,,False,True,166,66,80,85,,<nil>,85,85,,<nil>,782,894,896,896,896,0.54,0,,,,,,,,,,,,,,,,,,,,,,,,,,,,,,,,20.4,,65,,0,0
03/01/2026 17:57:27,d092rmnoovhpfm35n490,81432434001,8143,,BS-14,,,False,True,165,64,77,82,,<nil>,82,82,,<nil>,753,860,862,862,863,0.55,0,,,,,,,,,,,,,,,,,,,,,,,,,,,,,,,,20.4,,65,,0,0
03/01/2026 17:58:27,d092rmnoovhpfm35n490,81432434001,8143,,BS-14,,,False,True,165,65,78,83,,<nil>,83,83,,<nil>,764,873,876,876,876,0.54,0,,,,,,,,,,,,,,,,,,,,,,,,,,,,,,,,20.4,,65,,0,0
03/01/2026 17:59:27,d092rmnoovhpfm35n490,81432434001,8143,,BS-14,,,False,True,165,65,77,82,,<nil>,82,83,,<nil>,759,867,869,869,870,0.54,0,,,,,,,,,,,,,,,,,,,,,,,,,,,,,,,,20.4,,64,,0,0
03/01/2026 18:00:27,d092rmnoovhpfm35n490,81432434001,8143,,BS-14,,,False,True,164,64,76,81,,<nil>,81,81,,<nil>,749,855,857,858,858,0.54,0,,,,,,,,,,,,,,,,,,,,,,,,,,,,,,,,20.5,,64,,0,0
03/01/2026 18:01:27,d092rmnoovhpfm35n490,81432434001,8143,,BS-14,,,False,True,165,64,77,82,,<nil>,82,82,,<nil>,752,859,862,862,862,0.55,0,,,,,,,,,,,,,,,,,,,,,,,,,,,,,,,,20.5,,64,,0,0
03/01/2026 18:02:27,d092rmnoovhpfm35n490,81432434001,8143,,BS-14,,,False,True,165,65,78,82,,<nil>,82,83,,<nil>,760,868,870,870,870,0.55,0,,,,,,,,,,,,,,,,,,,,,,,,,,,,,,,,20.5,,64,,0,0
03/01/2026 18:03:27,d092rmnoovhpfm35n490,81432434001,8143,,BS-14,,,False,True,165,64,77,82,,<nil>,82,82,,<nil>,756,863,865,865,865,0.54,0,,,,,,,,,,,,,,,,,,,,,,,,,,,,,,,,20.4,,64,,0,0
03/01/2026 18:04:27,d092rmnoovhpfm35n490,81432434001,8143,,BS-14,,,False,True,165,64,78,82,,<nil>,82,82,,<nil>,763,870,872,873,873,0.53,0,,,,,,,,,,,,,,,,,,,,,,,,,,,,,,,,20.4,,64,,0,0
03/01/2026 18:05:27,d092rmnoovhpfm35n490,81432434001,8143,,BS-14,,,False,True,164,64,76,81,,<nil>,81,81,,<nil>,749,855,857,857,857,0.53,0,,,,,,,,,,,,,,,,,,,,,,,,,,,,,,,,20.4,,64,,0,0
03/01/2026 18:06:27,d092rmnoovhpfm35n490,81432434001,8143,,BS-14,,,False,True,164,63,75,80,,<nil>,80,80,,<nil>,736,841,843,843,843,0.55,0,,,,,,,,,,,,,,,,,,,,,,,,,,,,,,,,20.4,,64,,0,0
03/01/2026 18:07:27,d092rmnoovhpfm35n490,81432434001,8143,,BS-14,,,False,True,164,63,75,80,,<nil>,80,80,,<nil>,738,843,845,845,846,0.54,0,,,,,,,,,,,,,,,,,,,,,,,,,,,,,,,,20.4,,65,,0,0
03/01/2026 18:08:27,d092rmnoovhpfm35n490,81432434001,8143,,BS-14,,,False,True,163,63,75,79,,<nil>,79,79,,<nil>,734,838,839,840,840,0.53,0,,,,,,,,,,,,,,,,,,,,,,,,,,,,,,,,20.4,,64,,0,0
03/01/2026 18:09:27,d092rmnoovhpfm35n490,81432434001,8143,,BS-14,,,False,True,163,63,75,79,,<nil>,79,80,,<nil>,731,835,838,838,838,0.54,0,,,,,,,,,,,,,,,,,,,,,,,,,,,,,,,,20.4,,64,,0,0
03/01/2026 18:10:27,d092rmnoovhpfm35n490,81432434001,8143,,BS-14,,,False,True,163,63,74,79,,<nil>,79,79,,<nil>,725,828,830,830,830,0.55,0,,,,,,,,,,,,,,,,,,,,,,,,,,,,,,,,20.5,,64,,0,0
03/01/2026 18:11:27,d092rmnoovhpfm35n490,81432434001,8143,,BS-14,,,False,True,163,63,74,79,,<nil>,79,79,,<nil>,725,828,831,831,831,0.54,0,,,,,,,,,,,,,,,,,,,,,,,,,,,,,,,,20.5,,64,,0,0
03/01/2026 18:12:27,d092rmnoovhpfm35n490,81432434001,8143,,BS-14,,,False,True,162,62,72,77,,<nil>,77,77,,<nil>,709,810,812,812,812,0.55,0,,,,,,,,,,,,,,,,,,,,,,,,,,,,,,,,20.5,,64,,0,0
03/01/2026 18:13:27,d092rmnoovhpfm35n490,81432434001,8143,,BS-14,,,False,True,162,62,72,77,,<nil>,77,77,,<nil>,710,810,812,812,813,0.54,0,,,,,,,,,,,,,,,,,,,,,,,,,,,,,,,,20.5,,64,,0,0
03/01/2026 18:14:27,d092rmnoovhpfm35n490,81432434001,8143,,BS-14,,,False,True,162,61,72,76,,<nil>,76,76,,<nil>,701,800,802,802,803,0.54,0,,,,,,,,,,,,,,,,,,,,,,,,,,,,,,,,20.5,,64,,0,0
03/01/2026 18:15:27,d092rmnoovhpfm35n490,81432434001,8143,,BS-14,,,False,True,161,61,71,75,,<nil>,75,76,,<nil>,697,796,798,798,798,0.53,0,,,,,,,,,,,,,,,,,,,,,,,,,,,,,,,,20.5,,63,,0,0
03/01/2026 18:16:27,d092rmnoovhpfm35n490,81432434001,8143,,BS-14,,,False,True,162,62,73,77,,<nil>,77,77,,<nil>,710,811,813,813,813,0.54,0,,,,,,,,,,,,,,,,,,,,,,,,,,,,,,,,20.5,,63,,0,0
03/01/2026 18:17:27,d092rmnoovhpfm35n490,81432434001,8143,,BS-14,,,False,True,162,62,73,77,,<nil>,78,78,,<nil>,711,813,815,816,816,0.55,0,,,,,,,,,,,,,,,,,,,,,,,,,,,,,,,,20.5,,63,,0,0
03/01/2026 18:18:27,d092rmnoovhpfm35n490,81432434001,8143,,BS-14,,,False,True,162,61,71,76,,<nil>,76,76,,<nil>,700,799,801,801,801,0.54,0,,,,,,,,,,,,,,,,,,,,,,,,,,,,,,,,20.5,,63,,0,0
03/01/2026 18:19:27,d092rmnoovhpfm35n490,81432434001,8143,,BS-14,,,False,True,162,62,72,76,,<nil>,77,77,,<nil>,701,801,803,804,804,0.55,0,,,,,,,,,,,,,,,,,,,,,,,,,,,,,,,,20.5,,63,,0,0
03/01/2026 18:20:27,d092rmnoovhpfm35n490,81432434001,8143,,BS-14,,,False,True,161,61,70,75,,<nil>,75,75,,<nil>,686,784,786,787,787,0.55,0,,,,,,,,,,,,,,,,,,,,,,,,,,,,,,,,20.5,,63,,0,0
03/01/2026 18:21:27,d092rmnoovhpfm35n490,81432434001,8143,,BS-14,,,False,True,161,61,70,75,,<nil>,75,75,,<nil>,687,785,787,787,787,0.55,0,,,,,,,,,,,,,,,,,,,,,,,,,,,,,,,,20.5,,63,,0,0
03/01/2026 18:22:27,d092rmnoovhpfm35n490,81432434001,8143,,BS-14,,,False,True,160,60,69,73,,<nil>,73,73,,<nil>,674,769,771,771,771,0.52,0,,,,,,,,,,,,,,,,,,,,,,,,,,,,,,,,20.5,,63,,0,0
03/01/2026 18:23:27,d092rmnoovhpfm35n490,81432434001,8143,,BS-14,,,False,True,161,61,71,75,,<nil>,75,75,,<nil>,694,793,794,795,795,0.54,0,,,,,,,,,,,,,,,,,,,,,,,,,,,,,,,,20.5,,63,,0,0
03/01/2026 18:24:27,d092rmnoovhpfm35n490,81432434001,8143,,BS-14,,,False,True,162,61,72,76,,<nil>,76,76,,<nil>,702,802,804,804,804,0.53,0,,,,,,,,,,,,,,,,,,,,,,,,,,,,,,,,20.5,,63,,0,0
03/01/2026 18:25:27,d092rmnoovhpfm35n490,81432434001,8143,,BS-14,,,False,True,162,62,72,77,,<nil>,77,77,,<nil>,708,809,811,811,811,0.53,0,,,,,,,,,,,,,,,,,,,,,,,,,,,,,,,,20.5,,63,,0,0
03/01/2026 18:26:27,d092rmnoovhpfm35n490,81432434001,8143,,BS-14,,,False,True,163,63,74,78,,<nil>,79,79,,<nil>,724,827,829,829,829,0.55,0,,,,,,,,,,,,,,,,,,,,,,,,,,,,,,,,20.5,,63,,0,0
03/01/2026 18:27:27,d092rmnoovhpfm35n490,81432434001,8143,,BS-14,,,False,True,163,62,73,78,,<nil>,78,78,,<nil>,719,822,824,824,824,0.54,0,,,,,,,,,,,,,,,,,,,,,,,,,,,,,,,,20.5,,63,,0,0
03/01/2026 18:28:27,d092rmnoovhpfm35n490,81432434001,8143,,BS-14,,,False,True,162,61,72,76,,<nil>,76,76,,<nil>,701,801,802,803,803,0.53,0,,,,,,,,,,,,,,,,,,,,,,,,,,,,,,,,20.5,,63,,0,0
03/01/2026 18:29:27,d092rmnoovhpfm35n490,81432434001,8143,,BS-14,,,False,True,161,61,71,75,,<nil>,75,75,,<nil>,691,789,791,791,792,0.55,0,,,,,,,,,,,,,,,,,,,,,,,,,,,,,,,,20.5,,63,,0,0
03/01/2026 18:30:27,d092rmnoovhpfm35n490,81432434001,8143,,BS-14,,,False,True,161,61,70,75,,<nil>,76,76,,<nil>,688,787,790,790,791,0.55,0,,,,,,,,,,,,,,,,,,,,,,,,,,,,,,,,20.5,,63,,0,0
03/01/2026 18:31:27,d092rmnoovhpfm35n490,81432434001,8143,,BS-14,,,False,True,161,61,71,75,,<nil>,75,75,,<nil>,690,789,791,791,791,0.55,0,,,,,,,,,,,,,,,,,,,,,,,,,,,,,,,,20.5,,63,,0,0
03/01/2026 18:32:27,d092rmnoovhpfm35n490,81432434001,8143,,BS-14,,,False,True,162,61,72,76,,<nil>,76,76,,<nil>,703,803,805,805,805,0.54,0,,,,,,,,,,,,,,,,,,,,,,,,,,,,,,,,20.4,,63,,0,0
03/01/2026 18:33:27,d092rmnoovhpfm35n490,81432434001,8143,,BS-14,,,False,True,162,62,73,77,,<nil>,77,77,,<nil>,712,814,816,816,816,0.54,0,,,,,,,,,,,,,,,,,,,,,,,,,,,,,,,,20.4,,63,,0,0
03/01/2026 18:34:27,d092rmnoovhpfm35n490,81432434001,8143,,BS-14,,,False,True,161,61,71,75,,<nil>,76,76,,<nil>,694,794,796,796,796,0.56,0,,,,,,,,,,,,,,,,,,,,,,,,,,,,,,,,20.4,,63,,0,0
03/01/2026 18:35:27,d092rmnoovhpfm35n490,81432434001,8143,,BS-14,,,False,True,161,60,70,74,,<nil>,74,74,,<nil>,683,780,782,783,783,0.54,0,,,,,,,,,,,,,,,,,,,,,,,,,,,,,,,,20.4,,63,,0,0
03/01/2026 18:36:27,d092rmnoovhpfm35n490,81432434001,8143,,BS-14,,,False,True,160,60,69,73,,<nil>,73,73,,<nil>,672,767,769,770,770,0.55,0,,,,,,,,,,,,,,,,,,,,,,,,,,,,,,,,20.4,,63,,0,0
03/01/2026 18:37:27,d092rmnoovhpfm35n490,81432434001,8143,,BS-14,,,False,True,161,60,69,74,,<nil>,74,74,,<nil>,681,778,780,781,781,0.56,0,,,,,,,,,,,,,,,,,,,,,,,,,,,,,,,,20.3,,63,,0,0
03/01/2026 18:38:27,d092rmnoovhpfm35n490,81432434001,8143,,BS-14,,,False,True,160,60,68,73,,<nil>,73,73,,<nil>,670,765,767,768,768,0.55,0,,,,,,,,,,,,,,,,,,,,,,,,,,,,,,,,20.3,,63,,0,0
03/01/2026 18:39:27,d092rmnoovhpfm35n490,81432434001,8143,,BS-14,,,False,True,160,60,69,73,,<nil>,74,74,,<nil>,675,771,773,774,774,0.55,0,,,,,,,,,,,,,,,,,,,,,,,,,,,,,,,,20.3,,63,,0,0
03/01/2026 18:40:27,d092rmnoovhpfm35n490,81432434001,8143,,BS-14,,,False,True,161,61,69,74,,<nil>,74,75,,<nil>,678,776,778,778,779,0.55,0,,,,,,,,,,,,,,,,,,,,,,,,,,,,,,,,20.3,,63,,0,0
03/01/2026 18:41:27,d092rmnoovhpfm35n490,81432434001,8143,,BS-14,,,False,True,159,59,67,71,,<nil>,71,72,,<nil>,658,751,753,754,754,0.53,0,,,,,,,,,,,,,,,,,,,,,,,,,,,,,,,,20.3,,63,,0,0
03/01/2026 18:42:27,d092rmnoovhpfm35n490,81432434001,8143,,BS-14,,,False,True,158,58,66,70,,<nil>,70,70,,<nil>,649,741,743,743,743,0.54,0,,,,,,,,,,,,,,,,,,,,,,,,,,,,,,,,20.3,,63,,0,0
03/01/2026 18:43:27,d092rmnoovhpfm35n490,81432434001,8143,,BS-14,,,False,True,158,58,65,69,,<nil>,69,69,,<nil>,638,728,730,730,731,0.54,0,,,,,,,,,,,,,,,,,,,,,,,,,,,,,,,,20.3,,63,,0,0
03/01/2026 18:44:27,d092rmnoovhpfm35n490,81432434001,8143,,BS-14,,,False,True,158,59,66,70,,<nil>,71,71,,<nil>,650,743,745,745,745,0.55,0,,,,,,,,,,,,,,,,,,,,,,,,,,,,,,,,20.3,,63,,0,0
03/01/2026 18:45:27,d092rmnoovhpfm35n490,81432434001,8143,,BS-14,,,False,True,158,58,66,70,,<nil>,70,70,,<nil>,646,737,739,739,739,0.53,0,,,,,,,,,,,,,,,,,,,,,,,,,,,,,,,,20.2,,63,,0,0
03/01/2026 18:46:27,d092rmnoovhpfm35n490,81432434001,8143,,BS-14,,,False,True,158,59,66,70,,<nil>,71,71,,<nil>,652,744,746,746,747,0.55,0,,,,,,,,,,,,,,,,,,,,,,,,,,,,,,,,20.2,,63,,0,0
03/01/2026 18:47:27,d092rmnoovhpfm35n490,81432434001,8143,,BS-14,,,False,True,158,58,66,70,,<nil>,70,70,,<nil>,651,744,746,746,746,0.53,0,,,,,,,,,,,,,,,,,,,,,,,,,,,,,,,,20.2,,63,,0,0
03/01/2026 18:48:27,d092rmnoovhpfm35n490,81432434001,8143,,BS-14,,,False,True,158,58,66,70,,<nil>,70,70,,<nil>,650,743,744,745,745,0.54,0,,,,,,,,,,,,,,,,,,,,,,,,,,,,,,,,20.2,,63,,0,0
03/01/2026 18:49:27,d092rmnoovhpfm35n490,81432434001,8143,,BS-14,,,False,True,158,58,66,70,,<nil>,70,70,,<nil>,644,735,737,737,738,0.54,0,,,,,,,,,,,,,,,,,,,,,,,,,,,,,,,,20.2,,63,,0,0
03/01/2026 18:50:27,d092rmnoovhpfm35n490,81432434001,8143,,BS-14,,,False,True,158,58,66,70,,<nil>,70,70,,<nil>,643,734,736,737,737,0.54,0,,,,,,,,,,,,,,,,,,,,,,,,,,,,,,,,20.2,,63,,0,0
03/01/2026 18:51:27,d092rmnoovhpfm35n490,81432434001,8143,,BS-14,,,False,True,158,58,65,69,,<nil>,69,69,,<nil>,640,731,733,733,733,0.55,0,,,,,,,,,,,,,,,,,,,,,,,,,,,,,,,,20.2,,63,,0,0
03/01/2026 18:52:27,d092rmnoovhpfm35n490,81432434001,8143,,BS-14,,,False,True,158,58,66,70,,<nil>,70,70,,<nil>,647,739,741,742,742,0.55,0,,,,,,,,,,,,,,,,,,,,,,,,,,,,,,,,20.2,,63,,0,0
03/01/2026 18:53:27,d092rmnoovhpfm35n490,81432434001,8143,,BS-14,,,False,True,158,58,65,69,,<nil>,70,70,,<nil>,635,727,729,730,730,0.55,0,,,,,,,,,,,,,,,,,,,,,,,,,,,,,,,,20.2,,63,,0,0
03/01/2026 18:54:27,d092rmnoovhpfm35n490,81432434001,8143,,BS-14,,,False,True,158,59,66,70,,<nil>,71,71,,<nil>,647,740,742,742,743,0.55,0,,,,,,,,,,,,,,,,,,,,,,,,,,,,,,,,20.2,,63,,0,0
03/01/2026 18:55:27,d092rmnoovhpfm35n490,81432434001,8143,,BS-14,,,False,True,157,57,64,68,,<nil>,68,68,,<nil>,623,713,715,715,715,0.56,0,,,,,,,,,,,,,,,,,,,,,,,,,,,,,,,,20.2,,63,,0,0
03/01/2026 18:56:27,d092rmnoovhpfm35n490,81432434001,8143,,BS-14,,,False,True,157,57,63,67,,<nil>,67,67,,<nil>,617,705,707,707,707,0.54,0,,,,,,,,,,,,,,,,,,,,,,,,,,,,,,,,20.1,,63,,0,0
03/01/2026 18:57:27,d092rmnoovhpfm35n490,81432434001,8143,,BS-14,,,False,True,157,57,63,67,,<nil>,67,67,,<nil>,615,703,706,706,706,0.55,0,,,,,,,,,,,,,,,,,,,,,,,,,,,,,,,,20.1,,63,,0,0
03/01/2026 18:58:27,d092rmnoovhpfm35n490,81432434001,8143,,BS-14,,,False,True,155,55,60,64,,<nil>,64,64,,<nil>,594,679,680,681,681,0.53,0,,,,,,,,,,,,,,,,,,,,,,,,,,,,,,,,20.1,,63,,0,0
03/01/2026 18:59:27,d092rmnoovhpfm35n490,81432434001,8143,,BS-14,,,False,True,156,56,61,65,,<nil>,65,65,,<nil>,600,685,686,686,687,0.53,0,,,,,,,,,,,,,,,,,,,,,,,,,,,,,,,,20.1,,63,,0,0
03/01/2026 19:00:27,d092rmnoovhpfm35n490,81432434001,8143,,BS-14,,,False,True,155,55,60,63,,<nil>,63,63,,<nil>,586,669,670,670,670,0.52,0,,,,,,,,,,,,,,,,,,,,,,,,,,,,,,,,20.1,,63,,0,0
03/01/2026 19:01:27,d092rmnoovhpfm35n490,81432434001,8143,,BS-14,,,False,True,155,55,59,63,,<nil>,63,63,,<nil>,583,666,667,667,667,0.53,0,,,,,,,,,,,,,,,,,,,,,,,,,,,,,,,,20.1,,63,,0,0
03/01/2026 19:02:27,d092rmnoovhpfm35n490,81432434001,8143,,BS-14,,,False,True,153,53,56,59,,<nil>,60,60,,<nil>,551,629,631,631,631,0.54,0,,,,,,,,,,,,,,,,,,,,,,,,,,,,,,,,20.1,,62,,0,0
03/01/2026 19:03:27,d092rmnoovhpfm35n490,81432434001,8143,,BS-14,,,False,True,154,54,58,61,,<nil>,61,61,,<nil>,565,645,647,647,648,0.55,0,,,,,,,,,,,,,,,,,,,,,,,,,,,,,,,,20.1,,63,,0,0
03/01/2026 19:04:27,d092rmnoovhpfm35n490,81432434001,8143,,BS-14,,,False,True,153,53,56,59,,<nil>,59,59,,<nil>,546,624,625,625,625,0.53,0,,,,,,,,,,,,,,,,,,,,,,,,,,,,,,,,20.1,,62,,0,0
03/01/2026 19:05:27,d092rmnoovhpfm35n490,81432434001,8143,,BS-14,,,False,True,153,53,56,59,,<nil>,59,59,,<nil>,547,624,625,626,626,0.53,0,,,,,,,,,,,,,,,,,,,,,,,,,,,,,,,,20.1,,62,,0,0
03/01/2026 19:06:27,d092rmnoovhpfm35n490,81432434001,8143,,BS-14,,,False,True,152,52,53,57,,<nil>,57,57,,<nil>,525,599,601,601,601,0.53,0,,,,,,,,,,,,,,,,,,,,,,,,,,,,,,,,20.1,,62,,0,0
03/01/2026 19:07:27,d092rmnoovhpfm35n490,81432434001,8143,,BS-14,,,False,True,147,51,51,54,,<nil>,55,55,,<nil>,506,578,579,579,579,0.53,0,,,,,,,,,,,,,,,,,,,,,,,,,,,,,,,,20.1,,62,,0,0
03/01/2026 19:08:27,d092rmnoovhpfm35n490,81432434001,8143,,BS-14,,,False,True,149,51,51,55,,<nil>,55,55,,<nil>,506,578,579,579,580,0.55,0,,,,,,,,,,,,,,,,,,,,,,,,,,,,,,,,20.1,,61,,0,0
03/01/2026 19:09:27,d092rmnoovhpfm35n490,81432434001,8143,,BS-14,,,False,True,151,51,52,56,,<nil>,56,56,,<nil>,515,588,590,590,590,0.53,0,,,,,,,,,,,,,,,,,,,,,,,,,,,,,,,,20.1,,61,,0,0
03/01/2026 19:10:27,d092rmnoovhpfm35n490,81432434001,8143,,BS-14,,,False,True,151,51,53,56,,<nil>,56,56,,<nil>,517,591,592,593,593,0.55,0,,,,,,,,,,,,,,,,,,,,,,,,,,,,,,,,20.1,,61,,0,0
03/01/2026 19:11:27,d092rmnoovhpfm35n490,81432434001,8143,,BS-14,,,False,True,149,51,51,55,,<nil>,55,55,,<nil>,506,578,579,579,580,0.53,0,,,,,,,,,,,,,,,,,,,,,,,,,,,,,,,,20.1,,61,,0,0
03/01/2026 19:12:27,d092rmnoovhpfm35n490,81432434001,8143,,BS-14,,,False,True,151,51,53,56,,<nil>,56,56,,<nil>,524,598,599,599,600,0.53,0,,,,,,,,,,,,,,,,,,,,,,,,,,,,,,,,20.1,,61,,0,0
03/01/2026 19:13:27,d092rmnoovhpfm35n490,81432434001,8143,,BS-14,,,False,True,149,51,52,55,,<nil>,55,55,,<nil>,512,585,587,587,587,0.54,0,,,,,,,,,,,,,,,,,,,,,,,,,,,,,,,,20.1,,61,,0,0
03/01/2026 19:14:27,d092rmnoovhpfm35n490,81432434001,8143,,BS-14,,,False,True,151,51,53,56,,<nil>,56,56,,<nil>,518,592,593,594,594,0.55,0,,,,,,,,,,,,,,,,,,,,,,,,,,,,,,,,20.1,,61,,0,0
03/01/2026 19:15:27,d092rmnoovhpfm35n490,81432434001,8143,,BS-14,,,False,True,149,51,52,55,,<nil>,56,56,,<nil>,514,587,588,588,588,0.54,0,,,,,,,,,,,,,,,,,,,,,,,,,,,,,,,,20.1,,61,,0,0
03/01/2026 19:16:27,d092rmnoovhpfm35n490,81432434001,8143,,BS-14,,,False,True,151,51,53,56,,<nil>,56,56,,<nil>,517,590,591,591,591,0.54,0,,,,,,,,,,,,,,,,,,,,,,,,,,,,,,,,20.1,,61,,0,0
03/01/2026 19:17:27,d092rmnoovhpfm35n490,81432434001,8143,,BS-14,,,False,True,149,51,52,55,,<nil>,55,55,,<nil>,511,584,585,586,586,0.54,0,,,,,,,,,,,,,,,,,,,,,,,,,,,,,,,,20.1,,61,,0,0
03/01/2026 19:18:27,d092rmnoovhpfm35n490,81432434001,8143,,BS-14,,,False,True,151,51,53,56,,<nil>,56,56,,<nil>,517,590,592,592,592,0.54,0,,,,,,,,,,,,,,,,,,,,,,,,,,,,,,,,20.1,,61,,0,0
03/01/2026 19:19:27,d092rmnoovhpfm35n490,81432434001,8143,,BS-14,,,False,True,149,51,52,55,,<nil>,55,55,,<nil>,512,584,585,586,586,0.53,0,,,,,,,,,,,,,,,,,,,,,,,,,,,,,,,,20.1,,62,,0,0
03/01/2026 19:20:27,d092rmnoovhpfm35n490,81432434001,8143,,BS-14,,,False,True,151,51,52,56,,<nil>,56,56,,<nil>,515,588,589,589,589,0.54,0,,,,,,,,,,,,,,,,,,,,,,,,,,,,,,,,20.1,,62,,0,0
03/01/2026 19:21:27,d092rmnoovhpfm35n490,81432434001,8143,,BS-14,,,False,True,151,51,52,56,,<nil>,56,56,,<nil>,515,588,590,590,590,0.55,0,,,,,,,,,,,,,,,,,,,,,,,,,,,,,,,,20.1,,62,,0,0
03/01/2026 19:22:27,d092rmnoovhpfm35n490,81432434001,8143,,BS-14,,,False,True,151,51,53,56,,<nil>,56,56,,<nil>,518,591,593,593,593,0.53,0,,,,,,,,,,,,,,,,,,,,,,,,,,,,,,,,20.1,,62,,0,0
03/01/2026 19:23:27,d092rmnoovhpfm35n490,81432434001,8143,,BS-14,,,False,True,151,51,53,56,,<nil>,56,56,,<nil>,516,590,591,591,591,0.54,0,,,,,,,,,,,,,,,,,,,,,,,,,,,,,,,,20.1,,62,,0,0
03/01/2026 19:24:27,d092rmnoovhpfm35n490,81432434001,8143,,BS-14,,,False,True,151,51,53,56,,<nil>,56,56,,<nil>,522,596,597,597,597,0.54,0,,,,,,,,,,,,,,,,,,,,,,,,,,,,,,,,20.1,,62,,0,0
03/01/2026 19:25:27,d092rmnoovhpfm35n490,81432434001,8143,,BS-14,,,False,True,151,51,53,56,,<nil>,56,56,,<nil>,516,590,591,591,591,0.53,0,,,,,,,,,,,,,,,,,,,,,,,,,,,,,,,,20.1,,62,,0,0
03/01/2026 19:26:27,d092rmnoovhpfm35n490,81432434001,8143,,BS-14,,,False,True,151,52,53,56,,<nil>,57,57,,<nil>,524,599,600,600,600,0.53,0,,,,,,,,,,,,,,,,,,,,,,,,,,,,,,,,20.1,,62,,0,0
03/01/2026 19:27:27,d092rmnoovhpfm35n490,81432434001,8143,,BS-14,,,False,True,149,51,52,55,,<nil>,55,55,,<nil>,513,585,586,587,587,0.53,0,,,,,,,,,,,,,,,,,,,,,,,,,,,,,,,,20.0,,63,,0,0
03/01/2026 19:28:27,d092rmnoovhpfm35n490,81432434001,8143,,BS-14,,,False,True,151,51,52,56,,<nil>,56,56,,<nil>,516,589,591,591,591,0.54,0,,,,,,,,,,,,,,,,,,,,,,,,,,,,,,,,20.0,,63,,0,0
03/01/2026 19:29:27,d092rmnoovhpfm35n490,81432434001,8143,,BS-14,,,False,True,149,51,52,55,,<nil>,55,55,,<nil>,511,583,584,584,584,0.52,0,,,,,,,,,,,,,,,,,,,,,,,,,,,,,,,,20.0,,63,,0,0
03/01/2026 19:30:27,d092rmnoovhpfm35n490,81432434001,8143,,BS-14,,,False,True,152,52,53,57,,<nil>,57,57,,<nil>,526,600,602,602,602,0.54,0,,,,,,,,,,,,,,,,,,,,,,,,,,,,,,,,20.0,,63,,0,0
03/01/2026 19:31:28,d092rmnoovhpfm35n490,81432434001,8143,,BS-14,,,False,True,149,51,52,55,,<nil>,55,55,,<nil>,510,582,583,583,583,0.53,0,,,,,,,,,,,,,,,,,,,,,,,,,,,,,,,,20.0,,63,,0,0
03/01/2026 19:32:28,d092rmnoovhpfm35n490,81432434001,8143,,BS-14,,,False,True,151,51,52,56,,<nil>,56,56,,<nil>,517,590,591,591,592,0.52,0,,,,,,,,,,,,,,,,,,,,,,,,,,,,,,,,20.0,,63,,0,0
03/01/2026 19:33:28,d092rmnoovhpfm35n490,81432434001,8143,,BS-14,,,False,True,152,52,53,57,,<nil>,57,57,,<nil>,526,600,602,602,602,0.54,0,,,,,,,,,,,,,,,,,,,,,,,,,,,,,,,,20.0,,63,,0,0
03/01/2026 19:34:28,d092rmnoovhpfm35n490,81432434001,8143,,BS-14,,,False,True,151,51,53,56,,<nil>,56,56,,<nil>,518,591,593,593,593,0.53,0,,,,,,,,,,,,,,,,,,,,,,,,,,,,,,,,20.0,,63,,0,0
03/01/2026 19:35:28,d092rmnoovhpfm35n490,81432434001,8143,,BS-14,,,False,True,153,53,55,59,,<nil>,59,59,,<nil>,543,620,622,622,622,0.56,0,,,,,,,,,,,,,,,,,,,,,,,,,,,,,,,,20.0,,63,,0,0
03/01/2026 19:36:28,d092rmnoovhpfm35n490,81432434001,8143,,BS-14,,,False,True,153,53,55,59,,<nil>,59,59,,<nil>,542,620,622,622,622,0.55,0,,,,,,,,,,,,,,,,,,,,,,,,,,,,,,,,20.0,,63,,0,0
03/01/2026 19:37:28,d092rmnoovhpfm35n490,81432434001,8143,,BS-14,,,False,True,152,52,54,57,,<nil>,57,57,,<nil>,532,607,609,609,609,0.53,0,,,,,,,,,,,,,,,,,,,,,,,,,,,,,,,,20.0,,63,,0,0
03/01/2026 19:38:28,d092rmnoovhpfm35n490,81432434001,8143,,BS-14,,,False,True,152,52,55,58,,<nil>,58,58,,<nil>,539,616,617,618,618,0.55,0,,,,,,,,,,,,,,,,,,,,,,,,,,,,,,,,19.9,,63,,0,0
03/01/2026 19:39:28,d092rmnoovhpfm35n490,81432434001,8143,,BS-14,,,False,True,152,52,54,58,,<nil>,58,58,,<nil>,533,609,610,611,611,0.55,0,,,,,,,,,,,,,,,,,,,,,,,,,,,,,,,,19.9,,63,,0,0
03/01/2026 19:40:28,d092rmnoovhpfm35n490,81432434001,8143,,BS-14,,,False,True,152,52,55,58,,<nil>,58,58,,<nil>,541,618,619,620,620,0.54,0,,,,,,,,,,,,,,,,,,,,,,,,,,,,,,,,19.9,,63,,0,0
03/01/2026 19:41:28,d092rmnoovhpfm35n490,81432434001,8143,,BS-14,,,False,True,151,51,53,56,,<nil>,56,56,,<nil>,518,592,593,593,593,0.54,0,,,,,,,,,,,,,,,,,,,,,,,,,,,,,,,,19.9,,63,,0,0
03/01/2026 19:42:28,d092rmnoovhpfm35n490,81432434001,8143,,BS-14,,,False,True,151,52,53,56,,<nil>,57,57,,<nil>,524,598,600,600,600,0.54,0,,,,,,,,,,,,,,,,,,,,,,,,,,,,,,,,19.9,,63,,0,0
03/01/2026 19:43:28,d092rmnoovhpfm35n490,81432434001,8143,,BS-14,,,False,True,153,53,56,59,,<nil>,59,59,,<nil>,546,624,626,626,626,0.55,0,,,,,,,,,,,,,,,,,,,,,,,,,,,,,,,,19.9,,63,,0,0
03/01/2026 19:44:28,d092rmnoovhpfm35n490,81432434001,8143,,BS-14,,,False,True,152,52,54,58,,<nil>,58,58,,<nil>,535,611,613,613,613,0.53,0,,,,,,,,,,,,,,,,,,,,,,,,,,,,,,,,19.8,,63,,0,0
03/01/2026 19:45:28,d092rmnoovhpfm35n490,81432434001,8143,,BS-14,,,False,True,152,52,54,57,,<nil>,57,57,,<nil>,533,609,610,610,611,0.54,0,,,,,,,,,,,,,,,,,,,,,,,,,,,,,,,,19.8,,64,,0,0
03/01/2026 19:46:28,d092rmnoovhpfm35n490,81432434001,8143,,BS-14,,,False,True,152,52,54,57,,<nil>,58,58,,<nil>,529,605,606,607,607,0.56,0,,,,,,,,,,,,,,,,,,,,,,,,,,,,,,,,19.8,,64,,0,0
03/01/2026 19:47:28,d092rmnoovhpfm35n490,81432434001,8143,,BS-14,,,False,True,152,52,54,57,,<nil>,57,57,,<nil>,529,604,606,606,606,0.53,0,,,,,,,,,,,,,,,,,,,,,,,,,,,,,,,,19.8,,64,,0,0
03/01/2026 19:48:28,d092rmnoovhpfm35n490,81432434001,8143,,BS-14,,,False,True,151,51,53,56,,<nil>,56,56,,<nil>,527,601,602,603,603,0.52,0,,,,,,,,,,,,,,,,,,,,,,,,,,,,,,,,19.8,,64,,0,0
03/01/2026 19:49:28,d092rmnoovhpfm35n490,81432434001,8143,,BS-14,,,False,True,152,52,55,58,,<nil>,58,58,,<nil>,538,614,616,616,616,0.53,0,,,,,,,,,,,,,,,,,,,,,,,,,,,,,,,,19.8,,64,,0,0
03/01/2026 19:50:28,d092rmnoovhpfm35n490,81432434001,8143,,BS-14,,,False,True,152,52,54,57,,<nil>,57,57,,<nil>,534,610,611,611,611,0.54,0,,,,,,,,,,,,,,,,,,,,,,,,,,,,,,,,19.8,,64,,0,0
03/01/2026 19:51:28,d092rmnoovhpfm35n490,81432434001,8143,,BS-14,,,False,True,151,52,53,56,,<nil>,56,57,,<nil>,525,599,600,601,601,0.54,0,,,,,,,,,,,,,,,,,,,,,,,,,,,,,,,,19.8,,64,,0,0
03/01/2026 19:52:28,d092rmnoovhpfm35n490,81432434001,8143,,BS-14,,,False,True,152,52,54,57,,<nil>,57,57,,<nil>,531,607,608,608,608,0.54,0,,,,,,,,,,,,,,,,,,,,,,,,,,,,,,,,19.8,,64,,0,0
03/01/2026 19:53:28,d092rmnoovhpfm35n490,81432434001,8143,,BS-14,,,False,True,152,52,54,58,,<nil>,58,58,,<nil>,537,613,615,615,615,0.54,0,,,,,,,,,,,,,,,,,,,,,,,,,,,,,,,,19.8,,64,,0,0
03/01/2026 19:54:28,d092rmnoovhpfm35n490,81432434001,8143,,BS-14,,,False,True,152,52,54,57,,<nil>,57,57,,<nil>,531,606,608,608,608,0.53,0,,,,,,,,,,,,,,,,,,,,,,,,,,,,,,,,19.8,,64,,0,0
03/01/2026 19:55:28,d092rmnoovhpfm35n490,81432434001,8143,,BS-14,,,False,True,152,53,55,58,,<nil>,58,59,,<nil>,538,615,616,617,617,0.56,0,,,,,,,,,,,,,,,,,,,,,,,,,,,,,,,,19.8,,65,,0,0
03/01/2026 19:56:28,d092rmnoovhpfm35n490,81432434001,8143,,BS-14,,,False,True,152,52,53,57,,<nil>,57,57,,<nil>,527,602,603,604,604,0.54,0,,,,,,,,,,,,,,,,,,,,,,,,,,,,,,,,19.8,,64,,0,0
03/01/2026 19:57:28,d092rmnoovhpfm35n490,81432434001,8143,,BS-14,,,False,True,152,52,53,57,,<nil>,57,57,,<nil>,527,601,603,603,603,0.54,0,,,,,,,,,,,,,,,,,,,,,,,,,,,,,,,,19.8,,64,,0,0
03/01/2026 19:58:28,d092rmnoovhpfm35n490,81432434001,8143,,BS-14,,,False,True,153,53,55,59,,<nil>,59,59,,<nil>,546,623,625,625,625,0.54,0,,,,,,,,,,,,,,,,,,,,,,,,,,,,,,,,19.8,,64,,0,0
03/01/2026 19:59:28,d092rmnoovhpfm35n490,81432434001,8143,,BS-14,,,False,True,153,53,56,59,,<nil>,59,59,,<nil>,549,627,628,629,629,0.54,0,,,,,,,,,,,,,,,,,,,,,,,,,,,,,,,,19.8,,64,,0,0
03/01/2026 20:00:28,d092rmnoovhpfm35n490,81432434001,8143,,BS-14,,,False,True,152,52,54,57,,<nil>,57,57,,<nil>,533,608,610,610,610,0.53,0,,,,,,,,,,,,,,,,,,,,,,,,,,,,,,,,19.8,,64,,0,0
03/01/2026 20:01:28,d092rmnoovhpfm35n490,81432434001,8143,,BS-14,,,False,True,152,52,54,57,,<nil>,57,57,,<nil>,533,609,610,610,611,0.54,0,,,,,,,,,,,,,,,,,,,,,,,,,,,,,,,,19.7,,64,,0,0
03/01/2026 20:02:28,d092rmnoovhpfm35n490,81432434001,8143,,BS-14,,,False,True,151,52,53,56,,<nil>,57,57,,<nil>,525,600,601,602,602,0.53,0,,,,,,,,,,,,,,,,,,,,,,,,,,,,,,,,19.7,,64,,0,0
03/01/2026 20:03:28,d092rmnoovhpfm35n490,81432434001,8143,,BS-14,,,False,True,152,52,55,58,,<nil>,58,58,,<nil>,538,615,616,616,616,0.53,0,,,,,,,,,,,,,,,,,,,,,,,,,,,,,,,,19.7,,64,,0,0
03/01/2026 20:04:28,d092rmnoovhpfm35n490,81432434001,8143,,BS-14,,,False,True,152,53,55,58,,<nil>,59,59,,<nil>,545,622,623,623,624,0.53,0,,,,,,,,,,,,,,,,,,,,,,,,,,,,,,,,19.7,,64,,0,0
03/01/2026 20:05:28,d092rmnoovhpfm35n490,81432434001,8143,,BS-14,,,False,True,152,52,55,58,,<nil>,58,58,,<nil>,540,616,618,618,618,0.52,0,,,,,,,,,,,,,,,,,,,,,,,,,,,,,,,,19.7,,64,,0,0
03/01/2026 20:06:28,d092rmnoovhpfm35n490,81432434001,8143,,BS-14,,,False,True,152,52,54,57,,<nil>,58,58,,<nil>,534,610,612,612,612,0.55,0,,,,,,,,,,,,,,,,,,,,,,,,,,,,,,,,19.7,,64,,0,0
03/01/2026 20:07:28,d092rmnoovhpfm35n490,81432434001,8143,,BS-14,,,False,True,153,53,56,59,,<nil>,59,60,,<nil>,550,629,630,631,631,0.54,0,,,,,,,,,,,,,,,,,,,,,,,,,,,,,,,,19.7,,64,,0,0
03/01/2026 20:08:28,d092rmnoovhpfm35n490,81432434001,8143,,BS-14,,,False,True,153,53,55,59,,<nil>,59,59,,<nil>,546,623,624,625,625,0.54,0,,,,,,,,,,,,,,,,,,,,,,,,,,,,,,,,19.7,,64,,0,0
03/01/2026 20:09:28,d092rmnoovhpfm35n490,81432434001,8143,,BS-14,,,False,True,152,52,54,58,,<nil>,58,58,,<nil>,536,613,615,615,615,0.55,0,,,,,,,,,,,,,,,,,,,,,,,,,,,,,,,,19.7,,65,,0,0
03/01/2026 20:10:28,d092rmnoovhpfm35n490,81432434001,8143,,BS-14,,,False,True,152,53,55,58,,<nil>,58,59,,<nil>,538,615,617,617,617,0.55,0,,,,,,,,,,,,,,,,,,,,,,,,,,,,,,,,19.7,,65,,0,0
03/01/2026 20:11:28,d092rmnoovhpfm35n490,81432434001,8143,,BS-14,,,False,True,152,52,54,58,,<nil>,58,58,,<nil>,535,611,613,613,613,0.54,0,,,,,,,,,,,,,,,,,,,,,,,,,,,,,,,,19.7,,65,,0,0
03/01/2026 20:12:28,d092rmnoovhpfm35n490,81432434001,8143,,BS-14,,,False,True,152,52,54,57,,<nil>,57,57,,<nil>,532,607,608,609,609,0.54,0,,,,,,,,,,,,,,,,,,,,,,,,,,,,,,,,19.8,,64,,0,0
03/01/2026 20:13:28,d092rmnoovhpfm35n490,81432434001,8143,,BS-14,,,False,True,152,52,55,58,,<nil>,58,58,,<nil>,542,618,620,620,620,0.53,0,,,,,,,,,,,,,,,,,,,,,,,,,,,,,,,,19.8,,65,,0,0
03/01/2026 20:14:28,d092rmnoovhpfm35n490,81432434001,8143,,BS-14,,,False,True,152,53,55,58,,<nil>,59,59,,<nil>,542,619,621,621,621,0.55,0,,,,,,,,,,,,,,,,,,,,,,,,,,,,,,,,19.8,,65,,0,0
03/01/2026 20:15:28,d092rmnoovhpfm35n490,81432434001,8143,,BS-14,,,False,True,152,52,54,58,,<nil>,58,58,,<nil>,536,612,613,614,614,0.53,0,,,,,,,,,,,,,,,,,,,,,,,,,,,,,,,,19.8,,65,,0,0
03/01/2026 20:16:28,d092rmnoovhpfm35n490,81432434001,8143,,BS-14,,,False,True,151,52,53,56,,<nil>,57,57,,<nil>,525,600,601,602,602,0.54,0,,,,,,,,,,,,,,,,,,,,,,,,,,,,,,,,19.8,,65,,0,0
03/01/2026 20:17:28,d092rmnoovhpfm35n490,81432434001,8143,,BS-14,,,False,True,152,52,53,57,,<nil>,57,57,,<nil>,523,598,600,600,600,0.55,0,,,,,,,,,,,,,,,,,,,,,,,,,,,,,,,,19.8,,65,,0,0
03/01/2026 20:18:28,d092rmnoovhpfm35n490,81432434001,8143,,BS-14,,,False,True,152,52,53,57,,<nil>,57,57,,<nil>,525,600,602,602,602,0.55,0,,,,,,,,,,,,,,,,,,,,,,,,,,,,,,,,19.8,,65,,0,0
03/01/2026 20:19:28,d092rmnoovhpfm35n490,81432434001,8143,,BS-14,,,False,True,152,52,54,57,,<nil>,57,57,,<nil>,531,607,608,609,609,0.54,0,,,,,,,,,,,,,,,,,,,,,,,,,,,,,,,,19.8,,65,,0,0
03/01/2026 20:20:28,d092rmnoovhpfm35n490,81432434001,8143,,BS-14,,,False,True,152,52,55,58,,<nil>,58,58,,<nil>,542,618,620,620,620,0.53,0,,,,,,,,,,,,,,,,,,,,,,,,,,,,,,,,19.8,,65,,0,0
03/01/2026 20:21:28,d092rmnoovhpfm35n490,81432434001,8143,,BS-14,,,False,True,152,52,55,58,,<nil>,58,58,,<nil>,539,616,618,618,618,0.54,0,,,,,,,,,,,,,,,,,,,,,,,,,,,,,,,,19.7,,65,,0,0
03/01/2026 20:22:28,d092rmnoovhpfm35n490,81432434001,8143,,BS-14,,,False,True,152,52,54,57,,<nil>,57,58,,<nil>,535,611,612,613,613,0.53,0,,,,,,,,,,,,,,,,,,,,,,,,,,,,,,,,19.7,,65,,0,0
03/01/2026 20:23:28,d092rmnoovhpfm35n490,81432434001,8143,,BS-14,,,False,True,153,53,55,59,,<nil>,59,59,,<nil>,546,623,625,625,625,0.53,0,,,,,,,,,,,,,,,,,,,,,,,,,,,,,,,,19.7,,65,,0,0
03/01/2026 20:24:28,d092rmnoovhpfm35n490,81432434001,8143,,BS-14,,,False,True,152,52,55,58,,<nil>,58,58,,<nil>,539,616,618,618,618,0.55,0,,,,,,,,,,,,,,,,,,,,,,,,,,,,,,,,19.7,,65,,0,0
03/01/2026 20:25:28,d092rmnoovhpfm35n490,81432434001,8143,,BS-14,,,False,True,152,52,54,58,,<nil>,58,58,,<nil>,536,612,613,614,614,0.54,0,,,,,,,,,,,,,,,,,,,,,,,,,,,,,,,,19.7,,65,,0,0
03/01/2026 20:26:28,d092rmnoovhpfm35n490,81432434001,8143,,BS-14,,,False,True,153,53,55,59,,<nil>,59,59,,<nil>,543,621,622,623,623,0.55,0,,,,,,,,,,,,,,,,,,,,,,,,,,,,,,,,19.7,,65,,0,0
03/01/2026 20:27:28,d092rmnoovhpfm35n490,81432434001,8143,,BS-14,,,False,True,152,52,54,58,,<nil>,58,58,,<nil>,536,612,613,614,614,0.54,0,,,,,,,,,,,,,,,,,,,,,,,,,,,,,,,,19.7,,65,,0,0
03/01/2026 20:28:28,d092rmnoovhpfm35n490,81432434001,8143,,BS-14,,,False,True,152,52,54,57,,<nil>,57,57,,<nil>,529,604,606,606,606,0.54,0,,,,,,,,,,,,,,,,,,,,,,,,,,,,,,,,19.7,,65,,0,0
03/01/2026 20:29:28,d092rmnoovhpfm35n490,81432434001,8143,,BS-14,,,False,True,153,53,55,59,,<nil>,59,59,,<nil>,544,622,624,624,624,0.55,0,,,,,,,,,,,,,,,,,,,,,,,,,,,,,,,,19.7,,65,,0,0
03/01/2026 20:30:28,d092rmnoovhpfm35n490,81432434001,8143,,BS-14,,,False,True,152,52,55,58,,<nil>,58,58,,<nil>,542,619,620,621,621,0.53,0,,,,,,,,,,,,,,,,,,,,,,,,,,,,,,,,19.6,,65,,0,0
03/01/2026 20:31:28,d092rmnoovhpfm35n490,81432434001,8143,,BS-14,,,False,True,153,53,55,59,,<nil>,59,59,,<nil>,547,624,626,626,626,0.53,0,,,,,,,,,,,,,,,,,,,,,,,,,,,,,,,,19.6,,65,,0,0
03/01/2026 20:32:28,d092rmnoovhpfm35n490,81432434001,8143,,BS-14,,,False,True,153,53,57,60,,<nil>,60,60,,<nil>,560,640,641,641,641,0.54,0,,,,,,,,,,,,,,,,,,,,,,,,,,,,,,,,19.6,,65,,0,0
03/01/2026 20:33:28,d092rmnoovhpfm35n490,81432434001,8143,,BS-14,,,False,True,153,53,57,60,,<nil>,60,60,,<nil>,558,638,639,639,639,0.54,0,,,,,,,,,,,,,,,,,,,,,,,,,,,,,,,,19.6,,65,,0,0
03/01/2026 20:34:28,d092rmnoovhpfm35n490,81432434001,8143,,BS-14,,,False,True,153,53,56,59,,<nil>,59,59,,<nil>,549,627,629,629,629,0.54,0,,,,,,,,,,,,,,,,,,,,,,,,,,,,,,,,19.6,,65,,0,0
03/01/2026 20:35:28,d092rmnoovhpfm35n490,81432434001,8143,,BS-14,,,False,True,153,53,56,59,,<nil>,60,60,,<nil>,554,632,634,634,634,0.54,0,,,,,,,,,,,,,,,,,,,,,,,,,,,,,,,,19.6,,65,,0,0
03/01/2026 20:36:28,d092rmnoovhpfm35n490,81432434001,8143,,BS-14,,,False,True,153,53,56,60,,<nil>,60,60,,<nil>,557,636,637,638,638,0.55,0,,,,,,,,,,,,,,,,,,,,,,,,,,,,,,,,19.5,,65,,0,0
03/01/2026 20:37:28,d092rmnoovhpfm35n490,81432434001,8143,,BS-14,,,False,True,154,54,58,62,,<nil>,62,62,,<nil>,573,655,657,657,657,0.54,0,,,,,,,,,,,,,,,,,,,,,,,,,,,,,,,,19.5,,65,,0,0
03/01/2026 20:38:28,d092rmnoovhpfm35n490,81432434001,8143,,BS-14,,,False,True,154,54,58,61,,<nil>,61,61,,<nil>,572,653,654,654,655,0.54,0,,,,,,,,,,,,,,,,,,,,,,,,,,,,,,,,19.5,,65,,0,0
03/01/2026 20:39:28,d092rmnoovhpfm35n490,81432434001,8143,,BS-14,,,False,True,155,55,59,63,,<nil>,64,64,,<nil>,583,667,669,670,670,0.55,0,,,,,,,,,,,,,,,,,,,,,,,,,,,,,,,,19.5,,65,,0,0
03/01/2026 20:40:28,d092rmnoovhpfm35n490,81432434001,8143,,BS-14,,,False,True,156,56,61,65,,<nil>,65,65,,<nil>,604,690,692,692,692,0.55,0,,,,,,,,,,,,,,,,,,,,,,,,,,,,,,,,19.5,,65,,0,0
03/01/2026 20:41:28,d092rmnoovhpfm35n490,81432434001,8143,,BS-14,,,False,True,155,55,61,64,,<nil>,64,64,,<nil>,599,684,685,686,686,0.53,0,,,,,,,,,,,,,,,,,,,,,,,,,,,,,,,,19.5,,65,,0,0
03/01/2026 20:42:28,d092rmnoovhpfm35n490,81432434001,8143,,BS-14,,,False,True,155,55,60,64,,<nil>,64,64,,<nil>,596,680,682,682,682,0.52,0,,,,,,,,,,,,,,,,,,,,,,,,,,,,,,,,19.5,,65,,0,0
03/01/2026 20:43:28,d092rmnoovhpfm35n490,81432434001,8143,,BS-14,,,False,True,155,55,59,63,,<nil>,63,63,,<nil>,586,669,671,671,671,0.53,0,,,,,,,,,,,,,,,,,,,,,,,,,,,,,,,,19.5,,65,,0,0
03/01/2026 20:44:28,d092rmnoovhpfm35n490,81432434001,8143,,BS-14,,,False,True,155,55,59,63,,<nil>,63,63,,<nil>,584,667,669,669,669,0.55,0,,,,,,,,,,,,,,,,,,,,,,,,,,,,,,,,19.5,,65,,0,0
03/01/2026 20:45:28,d092rmnoovhpfm35n490,81432434001,8143,,BS-14,,,False,True,154,54,58,62,,<nil>,62,62,,<nil>,578,660,662,662,662,0.53,0,,,,,,,,,,,,,,,,,,,,,,,,,,,,,,,,19.5,,65,,0,0
03/01/2026 20:46:28,d092rmnoovhpfm35n490,81432434001,8143,,BS-14,,,False,True,154,54,58,62,,<nil>,62,62,,<nil>,575,657,658,659,659,0.52,0,,,,,,,,,,,,,,,,,,,,,,,,,,,,,,,,19.5,,65,,0,0
03/01/2026 20:47:28,d092rmnoovhpfm35n490,81432434001,8143,,BS-14,,,False,True,155,55,59,63,,<nil>,63,63,,<nil>,582,665,667,667,667,0.54,0,,,,,,,,,,,,,,,,,,,,,,,,,,,,,,,,19.5,,65,,0,0
03/01/2026 20:48:28,d092rmnoovhpfm35n490,81432434001,8143,,BS-14,,,False,True,155,55,59,63,,<nil>,63,63,,<nil>,584,667,669,669,670,0.56,0,,,,,,,,,,,,,,,,,,,,,,,,,,,,,,,,19.5,,65,,0,0
03/01/2026 20:49:28,d092rmnoovhpfm35n490,81432434001,8143,,BS-14,,,False,True,155,55,60,64,,<nil>,64,64,,<nil>,596,680,682,682,682,0.53,0,,,,,,,,,,,,,,,,,,,,,,,,,,,,,,,,19.5,,65,,0,0
03/01/2026 20:50:28,d092rmnoovhpfm35n490,81432434001,8143,,BS-14,,,False,True,155,55,59,63,,<nil>,63,63,,<nil>,587,670,672,672,672,0.54,0,,,,,,,,,,,,,,,,,,,,,,,,,,,,,,,,19.5,,65,,0,0
03/01/2026 20:51:28,d092rmnoovhpfm35n490,81432434001,8143,,BS-14,,,False,True,154,54,58,62,,<nil>,62,62,,<nil>,577,659,660,661,661,0.53,0,,,,,,,,,,,,,,,,,,,,,,,,,,,,,,,,19.5,,65,,0,0
03/01/2026 20:52:28,d092rmnoovhpfm35n490,81432434001,8143,,BS-14,,,False,True,154,54,58,62,,<nil>,62,62,,<nil>,578,660,662,662,662,0.54,0,,,,,,,,,,,,,,,,,,,,,,,,,,,,,,,,19.5,,65,,0,0
03/01/2026 20:53:28,d092rmnoovhpfm35n490,81432434001,8143,,BS-14,,,False,True,154,54,59,62,,<nil>,62,62,,<nil>,579,661,662,663,663,0.54,0,,,,,,,,,,,,,,,,,,,,,,,,,,,,,,,,19.5,,65,,0,0
03/01/2026 20:54:28,d092rmnoovhpfm35n490,81432434001,8143,,BS-14,,,False,True,155,55,59,63,,<nil>,63,64,,<nil>,587,671,673,673,673,0.55,0,,,,,,,,,,,,,,,,,,,,,,,,,,,,,,,,19.5,,65,,0,0
03/01/2026 20:55:28,d092rmnoovhpfm35n490,81432434001,8143,,BS-14,,,False,True,155,55,59,63,,<nil>,63,63,,<nil>,581,664,666,666,666,0.56,0,,,,,,,,,,,,,,,,,,,,,,,,,,,,,,,,19.4,,65,,0,0
03/01/2026 20:56:28,d092rmnoovhpfm35n490,81432434001,8143,,BS-14,,,False,True,154,55,59,62,,<nil>,63,63,,<nil>,584,666,668,668,668,0.54,0,,,,,,,,,,,,,,,,,,,,,,,,,,,,,,,,19.4,,65,,0,0
03/01/2026 20:57:28,d092rmnoovhpfm35n490,81432434001,8143,,BS-14,,,False,True,155,55,60,63,,<nil>,64,64,,<nil>,589,673,675,675,675,0.55,0,,,,,,,,,,,,,,,,,,,,,,,,,,,,,,,,19.4,,65,,0,0
03/01/2026 20:58:28,d092rmnoovhpfm35n490,81432434001,8143,,BS-14,,,False,True,155,55,60,64,,<nil>,64,64,,<nil>,595,679,681,681,682,0.54,0,,,,,,,,,,,,,,,,,,,,,,,,,,,,,,,,19.4,,65,,0,0
03/01/2026 20:59:28,d092rmnoovhpfm35n490,81432434001,8143,,BS-14,,,False,True,154,54,58,61,,<nil>,61,61,,<nil>,569,650,651,652,652,0.54,0,,,,,,,,,,,,,,,,,,,,,,,,,,,,,,,,19.4,,65,,0,0
03/01/2026 21:00:28,d092rmnoovhpfm35n490,81432434001,8143,,BS-14,,,False,True,155,56,61,64,,<nil>,65,65,,<nil>,599,685,687,687,687,0.56,0,,,,,,,,,,,,,,,,,,,,,,,,,,,,,,,,19.4,,65,,0,0
03/01/2026 21:01:28,d092rmnoovhpfm35n490,81432434001,8143,,BS-14,,,False,True,155,55,59,63,,<nil>,64,64,,<nil>,587,671,673,673,673,0.54,0,,,,,,,,,,,,,,,,,,,,,,,,,,,,,,,,19.3,,65,,0,0
03/01/2026 21:02:28,d092rmnoovhpfm35n490,81432434001,8143,,BS-14,,,False,True,154,54,58,62,,<nil>,62,62,,<nil>,574,655,657,657,657,0.55,0,,,,,,,,,,,,,,,,,,,,,,,,,,,,,,,,19.3,,65,,0,0
03/01/2026 21:03:28,d092rmnoovhpfm35n490,81432434001,8143,,BS-14,,,False,True,154,55,59,62,,<nil>,63,63,,<nil>,581,664,666,666,666,0.54,0,,,,,,,,,,,,,,,,,,,,,,,,,,,,,,,,19.3,,65,,0,0
03/01/2026 21:04:28,d092rmnoovhpfm35n490,81432434001,8143,,BS-14,,,False,True,154,54,59,62,,<nil>,62,62,,<nil>,580,662,664,664,664,0.55,0,,,,,,,,,,,,,,,,,,,,,,,,,,,,,,,,19.3,,64,,0,0
03/01/2026 21:05:28,d092rmnoovhpfm35n490,81432434001,8143,,BS-14,,,False,True,154,55,59,62,,<nil>,62,63,,<nil>,579,661,663,663,663,0.55,0,,,,,,,,,,,,,,,,,,,,,,,,,,,,,,,,19.3,,64,,0,0
03/01/2026 21:06:28,d092rmnoovhpfm35n490,81432434001,8143,,BS-14,,,False,True,153,53,56,59,,<nil>,59,59,,<nil>,556,635,636,636,636,0.51,0,,,,,,,,,,,,,,,,,,,,,,,,,,,,,,,,19.3,,64,,0,0
03/01/2026 21:07:28,d092rmnoovhpfm35n490,81432434001,8143,,BS-14,,,False,True,152,53,55,58,,<nil>,58,59,,<nil>,546,624,625,625,625,0.53,0,,,,,,,,,,,,,,,,,,,,,,,,,,,,,,,,19.3,,65,,0,0
03/01/2026 21:08:28,d092rmnoovhpfm35n490,81432434001,8143,,BS-14,,,False,True,154,54,57,61,,<nil>,61,61,,<nil>,566,646,648,648,648,0.53,0,,,,,,,,,,,,,,,,,,,,,,,,,,,,,,,,19.3,,65,,0,0
03/01/2026 21:09:28,d092rmnoovhpfm35n490,81432434001,8143,,BS-14,,,False,True,153,53,56,60,,<nil>,60,60,,<nil>,558,637,639,639,639,0.54,0,,,,,,,,,,,,,,,,,,,,,,,,,,,,,,,,19.3,,65,,0,0
03/01/2026 21:10:28,d092rmnoovhpfm35n490,81432434001,8143,,BS-14,,,False,True,152,52,55,58,,<nil>,58,58,,<nil>,543,620,621,622,622,0.54,0,,,,,,,,,,,,,,,,,,,,,,,,,,,,,,,,19.2,,65,,0,0
03/01/2026 21:11:28,d092rmnoovhpfm35n490,81432434001,8143,,BS-14,,,False,True,152,52,55,58,,<nil>,58,58,,<nil>,540,617,618,618,619,0.53,0,,,,,,,,,,,,,,,,,,,,,,,,,,,,,,,,19.2,,65,,0,0
03/01/2026 21:12:28,d092rmnoovhpfm35n490,81432434001,8143,,BS-14,,,False,True,153,53,56,60,,<nil>,60,60,,<nil>,555,634,636,636,636,0.55,0,,,,,,,,,,,,,,,,,,,,,,,,,,,,,,,,19.2,,65,,0,0
03/01/2026 21:13:28,d092rmnoovhpfm35n490,81432434001,8143,,BS-14,,,False,True,153,53,56,59,,<nil>,59,59,,<nil>,554,632,634,634,634,0.53,0,,,,,,,,,,,,,,,,,,,,,,,,,,,,,,,,19.2,,65,,0,0
03/01/2026 21:14:28,d092rmnoovhpfm35n490,81432434001,8143,,BS-14,,,False,True,153,53,55,59,,<nil>,59,59,,<nil>,547,625,627,627,627,0.56,0,,,,,,,,,,,,,,,,,,,,,,,,,,,,,,,,19.2,,65,,0,0
03/01/2026 21:15:28,d092rmnoovhpfm35n490,81432434001,8143,,BS-14,,,False,True,153,53,55,59,,<nil>,59,59,,<nil>,544,622,624,624,624,0.55,0,,,,,,,,,,,,,,,,,,,,,,,,,,,,,,,,19.2,,64,,0,0
03/01/2026 21:16:28,d092rmnoovhpfm35n490,81432434001,8143,,BS-14,,,False,True,153,53,56,59,,<nil>,59,60,,<nil>,553,632,634,634,634,0.54,0,,,,,,,,,,,,,,,,,,,,,,,,,,,,,,,,19.1,,64,,0,0
03/01/2026 21:17:28,d092rmnoovhpfm35n490,81432434001,8143,,BS-14,,,False,True,153,53,56,59,,<nil>,59,59,,<nil>,554,632,634,634,634,0.54,0,,,,,,,,,,,,,,,,,,,,,,,,,,,,,,,,19.1,,64,,0,0
03/01/2026 21:18:28,d092rmnoovhpfm35n490,81432434001,8143,,BS-14,,,False,True,152,52,55,58,,<nil>,58,58,,<nil>,541,618,619,620,620,0.54,0,,,,,,,,,,,,,,,,,,,,,,,,,,,,,,,,19.1,,64,,0,0
03/01/2026 21:19:28,d092rmnoovhpfm35n490,81432434001,8143,,BS-14,,,False,True,152,52,55,58,,<nil>,58,58,,<nil>,544,622,623,624,624,0.53,0,,,,,,,,,,,,,,,,,,,,,,,,,,,,,,,,19.0,,64,,0,0
03/01/2026 21:20:28,d092rmnoovhpfm35n490,81432434001,8143,,BS-14,,,False,True,153,53,55,59,,<nil>,59,59,,<nil>,549,627,629,629,629,0.54,0,,,,,,,,,,,,,,,,,,,,,,,,,,,,,,,,19.0,,65,,0,0
03/01/2026 21:21:28,d092rmnoovhpfm35n490,81432434001,8143,,BS-14,,,False,True,154,54,57,61,,<nil>,61,62,,<nil>,567,649,651,651,651,0.54,0,,,,,,,,,,,,,,,,,,,,,,,,,,,,,,,,18.9,,65,,0,0
03/01/2026 21:22:28,d092rmnoovhpfm35n490,81432434001,8143,,BS-14,,,False,True,154,54,57,61,,<nil>,61,61,,<nil>,565,646,648,648,648,0.54,0,,,,,,,,,,,,,,,,,,,,,,,,,,,,,,,,18.9,,65,,0,0
03/01/2026 21:23:28,d092rmnoovhpfm35n490,81432434001,8143,,BS-14,,,False,True,153,54,57,60,,<nil>,61,61,,<nil>,565,645,647,647,647,0.55,0,,,,,,,,,,,,,,,,,,,,,,,,,,,,,,,,18.9,,65,,0,0
03/01/2026 21:24:28,d092rmnoovhpfm35n490,81432434001,8143,,BS-14,,,False,True,154,54,58,61,,<nil>,62,62,,<nil>,574,656,658,659,659,0.55,0,,,,,,,,,,,,,,,,,,,,,,,,,,,,,,,,18.8,,65,,0,0
03/01/2026 21:25:28,d092rmnoovhpfm35n490,81432434001,8143,,BS-14,,,False,True,155,55,60,63,,<nil>,64,64,,<nil>,592,677,679,679,679,0.55,0,,,,,,,,,,,,,,,,,,,,,,,,,,,,,,,,18.8,,65,,0,0
03/01/2026 21:26:28,d092rmnoovhpfm35n490,81432434001,8143,,BS-14,,,False,True,154,54,58,61,,<nil>,61,62,,<nil>,574,655,657,657,657,0.54,0,,,,,,,,,,,,,,,,,,,,,,,,,,,,,,,,18.7,,65,,0,0
03/01/2026 21:27:28,d092rmnoovhpfm35n490,81432434001,8143,,BS-14,,,False,True,154,55,58,62,,<nil>,62,63,,<nil>,580,663,665,665,665,0.56,0,,,,,,,,,,,,,,,,,,,,,,,,,,,,,,,,18.7,,65,,0,0
03/01/2026 21:28:28,d092rmnoovhpfm35n490,81432434001,8143,,BS-14,,,False,True,155,55,59,63,,<nil>,63,63,,<nil>,583,667,669,669,669,0.56,0,,,,,,,,,,,,,,,,,,,,,,,,,,,,,,,,18.7,,66,,0,0
03/01/2026 21:29:28,d092rmnoovhpfm35n490,81432434001,8143,,BS-14,,,False,True,153,53,56,60,,<nil>,60,60,,<nil>,560,639,641,641,641,0.53,0,,,,,,,,,,,,,,,,,,,,,,,,,,,,,,,,18.6,,66,,0,0
03/01/2026 21:30:28,d092rmnoovhpfm35n490,81432434001,8143,,BS-14,,,False,True,154,54,57,61,,<nil>,61,61,,<nil>,567,648,650,650,650,0.55,0,,,,,,,,,,,,,,,,,,,,,,,,,,,,,,,,18.6,,66,,0,0
03/01/2026 21:31:28,d092rmnoovhpfm35n490,81432434001,8143,,BS-14,,,False,True,153,53,56,59,,<nil>,60,60,,<nil>,558,637,639,639,639,0.54,0,,,,,,,,,,,,,,,,,,,,,,,,,,,,,,,,18.6,,66,,0,0
03/01/2026 21:32:28,d092rmnoovhpfm35n490,81432434001,8143,,BS-14,,,False,True,153,53,57,60,,<nil>,60,60,,<nil>,568,648,650,650,650,0.53,0,,,,,,,,,,,,,,,,,,,,,,,,,,,,,,,,18.6,,66,,0,0
03/01/2026 21:33:28,d092rmnoovhpfm35n490,81432434001,8143,,BS-14,,,False,True,153,53,56,60,,<nil>,60,60,,<nil>,559,639,641,641,641,0.55,0,,,,,,,,,,,,,,,,,,,,,,,,,,,,,,,,18.6,,66,,0,0
03/01/2026 21:34:28,d092rmnoovhpfm35n490,81432434001,8143,,BS-14,,,False,True,153,53,56,60,,<nil>,60,60,,<nil>,561,641,642,643,643,0.55,0,,,,,,,,,,,,,,,,,,,,,,,,,,,,,,,,18.6,,66,,0,0
03/01/2026 21:35:28,d092rmnoovhpfm35n490,81432434001,8143,,BS-14,,,False,True,153,53,57,60,,<nil>,60,60,,<nil>,563,643,645,645,645,0.54,0,,,,,,,,,,,,,,,,,,,,,,,,,,,,,,,,18.5,,66,,0,0
03/01/2026 21:36:28,d092rmnoovhpfm35n490,81432434001,8143,,BS-14,,,False,True,153,54,57,60,,<nil>,60,61,,<nil>,564,645,647,647,647,0.55,0,,,,,,,,,,,,,,,,,,,,,,,,,,,,,,,,18.5,,66,,0,0
03/01/2026 21:37:28,d092rmnoovhpfm35n490,81432434001,8143,,BS-14,,,False,True,153,53,55,59,,<nil>,59,59,,<nil>,550,628,630,630,630,0.54,0,,,,,,,,,,,,,,,,,,,,,,,,,,,,,,,,18.5,,66,,0,0
03/01/2026 21:38:28,d092rmnoovhpfm35n490,81432434001,8143,,BS-14,,,False,True,153,53,56,59,,<nil>,60,60,,<nil>,559,638,640,640,640,0.54,0,,,,,,,,,,,,,,,,,,,,,,,,,,,,,,,,18.5,,66,,0,0
03/01/2026 21:39:28,d092rmnoovhpfm35n490,81432434001,8143,,BS-14,,,False,True,153,53,56,59,,<nil>,59,59,,<nil>,555,634,635,636,636,0.55,0,,,,,,,,,,,,,,,,,,,,,,,,,,,,,,,,18.5,,66,,0,0
03/01/2026 21:40:28,d092rmnoovhpfm35n490,81432434001,8143,,BS-14,,,False,True,154,54,58,61,,<nil>,61,62,,<nil>,573,655,657,657,657,0.55,0,,,,,,,,,,,,,,,,,,,,,,,,,,,,,,,,18.5,,66,,0,0
03/01/2026 21:41:28,d092rmnoovhpfm35n490,81432434001,8143,,BS-14,,,False,True,153,53,56,59,,<nil>,59,59,,<nil>,560,639,640,641,641,0.51,0,,,,,,,,,,,,,,,,,,,,,,,,,,,,,,,,18.5,,66,,0,0
03/01/2026 21:42:29,d092rmnoovhpfm35n490,81432434001,8143,,BS-14,,,False,True,152,53,55,58,,<nil>,58,59,,<nil>,549,627,629,629,629,0.53,0,,,,,,,,,,,,,,,,,,,,,,,,,,,,,,,,18.5,,66,,0,0
03/01/2026 21:43:29,d092rmnoovhpfm35n490,81432434001,8143,,BS-14,,,False,True,152,52,55,58,,<nil>,58,58,,<nil>,547,625,626,626,627,0.53,0,,,,,,,,,,,,,,,,,,,,,,,,,,,,,,,,18.5,,66,,0,0
03/01/2026 21:44:29,d092rmnoovhpfm35n490,81432434001,8143,,BS-14,,,False,True,152,52,55,58,,<nil>,58,58,,<nil>,544,621,623,623,623,0.54,0,,,,,,,,,,,,,,,,,,,,,,,,,,,,,,,,18.4,,66,,0,0
03/01/2026 21:45:29,d092rmnoovhpfm35n490,81432434001,8143,,BS-14,,,False,True,152,52,54,57,,<nil>,58,58,,<nil>,537,614,616,616,616,0.55,0,,,,,,,,,,,,,,,,,,,,,,,,,,,,,,,,18.4,,66,,0,0
03/01/2026 21:46:29,d092rmnoovhpfm35n490,81432434001,8143,,BS-14,,,False,True,153,53,55,59,,<nil>,59,59,,<nil>,553,632,634,634,634,0.55,0,,,,,,,,,,,,,,,,,,,,,,,,,,,,,,,,18.4,,66,,0,0
03/01/2026 21:47:30,d092rmnoovhpfm35n490,81432434001,8143,,BS-14,,,False,True,153,53,57,60,,<nil>,60,60,,<nil>,566,646,648,648,648,0.53,0,,,,,,,,,,,,,,,,,,,,,,,,,,,,,,,,18.4,,66,,0,0
03/01/2026 21:48:30,d092rmnoovhpfm35n490,81432434001,8143,,BS-14,,,False,True,152,52,55,58,,<nil>,58,58,,<nil>,551,629,630,630,631,0.53,0,,,,,,,,,,,,,,,,,,,,,,,,,,,,,,,,18.4,,66,,0,0
03/01/2026 21:49:30,d092rmnoovhpfm35n490,81432434001,8143,,BS-14,,,False,True,152,52,54,58,,<nil>,58,58,,<nil>,544,621,622,623,623,0.54,0,,,,,,,,,,,,,,,,,,,,,,,,,,,,,,,,18.3,,66,,0,0
03/01/2026 21:50:30,d092rmnoovhpfm35n490,81432434001,8143,,BS-14,,,False,True,153,53,56,59,,<nil>,59,60,,<nil>,557,636,638,638,638,0.53,0,,,,,,,,,,,,,,,,,,,,,,,,,,,,,,,,18.3,,66,,0,0
03/01/2026 21:51:30,d092rmnoovhpfm35n490,81432434001,8143,,BS-14,,,False,True,152,52,55,58,,<nil>,58,58,,<nil>,553,631,632,632,632,0.52,0,,,,,,,,,,,,,,,,,,,,,,,,,,,,,,,,18.3,,66,,0,0
03/01/2026 21:52:30,d092rmnoovhpfm35n490,81432434001,8143,,BS-14,,,False,True,153,53,55,59,,<nil>,59,59,,<nil>,555,633,635,635,635,0.54,0,,,,,,,,,,,,,,,,,,,,,,,,,,,,,,,,18.2,,66,,0,0
03/01/2026 21:53:30,d092rmnoovhpfm35n490,81432434001,8143,,BS-14,,,False,True,153,53,55,59,,<nil>,59,59,,<nil>,554,633,634,634,635,0.55,0,,,,,,,,,,,,,,,,,,,,,,,,,,,,,,,,18.2,,66,,0,0
03/01/2026 21:54:30,d092rmnoovhpfm35n490,81432434001,8143,,BS-14,,,False,True,153,53,56,59,,<nil>,59,59,,<nil>,558,638,639,640,640,0.55,0,,,,,,,,,,,,,,,,,,,,,,,,,,,,,,,,18.2,,66,,0,0
03/01/2026 21:55:30,d092rmnoovhpfm35n490,81432434001,8143,,BS-14,,,False,True,153,53,56,60,,<nil>,60,60,,<nil>,563,643,645,645,645,0.54,0,,,,,,,,,,,,,,,,,,,,,,,,,,,,,,,,18.2,,66,,0,0
03/01/2026 21:56:30,d092rmnoovhpfm35n490,81432434001,8143,,BS-14,,,False,True,153,53,56,59,,<nil>,60,60,,<nil>,557,637,639,639,639,0.54,0,,,,,,,,,,,,,,,,,,,,,,,,,,,,,,,,18.2,,66,,0,0
03/01/2026 21:57:30,d092rmnoovhpfm35n490,81432434001,8143,,BS-14,,,False,True,153,53,57,60,,<nil>,60,60,,<nil>,565,645,647,647,647,0.53,0,,,,,,,,,,,,,,,,,,,,,,,,,,,,,,,,18.2,,66,,0,0
03/01/2026 21:58:30,d092rmnoovhpfm35n490,81432434001,8143,,BS-14,,,False,True,154,54,57,61,,<nil>,61,61,,<nil>,573,654,656,656,656,0.53,0,,,,,,,,,,,,,,,,,,,,,,,,,,,,,,,,18.2,,66,,0,0
03/01/2026 21:59:30,d092rmnoovhpfm35n490,81432434001,8143,,BS-14,,,False,True,153,53,57,60,,<nil>,60,60,,<nil>,570,651,652,653,653,0.53,0,,,,,,,,,,,,,,,,,,,,,,,,,,,,,,,,18.1,,66,,0,0
03/01/2026 22:00:30,d092rmnoovhpfm35n490,81432434001,8143,,BS-14,,,False,True,153,53,57,60,,<nil>,60,60,,<nil>,565,646,647,648,648,0.55,0,,,,,,,,,,,,,,,,,,,,,,,,,,,,,,,,18.1,,67,,0,0
03/01/2026 22:01:30,d092rmnoovhpfm35n490,81432434001,8143,,BS-14,,,False,True,153,53,57,60,,<nil>,60,60,,<nil>,567,647,649,649,649,0.53,0,,,,,,,,,,,,,,,,,,,,,,,,,,,,,,,,18.1,,67,,0,0
03/01/2026 22:02:30,d092rmnoovhpfm35n490,81432434001,8143,,BS-14,,,False,True,153,53,56,59,,<nil>,59,59,,<nil>,558,637,639,639,639,0.54,0,,,,,,,,,,,,,,,,,,,,,,,,,,,,,,,,18.0,,67,,0,0
03/01/2026 22:03:30,d092rmnoovhpfm35n490,81432434001,8143,,BS-14,,,False,True,153,53,57,60,,<nil>,60,60,,<nil>,570,651,653,653,653,0.53,0,,,,,,,,,,,,,,,,,,,,,,,,,,,,,,,,18.0,,67,,0,0
03/01/2026 22:04:30,d092rmnoovhpfm35n490,81432434001,8143,,BS-14,,,False,True,154,54,58,61,,<nil>,61,61,,<nil>,576,658,659,660,660,0.55,0,,,,,,,,,,,,,,,,,,,,,,,,,,,,,,,,18.0,,67,,0,0
03/01/2026 22:05:30,d092rmnoovhpfm35n490,81432434001,8143,,BS-14,,,False,True,153,54,57,60,,<nil>,60,61,,<nil>,565,646,648,648,649,0.55,0,,,,,,,,,,,,,,,,,,,,,,,,,,,,,,,,18.0,,67,,0,0
03/01/2026 22:06:30,d092rmnoovhpfm35n490,81432434001,8143,,BS-14,,,False,True,153,53,56,60,,<nil>,60,60,,<nil>,564,644,646,646,646,0.53,0,,,,,,,,,,,,,,,,,,,,,,,,,,,,,,,,18.0,,67,,0,0
03/01/2026 22:07:30,d092rmnoovhpfm35n490,81432434001,8143,,BS-14,,,False,True,154,54,58,61,,<nil>,62,62,,<nil>,580,663,664,665,665,0.55,0,,,,,,,,,,,,,,,,,,,,,,,,,,,,,,,,18.0,,68,,0,0
03/01/2026 22:08:30,d092rmnoovhpfm35n490,81432434001,8143,,BS-14,,,False,True,154,54,58,62,,<nil>,62,62,,<nil>,581,664,666,666,666,0.55,0,,,,,,,,,,,,,,,,,,,,,,,,,,,,,,,,18.0,,67,,0,0
03/01/2026 22:09:30,d092rmnoovhpfm35n490,81432434001,8143,,BS-14,,,False,True,154,54,57,61,,<nil>,61,61,,<nil>,570,652,654,654,654,0.55,0,,,,,,,,,,,,,,,,,,,,,,,,,,,,,,,,18.0,,67,,0,0
03/01/2026 22:10:30,d092rmnoovhpfm35n490,81432434001,8143,,BS-14,,,False,True,154,54,58,61,,<nil>,62,62,,<nil>,579,661,663,663,663,0.55,0,,,,,,,,,,,,,,,,,,,,,,,,,,,,,,,,18.0,,67,,0,0
03/01/2026 22:11:30,d092rmnoovhpfm35n490,81432434001,8143,,BS-14,,,False,True,153,53,57,60,,<nil>,60,60,,<nil>,572,652,654,654,654,0.53,0,,,,,,,,,,,,,,,,,,,,,,,,,,,,,,,,18.0,,67,,0,0
03/01/2026 22:12:30,d092rmnoovhpfm35n490,81432434001,8143,,BS-14,,,False,True,154,54,57,61,,<nil>,61,61,,<nil>,575,657,658,658,659,0.54,0,,,,,,,,,,,,,,,,,,,,,,,,,,,,,,,,18.0,,67,,0,0
03/01/2026 22:13:30,d092rmnoovhpfm35n490,81432434001,8143,,BS-14,,,False,True,155,55,60,64,,<nil>,64,64,,<nil>,604,689,691,692,692,0.55,0,,,,,,,,,,,,,,,,,,,,,,,,,,,,,,,,17.9,,67,,0,0
03/01/2026 22:14:30,d092rmnoovhpfm35n490,81432434001,8143,,BS-14,,,False,True,155,55,60,64,,<nil>,64,64,,<nil>,601,686,688,688,688,0.55,0,,,,,,,,,,,,,,,,,,,,,,,,,,,,,,,,17.9,,67,,0,0
03/01/2026 22:15:30,d092rmnoovhpfm35n490,81432434001,8143,,BS-14,,,False,True,154,54,57,61,,<nil>,61,61,,<nil>,573,654,656,656,656,0.54,0,,,,,,,,,,,,,,,,,,,,,,,,,,,,,,,,17.9,,67,,0,0
03/01/2026 22:16:30,d092rmnoovhpfm35n490,81432434001,8143,,BS-14,,,False,True,153,54,57,60,,<nil>,61,61,,<nil>,568,649,651,652,652,0.55,0,,,,,,,,,,,,,,,,,,,,,,,,,,,,,,,,17.9,,67,,0,0
03/01/2026 22:17:30,d092rmnoovhpfm35n490,81432434001,8143,,BS-14,,,False,True,154,54,58,62,,<nil>,62,62,,<nil>,580,663,665,665,666,0.56,0,,,,,,,,,,,,,,,,,,,,,,,,,,,,,,,,17.9,,67,,0,0
03/01/2026 22:18:30,d092rmnoovhpfm35n490,81432434001,8143,,BS-14,,,False,True,154,54,57,61,,<nil>,61,61,,<nil>,573,655,657,657,657,0.54,0,,,,,,,,,,,,,,,,,,,,,,,,,,,,,,,,17.9,,67,,0,0
03/01/2026 22:19:30,d092rmnoovhpfm35n490,81432434001,8143,,BS-14,,,False,True,155,55,59,63,,<nil>,63,63,,<nil>,592,676,678,678,678,0.54,0,,,,,,,,,,,,,,,,,,,,,,,,,,,,,,,,17.9,,67,,0,0
03/01/2026 22:20:30,d092rmnoovhpfm35n490,81432434001,8143,,BS-14,,,False,True,154,54,58,62,,<nil>,62,62,,<nil>,581,664,666,666,666,0.55,0,,,,,,,,,,,,,,,,,,,,,,,,,,,,,,,,17.9,,67,,0,0
03/01/2026 22:21:30,d092rmnoovhpfm35n490,81432434001,8143,,BS-14,,,False,True,154,54,58,62,,<nil>,62,62,,<nil>,586,669,671,671,672,0.54,0,,,,,,,,,,,,,,,,,,,,,,,,,,,,,,,,17.9,,67,,0,0
03/01/2026 22:22:30,d092rmnoovhpfm35n490,81432434001,8143,,BS-14,,,False,True,154,55,59,62,,<nil>,63,63,,<nil>,590,674,676,676,676,0.54,0,,,,,,,,,,,,,,,,,,,,,,,,,,,,,,,,17.9,,67,,0,0
03/01/2026 22:23:30,d092rmnoovhpfm35n490,81432434001,8143,,BS-14,,,False,True,154,54,58,62,,<nil>,62,62,,<nil>,584,666,668,668,669,0.54,0,,,,,,,,,,,,,,,,,,,,,,,,,,,,,,,,17.8,,68,,0,0
03/01/2026 22:24:30,d092rmnoovhpfm35n490,81432434001,8143,,BS-14,,,False,True,154,54,57,61,,<nil>,62,62,,<nil>,574,657,659,659,659,0.55,0,,,,,,,,,,,,,,,,,,,,,,,,,,,,,,,,17.8,,68,,0,0
03/01/2026 22:25:30,d092rmnoovhpfm35n490,81432434001,8143,,BS-14,,,False,True,154,54,57,61,,<nil>,61,61,,<nil>,572,654,656,656,657,0.55,0,,,,,,,,,,,,,,,,,,,,,,,,,,,,,,,,17.8,,68,,0,0
03/01/2026 22:26:30,d092rmnoovhpfm35n490,81432434001,8143,,BS-14,,,False,True,153,53,57,60,,<nil>,60,60,,<nil>,569,649,651,651,651,0.54,0,,,,,,,,,,,,,,,,,,,,,,,,,,,,,,,,17.8,,68,,0,0
03/01/2026 22:27:30,d092rmnoovhpfm35n490,81432434001,8143,,BS-14,,,False,True,153,54,57,60,,<nil>,61,61,,<nil>,570,651,653,653,653,0.54,0,,,,,,,,,,,,,,,,,,,,,,,,,,,,,,,,17.8,,68,,0,0
03/01/2026 22:28:31,d092rmnoovhpfm35n490,81432434001,8143,,BS-14,,,False,True,154,54,58,61,,<nil>,62,62,,<nil>,580,663,665,665,665,0.55,0,,,,,,,,,,,,,,,,,,,,,,,,,,,,,,,,17.8,,68,,0,0
03/01/2026 22:29:31,d092rmnoovhpfm35n490,81432434001,8143,,BS-14,,,False,True,153,53,57,60,,<nil>,60,60,,<nil>,572,653,655,655,655,0.53,0,,,,,,,,,,,,,,,,,,,,,,,,,,,,,,,,17.8,,68,,0,0
03/01/2026 22:30:31,d092rmnoovhpfm35n490,81432434001,8143,,BS-14,,,False,True,153,53,56,60,,<nil>,60,60,,<nil>,565,645,647,647,647,0.55,0,,,,,,,,,,,,,,,,,,,,,,,,,,,,,,,,17.8,,68,,0,0
03/01/2026 22:31:31,d092rmnoovhpfm35n490,81432434001,8143,,BS-14,,,False,True,153,53,57,60,,<nil>,60,60,,<nil>,571,651,653,653,653,0.53,0,,,,,,,,,,,,,,,,,,,,,,,,,,,,,,,,17.8,,68,,0,0
03/01/2026 22:32:31,d092rmnoovhpfm35n490,81432434001,8143,,BS-14,,,False,True,153,53,56,59,,<nil>,60,60,,<nil>,564,644,645,645,646,0.53,0,,,,,,,,,,,,,,,,,,,,,,,,,,,,,,,,17.8,,68,,0,0
03/01/2026 22:33:31,d092rmnoovhpfm35n490,81432434001,8143,,BS-14,,,False,True,153,53,56,60,,<nil>,60,60,,<nil>,567,647,649,649,649,0.54,0,,,,,,,,,,,,,,,,,,,,,,,,,,,,,,,,17.8,,68,,0,0
03/01/2026 22:34:31,d092rmnoovhpfm35n490,81432434001,8143,,BS-14,,,False,True,153,53,56,59,,<nil>,59,60,,<nil>,559,639,640,641,641,0.55,0,,,,,,,,,,,,,,,,,,,,,,,,,,,,,,,,17.8,,68,,0,0
03/01/2026 22:35:31,d092rmnoovhpfm35n490,81432434001,8143,,BS-14,,,False,True,153,54,57,60,,<nil>,61,61,,<nil>,571,652,654,654,654,0.55,0,,,,,,,,,,,,,,,,,,,,,,,,,,,,,,,,17.8,,68,,0,0
03/01/2026 22:36:31,d092rmnoovhpfm35n490,81432434001,8143,,BS-14,,,False,True,154,55,59,62,,<nil>,63,63,,<nil>,593,677,678,679,679,0.52,0,,,,,,,,,,,,,,,,,,,,,,,,,,,,,,,,17.8,,68,,0,0
03/01/2026 22:37:31,d092rmnoovhpfm35n490,81432434001,8143,,BS-14,,,False,True,155,55,59,63,,<nil>,63,63,,<nil>,593,678,680,680,680,0.55,0,,,,,,,,,,,,,,,,,,,,,,,,,,,,,,,,17.8,,68,,0,0
03/01/2026 22:38:31,d092rmnoovhpfm35n490,81432434001,8143,,BS-14,,,False,True,156,56,61,65,,<nil>,65,65,,<nil>,609,697,699,699,699,0.56,0,,,,,,,,,,,,,,,,,,,,,,,,,,,,,,,,17.7,,68,,0,0
03/01/2026 22:39:31,d092rmnoovhpfm35n490,81432434001,8143,,BS-14,,,False,True,155,56,60,64,,<nil>,65,65,,<nil>,603,690,692,693,693,0.57,0,,,,,,,,,,,,,,,,,,,,,,,,,,,,,,,,17.7,,68,,0,0
03/01/2026 22:40:31,d092rmnoovhpfm35n490,81432434001,8143,,BS-14,,,False,True,157,57,63,67,,<nil>,68,68,,<nil>,632,723,725,725,726,0.55,0,,,,,,,,,,,,,,,,,,,,,,,,,,,,,,,,17.7,,68,,0,0
03/01/2026 22:41:31,d092rmnoovhpfm35n490,81432434001,8143,,BS-14,,,False,True,154,54,58,62,,<nil>,62,62,,<nil>,581,664,666,666,667,0.55,0,,,,,,,,,,,,,,,,,,,,,,,,,,,,,,,,17.7,,68,,0,0
03/01/2026 22:42:31,d092rmnoovhpfm35n490,81432434001,8143,,BS-14,,,False,True,154,54,58,62,,<nil>,62,62,,<nil>,585,668,670,670,670,0.54,0,,,,,,,,,,,,,,,,,,,,,,,,,,,,,,,,17.7,,68,,0,0
03/01/2026 22:43:31,d092rmnoovhpfm35n490,81432434001,8143,,BS-14,,,False,True,154,54,58,61,,<nil>,61,62,,<nil>,580,663,664,664,665,0.55,0,,,,,,,,,,,,,,,,,,,,,,,,,,,,,,,,17.7,,68,,0,0
03/01/2026 22:44:31,d092rmnoovhpfm35n490,81432434001,8143,,BS-14,,,False,True,153,53,56,59,,<nil>,59,59,,<nil>,561,641,643,643,643,0.54,0,,,,,,,,,,,,,,,,,,,,,,,,,,,,,,,,17.7,,68,,0,0
03/01/2026 22:45:31,d092rmnoovhpfm35n490,81432434001,8143,,BS-14,,,False,True,153,53,55,59,,<nil>,59,59,,<nil>,552,631,633,633,633,0.56,0,,,,,,,,,,,,,,,,,,,,,,,,,,,,,,,,17.7,,68,,0,0
03/01/2026 22:46:31,d092rmnoovhpfm35n490,81432434001,8143,,BS-14,,,False,True,152,53,55,58,,<nil>,58,59,,<nil>,550,628,630,630,630,0.54,0,,,,,,,,,,,,,,,,,,,,,,,,,,,,,,,,17.7,,68,,0,0
03/01/2026 22:47:31,d092rmnoovhpfm35n490,81432434001,8143,,BS-14,,,False,True,153,53,56,59,,<nil>,59,59,,<nil>,557,637,639,639,639,0.54,0,,,,,,,,,,,,,,,,,,,,,,,,,,,,,,,,17.7,,68,,0,0
03/01/2026 22:48:31,d092rmnoovhpfm35n490,81432434001,8143,,BS-14,,,False,True,153,53,56,59,,<nil>,59,59,,<nil>,558,637,639,639,639,0.53,0,,,,,,,,,,,,,,,,,,,,,,,,,,,,,,,,17.7,,68,,0,0
03/01/2026 22:49:31,d092rmnoovhpfm35n490,81432434001,8143,,BS-14,,,False,True,152,52,54,57,,<nil>,57,57,,<nil>,545,622,623,623,623,0.53,0,,,,,,,,,,,,,,,,,,,,,,,,,,,,,,,,17.6,,68,,0,0
03/01/2026 22:50:31,d092rmnoovhpfm35n490,81432434001,8143,,BS-14,,,False,True,152,52,54,57,,<nil>,57,57,,<nil>,540,617,619,619,619,0.56,0,,,,,,,,,,,,,,,,,,,,,,,,,,,,,,,,17.6,,68,,0,0
03/01/2026 22:51:31,d092rmnoovhpfm35n490,81432434001,8143,,BS-14,,,False,True,152,52,54,57,,<nil>,57,57,,<nil>,538,615,616,616,617,0.54,0,,,,,,,,,,,,,,,,,,,,,,,,,,,,,,,,17.6,,68,,0,0
03/01/2026 22:52:31,d092rmnoovhpfm35n490,81432434001,8143,,BS-14,,,False,True,152,53,55,58,,<nil>,59,59,,<nil>,554,633,634,635,635,0.55,0,,,,,,,,,,,,,,,,,,,,,,,,,,,,,,,,17.6,,68,,0,0
03/01/2026 22:53:31,d092rmnoovhpfm35n490,81432434001,8143,,BS-14,,,False,True,153,53,56,59,,<nil>,59,59,,<nil>,559,638,640,640,640,0.54,0,,,,,,,,,,,,,,,,,,,,,,,,,,,,,,,,17.6,,68,,0,0
03/01/2026 22:54:31,d092rmnoovhpfm35n490,81432434001,8143,,BS-14,,,False,True,154,54,57,61,,<nil>,61,61,,<nil>,575,657,659,660,660,0.56,0,,,,,,,,,,,,,,,,,,,,,,,,,,,,,,,,17.6,,68,,0,0
03/01/2026 22:55:31,d092rmnoovhpfm35n490,81432434001,8143,,BS-14,,,False,True,154,55,58,62,,<nil>,62,63,,<nil>,585,669,671,672,672,0.55,0,,,,,,,,,,,,,,,,,,,,,,,,,,,,,,,,17.6,,68,,0,0
03/01/2026 22:56:31,d092rmnoovhpfm35n490,81432434001,8143,,BS-14,,,False,True,155,55,59,63,,<nil>,63,64,,<nil>,595,680,682,682,682,0.55,0,,,,,,,,,,,,,,,,,,,,,,,,,,,,,,,,17.6,,68,,0,0
03/01/2026 22:57:31,d092rmnoovhpfm35n490,81432434001,8143,,BS-14,,,False,True,154,54,58,61,,<nil>,61,62,,<nil>,579,661,663,663,664,0.54,0,,,,,,,,,,,,,,,,,,,,,,,,,,,,,,,,17.6,,68,,0,0
03/01/2026 22:58:31,d092rmnoovhpfm35n490,81432434001,8143,,BS-14,,,False,True,153,54,57,60,,<nil>,61,61,,<nil>,572,653,655,655,655,0.55,0,,,,,,,,,,,,,,,,,,,,,,,,,,,,,,,,17.6,,68,,0,0
03/01/2026 22:59:31,d092rmnoovhpfm35n490,81432434001,8143,,BS-14,,,False,True,154,54,58,62,,<nil>,62,62,,<nil>,581,664,666,666,666,0.55,0,,,,,,,,,,,,,,,,,,,,,,,,,,,,,,,,17.6,,68,,0,0
03/01/2026 23:00:31,d092rmnoovhpfm35n490,81432434001,8143,,BS-14,,,False,True,155,55,59,63,,<nil>,63,63,,<nil>,594,678,680,680,680,0.54,0,,,,,,,,,,,,,,,,,,,,,,,,,,,,,,,,17.6,,68,,0,0
03/01/2026 23:01:31,d092rmnoovhpfm35n490,81432434001,8143,,BS-14,,,False,True,155,55,59,63,,<nil>,63,63,,<nil>,592,677,679,680,680,0.56,0,,,,,,,,,,,,,,,,,,,,,,,,,,,,,,,,17.6,,68,,0,0
03/01/2026 23:02:31,d092rmnoovhpfm35n490,81432434001,8143,,BS-14,,,False,True,155,55,60,63,,<nil>,64,64,,<nil>,598,683,686,686,686,0.56,0,,,,,,,,,,,,,,,,,,,,,,,,,,,,,,,,17.5,,68,,0,0
03/01/2026 23:03:31,d092rmnoovhpfm35n490,81432434001,8143,,BS-14,,,False,True,154,54,58,62,,<nil>,62,62,,<nil>,587,671,673,673,674,0.55,0,,,,,,,,,,,,,,,,,,,,,,,,,,,,,,,,17.5,,68,,0,0
03/01/2026 23:04:31,d092rmnoovhpfm35n490,81432434001,8143,,BS-14,,,False,True,154,54,58,61,,<nil>,62,62,,<nil>,579,662,665,665,665,0.56,0,,,,,,,,,,,,,,,,,,,,,,,,,,,,,,,,17.5,,68,,0,0
03/01/2026 23:05:31,d092rmnoovhpfm35n490,81432434001,8143,,BS-14,,,False,True,154,54,58,61,,<nil>,61,61,,<nil>,579,661,663,663,663,0.52,0,,,,,,,,,,,,,,,,,,,,,,,,,,,,,,,,17.5,,68,,0,0
03/01/2026 23:06:31,d092rmnoovhpfm35n490,81432434001,8143,,BS-14,,,False,True,153,53,56,60,,<nil>,60,60,,<nil>,567,648,650,651,651,0.55,0,,,,,,,,,,,,,,,,,,,,,,,,,,,,,,,,17.5,,69,,0,0
03/01/2026 23:07:31,d092rmnoovhpfm35n490,81432434001,8143,,BS-14,,,False,True,153,53,55,59,,<nil>,59,59,,<nil>,557,636,638,638,638,0.55,0,,,,,,,,,,,,,,,,,,,,,,,,,,,,,,,,17.4,,69,,0,0
03/01/2026 23:08:31,d092rmnoovhpfm35n490,81432434001,8143,,BS-14,,,False,True,153,53,56,59,,<nil>,59,60,,<nil>,561,641,643,643,643,0.54,0,,,,,,,,,,,,,,,,,,,,,,,,,,,,,,,,17.4,,69,,0,0
03/01/2026 23:09:31,d092rmnoovhpfm35n490,81432434001,8143,,BS-14,,,False,True,152,52,54,57,,<nil>,57,57,,<nil>,546,624,625,625,625,0.53,0,,,,,,,,,,,,,,,,,,,,,,,,,,,,,,,,17.4,,69,,0,0
03/01/2026 23:10:31,d092rmnoovhpfm35n490,81432434001,8143,,BS-14,,,False,True,153,53,56,60,,<nil>,60,60,,<nil>,565,646,647,648,648,0.55,0,,,,,,,,,,,,,,,,,,,,,,,,,,,,,,,,17.4,,69,,0,0
03/01/2026 23:11:31,d092rmnoovhpfm35n490,81432434001,8143,,BS-14,,,False,True,153,53,56,60,,<nil>,60,60,,<nil>,565,646,648,648,648,0.54,0,,,,,,,,,,,,,,,,,,,,,,,,,,,,,,,,17.4,,69,,0,0
03/01/2026 23:12:31,d092rmnoovhpfm35n490,81432434001,8143,,BS-14,,,False,True,154,54,58,62,,<nil>,62,62,,<nil>,583,667,668,669,669,0.55,0,,,,,,,,,,,,,,,,,,,,,,,,,,,,,,,,17.4,,69,,0,0
03/01/2026 23:13:31,d092rmnoovhpfm35n490,81432434001,8143,,BS-14,,,False,True,154,55,58,62,,<nil>,62,63,,<nil>,585,669,671,672,672,0.54,0,,,,,,,,,,,,,,,,,,,,,,,,,,,,,,,,17.5,,69,,0,0
03/01/2026 23:14:31,d092rmnoovhpfm35n490,81432434001,8143,,BS-14,,,False,True,153,53,56,59,,<nil>,60,60,,<nil>,565,645,646,647,647,0.54,0,,,,,,,,,,,,,,,,,,,,,,,,,,,,,,,,17.5,,69,,0,0
03/01/2026 23:15:31,d092rmnoovhpfm35n490,81432434001,8143,,BS-14,,,False,True,152,52,54,57,,<nil>,57,58,,<nil>,541,618,620,620,620,0.56,0,,,,,,,,,,,,,,,,,,,,,,,,,,,,,,,,17.5,,69,,0,0
03/01/2026 23:16:31,d092rmnoovhpfm35n490,81432434001,8143,,BS-14,,,False,True,153,53,56,60,,<nil>,60,60,,<nil>,566,646,648,648,648,0.54,0,,,,,,,,,,,,,,,,,,,,,,,,,,,,,,,,17.5,,69,,0,0
03/01/2026 23:17:31,d092rmnoovhpfm35n490,81432434001,8143,,BS-14,,,False,True,154,54,57,61,,<nil>,61,61,,<nil>,573,655,657,657,657,0.55,0,,,,,,,,,,,,,,,,,,,,,,,,,,,,,,,,17.5,,69,,0,0
03/01/2026 23:18:31,d092rmnoovhpfm35n490,81432434001,8143,,BS-14,,,False,True,154,54,57,61,,<nil>,61,62,,<nil>,571,654,656,657,657,0.55,0,,,,,,,,,,,,,,,,,,,,,,,,,,,,,,,,17.5,,69,,0,0
03/01/2026 23:19:31,d092rmnoovhpfm35n490,81432434001,8143,,BS-14,,,False,True,152,52,54,58,,<nil>,58,58,,<nil>,547,626,627,628,628,0.54,0,,,,,,,,,,,,,,,,,,,,,,,,,,,,,,,,17.5,,69,,0,0
03/01/2026 23:20:31,d092rmnoovhpfm35n490,81432434001,8143,,BS-14,,,False,True,152,53,55,58,,<nil>,58,59,,<nil>,550,629,631,631,631,0.56,0,,,,,,,,,,,,,,,,,,,,,,,,,,,,,,,,17.5,,69,,0,0
03/01/2026 23:21:31,d092rmnoovhpfm35n490,81432434001,8143,,BS-14,,,False,True,153,53,55,59,,<nil>,59,59,,<nil>,557,636,638,638,638,0.53,0,,,,,,,,,,,,,,,,,,,,,,,,,,,,,,,,17.5,,69,,0,0
03/01/2026 23:22:31,d092rmnoovhpfm35n490,81432434001,8143,,BS-14,,,False,True,153,53,56,60,,<nil>,60,60,,<nil>,568,649,651,651,651,0.55,0,,,,,,,,,,,,,,,,,,,,,,,,,,,,,,,,17.5,,69,,0,0
03/01/2026 23:23:31,d092rmnoovhpfm35n490,81432434001,8143,,BS-14,,,False,True,154,54,58,62,,<nil>,62,62,,<nil>,584,668,669,670,670,0.54,0,,,,,,,,,,,,,,,,,,,,,,,,,,,,,,,,17.4,,69,,0,0
03/01/2026 23:24:31,d092rmnoovhpfm35n490,81432434001,8143,,BS-14,,,False,True,154,55,58,62,,<nil>,63,63,,<nil>,586,670,673,673,673,0.56,0,,,,,,,,,,,,,,,,,,,,,,,,,,,,,,,,17.4,,69,,0,0
03/01/2026 23:25:31,d092rmnoovhpfm35n490,81432434001,8143,,BS-14,,,False,True,155,55,60,64,,<nil>,64,64,,<nil>,602,688,690,690,690,0.55,0,,,,,,,,,,,,,,,,,,,,,,,,,,,,,,,,17.4,,69,,0,0
03/01/2026 23:26:31,d092rmnoovhpfm35n490,81432434001,8143,,BS-14,,,False,True,154,55,58,62,,<nil>,62,63,,<nil>,588,672,674,674,674,0.55,0,,,,,,,,,,,,,,,,,,,,,,,,,,,,,,,,17.4,,69,,0,0
03/01/2026 23:27:31,d092rmnoovhpfm35n490,81432434001,8143,,BS-14,,,False,True,155,55,60,64,,<nil>,64,64,,<nil>,607,693,695,695,695,0.55,0,,,,,,,,,,,,,,,,,,,,,,,,,,,,,,,,17.4,,69,,0,0
03/01/2026 23:28:31,d092rmnoovhpfm35n490,81432434001,8143,,BS-14,,,False,True,154,54,58,61,,<nil>,61,61,,<nil>,581,663,665,665,665,0.54,0,,,,,,,,,,,,,,,,,,,,,,,,,,,,,,,,17.4,,69,,0,0
03/01/2026 23:29:31,d092rmnoovhpfm35n490,81432434001,8143,,BS-14,,,False,True,153,54,57,60,,<nil>,61,61,,<nil>,571,652,654,655,655,0.56,0,,,,,,,,,,,,,,,,,,,,,,,,,,,,,,,,17.4,,69,,0,0
03/01/2026 23:30:31,d092rmnoovhpfm35n490,81432434001,8143,,BS-14,,,False,True,153,53,56,60,,<nil>,60,60,,<nil>,569,650,651,652,652,0.54,0,,,,,,,,,,,,,,,,,,,,,,,,,,,,,,,,17.4,,69,,0,0
03/01/2026 23:31:31,d092rmnoovhpfm35n490,81432434001,8143,,BS-14,,,False,True,154,54,57,61,,<nil>,61,61,,<nil>,575,657,659,659,659,0.54,0,,,,,,,,,,,,,,,,,,,,,,,,,,,,,,,,17.4,,69,,0,0
03/01/2026 23:32:32,d092rmnoovhpfm35n490,81432434001,8143,,BS-14,,,False,True,154,54,57,61,,<nil>,61,61,,<nil>,576,658,659,660,660,0.53,0,,,,,,,,,,,,,,,,,,,,,,,,,,,,,,,,17.4,,69,,0,0
03/01/2026 23:33:32,d092rmnoovhpfm35n490,81432434001,8143,,BS-14,,,False,True,154,54,57,61,,<nil>,61,61,,<nil>,576,658,660,661,661,0.55,0,,,,,,,,,,,,,,,,,,,,,,,,,,,,,,,,17.4,,69,,0,0
03/01/2026 23:34:32,d092rmnoovhpfm35n490,81432434001,8143,,BS-14,,,False,True,153,53,56,60,,<nil>,60,60,,<nil>,565,646,648,648,648,0.55,0,,,,,,,,,,,,,,,,,,,,,,,,,,,,,,,,17.4,,70,,0,0
03/01/2026 23:35:32,d092rmnoovhpfm35n490,81432434001,8143,,BS-14,,,False,True,153,53,56,60,,<nil>,60,60,,<nil>,565,645,647,648,648,0.55,0,,,,,,,,,,,,,,,,,,,,,,,,,,,,,,,,17.4,,70,,0,0
03/01/2026 23:36:32,d092rmnoovhpfm35n490,81432434001,8143,,BS-14,,,False,True,154,54,57,61,,<nil>,61,61,,<nil>,578,660,661,662,662,0.53,0,,,,,,,,,,,,,,,,,,,,,,,,,,,,,,,,17.4,,70,,0,0
03/01/2026 23:37:32,d092rmnoovhpfm35n490,81432434001,8143,,BS-14,,,False,True,154,54,58,61,,<nil>,62,62,,<nil>,579,662,664,665,665,0.56,0,,,,,,,,,,,,,,,,,,,,,,,,,,,,,,,,17.4,,70,,0,0
03/01/2026 23:38:32,d092rmnoovhpfm35n490,81432434001,8143,,BS-14,,,False,True,154,54,58,62,,<nil>,62,62,,<nil>,583,666,668,669,669,0.57,0,,,,,,,,,,,,,,,,,,,,,,,,,,,,,,,,17.4,,69,,0,0
03/01/2026 23:39:32,d092rmnoovhpfm35n490,81432434001,8143,,BS-14,,,False,True,155,55,59,63,,<nil>,64,64,,<nil>,597,682,684,685,685,0.55,0,,,,,,,,,,,,,,,,,,,,,,,,,,,,,,,,17.4,,69,,0,0
03/01/2026 23:40:32,d092rmnoovhpfm35n490,81432434001,8143,,BS-14,,,False,True,155,55,59,63,,<nil>,64,64,,<nil>,599,684,686,686,686,0.55,0,,,,,,,,,,,,,,,,,,,,,,,,,,,,,,,,17.4,,69,,0,0
03/01/2026 23:41:32,d092rmnoovhpfm35n490,81432434001,8143,,BS-14,,,False,True,155,55,59,63,,<nil>,63,63,,<nil>,596,681,683,683,684,0.54,0,,,,,,,,,,,,,,,,,,,,,,,,,,,,,,,,17.4,,69,,0,0
03/01/2026 23:42:32,d092rmnoovhpfm35n490,81432434001,8143,,BS-14,,,False,True,155,55,60,63,,<nil>,64,64,,<nil>,602,687,689,689,689,0.55,0,,,,,,,,,,,,,,,,,,,,,,,,,,,,,,,,17.4,,69,,0,0
03/01/2026 23:43:32,d092rmnoovhpfm35n490,81432434001,8143,,BS-14,,,False,True,156,57,62,66,,<nil>,66,67,,<nil>,624,713,715,715,716,0.56,0,,,,,,,,,,,,,,,,,,,,,,,,,,,,,,,,17.4,,69,,0,0
03/01/2026 23:44:32,d092rmnoovhpfm35n490,81432434001,8143,,BS-14,,,False,True,155,56,60,64,,<nil>,65,65,,<nil>,606,693,695,695,695,0.55,0,,,,,,,,,,,,,,,,,,,,,,,,,,,,,,,,17.4,,69,,0,0
03/01/2026 23:45:32,d092rmnoovhpfm35n490,81432434001,8143,,BS-14,,,False,True,157,57,62,67,,<nil>,67,67,,<nil>,628,718,720,720,720,0.56,0,,,,,,,,,,,,,,,,,,,,,,,,,,,,,,,,17.4,,69,,0,0
03/01/2026 23:46:32,d092rmnoovhpfm35n490,81432434001,8143,,BS-14,,,False,True,157,57,63,67,,<nil>,68,68,,<nil>,634,724,727,727,727,0.55,0,,,,,,,,,,,,,,,,,,,,,,,,,,,,,,,,17.4,,69,,0,0
03/01/2026 23:47:32,d092rmnoovhpfm35n490,81432434001,8143,,BS-14,,,False,True,157,57,63,67,,<nil>,68,68,,<nil>,635,726,728,728,729,0.55,0,,,,,,,,,,,,,,,,,,,,,,,,,,,,,,,,17.4,,70,,0,0
03/01/2026 23:48:32,d092rmnoovhpfm35n490,81432434001,8143,,BS-14,,,False,True,157,57,63,67,,<nil>,67,68,,<nil>,633,723,726,726,726,0.55,0,,,,,,,,,,,,,,,,,,,,,,,,,,,,,,,,17.4,,70,,0,0
03/01/2026 23:49:32,d092rmnoovhpfm35n490,81432434001,8143,,BS-14,,,False,True,157,58,64,68,,<nil>,69,69,,<nil>,645,738,740,741,741,0.55,0,,,,,,,,,,,,,,,,,,,,,,,,,,,,,,,,17.4,,70,,0,0
03/01/2026 23:50:32,d092rmnoovhpfm35n490,81432434001,8143,,BS-14,,,False,True,158,58,65,69,,<nil>,69,69,,<nil>,649,742,744,744,744,0.55,0,,,,,,,,,,,,,,,,,,,,,,,,,,,,,,,,17.4,,70,,0,0
03/01/2026 23:51:32,d092rmnoovhpfm35n490,81432434001,8143,,BS-14,,,False,True,157,58,64,68,,<nil>,69,69,,<nil>,643,736,738,738,738,0.56,0,,,,,,,,,,,,,,,,,,,,,,,,,,,,,,,,17.4,,70,,0,0
03/01/2026 23:52:32,d092rmnoovhpfm35n490,81432434001,8143,,BS-14,,,False,True,157,57,63,67,,<nil>,68,68,,<nil>,635,727,729,729,729,0.55,0,,,,,,,,,,,,,,,,,,,,,,,,,,,,,,,,17.4,,70,,0,0
03/01/2026 23:53:32,d092rmnoovhpfm35n490,81432434001,8143,,BS-14,,,False,True,157,58,64,68,,<nil>,69,69,,<nil>,645,737,739,739,740,0.56,0,,,,,,,,,,,,,,,,,,,,,,,,,,,,,,,,17.4,,70,,0,0
03/01/2026 23:54:32,d092rmnoovhpfm35n490,81432434001,8143,,BS-14,,,False,True,157,57,64,68,,<nil>,68,68,,<nil>,645,737,739,739,739,0.54,0,,,,,,,,,,,,,,,,,,,,,,,,,,,,,,,,17.4,,70,,0,0
03/01/2026 23:55:32,d092rmnoovhpfm35n490,81432434001,8143,,BS-14,,,False,True,156,56,62,66,,<nil>,66,66,,<nil>,624,713,715,715,715,0.55,0,,,,,,,,,,,,,,,,,,,,,,,,,,,,,,,,17.4,,70,,0,0
03/01/2026 23:56:32,d092rmnoovhpfm35n490,81432434001,8143,,BS-14,,,False,True,156,56,62,65,,<nil>,66,66,,<nil>,620,708,710,710,710,0.55,0,,,,,,,,,,,,,,,,,,,,,,,,,,,,,,,,17.4,,70,,0,0
03/01/2026 23:57:32,d092rmnoovhpfm35n490,81432434001,8143,,BS-14,,,False,True,156,56,62,66,,<nil>,66,66,,<nil>,621,710,712,712,712,0.54,0,,,,,,,,,,,,,,,,,,,,,,,,,,,,,,,,17.5,,70,,0,0
03/01/2026 23:58:32,d092rmnoovhpfm35n490,81432434001,8143,,BS-14,,,False,True,155,55,60,64,,<nil>,64,64,,<nil>,607,693,695,695,695,0.54,0,,,,,,,,,,,,,,,,,,,,,,,,,,,,,,,,17.5,,70,,0,0