timestamp_utc,pm25_outdoor_hourly,pm25_outdoor_rolling_24h,pm25_indoor_hourly,pm25_indoor_rolling_24h,who_24h_guideline
2025-12-04 10:00:00+00:00,64.0,,,,15
2025-12-04 11:00:00+00:00,79.0,,87.0,,15
2025-12-04 12:00:00+00:00,443.5,,254.0,,15
2025-12-04 13:00:00+00:00,408.0,,399.5,,15
2025-12-04 14:00:00+00:00,400.5,,403.5,,15
2025-12-04 15:00:00+00:00,196.0,,239.0,,15
2025-12-04 16:00:00+00:00,156.0,,270.5,,15
2025-12-04 17:00:00+00:00,119.0,,125.5,,15
2025-12-04 18:00:00+00:00,107.0,,101.0,,15
2025-12-04 19:00:00+00:00,106.5,,97.0,,15
2025-12-04 20:00:00+00:00,105.0,,94.5,,15
2025-12-04 21:00:00+00:00,94.0,,90.0,,15
2025-12-04 22:00:00+00:00,72.0,,84.5,,15
2025-12-04 23:00:00+00:00,83.0,,68.0,,15
2025-12-05 00:00:00+00:00,165.0,,154.0,,15
2025-12-05 01:00:00+00:00,132.0,,122.0,,15
2025-12-05 02:00:00+00:00,154.5,,120.0,,15
2025-12-05 03:00:00+00:00,120.5,166.97,158.5,,15
2025-12-05 04:00:00+00:00,97.5,163.32,106.0,165.25,15
2025-12-05 05:00:00+00:00,78.5,159.07,90.0,161.29,15
2025-12-05 06:00:00+00:00,73.0,154.98,86.5,157.55,15
2025-12-05 07:00:00+00:00,66.0,150.93,81.0,153.9,15
2025-12-05 08:00:00+00:00,63.0,147.11,77.0,150.41,15
2025-12-05 09:00:00+00:00,65.0,143.69,73.0,147.04,15
2025-12-05 10:00:00+00:00,61.5,143.58,71.0,143.88,15
2025-12-05 11:00:00+00:00,83.5,143.77,66.0,143.0,15
2025-12-05 12:00:00+00:00,,128.96,192.0,140.42,15
2025-12-05 13:00:00+00:00,,115.82,433.0,141.81,15
2025-12-05 14:00:00+00:00,,103.19,384.0,141.0,15
2025-12-05 15:00:00+00:00,,99.26,206.0,139.62,15
2025-12-05 16:00:00+00:00,,97.2,190.0,136.27,15
2025-12-05 17:00:00+00:00,,96.86,196.5,139.23,15
2025-12-05 18:00:00+00:00,,97.22,170.0,142.1,15
2025-12-05 19:00:00+00:00,,97.79,128.0,143.4,15
2025-12-05 20:00:00+00:00,,98.61,127.0,144.75,15
2025-12-05 21:00:00+00:00,,100.09,107.0,145.46,15
2025-12-05 22:00:00+00:00,,102.67,98.0,146.02,15
2025-12-05 23:00:00+00:00,138.5,104.98,105.0,147.56,15
2025-12-06 00:00:00+00:00,140.0,103.94,159.0,147.77,15
2025-12-06 01:00:00+00:00,328.0,112.1,266.5,153.79,15
2025-12-06 02:00:00+00:00,297.0,118.04,465.0,168.17,15
2025-12-06 03:00:00+00:00,306.0,125.77,321.0,174.94,15
2025-12-06 04:00:00+00:00,234.0,131.46,270.0,181.77,15
2025-12-06 05:00:00+00:00,162.5,134.96,213.0,186.9,15
2025-12-06 06:00:00+00:00,122.0,137.0,148.5,189.48,15
2025-12-06 07:00:00+00:00,106.0,138.67,128.0,191.44,15
2025-12-06 08:00:00+00:00,122.0,141.12,134.5,193.83,15
2025-12-06 09:00:00+00:00,117.5,143.31,128.5,196.15,15
2025-12-06 10:00:00+00:00,118.0,145.67,135.0,198.81,15
2025-12-06 11:00:00+00:00,294.5,154.46,303.0,208.69,15
2025-12-06 12:00:00+00:00,262.0,161.7,371.5,216.17,15
2025-12-06 13:00:00+00:00,409.5,174.91,,214.82,15
2025-12-06 14:00:00+00:00,386.0,186.94,430.0,216.74,15
2025-12-06 15:00:00+00:00,230.0,192.28,269.5,219.39,15
2025-12-06 16:00:00+00:00,178.0,195.26,192.0,219.47,15
2025-12-06 17:00:00+00:00,124.0,195.8,132.0,216.78,15
2025-12-06 18:00:00+00:00,101.5,195.22,111.0,214.32,15
2025-12-06 19:00:00+00:00,91.0,194.0,93.0,212.86,15
2025-12-06 20:00:00+00:00,89.0,192.51,86.0,211.16,15
2025-12-06 21:00:00+00:00,86.0,190.7,83.0,210.16,15
2025-12-06 22:00:00+00:00,79.0,188.42,78.0,209.32,15
2025-12-06 23:00:00+00:00,76.0,185.81,73.0,207.99,15
2025-12-07 00:00:00+00:00,83.0,183.44,174.0,208.61,15
2025-12-07 01:00:00+00:00,275.0,181.23,184.5,205.2,15
2025-12-07 02:00:00+00:00,208.0,177.52,282.0,197.57,15
2025-12-07 03:00:00+00:00,137.0,170.48,148.0,190.36,15
2025-12-07 04:00:00+00:00,109.0,165.27,129.0,184.49,15
2025-12-07 05:00:00+00:00,115.5,163.31,119.0,180.57,15
2025-12-07 06:00:00+00:00,79.0,161.52,104.5,178.74,15
2025-12-07 07:00:00+00:00,77.0,160.31,90.0,177.16,15
2025-12-07 08:00:00+00:00,56.0,157.56,75.0,174.68,15
2025-12-07 09:00:00+00:00,41.0,154.38,59.0,171.78,15
2025-12-07 10:00:00+00:00,39.0,151.08,46.0,168.07,15
2025-12-07 11:00:00+00:00,103.5,143.12,60.0,157.95,15
2025-12-07 12:00:00+00:00,151.0,138.5,105.0,146.84,15
2025-12-07 13:00:00+00:00,384.0,137.44,420.0,147.65,15
2025-12-07 14:00:00+00:00,215.0,130.31,391.5,146.04,15
2025-12-07 15:00:00+00:00,195.0,128.85,219.0,143.94,15
2025-12-07 16:00:00+00:00,181.5,129.0,180.0,143.44,15
2025-12-07 17:00:00+00:00,131.0,129.29,134.0,143.52,15
2025-12-07 18:00:00+00:00,107.0,129.52,112.5,143.58,15
2025-12-07 19:00:00+00:00,100.0,129.9,102.0,143.96,15
2025-12-07 20:00:00+00:00,92.0,130.02,89.0,144.08,15
2025-12-07 21:00:00+00:00,84.0,129.94,82.0,144.04,15
2025-12-07 22:00:00+00:00,73.0,129.69,70.0,143.71,15
2025-12-07 23:00:00+00:00,76.0,129.69,72.0,143.67,15
2025-12-08 00:00:00+00:00,155.0,132.69,148.0,142.58,15
2025-12-08 01:00:00+00:00,352.0,135.9,254.0,145.48,15
2025-12-08 02:00:00+00:00,281.0,138.94,347.0,148.19,15
2025-12-08 03:00:00+00:00,216.0,142.23,303.0,154.65,15
2025-12-08 04:00:00+00:00,116.0,142.52,149.0,155.48,15
2025-12-08 05:00:00+00:00,128.0,143.04,133.0,156.06,15
2025-12-08 06:00:00+00:00,113.5,144.48,130.5,157.15,15
2025-12-08 07:00:00+00:00,104.0,145.6,123.0,158.52,15
2025-12-08 08:00:00+00:00,94.0,147.19,101.0,159.6,15
2025-12-08 09:00:00+00:00,83.5,148.96,106.5,161.58,15
2025-12-08 10:00:00+00:00,107.0,151.79,110.0,164.25,15
2025-12-08 11:00:00+00:00,126.0,152.73,121.5,166.81,15
2025-12-08 12:00:00+00:00,288.0,158.44,238.0,172.35,15
2025-12-08 13:00:00+00:00,390.5,158.71,337.0,168.9,15
2025-12-08 14:00:00+00:00,323.5,163.23,,166.52,15
2025-12-08 15:00:00+00:00,211.0,163.9,332.0,171.23,15
2025-12-08 16:00:00+00:00,159.0,162.96,184.0,171.4,15
2025-12-08 17:00:00+00:00,132.5,163.02,140.0,171.65,15
2025-12-08 18:00:00+00:00,116.5,163.42,117.0,171.83,15
2025-12-08 19:00:00+00:00,93.0,163.12,99.0,171.71,15
2025-12-08 20:00:00+00:00,103.0,163.58,104.0,172.33,15
2025-12-08 21:00:00+00:00,101.0,164.29,98.0,173.0,15
2025-12-08 22:00:00+00:00,89.5,164.98,91.0,173.88,15
2025-12-08 23:00:00+00:00,84.0,165.31,86.0,174.46,15
2025-12-09 00:00:00+00:00,88.0,162.52,95.0,172.25,15
2025-12-09 01:00:00+00:00,167.0,154.81,98.5,165.77,15
2025-12-09 02:00:00+00:00,147.5,149.25,240.0,161.31,15
2025-12-09 03:00:00+00:00,161.0,146.96,154.0,155.1,15
2025-12-09 04:00:00+00:00,157.0,148.67,171.5,156.04,15
2025-12-09 05:00:00+00:00,93.5,147.23,132.0,156.0,15
2025-12-09 06:00:00+00:00,85.0,146.04,102.0,154.81,15
2025-12-09 07:00:00+00:00,88.0,145.38,94.0,153.6,15
2025-12-09 08:00:00+00:00,97.0,145.5,103.0,153.69,15
2025-12-09 09:00:00+00:00,113.5,146.75,123.5,154.4,15
2025-12-09 10:00:00+00:00,159.0,148.92,139.0,155.6,15
2025-12-09 11:00:00+00:00,213.5,152.56,180.5,158.06,15
2025-12-09 12:00:00+00:00,285.0,152.44,307.0,160.94,15
2025-12-09 13:00:00+00:00,327.5,149.81,412.0,164.06,15
2025-12-09 14:00:00+00:00,293.0,148.54,340.5,164.31,15
2025-12-09 15:00:00+00:00,242.5,149.85,234.0,160.23,15
2025-12-09 16:00:00+00:00,224.5,152.58,259.5,163.38,15
2025-12-09 17:00:00+00:00,161.0,153.77,184.0,165.21,15
2025-12-09 18:00:00+00:00,163.5,155.73,151.0,166.62,15
2025-12-09 19:00:00+00:00,130.5,157.29,148.0,168.67,15
2025-12-09 20:00:00+00:00,129.0,158.38,125.0,169.54,15
2025-12-09 21:00:00+00:00,137.0,159.88,130.0,170.88,15
2025-12-09 22:00:00+00:00,141.0,162.02,132.0,172.58,15
2025-12-09 23:00:00+00:00,141.0,164.4,140.0,174.83,15
2025-12-10 00:00:00+00:00,161.5,167.46,284.0,182.71,15
2025-12-10 01:00:00+00:00,196.5,168.69,173.5,185.83,15
2025-12-10 02:00:00+00:00,208.0,171.21,182.5,183.44,15
2025-12-10 03:00:00+00:00,153.5,170.9,144.0,183.02,15
2025-12-10 04:00:00+00:00,115.0,169.15,115.5,180.69,15
2025-12-10 05:00:00+00:00,127.0,170.54,122.0,180.27,15
2025-12-10 06:00:00+00:00,122.0,172.08,129.5,181.42,15
2025-12-10 07:00:00+00:00,130.0,173.83,136.0,183.17,15
2025-12-10 08:00:00+00:00,101.0,174.0,124.0,184.04,15
2025-12-10 09:00:00+00:00,94.0,173.19,103.0,183.19,15
2025-12-10 10:00:00+00:00,136.0,172.23,254.0,187.98,15
2025-12-10 11:00:00+00:00,171.0,170.46,205.0,189.0,15
2025-12-10 12:00:00+00:00,251.5,169.06,253.5,186.77,15
2025-12-10 13:00:00+00:00,333.0,169.29,416.0,186.94,15
2025-12-10 14:00:00+00:00,253.5,167.65,438.0,191.0,15
2025-12-10 15:00:00+00:00,227.0,167.0,251.0,191.71,15
2025-12-10 16:00:00+00:00,166.0,164.56,195.0,189.02,15
2025-12-10 17:00:00+00:00,132.5,163.38,143.5,187.33,15
2025-12-10 18:00:00+00:00,118.0,161.48,121.0,186.08,15
2025-12-10 19:00:00+00:00,94.0,159.96,131.0,185.38,15
2025-12-10 20:00:00+00:00,90.5,158.35,93.0,184.04,15
2025-12-10 21:00:00+00:00,98.0,156.73,88.5,182.31,15
2025-12-10 22:00:00+00:00,92.0,154.69,91.0,180.6,15
2025-12-10 23:00:00+00:00,88.0,152.48,88.0,178.44,15
2025-12-11 00:00:00+00:00,86.0,149.33,139.0,172.4,15
2025-12-11 01:00:00+00:00,102.0,145.4,85.5,168.73,15
2025-12-11 02:00:00+00:00,106.0,141.15,105.0,165.5,15
2025-12-11 03:00:00+00:00,81.0,138.12,90.5,163.27,15
2025-12-11 04:00:00+00:00,85.5,136.9,86.0,162.04,15
2025-12-11 05:00:00+00:00,54.0,133.85,77.0,160.17,15
2025-12-11 06:00:00+00:00,37.0,130.31,48.0,156.77,15
2025-12-11 07:00:00+00:00,40.0,126.56,46.0,153.02,15
2025-12-11 08:00:00+00:00,39.0,123.98,47.0,149.81,15
2025-12-11 09:00:00+00:00,36.0,121.56,43.0,147.31,15
2025-12-11 10:00:00+00:00,45.0,117.77,49.0,138.77,15
2025-12-11 11:00:00+00:00,55.0,112.94,60.0,132.73,15
2025-12-11 12:00:00+00:00,210.0,111.21,350.5,136.77,15
2025-12-11 13:00:00+00:00,303.0,109.96,441.5,137.83,15
2025-12-11 14:00:00+00:00,186.0,107.15,383.0,135.54,15
2025-12-11 15:00:00+00:00,137.0,103.4,182.0,132.67,15
2025-12-11 16:00:00+00:00,128.0,101.81,121.0,129.58,15
2025-12-11 17:00:00+00:00,128.0,101.62,147.0,129.73,15
2025-12-11 18:00:00+00:00,82.0,100.12,93.0,128.56,15
2025-12-11 19:00:00+00:00,78.5,99.48,76.0,126.27,15
2025-12-11 20:00:00+00:00,55.5,98.02,61.5,124.96,15
2025-12-11 21:00:00+00:00,48.0,95.94,47.0,123.23,15
2025-12-11 22:00:00+00:00,43.0,93.9,42.0,121.19,15
2025-12-11 23:00:00+00:00,44.0,92.06,42.0,119.27,15
2025-12-12 00:00:00+00:00,93.0,92.35,104.0,117.81,15
2025-12-12 01:00:00+00:00,241.0,98.15,143.0,120.21,15
2025-12-12 02:00:00+00:00,414.0,110.98,414.5,133.1,15
2025-12-12 03:00:00+00:00,128.0,112.94,172.0,136.5,15
2025-12-12 04:00:00+00:00,66.0,112.12,95.0,136.88,15
2025-12-12 05:00:00+00:00,49.0,111.92,58.0,136.08,15
2025-12-12 06:00:00+00:00,43.0,112.17,51.0,136.21,15
2025-12-12 07:00:00+00:00,33.0,111.88,43.0,136.08,15
2025-12-12 08:00:00+00:00,26.0,111.33,33.0,135.5,15
2025-12-12 09:00:00+00:00,26.0,110.92,30.0,134.96,15
2025-12-12 10:00:00+00:00,72.0,112.04,36.0,134.42,15
2025-12-12 11:00:00+00:00,80.0,113.08,72.0,134.92,15
2025-12-12 12:00:00+00:00,127.0,109.62,80.0,123.65,15
2025-12-12 13:00:00+00:00,294.0,109.25,386.0,121.33,15
2025-12-12 14:00:00+00:00,278.5,113.1,261.5,116.27,15
2025-12-12 15:00:00+00:00,230.5,117.0,244.5,118.88,15
2025-12-12 16:00:00+00:00,118.5,116.6,150.5,120.1,15
2025-12-12 17:00:00+00:00,64.0,113.94,80.0,117.31,15
2025-12-12 18:00:00+00:00,63.0,113.15,57.0,115.81,15
2025-12-12 19:00:00+00:00,50.0,111.96,69.0,115.52,15
2025-12-12 20:00:00+00:00,46.0,111.56,54.5,115.23,15
2025-12-12 21:00:00+00:00,44.0,111.4,75.0,116.4,15
2025-12-12 22:00:00+00:00,41.0,111.31,41.0,116.35,15
2025-12-12 23:00:00+00:00,45.0,111.35,41.0,116.31,15
2025-12-13 00:00:00+00:00,152.5,113.83,124.5,117.17,15
2025-12-13 01:00:00+00:00,149.0,110.0,155.0,117.67,15
2025-12-13 02:00:00+00:00,100.5,96.94,95.0,104.35,15
2025-12-13 03:00:00+00:00,95.5,95.58,111.5,101.83,15
2025-12-13 04:00:00+00:00,79.0,96.12,117.0,102.75,15
2025-12-13 05:00:00+00:00,63.0,96.71,69.0,103.21,15
2025-12-13 06:00:00+00:00,47.5,96.9,53.0,103.29,15
2025-12-13 07:00:00+00:00,41.0,97.23,51.0,103.62,15
2025-12-13 08:00:00+00:00,37.0,97.69,48.5,104.27,15
2025-12-13 09:00:00+00:00,33.0,97.98,43.0,104.81,15
2025-12-13 10:00:00+00:00,40.0,96.65,40.0,104.98,15
2025-12-13 11:00:00+00:00,83.0,96.77,46.0,103.9,15
2025-12-13 12:00:00+00:00,180.0,98.98,277.0,112.1,15
2025-12-13 13:00:00+00:00,177.5,94.12,218.0,105.1,15
2025-12-13 14:00:00+00:00,145.0,88.56,220.5,103.4,15
2025-12-13 15:00:00+00:00,130.0,84.38,167.0,100.17,15
2025-12-13 16:00:00+00:00,113.0,84.15,135.0,99.52,15
2025-12-13 17:00:00+00:00,71.0,84.44,97.0,100.23,15
2025-12-13 18:00:00+00:00,54.0,84.06,72.5,100.88,15
2025-12-13 19:00:00+00:00,45.0,83.85,48.0,100.0,15
2025-12-13 20:00:00+00:00,40.0,83.6,39.0,99.35,15
2025-12-13 21:00:00+00:00,39.0,83.4,39.0,97.85,15
2025-12-13 22:00:00+00:00,37.0,83.23,35.0,97.6,15
2025-12-13 23:00:00+00:00,38.0,82.94,38.5,97.5,15
2025-12-14 00:00:00+00:00,41.0,78.29,157.5,98.88,15
2025-12-14 01:00:00+00:00,312.0,85.08,179.5,99.9,15
2025-12-14 02:00:00+00:00,273.5,92.29,269.0,107.15,15
2025-12-14 03:00:00+00:00,56.0,90.65,104.0,106.83,15
2025-12-14 04:00:00+00:00,49.0,89.4,62.0,104.54,15
2025-12-14 05:00:00+00:00,47.5,88.75,58.0,104.08,15
2025-12-14 06:00:00+00:00,22.0,87.69,40.0,103.54,15
2025-12-14 07:00:00+00:00,19.0,86.77,24.0,102.42,15
2025-12-14 08:00:00+00:00,18.0,85.98,20.0,101.23,15
2025-12-14 09:00:00+00:00,20.5,85.46,21.0,100.31,15
2025-12-14 10:00:00+00:00,40.0,85.46,35.0,100.1,15
2025-12-14 11:00:00+00:00,83.0,85.46,75.5,101.33,15
2025-12-14 12:00:00+00:00,223.0,87.25,137.0,95.5,15
2025-12-14 13:00:00+00:00,230.0,89.44,241.0,96.46,15
2025-12-14 14:00:00+00:00,279.5,95.04,238.5,97.21,15
2025-12-14 15:00:00+00:00,141.0,95.5,219.5,99.4,15
2025-12-14 16:00:00+00:00,139.5,96.6,135.0,99.4,15
2025-12-14 17:00:00+00:00,136.0,99.31,115.0,100.15,15
2025-12-14 18:00:00+00:00,87.0,100.69,81.0,100.5,15
2025-12-14 19:00:00+00:00,81.0,102.19,74.0,101.58,15
2025-12-14 20:00:00+00:00,79.0,103.81,72.0,102.96,15
2025-12-14 21:00:00+00:00,72.0,105.19,65.0,104.04,15
2025-12-14 22:00:00+00:00,65.0,106.35,59.0,105.04,15
2025-12-14 23:00:00+00:00,75.0,107.9,71.5,106.42,15
2025-12-15 00:00:00+00:00,81.0,109.56,216.5,108.88,15
2025-12-15 01:00:00+00:00,171.0,103.69,119.0,106.35,15
2025-12-15 02:00:00+00:00,240.0,102.29,200.0,103.48,15
2025-12-15 03:00:00+00:00,162.0,106.71,161.5,105.88,15
2025-12-15 04:00:00+00:00,206.0,113.25,185.0,111.0,15
2025-12-15 05:00:00+00:00,166.5,118.21,190.0,116.5,15
2025-12-15 06:00:00+00:00,144.0,123.29,172.0,122.0,15
2025-12-15 07:00:00+00:00,128.0,127.83,136.0,126.67,15
2025-12-15 08:00:00+00:00,137.0,132.79,149.0,132.04,15
2025-12-15 09:00:00+00:00,131.0,137.4,141.0,137.04,15
2025-12-15 10:00:00+00:00,158.5,142.33,150.0,141.83,15
2025-12-15 11:00:00+00:00,234.0,148.62,187.0,146.48,15
2025-12-15 12:00:00+00:00,418.5,156.77,228.0,150.27,15
2025-12-15 13:00:00+00:00,465.0,166.56,,155.05,15
2025-12-15 14:00:00+00:00,434.0,173.0,483.5,165.26,15
2025-12-15 15:00:00+00:00,290.0,179.21,357.0,170.99,15
2025-12-15 16:00:00+00:00,248.0,183.73,262.5,176.3,15
2025-12-15 17:00:00+00:00,187.5,185.88,214.0,180.43,15
2025-12-15 18:00:00+00:00,178.0,189.67,171.0,184.18,15
2025-12-15 19:00:00+00:00,171.0,193.42,200.0,189.43,15
2025-12-15 20:00:00+00:00,142.0,196.04,147.0,192.55,15
2025-12-15 21:00:00+00:00,144.0,199.04,135.0,195.47,15
2025-12-15 22:00:00+00:00,155.0,202.79,139.0,198.8,15
2025-12-15 23:00:00+00:00,170.0,206.75,154.5,202.26,15
2025-12-16 00:00:00+00:00,159.0,210.0,161.0,199.95,15
2025-12-16 01:00:00+00:00,162.0,209.62,152.0,201.32,15
2025-12-16 02:00:00+00:00,165.0,206.5,163.0,199.78,15
2025-12-16 03:00:00+00:00,170.0,206.83,192.0,201.05,15
2025-12-16 04:00:00+00:00,157.0,204.79,158.5,199.95,15
2025-12-16 05:00:00+00:00,160.0,204.52,153.0,198.41,15
2025-12-16 06:00:00+00:00,152.0,204.85,151.0,197.53,15
2025-12-16 07:00:00+00:00,170.5,206.62,151.0,198.16,15
2025-12-16 08:00:00+00:00,179.5,208.4,164.0,198.78,15
2025-12-16 09:00:00+00:00,184.0,210.6,179.0,200.36,15
2025-12-16 10:00:00+00:00,158.0,210.58,159.0,200.74,15
2025-12-16 11:00:00+00:00,156.0,207.33,154.0,199.36,15
2025-12-16 12:00:00+00:00,164.5,196.75,169.0,196.91,15
2025-12-16 13:00:00+00:00,158.0,183.96,270.0,193.33,15
2025-12-16 14:00:00+00:00,157.0,172.42,153.0,179.56,15
2025-12-16 15:00:00+00:00,130.0,165.75,131.0,170.15,15
2025-12-16 16:00:00+00:00,113.0,160.12,212.0,168.04,15
2025-12-16 17:00:00+00:00,106.0,156.73,120.5,164.15,15
2025-12-16 18:00:00+00:00,106.0,153.73,100.5,161.21,15
2025-12-16 19:00:00+00:00,95.0,150.56,93.0,156.75,15
2025-12-16 20:00:00+00:00,89.0,148.35,86.0,154.21,15
2025-12-16 21:00:00+00:00,84.0,145.85,81.0,151.96,15
2025-12-16 22:00:00+00:00,81.0,142.77,145.0,152.21,15
2025-12-16 23:00:00+00:00,76.0,138.85,94.0,149.69,15
2025-12-17 00:00:00+00:00,73.0,135.27,284.5,154.83,15
2025-12-17 01:00:00+00:00,76.0,131.69,99.0,152.62,15
2025-12-17 02:00:00+00:00,90.0,128.56,94.0,149.75,15
2025-12-17 03:00:00+00:00,153.0,127.85,133.0,147.29,15
2025-12-17 04:00:00+00:00,104.0,125.65,108.5,145.21,15
2025-12-17 05:00:00+00:00,85.0,122.52,91.5,142.65,15
2025-12-17 06:00:00+00:00,88.0,119.85,89.0,140.06,15
2025-12-17 07:00:00+00:00,102.0,117.0,112.0,138.44,15
2025-12-17 08:00:00+00:00,99.5,113.67,103.0,135.9,15
2025-12-17 09:00:00+00:00,108.0,110.5,101.0,132.65,15
2025-12-17 10:00:00+00:00,111.0,108.54,113.0,130.73,15
2025-12-17 11:00:00+00:00,125.5,107.27,123.0,129.44,15
2025-12-17 12:00:00+00:00,135.0,106.04,152.5,128.75,15
2025-12-17 13:00:00+00:00,132.5,104.98,136.5,123.19,15
2025-12-17 14:00:00+00:00,114.0,103.19,212.0,125.65,15
2025-12-17 15:00:00+00:00,119.0,102.73,135.0,125.81,15
2025-12-17 16:00:00+00:00,100.0,102.19,105.0,121.35,15
2025-12-17 17:00:00+00:00,93.0,101.65,93.0,120.21,15
2025-12-17 18:00:00+00:00,79.0,100.52,83.5,119.5,15
2025-12-17 19:00:00+00:00,57.0,98.94,65.0,118.33,15
2025-12-17 20:00:00+00:00,51.0,97.35,53.0,116.96,15
2025-12-17 21:00:00+00:00,48.0,95.85,80.5,116.94,15
2025-12-17 22:00:00+00:00,48.0,94.48,50.0,112.98,15
2025-12-17 23:00:00+00:00,44.0,93.15,45.0,110.94,15
2025-12-18 00:00:00+00:00,45.0,91.98,47.0,101.04,15
2025-12-18 01:00:00+00:00,46.0,90.73,48.0,98.92,15
2025-12-18 02:00:00+00:00,49.5,89.04,96.0,99.0,15
2025-12-18 03:00:00+00:00,49.0,84.71,83.0,96.92,15
2025-12-18 04:00:00+00:00,51.5,82.52,62.5,95.0,15
2025-12-18 05:00:00+00:00,46.5,80.92,50.0,93.27,15
2025-12-18 06:00:00+00:00,56.0,79.58,50.0,91.65,15
2025-12-18 07:00:00+00:00,81.0,78.71,83.0,90.44,15
2025-12-18 08:00:00+00:00,53.5,76.79,75.5,89.29,15
2025-12-18 09:00:00+00:00,60.0,74.79,61.5,87.65,15
2025-12-18 10:00:00+00:00,63.0,72.79,64.0,85.6,15
2025-12-18 11:00:00+00:00,86.0,71.15,90.0,84.23,15
2025-12-18 12:00:00+00:00,258.0,76.27,156.0,84.38,15
2025-12-18 13:00:00+00:00,368.5,86.1,353.5,93.42,15
2025-12-18 14:00:00+00:00,255.0,91.98,414.0,101.83,15
2025-12-18 15:00:00+00:00,139.0,92.81,262.0,107.12,15
2025-12-18 16:00:00+00:00,110.0,93.23,125.0,107.96,15
2025-12-18 17:00:00+00:00,98.0,93.44,98.0,108.17,15
2025-12-18 18:00:00+00:00,90.0,93.9,92.5,108.54,15
2025-12-18 19:00:00+00:00,93.5,95.42,84.0,109.33,15
2025-12-18 20:00:00+00:00,118.0,98.21,103.0,111.42,15
2025-12-18 21:00:00+00:00,124.0,101.38,111.5,112.71,15
2025-12-18 22:00:00+00:00,130.0,104.79,118.0,115.54,15
2025-12-18 23:00:00+00:00,143.5,108.94,130.0,119.08,15
2025-12-19 00:00:00+00:00,155.0,113.52,228.5,126.65,15
2025-12-19 01:00:00+00:00,151.0,117.9,207.5,133.29,15
2025-12-19 02:00:00+00:00,141.0,121.71,141.0,135.17,15
2025-12-19 03:00:00+00:00,135.5,125.31,138.0,137.46,15
2025-12-19 04:00:00+00:00,122.5,128.27,143.0,140.81,15
2025-12-19 05:00:00+00:00,111.0,130.96,113.5,143.46,15
2025-12-19 06:00:00+00:00,110.0,133.21,108.0,145.88,15
2025-12-19 07:00:00+00:00,114.0,134.58,116.0,147.25,15
2025-12-19 08:00:00+00:00,119.0,137.31,118.0,149.02,15
2025-12-19 09:00:00+00:00,127.0,140.1,122.0,151.54,15
2025-12-19 10:00:00+00:00,132.5,143.0,135.0,154.5,15
2025-12-19 11:00:00+00:00,144.0,145.42,166.0,157.67,15
2025-12-19 12:00:00+00:00,153.0,141.04,156.0,157.67,15
2025-12-19 13:00:00+00:00,141.0,131.56,485.0,163.15,15
2025-12-19 14:00:00+00:00,126.0,126.19,266.0,156.98,15
2025-12-19 15:00:00+00:00,115.0,125.19,138.5,151.83,15
2025-12-19 16:00:00+00:00,113.5,125.33,119.0,151.58,15
2025-12-19 17:00:00+00:00,117.0,126.12,109.0,152.04,15
2025-12-19 18:00:00+00:00,105.5,126.77,106.0,152.6,15
2025-12-19 19:00:00+00:00,96.0,126.88,96.0,153.1,15
2025-12-19 20:00:00+00:00,98.5,126.06,90.0,152.56,15
2025-12-19 21:00:00+00:00,89.0,124.6,88.0,151.58,15
2025-12-19 22:00:00+00:00,86.0,122.77,83.0,150.12,15
2025-12-19 23:00:00+00:00,93.0,120.67,85.5,148.27,15
2025-12-20 00:00:00+00:00,101.0,118.42,329.0,152.46,15
2025-12-20 01:00:00+00:00,104.0,116.46,178.5,151.25,15
2025-12-20 02:00:00+00:00,131.0,116.04,132.0,150.88,15
2025-12-20 03:00:00+00:00,97.0,114.44,111.0,149.75,15
2025-12-20 04:00:00+00:00,54.5,111.6,68.0,146.62,15
2025-12-20 05:00:00+00:00,62.5,109.58,63.0,144.52,15
2025-12-20 06:00:00+00:00,67.0,107.79,71.0,142.98,15
2025-12-20 07:00:00+00:00,57.0,105.42,65.0,140.85,15
2025-12-20 08:00:00+00:00,48.0,102.46,56.0,138.27,15
2025-12-20 09:00:00+00:00,43.0,98.96,51.0,135.31,15
2025-12-20 10:00:00+00:00,48.0,95.44,50.0,131.77,15
2025-12-20 11:00:00+00:00,82.0,92.85,64.0,127.52,15
2025-12-20 12:00:00+00:00,102.5,90.75,137.0,126.73,15
2025-12-20 13:00:00+00:00,128.0,90.21,127.0,111.81,15
2025-12-20 14:00:00+00:00,138.0,90.71,120.0,105.73,15
2025-12-20 15:00:00+00:00,166.0,92.83,135.5,105.6,15
2025-12-20 16:00:00+00:00,151.0,94.4,184.5,108.33,15
2025-12-20 17:00:00+00:00,115.5,94.33,129.5,109.19,15
2025-12-20 18:00:00+00:00,70.0,92.85,87.0,108.4,15
2025-12-20 19:00:00+00:00,55.5,91.17,61.5,106.96,15
2025-12-20 20:00:00+00:00,48.0,89.06,48.0,105.21,15
2025-12-20 21:00:00+00:00,41.0,87.06,39.0,103.17,15
2025-12-20 22:00:00+00:00,43.0,85.27,37.0,101.25,15
2025-12-20 23:00:00+00:00,47.0,83.35,41.0,99.4,15
2025-12-21 00:00:00+00:00,42.0,80.9,110.5,90.29,15
2025-12-21 01:00:00+00:00,50.5,78.67,53.5,85.08,15
2025-12-21 02:00:00+00:00,88.0,76.88,311.5,92.56,15
2025-12-21 03:00:00+00:00,65.0,75.54,148.0,94.1,15
2025-12-21 04:00:00+00:00,76.0,76.44,87.0,94.9,15
2025-12-21 05:00:00+00:00,60.0,76.33,72.0,95.27,15
2025-12-21 06:00:00+00:00,62.0,76.12,63.0,94.94,15
2025-12-21 07:00:00+00:00,58.0,76.17,63.0,94.85,15
2025-12-21 08:00:00+00:00,48.0,76.17,55.0,94.81,15
2025-12-21 09:00:00+00:00,47.0,76.33,54.0,94.94,15
2025-12-21 10:00:00+00:00,59.0,76.79,57.0,95.23,15
2025-12-21 11:00:00+00:00,222.0,82.62,85.0,96.1,15
2025-12-21 12:00:00+00:00,300.0,90.85,257.5,101.12,15
2025-12-21 13:00:00+00:00,332.0,99.35,379.0,111.62,15
2025-12-21 14:00:00+00:00,248.0,103.94,360.5,121.65,15
2025-12-21 15:00:00+00:00,221.0,106.23,337.0,130.04,15
2025-12-21 16:00:00+00:00,158.5,106.54,183.5,130.0,15
2025-12-21 17:00:00+00:00,103.0,106.02,124.0,129.77,15
2025-12-21 18:00:00+00:00,95.0,107.06,96.0,130.15,15
2025-12-21 19:00:00+00:00,93.0,108.62,86.0,131.17,15
2025-12-21 20:00:00+00:00,90.5,110.4,86.0,132.75,15
2025-12-21 21:00:00+00:00,72.0,111.69,76.0,134.29,15
2025-12-21 22:00:00+00:00,58.0,112.31,61.0,135.29,15
2025-12-21 23:00:00+00:00,59.0,112.81,57.0,135.96,15
2025-12-22 00:00:00+00:00,75.0,114.19,206.0,139.94,15
2025-12-22 01:00:00+00:00,97.5,116.15,128.0,143.04,15
2025-12-22 02:00:00+00:00,107.0,116.94,107.0,134.52,15
2025-12-22 03:00:00+00:00,145.0,120.27,141.5,134.25,15
2025-12-22 04:00:00+00:00,122.5,122.21,143.0,136.58,15
2025-12-22 05:00:00+00:00,113.0,124.42,115.0,138.38,15
2025-12-22 06:00:00+00:00,131.0,127.29,114.0,140.5,15
2025-12-22 07:00:00+00:00,106.0,129.29,127.0,143.17,15
2025-12-22 08:00:00+00:00,62.0,129.88,105.5,145.27,15
2025-12-22 09:00:00+00:00,61.0,130.46,77.0,146.23,15
2025-12-22 10:00:00+00:00,82.5,131.44,74.5,146.96,15
2025-12-22 11:00:00+00:00,115.0,126.98,110.0,148.0,15
2025-12-22 12:00:00+00:00,216.0,123.48,414.0,154.52,15
2025-12-22 13:00:00+00:00,400.0,126.31,237.0,148.6,15
2025-12-22 14:00:00+00:00,408.0,132.98,415.5,150.9,15
2025-12-22 15:00:00+00:00,372.5,139.29,462.0,156.1,15
2025-12-22 16:00:00+00:00,253.0,143.23,377.0,164.17,15
2025-12-22 17:00:00+00:00,214.5,147.88,269.5,170.23,15
2025-12-22 18:00:00+00:00,209.0,152.62,217.5,175.29,15
2025-12-22 19:00:00+00:00,173.0,155.96,193.0,179.75,15
2025-12-22 20:00:00+00:00,185.0,159.9,227.5,185.65,15
2025-12-22 21:00:00+00:00,184.0,164.56,187.5,190.29,15
2025-12-22 22:00:00+00:00,180.0,169.65,178.0,195.17,15
2025-12-22 23:00:00+00:00,173.0,174.4,172.5,199.98,15
2025-12-23 00:00:00+00:00,171.0,178.4,172.0,198.56,15
2025-12-23 01:00:00+00:00,163.0,181.12,161.5,199.96,15
2025-12-23 02:00:00+00:00,165.0,183.54,164.0,202.33,15
2025-12-23 03:00:00+00:00,178.0,184.92,171.0,203.56,15
2025-12-23 04:00:00+00:00,169.0,186.85,173.0,204.81,15
2025-12-23 05:00:00+00:00,169.0,189.19,164.0,206.85,15
2025-12-23 06:00:00+00:00,165.5,190.62,159.0,208.73,15
2025-12-23 07:00:00+00:00,161.0,192.92,155.0,209.9,15
2025-12-23 08:00:00+00:00,158.5,196.94,154.0,211.92,15
2025-12-23 09:00:00+00:00,161.0,201.1,164.0,215.54,15
2025-12-23 10:00:00+00:00,161.0,204.38,162.0,219.19,15
2025-12-23 11:00:00+00:00,155.5,206.06,160.0,221.27,15
2025-12-23 12:00:00+00:00,155.0,203.52,172.0,211.19,15
2025-12-23 13:00:00+00:00,146.0,192.94,148.0,207.48,15
2025-12-23 14:00:00+00:00,141.5,181.83,285.5,202.06,15
2025-12-23 15:00:00+00:00,137.0,172.02,189.5,190.71,15
2025-12-23 16:00:00+00:00,126.0,166.73,132.5,180.52,15
2025-12-23 17:00:00+00:00,121.0,162.83,119.0,174.25,15
2025-12-23 18:00:00+00:00,125.5,159.35,116.0,170.02,15
2025-12-23 19:00:00+00:00,127.0,157.44,117.0,166.85,15
2025-12-23 20:00:00+00:00,113.0,154.44,116.0,162.21,15
2025-12-23 21:00:00+00:00,119.5,151.75,115.0,159.19,15
2025-12-23 22:00:00+00:00,126.0,149.5,221.0,160.98,15
2025-12-23 23:00:00+00:00,83.5,145.77,129.5,159.19,15
2025-12-24 00:00:00+00:00,71.0,141.6,94.0,155.94,15
2025-12-24 01:00:00+00:00,100.0,138.98,89.0,152.92,15
2025-12-24 02:00:00+00:00,158.0,138.69,122.0,151.17,15
2025-12-24 03:00:00+00:00,195.5,139.42,143.0,150.0,15
2025-12-24 04:00:00+00:00,112.0,137.04,127.0,148.08,15
2025-12-24 05:00:00+00:00,92.0,133.83,106.0,145.67,15
2025-12-24 06:00:00+00:00,99.0,131.06,97.0,143.08,15
2025-12-24 07:00:00+00:00,103.5,128.67,103.0,140.92,15
2025-12-24 08:00:00+00:00,109.0,126.6,105.0,138.88,15
2025-12-24 09:00:00+00:00,119.5,124.88,122.0,137.12,15
2025-12-24 10:00:00+00:00,106.0,122.58,108.5,134.9,15
2025-12-24 11:00:00+00:00,125.0,121.31,112.5,132.92,15
2025-12-24 12:00:00+00:00,153.0,121.23,170.0,132.83,15
2025-12-24 13:00:00+00:00,136.0,120.81,149.0,132.88,15
2025-12-24 14:00:00+00:00,131.5,120.4,290.5,133.08,15
2025-12-24 15:00:00+00:00,169.0,121.73,168.0,132.19,15
2025-12-24 16:00:00+00:00,109.5,121.04,134.0,132.25,15
2025-12-24 17:00:00+00:00,86.0,119.58,97.5,131.35,15
2025-12-24 18:00:00+00:00,70.0,117.27,79.0,129.81,15
2025-12-24 19:00:00+00:00,69.0,114.85,69.0,127.81,15
2025-12-24 20:00:00+00:00,67.0,112.94,66.0,125.73,15
2025-12-24 21:00:00+00:00,67.0,110.75,65.0,123.65,15
2025-12-24 22:00:00+00:00,65.5,108.23,68.0,117.27,15
2025-12-24 23:00:00+00:00,65.0,107.46,64.0,114.54,15
2025-12-25 00:00:00+00:00,66.0,107.25,124.0,115.79,15
2025-12-25 01:00:00+00:00,85.5,106.65,76.0,115.25,15
2025-12-25 02:00:00+00:00,91.5,103.88,83.0,113.62,15
2025-12-25 03:00:00+00:00,102.0,99.98,107.0,112.12,15
2025-12-25 04:00:00+00:00,85.0,98.85,97.0,110.88,15
2025-12-25 05:00:00+00:00,71.0,97.98,83.0,109.92,15
2025-12-25 06:00:00+00:00,74.0,96.94,84.0,109.38,15
2025-12-25 07:00:00+00:00,73.0,95.67,86.0,108.67,15
2025-12-25 08:00:00+00:00,73.0,94.17,87.0,107.92,15
2025-12-25 09:00:00+00:00,71.0,92.15,88.0,106.5,15
2025-12-25 10:00:00+00:00,78.0,90.98,85.0,105.52,15
2025-12-25 11:00:00+00:00,101.0,89.98,84.0,104.33,15
2025-12-25 12:00:00+00:00,282.0,95.35,132.0,102.75,15
2025-12-25 13:00:00+00:00,315.0,102.81,213.5,105.44,15
2025-12-25 14:00:00+00:00,,109.37,155.0,99.79,15
2025-12-25 15:00:00+00:00,,113.28,175.0,100.08,15
2025-12-25 16:00:00+00:00,,118.57,162.0,101.25,15
2025-12-25 17:00:00+00:00,,123.76,181.0,104.73,15
2025-12-25 18:00:00+00:00,,128.53,151.0,107.73,15
2025-12-25 19:00:00+00:00,,132.24,145.0,110.9,15
2025-12-25 20:00:00+00:00,,134.96,123.5,113.29,15
2025-12-25 21:00:00+00:00,106.0,136.58,108.5,115.1,15
2025-12-25 22:00:00+00:00,108.0,138.35,106.0,116.69,15
2025-12-25 23:00:00+00:00,102.0,139.9,106.0,118.44,15
2025-12-26 00:00:00+00:00,98.0,141.23,125.0,118.48,15
2025-12-26 01:00:00+00:00,96.0,141.67,97.0,119.35,15
2025-12-26 02:00:00+00:00,95.5,141.83,98.0,119.98,15
2025-12-26 03:00:00+00:00,85.0,141.12,89.0,119.23,15
2025-12-26 04:00:00+00:00,83.5,141.06,86.0,118.77,15
2025-12-26 05:00:00+00:00,90.5,141.88,98.0,119.4,15
2025-12-26 06:00:00+00:00,84.0,142.29,93.0,119.77,15
2025-12-26 07:00:00+00:00,72.0,142.25,88.0,119.85,15
2025-12-26 08:00:00+00:00,69.0,142.08,80.0,119.56,15
2025-12-26 09:00:00+00:00,73.5,142.19,76.0,119.06,15
2025-12-26 10:00:00+00:00,49.0,140.98,74.0,118.6,15
2025-12-26 11:00:00+00:00,79.0,140.06,77.0,118.31,15
2025-12-26 12:00:00+00:00,156.5,134.83,111.5,117.46,15
2025-12-26 13:00:00+00:00,393.5,138.1,164.0,115.4,15
2025-12-26 14:00:00+00:00,386.0,142.15,335.5,122.92,15
2025-12-26 15:00:00+00:00,249.5,141.6,311.0,128.58,15
2025-12-26 16:00:00+00:00,179.0,139.2,212.0,130.67,15
2025-12-26 17:00:00+00:00,158.0,137.01,169.0,130.17,15
2025-12-26 18:00:00+00:00,143.0,135.29,153.0,130.25,15
2025-12-26 19:00:00+00:00,160.0,135.36,145.0,130.25,15
2025-12-26 20:00:00+00:00,173.0,137.06,161.0,131.81,15
2025-12-26 21:00:00+00:00,176.0,139.98,170.0,134.38,15
2025-12-26 22:00:00+00:00,168.0,142.48,170.0,137.04,15
2025-12-26 23:00:00+00:00,150.5,144.5,158.0,139.21,15
2025-12-27 00:00:00+00:00,144.0,146.42,146.0,140.08,15
2025-12-27 01:00:00+00:00,142.5,148.35,149.0,142.25,15
2025-12-27 02:00:00+00:00,140.0,150.21,151.0,144.46,15
2025-12-27 03:00:00+00:00,140.0,152.5,143.0,146.71,15
2025-12-27 04:00:00+00:00,141.5,154.92,145.5,149.19,15
2025-12-27 05:00:00+00:00,137.5,156.88,136.0,150.77,15
2025-12-27 06:00:00+00:00,125.0,158.58,127.5,152.21,15
2025-12-27 07:00:00+00:00,122.0,160.67,129.0,153.92,15
2025-12-27 08:00:00+00:00,116.5,162.65,120.0,155.58,15
2025-12-27 09:00:00+00:00,121.5,164.65,120.0,157.42,15
2025-12-27 10:00:00+00:00,121.0,167.65,154.0,160.75,15
2025-12-27 11:00:00+00:00,114.5,169.12,123.0,162.67,15
2025-12-27 12:00:00+00:00,128.0,167.94,134.5,163.62,15
2025-12-27 13:00:00+00:00,105.0,155.92,125.0,162.0,15
2025-12-27 14:00:00+00:00,101.0,144.04,107.5,152.5,15
2025-12-27 15:00:00+00:00,94.0,137.56,97.0,143.58,15
2025-12-27 16:00:00+00:00,93.0,133.98,93.0,138.62,15
2025-12-27 17:00:00+00:00,93.0,131.27,91.0,135.38,15
2025-12-27 18:00:00+00:00,87.5,128.96,89.0,132.71,15
2025-12-27 19:00:00+00:00,84.0,125.79,84.0,130.17,15
2025-12-27 20:00:00+00:00,75.0,121.71,79.0,126.75,15
2025-12-27 21:00:00+00:00,75.0,117.5,73.0,122.71,15
2025-12-27 22:00:00+00:00,74.0,113.58,72.0,118.62,15
2025-12-27 23:00:00+00:00,69.0,110.19,70.0,114.96,15
2025-12-28 00:00:00+00:00,61.0,106.73,64.0,111.54,15
2025-12-28 01:00:00+00:00,71.0,103.75,134.0,110.92,15
2025-12-28 02:00:00+00:00,90.5,101.69,82.0,108.04,15
2025-12-28 03:00:00+00:00,78.5,99.12,80.0,105.42,15
2025-12-28 04:00:00+00:00,74.0,96.31,75.5,102.5,15
2025-12-28 05:00:00+00:00,72.0,93.58,74.0,99.92,15
2025-12-28 06:00:00+00:00,73.0,91.42,72.0,97.6,15
2025-12-28 07:00:00+00:00,92.5,90.19,75.5,95.38,15
2025-12-28 08:00:00+00:00,89.0,89.04,92.5,94.23,15
2025-12-28 09:00:00+00:00,99.5,88.12,98.0,93.31,15
2025-12-28 10:00:00+00:00,110.5,87.69,108.0,91.4,15
2025-12-28 11:00:00+00:00,116.0,87.75,145.5,92.33,15
2025-12-28 12:00:00+00:00,119.0,87.38,117.0,91.6,15
2025-12-28 13:00:00+00:00,124.0,88.17,116.0,91.23,15
2025-12-28 14:00:00+00:00,95.0,87.92,296.0,99.08,15
2025-12-28 15:00:00+00:00,87.0,87.62,159.5,101.69,15
2025-12-28 16:00:00+00:00,84.0,87.25,94.0,101.73,15
2025-12-28 17:00:00+00:00,82.0,86.79,82.5,101.38,15
2025-12-28 18:00:00+00:00,81.0,86.52,83.0,101.12,15
2025-12-28 19:00:00+00:00,84.0,86.52,81.0,101.0,15
2025-12-28 20:00:00+00:00,80.0,86.73,79.0,101.0,15
2025-12-28 21:00:00+00:00,78.0,86.85,76.0,101.12,15
2025-12-28 22:00:00+00:00,78.0,87.02,79.0,101.42,15
2025-12-28 23:00:00+00:00,78.0,87.4,76.0,101.67,15
2025-12-29 00:00:00+00:00,86.0,88.44,191.0,106.96,15
2025-12-29 01:00:00+00:00,94.0,89.4,104.5,105.73,15
2025-12-29 02:00:00+00:00,132.5,91.15,123.0,107.44,15
2025-12-29 03:00:00+00:00,130.0,93.29,126.0,109.35,15
2025-12-29 04:00:00+00:00,99.0,94.33,109.0,110.75,15
2025-12-29 05:00:00+00:00,98.0,95.42,100.0,111.83,15
2025-12-29 06:00:00+00:00,137.0,98.08,104.5,113.19,15
2025-12-29 07:00:00+00:00,132.0,99.73,129.5,115.44,15
2025-12-29 08:00:00+00:00,125.0,101.23,131.0,117.04,15
2025-12-29 09:00:00+00:00,129.5,102.48,124.0,118.12,15
2025-12-29 10:00:00+00:00,142.5,103.81,125.0,118.83,15
2025-12-29 11:00:00+00:00,150.0,105.23,160.0,119.44,15
2025-12-29 12:00:00+00:00,167.5,107.25,156.0,121.06,15
2025-12-29 13:00:00+00:00,248.0,112.42,,122.8,15
2025-12-29 14:00:00+00:00,,118.67,,117.1,15
2025-12-29 15:00:00+00:00,,125.14,,117.17,15
2025-12-29 16:00:00+00:00,,131.61,,120.03,15
2025-12-29 17:00:00+00:00,,138.05,,123.44,15
2025-12-29 18:00:00+00:00,,144.41,,126.9,15
2025-12-29 19:00:00+00:00,,150.52,,130.51,15
2025-12-29 20:00:00+00:00,,156.68,,134.27,15
2025-12-29 21:00:00+00:00,,162.8,,138.23,15
2025-12-29 22:00:00+00:00,,168.8,,142.13,15
2025-12-29 23:00:00+00:00,,174.69,,146.23,15
2025-12-30 00:00:00+00:00,,180.12,,145.6,15
2025-12-30 01:00:00+00:00,,185.09,,147.39,15
2025-12-30 02:00:00+00:00,,187.38,,148.5,15
2025-12-30 03:00:00+00:00,,189.99,,149.57,15
2025-12-30 04:00:00+00:00,,194.32,,151.6,15
2025-12-30 05:00:00+00:00,,199.13,,154.32,15
2025-12-30 06:00:00+00:00,,202.4,,157.08,15
2025-12-30 07:00:00+00:00,,206.32,,,15
2025-12-30 08:00:00+00:00,,,,,15
2025-12-30 09:00:00+00:00,,,,,15
2025-12-30 10:00:00+00:00,,,,,15
2025-12-30 11:00:00+00:00,,,,,15
2025-12-30 12:00:00+00:00,,,,,15
2025-12-30 13:00:00+00:00,,,,,15
2025-12-30 14:00:00+00:00,,,,,15
2025-12-30 15:00:00+00:00,,,,,15
2025-12-30 16:00:00+00:00,,,,,15
2025-12-30 17:00:00+00:00,,,,,15
2025-12-30 18:00:00+00:00,,,,,15
2025-12-30 19:00:00+00:00,,,,,15
2025-12-30 20:00:00+00:00,,,,,15
2025-12-30 21:00:00+00:00,,,,,15
2025-12-30 22:00:00+00:00,,,,,15
2025-12-30 23:00:00+00:00,150.0,,,,15
2025-12-31 00:00:00+00:00,,,,,15
2025-12-31 01:00:00+00:00,,,,,15
2025-12-31 02:00:00+00:00,,,,,15
2025-12-31 03:00:00+00:00,,,,,15
2025-12-31 04:00:00+00:00,,,,,15
2025-12-31 05:00:00+00:00,,,,,15
2025-12-31 06:00:00+00:00,,,,,15
2025-12-31 07:00:00+00:00,,,,,15
2025-12-31 08:00:00+00:00,,,,,15
2025-12-31 09:00:00+00:00,,,,,15
2025-12-31 10:00:00+00:00,,,,,15
2025-12-31 11:00:00+00:00,,,,,15
2025-12-31 12:00:00+00:00,,,,,15
2025-12-31 13:00:00+00:00,,,,,15
2025-12-31 14:00:00+00:00,,,,,15
2025-12-31 15:00:00+00:00,,,241.0,,15
2025-12-31 16:00:00+00:00,,,179.0,,15
2025-12-31 17:00:00+00:00,,,135.0,,15
2025-12-31 18:00:00+00:00,,,110.0,,15
2025-12-31 19:00:00+00:00,,,87.0,,15
2025-12-31 20:00:00+00:00,,,74.5,,15
2025-12-31 21:00:00+00:00,,,63.5,,15
2025-12-31 22:00:00+00:00,,,50.0,,15
2025-12-31 23:00:00+00:00,52.0,,47.0,,15
2026-01-01 00:00:00+00:00,63.0,,84.0,,15
2026-01-01 01:00:00+00:00,62.0,,65.0,,15
2026-01-01 02:00:00+00:00,135.5,,236.0,,15
2026-01-01 03:00:00+00:00,100.5,,128.5,,15
2026-01-01 04:00:00+00:00,58.0,,96.0,,15
2026-01-01 05:00:00+00:00,54.0,,69.5,,15
2026-01-01 06:00:00+00:00,58.0,,63.0,,15
2026-01-01 07:00:00+00:00,66.0,,70.0,,15
2026-01-01 08:00:00+00:00,61.0,,68.0,103.72,15
2026-01-01 09:00:00+00:00,58.0,,65.0,101.68,15
2026-01-01 10:00:00+00:00,58.0,,63.0,99.75,15
2026-01-01 11:00:00+00:00,77.0,,66.0,98.14,15
2026-01-01 12:00:00+00:00,108.0,,106.0,98.5,15
2026-01-01 13:00:00+00:00,178.0,,118.0,99.35,15
2026-01-01 14:00:00+00:00,174.5,,295.0,107.5,15
2026-01-01 15:00:00+00:00,192.0,,199.5,105.77,15
2026-01-01 16:00:00+00:00,136.0,93.97,167.5,105.29,15
2026-01-01 17:00:00+00:00,117.0,95.18,131.0,105.12,15
2026-01-01 18:00:00+00:00,106.5,95.75,112.0,105.21,15
2026-01-01 19:00:00+00:00,104.0,96.14,107.0,106.04,15
2026-01-01 20:00:00+00:00,102.0,96.41,105.0,107.31,15
2026-01-01 21:00:00+00:00,110.0,97.0,109.0,109.21,15
2026-01-01 22:00:00+00:00,132.0,98.46,123.0,112.25,15
2026-01-01 23:00:00+00:00,141.0,102.17,133.0,115.83,15
2026-01-02 00:00:00+00:00,155.5,106.02,216.0,121.33,15
2026-01-02 01:00:00+00:00,172.0,110.6,173.0,125.83,15
2026-01-02 02:00:00+00:00,168.0,111.96,171.0,123.12,15
2026-01-02 03:00:00+00:00,167.0,114.73,166.0,124.69,15
2026-01-02 04:00:00+00:00,151.5,118.62,171.5,127.83,15
2026-01-02 05:00:00+00:00,135.0,122.0,155.5,131.42,15
2026-01-02 06:00:00+00:00,144.0,125.58,141.0,134.67,15
2026-01-02 07:00:00+00:00,144.0,128.83,145.0,137.79,15
2026-01-02 08:00:00+00:00,138.0,132.04,140.0,140.79,15
2026-01-02 09:00:00+00:00,132.5,135.15,137.0,143.79,15
2026-01-02 10:00:00+00:00,129.5,138.12,135.0,146.79,15
2026-01-02 11:00:00+00:00,131.0,140.38,156.0,150.54,15
2026-01-02 12:00:00+00:00,123.0,141.0,132.0,151.62,15
2026-01-02 13:00:00+00:00,118.0,138.5,225.5,156.1,15
2026-01-02 14:00:00+00:00,117.0,136.1,123.0,148.94,15
2026-01-02 15:00:00+00:00,116.0,132.94,114.0,145.38,15
2026-01-02 16:00:00+00:00,108.0,131.77,112.5,143.08,15
2026-01-02 17:00:00+00:00,108.0,131.4,227.0,147.08,15
2026-01-02 18:00:00+00:00,109.0,131.5,125.5,147.65,15
2026-01-02 19:00:00+00:00,101.0,131.38,105.0,147.56,15
2026-01-02 20:00:00+00:00,91.0,130.92,97.0,147.23,15
2026-01-02 21:00:00+00:00,92.0,130.17,94.0,146.6,15
2026-01-02 22:00:00+00:00,85.0,128.21,258.5,152.25,15
2026-01-02 23:00:00+00:00,86.0,125.92,112.0,151.38,15
2026-01-03 00:00:00+00:00,87.0,123.06,89.0,146.08,15
2026-01-03 01:00:00+00:00,77.0,119.1,82.0,142.29,15
2026-01-03 02:00:00+00:00,80.0,115.44,78.0,138.42,15
2026-01-03 03:00:00+00:00,82.0,111.9,94.5,135.44,15
2026-01-03 04:00:00+00:00,75.0,108.71,81.0,131.67,15
2026-01-03 05:00:00+00:00,93.0,106.96,82.0,128.6,15
2026-01-03 06:00:00+00:00,104.0,105.29,108.0,127.23,15
2026-01-03 07:00:00+00:00,102.0,103.54,173.5,128.42,15
2026-01-03 08:00:00+00:00,96.0,101.79,122.0,127.67,15
2026-01-03 09:00:00+00:00,96.0,100.27,110.0,126.54,15
2026-01-03 10:00:00+00:00,61.0,97.42,90.0,124.67,15
2026-01-03 11:00:00+00:00,83.0,95.42,81.0,121.54,15
2026-01-03 12:00:00+00:00,85.0,93.83,88.0,119.71,15
2026-01-03 13:00:00+00:00,93.0,92.79,174.0,117.56,15
2026-01-03 14:00:00+00:00,90.0,91.67,134.5,118.04,15
2026-01-03 15:00:00+00:00,86.0,90.42,148.5,119.48,15
2026-01-03 16:00:00+00:00,84.0,89.42,93.5,118.69,15
2026-01-03 17:00:00+00:00,77.0,88.12,77.0,112.44,15
2026-01-03 18:00:00+00:00,73.5,86.65,75.0,110.33,15
2026-01-03 19:00:00+00:00,71.0,85.4,71.0,108.92,15
2026-01-03 20:00:00+00:00,65.0,84.31,65.0,107.58,15
2026-01-03 21:00:00+00:00,63.0,83.1,59.0,106.12,15
2026-01-03 22:00:00+00:00,47.0,81.52,56.0,97.69,15
2026-01-03 23:00:00+00:00,47.0,79.9,47.0,94.98,15
2026-01-04 00:00:00+00:00,67.5,79.08,61.5,93.83,15
2026-01-04 01:00:00+00:00,106.5,80.31,78.0,93.67,15
2026-01-04 02:00:00+00:00,154.5,83.42,128.0,95.75,15
2026-01-04 03:00:00+00:00,108.0,84.5,132.5,97.33,15
2026-01-04 04:00:00+00:00,108.0,85.88,119.0,98.92,15
2026-01-04 05:00:00+00:00,98.0,86.08,102.0,99.75,15
2026-01-04 06:00:00+00:00,71.0,84.71,95.5,99.23,15
2026-01-04 07:00:00+00:00,83.0,83.92,83.0,95.46,15
2026-01-04 08:00:00+00:00,95.0,83.88,87.0,94.0,15
2026-01-04 09:00:00+00:00,94.5,83.81,93.5,93.31,15
2026-01-04 10:00:00+00:00,110.0,85.85,109.0,94.1,15
2026-01-04 11:00:00+00:00,131.0,87.85,170.0,97.81,15
2026-01-04 12:00:00+00:00,130.0,89.73,169.0,101.19,15
2026-01-04 13:00:00+00:00,128.5,91.21,165.0,100.81,15
2026-01-04 14:00:00+00:00,168.0,94.46,141.0,101.08,15
2026-01-04 15:00:00+00:00,155.5,97.35,221.0,104.1,15
2026-01-04 16:00:00+00:00,151.5,100.17,175.0,107.5,15
2026-01-04 17:00:00+00:00,83.5,100.44,117.0,109.17,15
2026-01-04 18:00:00+00:00,69.0,100.25,80.0,109.38,15
2026-01-04 19:00:00+00:00,67.0,100.08,68.0,109.25,15
2026-01-04 20:00:00+00:00,57.0,99.75,60.5,109.06,15
2026-01-04 21:00:00+00:00,53.0,99.33,55.0,108.9,15
2026-01-04 22:00:00+00:00,51.0,99.5,53.0,108.77,15
2026-01-04 23:00:00+00:00,55.0,99.83,53.0,109.02,15
2026-01-05 00:00:00+00:00,60.0,99.52,63.0,109.08,15
2026-01-05 01:00:00+00:00,96.5,99.1,72.5,108.85,15
2026-01-05 02:00:00+00:00,133.5,98.23,103.5,107.83,15
2026-01-05 03:00:00+00:00,93.5,97.62,103.5,106.62,15
2026-01-05 04:00:00+00:00,74.5,96.23,80.0,105.0,15
2026-01-05 05:00:00+00:00,77.0,95.35,74.0,103.83,15
2026-01-05 06:00:00+00:00,85.0,95.94,77.5,103.08,15
2026-01-05 07:00:00+00:00,92.5,96.33,83.0,103.08,15
2026-01-05 08:00:00+00:00,96.5,96.4,90.0,103.21,15
2026-01-05 09:00:00+00:00,106.0,96.88,97.0,103.35,15
2026-01-05 10:00:00+00:00,115.0,97.08,103.0,103.1,15
2026-01-05 11:00:00+00:00,123.0,96.75,119.0,100.98,15
2026-01-05 12:00:00+00:00,115.0,96.12,119.0,98.9,15
2026-01-05 13:00:00+00:00,109.0,95.31,146.5,98.12,15
2026-01-05 14:00:00+00:00,106.0,92.73,283.5,104.06,15
2026-01-05 15:00:00+00:00,99.0,90.38,129.5,100.25,15
2026-01-05 16:00:00+00:00,99.0,88.19,99.0,97.08,15
2026-01-05 17:00:00+00:00,101.0,88.92,213.0,101.08,15
2026-01-05 18:00:00+00:00,101.0,90.25,141.5,103.65,15
2026-01-05 19:00:00+00:00,108.0,91.96,108.5,105.33,15
2026-01-05 20:00:00+00:00,110.0,94.17,100.0,106.98,15
2026-01-05 21:00:00+00:00,111.0,96.58,98.0,108.77,15
2026-01-05 22:00:00+00:00,114.0,99.21,110.0,111.15,15
2026-01-05 23:00:00+00:00,103.0,101.21,101.0,113.15,15
2026-01-06 00:00:00+00:00,86.0,102.29,104.0,114.85,15
2026-01-06 01:00:00+00:00,83.0,101.73,88.0,115.5,15
2026-01-06 02:00:00+00:00,95.5,100.15,86.5,114.79,15
2026-01-06 03:00:00+00:00,97.0,100.29,96.0,114.48,15
2026-01-06 04:00:00+00:00,87.5,100.83,93.0,115.02,15
2026-01-06 05:00:00+00:00,87.0,101.25,91.0,115.73,15
2026-01-06 06:00:00+00:00,82.0,101.12,94.5,116.44,15
2026-01-06 07:00:00+00:00,88.0,100.94,87.0,116.6,15
2026-01-06 08:00:00+00:00,90.0,100.67,87.0,116.48,15
2026-01-06 09:00:00+00:00,94.0,100.17,89.0,116.15,15
2026-01-06 10:00:00+00:00,98.5,99.48,151.0,118.15,15
2026-01-06 11:00:00+00:00,109.0,98.9,241.5,123.25,15
2026-01-06 12:00:00+00:00,101.0,98.31,115.0,123.08,15
2026-01-06 13:00:00+00:00,101.0,97.98,92.0,120.81,15
2026-01-06 14:00:00+00:00,94.0,97.48,244.0,119.17,15
2026-01-06 15:00:00+00:00,100.0,97.52,161.0,120.48,15
2026-01-06 16:00:00+00:00,124.0,98.56,127.5,121.67,15
2026-01-06 17:00:00+00:00,121.0,99.4,116.0,117.62,15
2026-01-06 18:00:00+00:00,121.0,100.23,114.0,116.48,15
2026-01-06 19:00:00+00:00,116.0,100.56,121.5,117.02,15
2026-01-06 20:00:00+00:00,116.0,100.81,115.0,117.65,15
2026-01-06 21:00:00+00:00,119.0,101.15,112.0,118.23,15
2026-01-06 22:00:00+00:00,116.5,101.25,112.0,118.31,15
2026-01-06 23:00:00+00:00,113.0,101.67,116.5,118.96,15
2026-01-07 00:00:00+00:00,109.0,102.62,152.0,120.96,15
2026-01-07 01:00:00+00:00,117.0,104.04,127.0,122.58,15
2026-01-07 02:00:00+00:00,119.0,105.02,129.5,124.38,15
2026-01-07 03:00:00+00:00,117.0,105.85,334.5,134.31,15
2026-01-07 04:00:00+00:00,103.0,106.5,161.0,137.15,15
2026-01-07 05:00:00+00:00,108.0,107.38,121.0,138.4,15
2026-01-07 06:00:00+00:00,98.5,108.06,111.0,139.08,15
2026-01-07 07:00:00+00:00,90.0,108.15,100.0,139.62,15
2026-01-07 08:00:00+00:00,87.0,108.02,96.5,140.02,15
2026-01-07 09:00:00+00:00,92.0,107.94,106.0,140.73,15
2026-01-07 10:00:00+00:00,98.5,107.94,97.0,138.48,15
2026-01-07 11:00:00+00:00,131.0,108.85,127.0,133.71,15
2026-01-07 12:00:00+00:00,162.5,111.42,284.0,140.75,15
2026-01-07 13:00:00+00:00,135.0,112.83,162.5,143.69,15
2026-01-07 14:00:00+00:00,118.0,113.83,125.0,138.73,15
2026-01-07 15:00:00+00:00,119.0,114.62,116.0,136.85,15
2026-01-07 16:00:00+00:00,122.0,114.54,114.0,136.29,15
2026-01-07 17:00:00+00:00,123.0,114.62,115.0,136.25,15
2026-01-07 18:00:00+00:00,122.0,114.67,118.0,136.42,15
2026-01-07 19:00:00+00:00,123.0,114.96,114.0,136.1,15
2026-01-07 20:00:00+00:00,122.0,115.21,114.0,136.06,15
2026-01-07 21:00:00+00:00,116.0,115.08,111.0,136.02,15
2026-01-07 22:00:00+00:00,106.0,114.65,107.0,135.81,15
2026-01-07 23:00:00+00:00,105.0,114.31,101.0,135.17,15
2026-01-08 00:00:00+00:00,107.0,114.23,126.5,134.1,15
2026-01-08 01:00:00+00:00,111.5,114.0,119.0,133.77,15
2026-01-08 02:00:00+00:00,117.0,113.92,163.0,135.17,15
2026-01-08 03:00:00+00:00,107.5,113.52,149.5,127.46,15
2026-01-08 04:00:00+00:00,99.0,113.35,113.0,125.46,15
2026-01-08 05:00:00+00:00,98.0,112.94,104.5,124.77,15
2026-01-08 06:00:00+00:00,97.0,112.88,105.0,124.52,15
2026-01-08 07:00:00+00:00,89.0,112.83,97.0,124.4,15
2026-01-08 08:00:00+00:00,89.0,112.92,93.0,124.25,15
2026-01-08 09:00:00+00:00,86.0,112.67,90.0,123.58,15
2026-01-08 10:00:00+00:00,96.5,112.58,94.0,123.46,15
2026-01-08 11:00:00+00:00,120.0,112.12,121.0,123.21,15
2026-01-08 12:00:00+00:00,155.0,111.81,134.5,116.98,15
2026-01-08 13:00:00+00:00,175.0,113.48,269.0,121.42,15
2026-01-08 14:00:00+00:00,246.0,118.81,215.0,125.17,15
2026-01-08 15:00:00+00:00,183.5,121.5,179.0,127.79,15
2026-01-08 16:00:00+00:00,182.0,124.0,172.0,130.21,15
2026-01-08 17:00:00+00:00,173.0,126.08,167.0,132.38,15
2026-01-08 18:00:00+00:00,159.0,127.62,155.0,133.92,15
2026-01-08 19:00:00+00:00,148.5,128.69,145.0,135.21,15
2026-01-08 20:00:00+00:00,145.0,129.65,137.0,136.17,15
2026-01-08 21:00:00+00:00,143.0,130.77,137.0,137.25,15
2026-01-08 22:00:00+00:00,129.0,131.73,149.0,139.0,15
2026-01-08 23:00:00+00:00,111.0,131.98,111.0,139.42,15
2026-01-09 00:00:00+00:00,104.0,131.85,105.0,138.52,15
2026-01-09 01:00:00+00:00,102.0,131.46,102.0,137.81,15
2026-01-09 02:00:00+00:00,113.0,131.29,185.5,138.75,15
2026-01-09 03:00:00+00:00,107.0,131.27,137.5,138.25,15
2026-01-09 04:00:00+00:00,103.0,131.44,106.0,137.96,15
2026-01-09 05:00:00+00:00,100.0,131.52,107.0,138.06,15
2026-01-09 06:00:00+00:00,91.5,131.29,100.0,137.85,15
2026-01-09 07:00:00+00:00,91.0,131.38,95.0,137.77,15
2026-01-09 08:00:00+00:00,77.0,130.88,95.0,137.85,15
2026-01-09 09:00:00+00:00,73.5,130.35,87.0,137.73,15
2026-01-09 10:00:00+00:00,89.0,130.04,97.0,137.85,15
2026-01-09 11:00:00+00:00,101.0,129.25,113.0,137.52,15
2026-01-09 12:00:00+00:00,170.0,129.88,136.0,137.58,15
2026-01-09 13:00:00+00:00,205.0,131.12,280.5,138.06,15
2026-01-09 14:00:00+00:00,197.0,129.08,186.0,136.85,15
2026-01-09 15:00:00+00:00,181.5,129.0,182.0,136.98,15
2026-01-09 16:00:00+00:00,166.0,128.33,164.0,136.65,15
2026-01-09 17:00:00+00:00,142.0,127.04,149.5,135.92,15
2026-01-09 18:00:00+00:00,129.0,125.79,130.0,134.88,15
2026-01-09 19:00:00+00:00,125.0,124.81,122.0,133.92,15
2026-01-09 20:00:00+00:00,117.0,123.65,118.0,133.12,15
2026-01-09 21:00:00+00:00,135.0,123.31,119.0,132.38,15
2026-01-09 22:00:00+00:00,145.0,123.98,135.0,131.79,15
2026-01-09 23:00:00+00:00,147.0,125.48,143.0,133.12,15
2026-01-10 00:00:00+00:00,154.5,127.58,149.0,134.96,15
2026-01-10 01:00:00+00:00,186.5,131.1,171.5,137.85,15
2026-01-10 02:00:00+00:00,202.0,134.81,209.0,138.83,15
2026-01-10 03:00:00+00:00,219.0,139.48,288.0,145.1,15
2026-01-10 04:00:00+00:00,179.5,142.67,189.0,148.56,15
2026-01-10 05:00:00+00:00,185.5,146.23,190.0,152.02,15
2026-01-10 06:00:00+00:00,130.0,147.83,164.0,154.69,15
2026-01-10 07:00:00+00:00,64.5,146.73,102.5,155.0,15
2026-01-10 08:00:00+00:00,79.5,146.83,111.5,155.69,15
2026-01-10 09:00:00+00:00,65.0,146.48,92.0,155.9,15
2026-01-10 10:00:00+00:00,90.5,146.54,87.5,155.5,15
2026-01-10 11:00:00+00:00,147.5,148.48,181.0,158.33,15
2026-01-10 12:00:00+00:00,209.5,150.12,155.0,159.12,15
2026-01-10 13:00:00+00:00,277.5,153.15,,156.72,15
2026-01-10 14:00:00+00:00,357.0,159.81,,161.08,15
2026-01-10 15:00:00+00:00,232.0,161.92,358.5,168.44,15
2026-01-10 16:00:00+00:00,227.5,164.48,267.0,172.73,15
2026-01-10 17:00:00+00:00,151.0,164.85,179.5,173.98,15
2026-01-10 18:00:00+00:00,132.0,164.98,139.0,174.35,15
2026-01-10 19:00:00+00:00,108.0,164.27,117.5,174.17,15
2026-01-10 20:00:00+00:00,86.0,162.98,90.0,173.0,15
2026-01-10 21:00:00+00:00,75.0,160.48,79.0,171.33,15
2026-01-10 22:00:00+00:00,53.5,156.67,60.0,168.21,15
2026-01-10 23:00:00+00:00,56.5,152.9,52.5,164.44,15
2026-01-11 00:00:00+00:00,68.0,149.29,77.5,161.46,15
2026-01-11 01:00:00+00:00,90.0,145.27,74.0,157.4,15
2026-01-11 02:00:00+00:00,107.0,141.31,122.0,153.77,15
2026-01-11 03:00:00+00:00,136.0,137.85,252.0,152.27,15
2026-01-11 04:00:00+00:00,113.0,135.08,143.5,150.38,15
2026-01-11 05:00:00+00:00,88.5,131.04,111.0,147.08,15
2026-01-11 06:00:00+00:00,74.0,128.71,91.5,144.06,15
2026-01-11 07:00:00+00:00,65.0,128.73,80.0,143.12,15
2026-01-11 08:00:00+00:00,52.0,127.58,56.0,140.81,15
2026-01-11 09:00:00+00:00,45.5,126.77,51.5,139.12,15
2026-01-11 10:00:00+00:00,49.0,125.04,54.5,137.75,15
2026-01-11 11:00:00+00:00,52.0,121.06,60.0,132.71,15
2026-01-11 12:00:00+00:00,102.0,116.58,116.0,131.08,15
2026-01-11 13:00:00+00:00,173.0,112.23,154.0,128.22,15
2026-01-11 14:00:00+00:00,113.0,102.06,446.0,134.69,15
2026-01-11 15:00:00+00:00,108.0,96.9,171.5,126.9,15
2026-01-11 16:00:00+00:00,122.0,92.5,121.0,120.81,15
2026-01-11 17:00:00+00:00,124.0,91.38,119.0,118.29,15
2026-01-11 18:00:00+00:00,130.0,91.29,121.0,117.54,15
2026-01-11 19:00:00+00:00,141.0,92.67,130.0,118.06,15
2026-01-11 20:00:00+00:00,123.0,94.21,128.0,119.65,15
2026-01-11 21:00:00+00:00,121.0,96.12,138.0,122.1,15
2026-01-11 22:00:00+00:00,124.0,99.06,116.0,124.44,15
2026-01-11 23:00:00+00:00,181.0,104.25,151.0,128.54,15
2026-01-12 00:00:00+00:00,166.0,108.33,158.0,131.9,15
2026-01-12 01:00:00+00:00,174.0,111.83,161.0,135.52,15
2026-01-12 02:00:00+00:00,177.5,114.77,246.0,140.69,15
2026-01-12 03:00:00+00:00,189.5,117.0,273.0,141.56,15
2026-01-12 04:00:00+00:00,172.5,119.48,199.5,143.9,15
2026-01-12 05:00:00+00:00,168.0,122.79,168.0,146.27,15
2026-01-12 06:00:00+00:00,150.0,125.96,164.5,149.31,15
2026-01-12 07:00:00+00:00,123.0,128.38,143.0,151.94,15
2026-01-12 08:00:00+00:00,126.0,131.46,139.0,155.4,15
2026-01-12 09:00:00+00:00,118.0,134.48,137.0,158.96,15
2026-01-12 10:00:00+00:00,142.0,138.35,183.5,164.33,15
2026-01-12 11:00:00+00:00,151.0,142.48,200.5,170.19,15
2026-01-12 12:00:00+00:00,205.0,146.77,172.5,172.54,15
2026-01-12 13:00:00+00:00,198.5,147.83,368.0,181.46,15
2026-01-12 14:00:00+00:00,178.0,150.54,283.0,174.67,15
2026-01-12 15:00:00+00:00,173.0,153.25,194.5,175.62,15
2026-01-12 16:00:00+00:00,153.0,154.54,155.5,177.06,15
2026-01-12 17:00:00+00:00,146.0,155.46,150.0,178.35,15
2026-01-12 18:00:00+00:00,162.0,156.79,149.5,179.54,15
2026-01-12 19:00:00+00:00,167.0,157.88,160.0,180.79,15
2026-01-12 20:00:00+00:00,167.0,159.71,163.0,182.25,15
2026-01-12 21:00:00+00:00,145.5,160.73,240.0,186.5,15
2026-01-12 22:00:00+00:00,132.0,161.06,139.5,187.48,15
2026-01-12 23:00:00+00:00,127.0,158.81,130.0,186.6,15
2026-01-13 00:00:00+00:00,113.0,156.6,239.0,189.98,15
2026-01-13 01:00:00+00:00,113.0,154.06,112.0,187.94,15
2026-01-13 02:00:00+00:00,106.0,151.08,104.5,182.04,15
2026-01-13 03:00:00+00:00,98.0,147.27,99.0,174.79,15
2026-01-13 04:00:00+00:00,96.0,144.08,98.0,170.56,15
2026-01-13 05:00:00+00:00,91.0,140.88,97.0,167.6,15
2026-01-13 06:00:00+00:00,76.5,137.81,93.0,164.62,15
2026-01-13 07:00:00+00:00,65.0,135.4,77.0,161.88,15
2026-01-13 08:00:00+00:00,76.0,133.31,85.0,159.62,15
2026-01-13 09:00:00+00:00,76.0,131.56,97.0,157.96,15
2026-01-13 10:00:00+00:00,95.0,129.6,111.0,154.94,15
2026-01-13 11:00:00+00:00,96.5,127.33,170.0,153.67,15
2026-01-13 12:00:00+00:00,114.5,123.56,138.5,152.25,15
2026-01-13 13:00:00+00:00,186.5,123.06,438.5,155.19,15
2026-01-13 14:00:00+00:00,294.0,127.9,320.0,156.73,15
2026-01-13 15:00:00+00:00,207.5,129.33,258.5,159.4,15
2026-01-13 16:00:00+00:00,208.0,131.62,197.0,161.12,15
2026-01-13 17:00:00+00:00,175.0,132.83,190.5,162.81,15
2026-01-13 18:00:00+00:00,145.0,132.12,152.0,162.92,15
2026-01-13 19:00:00+00:00,105.0,129.54,121.5,161.31,15
2026-01-13 20:00:00+00:00,92.0,126.42,96.5,158.54,15
2026-01-13 21:00:00+00:00,98.0,124.44,91.0,152.33,15
2026-01-13 22:00:00+00:00,114.0,123.69,118.0,151.44,15
2026-01-13 23:00:00+00:00,132.0,123.9,122.5,151.12,15
2026-01-14 00:00:00+00:00,139.5,125.0,150.0,147.42,15
2026-01-14 01:00:00+00:00,127.0,125.58,128.0,148.08,15
2026-01-14 02:00:00+00:00,130.5,126.6,130.0,149.15,15
2026-01-14 03:00:00+00:00,147.5,128.67,171.0,152.15,15
2026-01-14 04:00:00+00:00,140.5,130.52,152.5,154.42,15
2026-01-14 05:00:00+00:00,147.0,132.85,152.0,156.71,15
2026-01-14 06:00:00+00:00,147.5,135.81,156.5,159.35,15
2026-01-14 07:00:00+00:00,165.0,139.98,175.0,163.44,15
2026-01-14 08:00:00+00:00,166.0,143.73,177.0,167.27,15
2026-01-14 09:00:00+00:00,162.0,147.31,179.0,170.69,15
2026-01-14 10:00:00+00:00,168.0,150.35,185.0,173.77,15
2026-01-14 11:00:00+00:00,197.5,154.56,193.0,174.73,15
2026-01-14 12:00:00+00:00,217.0,158.83,186.5,176.73,15
2026-01-14 13:00:00+00:00,227.5,160.54,309.5,171.35,15
2026-01-14 14:00:00+00:00,168.0,155.29,167.0,164.98,15
2026-01-14 15:00:00+00:00,149.0,152.85,135.0,159.83,15
2026-01-14 16:00:00+00:00,153.0,150.56,133.0,157.17,15
2026-01-14 17:00:00+00:00,150.0,149.52,149.0,155.44,15
2026-01-14 18:00:00+00:00,133.0,149.02,144.0,155.1,15
2026-01-14 19:00:00+00:00,129.0,150.02,134.0,155.62,15
2026-01-14 20:00:00+00:00,124.0,151.35,128.0,156.94,15
2026-01-14 21:00:00+00:00,124.5,152.46,125.0,158.35,15
2026-01-14 22:00:00+00:00,119.0,152.67,123.0,158.56,15
2026-01-14 23:00:00+00:00,105.5,151.56,117.5,158.35,15
2026-01-15 00:00:00+00:00,102.0,150.0,197.0,160.31,15
2026-01-15 01:00:00+00:00,118.0,149.62,120.0,159.98,15
2026-01-15 02:00:00+00:00,122.5,149.29,119.0,159.52,15
2026-01-15 03:00:00+00:00,113.5,147.88,118.5,157.33,15
2026-01-15 04:00:00+00:00,92.5,145.88,104.5,155.33,15
2026-01-15 05:00:00+00:00,84.0,143.25,145.5,155.06,15
2026-01-15 06:00:00+00:00,83.0,140.56,99.0,152.67,15
2026-01-15 07:00:00+00:00,83.0,137.15,95.0,149.33,15
2026-01-15 08:00:00+00:00,85.0,133.77,92.0,145.79,15
2026-01-15 09:00:00+00:00,120.5,132.04,120.5,143.35,15
2026-01-15 10:00:00+00:00,154.5,131.48,157.5,142.21,15
2026-01-15 11:00:00+00:00,212.5,132.1,214.0,143.08,15
2026-01-15 12:00:00+00:00,228.0,132.56,270.0,146.56,15
2026-01-15 13:00:00+00:00,172.0,130.25,427.0,151.46,15
2026-01-15 14:00:00+00:00,160.0,129.92,210.0,153.25,15
2026-01-15 15:00:00+00:00,154.0,130.12,156.5,154.15,15
2026-01-15 16:00:00+00:00,140.0,129.58,144.5,154.62,15
2026-01-15 17:00:00+00:00,127.0,128.62,134.0,154.0,15
2026-01-15 18:00:00+00:00,120.0,128.08,124.5,153.19,15
2026-01-15 19:00:00+00:00,120.0,127.71,121.0,152.65,15
2026-01-15 20:00:00+00:00,115.5,127.35,118.0,152.23,15
2026-01-15 21:00:00+00:00,108.0,126.67,110.0,151.6,15
2026-01-15 22:00:00+00:00,105.0,126.08,105.0,150.85,15
2026-01-15 23:00:00+00:00,100.0,125.85,101.5,150.19,15
2026-01-16 00:00:00+00:00,92.0,125.44,96.0,145.98,15
2026-01-16 01:00:00+00:00,91.0,124.31,93.0,144.85,15
2026-01-16 02:00:00+00:00,94.0,123.12,134.5,145.5,15
2026-01-16 03:00:00+00:00,100.0,122.56,104.0,144.9,15
2026-01-16 04:00:00+00:00,97.5,122.77,99.0,144.67,15
2026-01-16 05:00:00+00:00,83.0,122.73,89.5,142.33,15
2026-01-16 06:00:00+00:00,80.0,122.6,86.0,141.79,15
2026-01-16 07:00:00+00:00,73.0,122.19,82.0,141.25,15
2026-01-16 08:00:00+00:00,72.0,121.65,80.0,140.75,15
2026-01-16 09:00:00+00:00,68.0,119.46,80.0,139.06,15
2026-01-16 10:00:00+00:00,68.0,115.85,78.0,135.75,15
2026-01-16 11:00:00+00:00,93.5,110.9,79.0,130.12,15
2026-01-16 12:00:00+00:00,150.0,107.65,109.0,123.42,15
2026-01-16 13:00:00+00:00,294.5,112.75,148.0,111.79,15
2026-01-16 14:00:00+00:00,351.0,120.71,298.0,115.46,15
2026-01-16 15:00:00+00:00,452.0,133.12,486.5,129.21,15
2026-01-16 16:00:00+00:00,159.0,133.92,328.0,136.85,15
2026-01-16 17:00:00+00:00,144.5,134.65,163.5,138.08,15
2026-01-16 18:00:00+00:00,108.0,134.15,129.0,138.27,15
2026-01-16 19:00:00+00:00,111.0,133.77,115.0,138.02,15
2026-01-16 20:00:00+00:00,98.5,133.06,110.0,137.69,15
2026-01-16 21:00:00+00:00,91.0,132.35,91.0,136.9,15
2026-01-16 22:00:00+00:00,86.0,131.56,88.0,136.19,15
2026-01-16 23:00:00+00:00,78.0,130.65,82.0,135.38,15
2026-01-17 00:00:00+00:00,73.0,129.85,205.0,139.92,15
2026-01-17 01:00:00+00:00,119.0,131.02,110.0,140.62,15
2026-01-17 02:00:00+00:00,152.5,133.46,155.0,141.48,15
2026-01-17 03:00:00+00:00,106.0,133.71,131.5,142.62,15
2026-01-17 04:00:00+00:00,98.0,133.73,107.0,142.96,15
2026-01-17 05:00:00+00:00,71.0,133.23,101.0,143.44,15
2026-01-17 06:00:00+00:00,46.0,131.81,64.5,142.54,15
2026-01-17 07:00:00+00:00,39.5,130.42,49.0,141.17,15
2026-01-17 08:00:00+00:00,36.0,128.92,43.0,139.62,15
2026-01-17 09:00:00+00:00,36.0,127.58,44.0,138.12,15
2026-01-17 10:00:00+00:00,70.0,127.67,73.0,137.92,15
2026-01-17 11:00:00+00:00,82.5,127.21,88.0,138.29,15
2026-01-17 12:00:00+00:00,91.5,124.77,122.5,138.85,15
2026-01-17 13:00:00+00:00,170.5,119.6,117.0,137.56,15
2026-01-17 14:00:00+00:00,334.0,118.9,154.0,131.56,15
2026-01-17 15:00:00+00:00,292.0,112.23,253.0,121.83,15
2026-01-17 16:00:00+00:00,235.0,115.4,235.5,117.98,15
2026-01-17 17:00:00+00:00,136.0,115.04,177.5,118.56,15
2026-01-17 18:00:00+00:00,91.0,114.33,118.0,118.1,15
2026-01-17 19:00:00+00:00,77.0,112.92,88.5,117.0,15
2026-01-17 20:00:00+00:00,77.0,112.02,75.0,115.54,15
2026-01-17 21:00:00+00:00,78.0,111.48,76.0,114.92,15
2026-01-17 22:00:00+00:00,74.0,110.98,74.0,114.33,15
2026-01-17 23:00:00+00:00,74.0,110.81,71.0,113.88,15
2026-01-18 00:00:00+00:00,71.0,110.73,195.5,113.48,15
2026-01-18 01:00:00+00:00,130.0,111.19,120.0,113.9,15
2026-01-18 02:00:00+00:00,282.5,116.6,247.5,117.75,15
2026-01-18 03:00:00+00:00,246.0,122.44,264.0,123.27,15
2026-01-18 04:00:00+00:00,160.0,125.02,199.0,127.1,15
2026-01-18 05:00:00+00:00,114.0,126.81,157.5,129.46,15
2026-01-18 06:00:00+00:00,83.5,128.38,114.5,131.54,15
2026-01-18 07:00:00+00:00,67.5,129.54,83.5,132.98,15
2026-01-18 08:00:00+00:00,47.0,130.0,59.0,133.65,15
2026-01-18 09:00:00+00:00,36.0,130.0,45.0,133.69,15
2026-01-18 10:00:00+00:00,36.0,128.58,44.0,132.48,15
2026-01-18 11:00:00+00:00,85.0,128.69,64.0,131.48,15
2026-01-18 12:00:00+00:00,162.0,131.62,99.5,130.52,15
2026-01-18 13:00:00+00:00,256.5,135.21,439.0,143.94,15
2026-01-18 14:00:00+00:00,197.5,129.52,226.5,146.96,15
2026-01-18 15:00:00+00:00,119.5,122.33,137.5,142.15,15
2026-01-18 16:00:00+00:00,100.5,116.73,109.5,136.9,15
2026-01-18 17:00:00+00:00,90.0,114.81,96.0,133.5,15
2026-01-18 18:00:00+00:00,89.0,114.73,88.0,132.25,15
2026-01-18 19:00:00+00:00,72.0,114.52,116.0,133.4,15
2026-01-18 20:00:00+00:00,60.0,113.81,78.0,133.52,15
2026-01-18 21:00:00+00:00,55.0,112.85,58.0,132.77,15
2026-01-18 22:00:00+00:00,51.0,111.9,54.0,131.94,15
2026-01-18 23:00:00+00:00,51.0,110.94,51.0,131.1,15
2026-01-19 00:00:00+00:00,49.5,110.04,117.5,127.85,15
2026-01-19 01:00:00+00:00,65.5,107.35,67.5,125.67,15
2026-01-19 02:00:00+00:00,218.0,104.67,250.0,125.77,15
2026-01-19 03:00:00+00:00,82.0,97.83,116.0,119.6,15
2026-01-19 04:00:00+00:00,57.5,93.56,80.5,114.67,15
2026-01-19 05:00:00+00:00,37.0,90.35,47.0,110.06,15
2026-01-19 06:00:00+00:00,31.0,88.17,41.0,107.0,15
2026-01-19 07:00:00+00:00,29.0,86.56,36.5,105.04,15
2026-01-19 08:00:00+00:00,30.0,85.85,37.0,104.12,15
2026-01-19 09:00:00+00:00,30.0,85.6,35.0,103.71,15
2026-01-19 10:00:00+00:00,38.0,85.69,40.0,103.54,15
2026-01-19 11:00:00+00:00,60.0,84.65,50.5,102.98,15
2026-01-19 12:00:00+00:00,92.5,81.75,58.0,101.25,15
2026-01-19 13:00:00+00:00,155.0,77.52,486.0,103.21,15
2026-01-19 14:00:00+00:00,313.5,82.35,456.5,112.79,15
2026-01-19 15:00:00+00:00,214.0,86.29,319.5,120.38,15
2026-01-19 16:00:00+00:00,163.0,88.9,191.5,123.79,15
2026-01-19 17:00:00+00:00,176.0,92.48,169.0,126.83,15
2026-01-19 18:00:00+00:00,127.5,94.08,126.0,128.42,15
2026-01-19 19:00:00+00:00,98.5,95.19,111.5,128.23,15
2026-01-19 20:00:00+00:00,87.0,96.31,93.0,128.85,15
2026-01-19 21:00:00+00:00,82.0,97.44,82.0,129.85,15
2026-01-19 22:00:00+00:00,82.0,98.73,84.5,131.12,15
2026-01-19 23:00:00+00:00,76.5,99.79,78.0,132.25,15
2026-01-20 00:00:00+00:00,98.0,101.81,105.0,131.73,15
2026-01-20 01:00:00+00:00,120.5,104.1,105.0,133.29,15
2026-01-20 02:00:00+00:00,169.0,102.06,229.0,132.42,15
2026-01-20 03:00:00+00:00,112.5,103.33,119.0,132.54,15
2026-01-20 04:00:00+00:00,116.5,105.79,134.5,134.79,15
2026-01-20 05:00:00+00:00,69.5,107.15,115.5,137.65,15
2026-01-20 06:00:00+00:00,48.0,107.85,76.0,139.1,15
2026-01-20 07:00:00+00:00,35.0,108.1,46.5,139.52,15
2026-01-20 08:00:00+00:00,28.0,108.02,36.0,139.48,15
2026-01-20 09:00:00+00:00,35.0,108.23,41.0,139.73,15
2026-01-20 10:00:00+00:00,46.0,108.56,49.0,140.1,15
2026-01-20 11:00:00+00:00,61.5,108.62,57.5,140.4,15
2026-01-20 12:00:00+00:00,154.0,111.19,76.0,141.15,15
2026-01-20 13:00:00+00:00,302.5,117.33,,131.04,15
2026-01-20 14:00:00+00:00,262.5,115.21,411.0,129.15,15
2026-01-20 15:00:00+00:00,203.0,114.75,346.0,130.25,15
2026-01-20 16:00:00+00:00,178.0,115.38,192.5,130.29,15
2026-01-20 17:00:00+00:00,131.0,113.5,141.5,129.15,15
2026-01-20 18:00:00+00:00,113.5,112.92,116.0,128.73,15
2026-01-20 19:00:00+00:00,94.0,112.73,94.0,128.0,15
2026-01-20 20:00:00+00:00,80.5,112.46,82.0,127.54,15
2026-01-20 21:00:00+00:00,70.5,111.98,71.0,127.08,15
2026-01-20 22:00:00+00:00,67.0,111.35,65.0,126.27,15
2026-01-20 23:00:00+00:00,65.0,110.88,64.0,125.69,15
2026-01-21 00:00:00+00:00,64.5,109.48,65.5,124.04,15
2026-01-21 01:00:00+00:00,78.0,107.71,68.0,122.5,15
2026-01-21 02:00:00+00:00,247.0,110.96,220.0,122.12,15
2026-01-21 03:00:00+00:00,113.0,110.98,134.0,122.75,15
2026-01-21 04:00:00+00:00,106.0,110.54,111.0,121.77,15
2026-01-21 05:00:00+00:00,63.5,110.29,99.0,121.08,15
2026-01-21 06:00:00+00:00,48.5,110.31,61.0,120.46,15
2026-01-21 07:00:00+00:00,42.0,110.6,49.0,120.56,15
2026-01-21 08:00:00+00:00,46.0,111.35,53.0,121.27,15
2026-01-21 09:00:00+00:00,36.0,111.4,43.0,121.35,15
2026-01-21 10:00:00+00:00,32.0,110.81,41.0,121.02,15
2026-01-21 11:00:00+00:00,37.0,109.79,36.0,120.12,15
2026-01-21 12:00:00+00:00,277.0,114.92,44.0,118.79,15
2026-01-21 13:00:00+00:00,337.0,116.35,308.0,121.48,15
2026-01-21 14:00:00+00:00,386.5,121.52,426.0,122.1,15
2026-01-21 15:00:00+00:00,229.5,122.62,235.5,117.5,15
2026-01-21 16:00:00+00:00,159.5,121.85,156.0,115.98,15
2026-01-21 17:00:00+00:00,109.0,120.94,108.0,114.58,15
2026-01-21 18:00:00+00:00,103.0,120.5,99.0,113.88,15
2026-01-21 19:00:00+00:00,90.0,120.33,91.0,113.75,15
2026-01-21 20:00:00+00:00,69.0,119.85,68.0,113.17,15
2026-01-21 21:00:00+00:00,65.0,119.62,72.0,113.21,15
2026-01-21 22:00:00+00:00,62.0,119.42,62.0,113.08,15
2026-01-21 23:00:00+00:00,62.0,119.29,62.5,113.02,15
2026-01-22 00:00:00+00:00,78.5,119.88,117.5,115.19,15
2026-01-22 01:00:00+00:00,257.0,127.33,198.0,120.6,15
2026-01-22 02:00:00+00:00,433.0,135.08,470.0,131.02,15
2026-01-22 03:00:00+00:00,394.5,146.81,393.0,141.81,15
2026-01-22 04:00:00+00:00,136.5,148.08,253.0,147.73,15
2026-01-22 05:00:00+00:00,138.0,151.19,155.0,150.06,15
2026-01-22 06:00:00+00:00,97.5,153.23,112.0,152.19,15
2026-01-22 07:00:00+00:00,77.0,154.69,94.0,154.06,15
2026-01-22 08:00:00+00:00,71.0,155.73,85.0,155.4,15
2026-01-22 09:00:00+00:00,68.0,157.06,82.5,157.04,15
2026-01-22 10:00:00+00:00,63.0,158.35,75.0,158.46,15
2026-01-22 11:00:00+00:00,67.0,159.6,76.0,160.12,15
2026-01-22 12:00:00+00:00,301.5,160.62,97.0,162.33,15
2026-01-22 13:00:00+00:00,231.0,156.21,289.0,161.54,15
2026-01-22 14:00:00+00:00,287.5,152.08,330.0,157.54,15
2026-01-22 15:00:00+00:00,242.0,152.6,300.0,160.23,15
2026-01-22 16:00:00+00:00,156.0,152.46,205.5,162.29,15
2026-01-22 17:00:00+00:00,113.0,152.62,137.0,163.5,15
2026-01-22 18:00:00+00:00,100.0,152.5,117.5,164.27,15
2026-01-22 19:00:00+00:00,93.0,152.62,95.0,164.44,15
2026-01-22 20:00:00+00:00,99.5,153.9,93.0,165.48,15
2026-01-22 21:00:00+00:00,91.0,154.98,88.0,166.15,15
2026-01-22 22:00:00+00:00,85.0,155.94,82.0,166.98,15
2026-01-22 23:00:00+00:00,78.5,156.62,78.0,167.62,15
2026-01-23 00:00:00+00:00,172.0,160.52,71.0,165.69,15
2026-01-23 01:00:00+00:00,155.5,156.29,155.5,163.92,15
2026-01-23 02:00:00+00:00,187.5,146.06,190.0,152.25,15
2026-01-23 03:00:00+00:00,104.0,133.96,118.0,140.79,15
2026-01-23 04:00:00+00:00,61.0,130.81,79.0,133.54,15
2026-01-23 05:00:00+00:00,58.0,127.48,69.0,129.96,15
2026-01-23 06:00:00+00:00,52.0,125.58,62.0,127.88,15
2026-01-23 07:00:00+00:00,46.0,124.29,55.5,126.27,15
2026-01-23 08:00:00+00:00,50.5,123.44,78.5,126.0,15
2026-01-23 09:00:00+00:00,72.0,123.6,120.5,127.58,15
2026-01-23 10:00:00+00:00,78.0,124.23,133.5,130.02,15
2026-01-23 11:00:00+00:00,72.5,124.46,102.5,131.12,15
2026-01-23 12:00:00+00:00,69.0,114.77,80.0,130.42,15
2026-01-23 13:00:00+00:00,59.0,107.6,176.0,125.71,15
2026-01-23 14:00:00+00:00,41.0,97.33,54.5,114.23,15
2026-01-23 15:00:00+00:00,31.0,88.54,37.0,103.27,15
2026-01-23 16:00:00+00:00,27.0,83.17,33.0,96.08,15
2026-01-23 17:00:00+00:00,27.0,79.58,29.0,91.58,15
2026-01-23 18:00:00+00:00,25.0,76.46,28.0,87.85,15
2026-01-23 19:00:00+00:00,25.0,73.62,26.0,84.98,15
2026-01-23 20:00:00+00:00,26.0,70.56,26.5,82.21,15
2026-01-23 21:00:00+00:00,25.0,67.81,26.0,79.62,15
2026-01-23 22:00:00+00:00,26.0,65.35,27.0,77.33,15
2026-01-23 23:00:00+00:00,26.0,63.17,27.0,75.21,15
2026-01-24 00:00:00+00:00,25.0,57.04,28.0,73.42,15
2026-01-24 01:00:00+00:00,27.0,51.69,28.0,68.1,15
2026-01-24 02:00:00+00:00,28.5,45.06,93.0,64.06,15
2026-01-24 03:00:00+00:00,26.5,41.83,55.0,61.44,15
2026-01-24 04:00:00+00:00,22.0,40.21,40.5,59.83,15
2026-01-24 05:00:00+00:00,21.0,38.67,31.5,58.27,15
2026-01-24 06:00:00+00:00,19.0,37.29,23.0,56.65,15
2026-01-24 07:00:00+00:00,19.0,36.17,23.0,55.29,15
2026-01-24 08:00:00+00:00,15.0,34.69,19.0,52.81,15
2026-01-24 09:00:00+00:00,18.0,32.44,23.0,48.75,15
2026-01-24 10:00:00+00:00,20.0,30.02,24.0,44.19,15
2026-01-24 11:00:00+00:00,24.0,28.0,42.0,41.67,15
2026-01-24 12:00:00+00:00,42.5,26.9,35.0,39.79,15
2026-01-24 13:00:00+00:00,111.5,29.08,373.5,48.02,15
2026-01-24 14:00:00+00:00,99.5,31.52,140.5,51.6,15
2026-01-24 15:00:00+00:00,60.5,32.75,90.5,53.83,15
2026-01-24 16:00:00+00:00,49.0,33.67,56.0,54.79,15
2026-01-24 17:00:00+00:00,53.5,34.77,50.0,55.67,15
2026-01-24 18:00:00+00:00,61.0,36.27,53.0,56.71,15
2026-01-24 19:00:00+00:00,62.5,37.83,57.0,58.0,15
2026-01-24 20:00:00+00:00,58.0,39.17,54.0,59.15,15
2026-01-24 21:00:00+00:00,48.0,40.12,42.0,59.81,15
2026-01-24 22:00:00+00:00,47.0,41.0,44.0,60.52,15
2026-01-24 23:00:00+00:00,69.0,42.79,63.0,62.02,15
2026-01-25 00:00:00+00:00,70.0,44.67,67.0,63.65,15
2026-01-25 01:00:00+00:00,84.0,47.04,70.5,65.42,15
2026-01-25 02:00:00+00:00,100.0,50.02,109.5,66.1,15
2026-01-25 03:00:00+00:00,72.0,51.92,88.0,67.48,15
2026-01-25 04:00:00+00:00,70.0,53.92,75.0,68.92,15
2026-01-25 05:00:00+00:00,67.0,55.83,72.0,70.6,15
2026-01-25 06:00:00+00:00,46.0,56.96,56.5,72.0,15
2026-01-25 07:00:00+00:00,32.0,57.5,43.0,72.83,15
2026-01-25 08:00:00+00:00,27.0,58.0,32.0,73.38,15
2026-01-25 09:00:00+00:00,33.0,58.62,36.0,73.92,15
2026-01-25 10:00:00+00:00,45.0,59.67,53.5,75.15,15
2026-01-25 11:00:00+00:00,53.0,60.88,56.0,75.73,15
2026-01-25 12:00:00+00:00,90.5,62.88,78.0,77.52,15
2026-01-25 13:00:00+00:00,127.5,63.54,340.0,76.12,15
2026-01-25 14:00:00+00:00,90.0,63.15,287.5,82.25,15
2026-01-25 15:00:00+00:00,92.5,64.48,122.0,83.56,15
2026-01-25 16:00:00+00:00,98.5,66.54,96.0,85.23,15
2026-01-25 17:00:00+00:00,97.0,68.35,91.0,86.94,15
2026-01-25 18:00:00+00:00,97.0,69.85,89.0,88.44,15
2026-01-25 19:00:00+00:00,100.0,71.42,93.0,89.94,15
2026-01-25 20:00:00+00:00,99.0,73.12,91.0,91.48,15
2026-01-25 21:00:00+00:00,94.5,75.06,90.0,93.48,15
2026-01-25 22:00:00+00:00,105.0,77.48,93.5,95.54,15
2026-01-25 23:00:00+00:00,101.5,78.83,101.0,97.12,15
2026-01-26 00:00:00+00:00,106.0,80.33,238.0,104.25,15
2026-01-26 01:00:00+00:00,211.5,85.65,144.0,107.31,15
2026-01-26 02:00:00+00:00,181.0,89.02,306.0,115.5,15
2026-01-26 03:00:00+00:00,134.5,91.62,146.5,117.94,15
2026-01-26 04:00:00+00:00,127.0,94.0,136.0,120.48,15
2026-01-26 05:00:00+00:00,84.0,94.71,108.5,122.0,15
2026-01-26 06:00:00+00:00,62.0,95.38,80.5,123.0,15
2026-01-26 07:00:00+00:00,41.5,95.77,63.0,123.83,15
2026-01-26 08:00:00+00:00,40.0,96.31,49.0,124.54,15
2026-01-26 09:00:00+00:00,48.5,96.96,53.0,125.25,15
2026-01-26 10:00:00+00:00,60.0,97.58,66.0,125.77,15
2026-01-26 11:00:00+00:00,79.0,98.67,86.0,127.02,15
2026-01-26 12:00:00+00:00,93.5,98.79,180.0,131.27,15
2026-01-26 13:00:00+00:00,123.5,98.62,400.5,133.79,15
2026-01-26 14:00:00+00:00,212.0,103.71,284.5,133.67,15
2026-01-26 15:00:00+00:00,238.0,109.77,247.0,138.88,15
2026-01-26 16:00:00+00:00,194.0,113.75,220.0,144.04,15
2026-01-26 17:00:00+00:00,164.5,116.56,161.0,146.96,15
2026-01-26 18:00:00+00:00,152.5,118.88,151.5,149.56,15
2026-01-26 19:00:00+00:00,101.0,118.92,113.0,150.4,15
2026-01-26 20:00:00+00:00,97.0,118.83,92.0,150.44,15
2026-01-26 21:00:00+00:00,90.5,118.67,92.0,150.52,15
2026-01-26 22:00:00+00:00,82.0,117.71,80.0,149.96,15
2026-01-26 23:00:00+00:00,74.0,116.56,74.0,148.83,15
2026-01-27 00:00:00+00:00,75.0,115.27,216.5,147.94,15
2026-01-27 01:00:00+00:00,127.0,111.75,99.0,146.06,15
2026-01-27 02:00:00+00:00,215.5,113.19,205.0,141.85,15
2026-01-27 03:00:00+00:00,133.0,113.12,140.0,141.58,15
2026-01-27 04:00:00+00:00,131.5,113.31,142.0,141.83,15
2026-01-27 05:00:00+00:00,73.0,112.85,114.5,142.08,15
2026-01-27 06:00:00+00:00,56.5,112.62,78.0,141.98,15
2026-01-27 07:00:00+00:00,66.0,113.65,73.0,142.4,15
2026-01-27 08:00:00+00:00,61.0,114.52,76.0,143.52,15
2026-01-27 09:00:00+00:00,60.5,115.02,72.0,144.31,15
2026-01-27 10:00:00+00:00,69.0,115.4,79.0,144.85,15
2026-01-27 11:00:00+00:00,85.0,115.65,87.5,144.92,15
2026-01-27 12:00:00+00:00,87.5,115.4,149.5,143.65,15
2026-01-27 13:00:00+00:00,112.5,114.94,341.0,141.17,15
2026-01-27 14:00:00+00:00,99.0,110.23,334.0,143.23,15
2026-01-27 15:00:00+00:00,92.5,104.17,161.0,139.65,15
2026-01-27 16:00:00+00:00,91.0,99.88,107.0,134.94,15
2026-01-27 17:00:00+00:00,78.0,96.27,89.5,131.96,15
2026-01-27 18:00:00+00:00,67.0,92.71,76.0,128.81,15
2026-01-27 19:00:00+00:00,57.0,90.88,66.0,126.85,15
2026-01-27 20:00:00+00:00,47.0,88.79,54.0,125.27,15
2026-01-27 21:00:00+00:00,17.0,85.73,35.0,122.9,15
2026-01-27 22:00:00+00:00,13.0,82.85,16.0,120.23,15
2026-01-27 23:00:00+00:00,12.0,80.27,14.0,117.73,15
2026-01-28 00:00:00+00:00,13.0,77.69,14.0,109.29,15
2026-01-28 01:00:00+00:00,20.0,73.23,20.0,106.0,15
2026-01-28 02:00:00+00:00,54.0,66.5,104.0,101.79,15
2026-01-28 03:00:00+00:00,32.0,62.29,71.0,98.92,15
2026-01-28 04:00:00+00:00,22.0,57.73,29.0,94.21,15
2026-01-28 05:00:00+00:00,22.0,55.6,25.0,90.48,15
2026-01-28 06:00:00+00:00,10.0,53.67,21.5,88.12,15
2026-01-28 07:00:00+00:00,9.0,51.29,13.0,85.62,15
2026-01-28 08:00:00+00:00,6.0,49.0,9.0,82.83,15
2026-01-28 09:00:00+00:00,6.0,46.73,7.0,80.12,15
2026-01-28 10:00:00+00:00,7.0,44.15,8.0,77.17,15
2026-01-28 11:00:00+00:00,9.0,40.98,34.5,74.96,15
2026-01-28 12:00:00+00:00,16.0,38.0,51.0,70.85,15
2026-01-28 13:00:00+00:00,23.0,34.27,224.5,66.0,15
2026-01-28 14:00:00+00:00,23.5,31.12,67.5,54.9,15
2026-01-28 15:00:00+00:00,22.0,28.19,151.0,54.48,15
2026-01-28 16:00:00+00:00,23.0,25.35,47.5,52.0,15
2026-01-28 17:00:00+00:00,23.0,23.06,23.0,49.23,15
2026-01-28 18:00:00+00:00,21.0,21.15,20.0,46.9,15
2026-01-28 19:00:00+00:00,17.0,19.48,15.0,44.77,15
2026-01-28 20:00:00+00:00,20.0,18.35,54.0,44.77,15
2026-01-28 21:00:00+00:00,21.0,18.52,23.5,44.29,15
2026-01-28 22:00:00+00:00,43.0,19.77,26.0,44.71,15
2026-01-28 23:00:00+00:00,52.0,21.44,49.0,46.17,15
2026-01-29 00:00:00+00:00,51.0,23.02,51.0,47.71,15
2026-01-29 01:00:00+00:00,49.5,24.25,58.0,49.29,15
2026-01-29 02:00:00+00:00,51.0,24.12,50.5,47.06,15
2026-01-29 03:00:00+00:00,41.0,24.5,47.0,46.06,15
2026-01-29 04:00:00+00:00,34.0,25.0,35.0,46.31,15
2026-01-29 05:00:00+00:00,35.0,25.54,36.0,46.77,15
2026-01-29 06:00:00+00:00,,27.0,38.0,47.46,15
2026-01-29 07:00:00+00:00,,28.93,43.0,48.71,15
2026-01-29 08:00:00+00:00,,31.4,42.0,50.08,15
2026-01-29 09:00:00+00:00,,34.3,53.0,52.0,15
2026-01-29 10:00:00+00:00,,37.57,66.0,54.42,15
2026-01-29 11:00:00+00:00,,41.18,78.0,56.23,15
2026-01-29 12:00:00+00:00,,44.92,89.0,57.81,15
2026-01-29 13:00:00+00:00,,48.79,274.0,59.88,15
2026-01-29 14:00:00+00:00,126.0,53.06,204.5,65.58,15
2026-01-29 15:00:00+00:00,128.0,57.48,139.0,65.08,15
2026-01-29 16:00:00+00:00,121.5,61.58,130.5,68.54,15
2026-01-29 17:00:00+00:00,60.5,63.15,110.0,72.17,15
2026-01-29 18:00:00+00:00,67.0,65.06,71.0,74.29,15
2026-01-29 19:00:00+00:00,76.0,67.52,74.0,76.75,15
2026-01-29 20:00:00+00:00,76.0,69.85,76.0,77.67,15
2026-01-29 21:00:00+00:00,78.0,72.23,77.0,79.9,15
2026-01-29 22:00:00+00:00,73.0,73.48,74.0,81.9,15
2026-01-29 23:00:00+00:00,70.0,74.23,73.0,82.9,15
2026-01-30 00:00:00+00:00,66.0,74.85,307.0,93.56,15
2026-01-30 01:00:00+00:00,62.0,75.38,99.5,95.29,15
2026-01-30 02:00:00+00:00,76.0,76.42,97.0,97.23,15
2026-01-30 03:00:00+00:00,67.0,77.5,79.5,98.58,15
2026-01-30 04:00:00+00:00,72.0,79.08,77.0,100.33,15
2026-01-30 05:00:00+00:00,69.0,80.5,76.0,102.0,15
2026-01-30 06:00:00+00:00,66.0,81.37,70.0,103.33,15
2026-01-30 07:00:00+00:00,60.0,81.57,66.0,104.29,15
2026-01-30 08:00:00+00:00,62.5,81.45,66.0,105.29,15
2026-01-30 09:00:00+00:00,103.0,82.6,116.0,107.92,15
2026-01-30 10:00:00+00:00,69.5,81.93,112.0,109.83,15
2026-01-30 11:00:00+00:00,82.0,81.36,103.0,110.88,15
2026-01-30 12:00:00+00:00,162.0,83.7,413.5,124.4,15
2026-01-30 13:00:00+00:00,161.0,85.58,344.5,127.33,15
2026-01-30 14:00:00+00:00,151.5,86.65,323.0,132.27,15
2026-01-30 15:00:00+00:00,184.0,88.98,171.5,133.62,15
2026-01-30 16:00:00+00:00,135.0,89.54,137.0,133.9,15
2026-01-30 17:00:00+00:00,63.0,89.65,91.0,133.1,15
2026-01-30 18:00:00+00:00,61.0,89.4,62.0,132.73,15
2026-01-30 19:00:00+00:00,53.0,88.44,54.5,131.92,15
2026-01-30 20:00:00+00:00,72.5,88.29,53.5,130.98,15
2026-01-30 21:00:00+00:00,74.5,88.15,66.0,130.52,15
2026-01-30 22:00:00+00:00,73.0,88.15,68.0,130.27,15
2026-01-30 23:00:00+00:00,71.0,88.19,67.0,130.02,15
2026-01-31 00:00:00+00:00,75.5,88.58,70.0,120.15,15
2026-01-31 01:00:00+00:00,98.5,90.1,77.5,119.23,15
2026-01-31 02:00:00+00:00,101.0,91.15,103.0,119.48,15
2026-01-31 03:00:00+00:00,131.5,93.83,270.0,127.42,15
2026-01-31 04:00:00+00:00,114.5,95.6,152.5,130.56,15
2026-01-31 05:00:00+00:00,103.5,97.04,131.0,132.85,15
2026-01-31 06:00:00+00:00,80.0,97.62,107.0,134.4,15
2026-01-31 07:00:00+00:00,57.5,97.52,70.0,134.56,15
2026-01-31 08:00:00+00:00,58.0,97.33,119.0,136.77,15
2026-01-31 09:00:00+00:00,54.0,95.29,65.0,134.65,15
2026-01-31 10:00:00+00:00,59.5,94.88,66.0,132.73,15
2026-01-31 11:00:00+00:00,71.5,94.44,98.0,132.52,15
2026-01-31 12:00:00+00:00,74.5,90.79,86.0,118.88,15
2026-01-31 13:00:00+00:00,121.0,89.12,191.0,112.48,15
2026-01-31 14:00:00+00:00,105.0,87.19,168.0,106.02,15
2026-01-31 15:00:00+00:00,80.0,82.85,88.0,102.54,15
2026-01-31 16:00:00+00:00,74.0,80.31,77.0,100.04,15
2026-01-31 17:00:00+00:00,66.0,80.44,66.0,99.0,15
2026-01-31 18:00:00+00:00,56.0,80.23,58.0,98.83,15
2026-01-31 19:00:00+00:00,47.0,79.98,50.0,98.65,15
2026-01-31 20:00:00+00:00,42.0,78.71,41.0,98.12,15
2026-01-31 21:00:00+00:00,39.0,77.23,37.0,96.92,15
2026-01-31 22:00:00+00:00,40.0,75.85,35.0,95.54,15
2026-01-31 23:00:00+00:00,60.0,75.4,46.0,94.67,15
2026-02-01 00:00:00+00:00,74.0,75.33,166.0,98.67,15
2026-02-01 01:00:00+00:00,93.0,75.1,104.0,99.77,15
2026-02-01 02:00:00+00:00,115.0,75.69,103.0,99.77,15
2026-02-01 03:00:00+00:00,95.0,74.17,146.0,94.6,15
2026-02-01 04:00:00+00:00,88.0,73.06,108.5,92.77,15
2026-02-01 05:00:00+00:00,83.5,72.23,99.0,91.44,15
2026-02-01 06:00:00+00:00,71.0,71.85,84.0,90.48,15
2026-02-01 07:00:00+00:00,53.0,71.67,70.5,90.5,15
2026-02-01 08:00:00+00:00,36.5,70.77,50.0,87.62,15
2026-02-01 09:00:00+00:00,39.0,70.15,43.5,86.73,15
2026-02-01 10:00:00+00:00,65.0,70.38,75.0,87.1,15
2026-02-01 11:00:00+00:00,67.0,70.19,75.0,86.15,15
2026-02-01 12:00:00+00:00,152.5,73.44,109.5,87.12,15
2026-02-01 13:00:00+00:00,182.0,75.98,183.0,86.79,15
2026-02-01 14:00:00+00:00,389.0,87.81,483.0,99.92,15
2026-02-01 15:00:00+00:00,197.5,92.71,311.5,109.23,15
2026-02-01 16:00:00+00:00,127.0,94.92,204.5,114.54,15
2026-02-01 17:00:00+00:00,113.0,96.88,138.5,117.56,15
2026-02-01 18:00:00+00:00,79.0,97.83,97.0,119.19,15
2026-02-01 19:00:00+00:00,81.0,99.25,82.0,120.52,15
2026-02-01 20:00:00+00:00,74.5,100.6,76.0,121.98,15
2026-02-01 21:00:00+00:00,53.0,101.19,64.0,123.1,15
2026-02-01 22:00:00+00:00,54.0,101.77,54.0,123.9,15
2026-02-01 23:00:00+00:00,45.0,101.15,47.5,123.96,15
2026-02-02 00:00:00+00:00,49.0,100.1,303.0,129.67,15
2026-02-02 01:00:00+00:00,56.0,98.56,95.5,129.31,15
2026-02-02 02:00:00+00:00,56.0,96.1,55.0,127.31,15
2026-02-02 03:00:00+00:00,41.0,93.85,44.0,123.06,15
2026-02-02 04:00:00+00:00,33.0,91.56,42.0,120.29,15
2026-02-02 05:00:00+00:00,18.0,88.83,29.0,117.38,15
2026-02-02 06:00:00+00:00,22.0,86.79,24.0,114.88,15
2026-02-02 07:00:00+00:00,23.5,85.56,29.0,113.15,15
2026-02-02 08:00:00+00:00,25.0,85.08,29.0,112.27,15
2026-02-02 09:00:00+00:00,27.5,84.6,33.0,111.83,15
2026-02-02 10:00:00+00:00,33.0,83.27,38.0,110.29,15
2026-02-02 11:00:00+00:00,37.0,82.02,42.0,108.92,15
2026-02-02 12:00:00+00:00,98.5,79.77,313.5,117.42,15
2026-02-02 13:00:00+00:00,173.0,79.4,316.5,122.98,15
2026-02-02 14:00:00+00:00,141.0,69.06,295.0,115.15,15
2026-02-02 15:00:00+00:00,117.0,65.71,359.0,117.12,15
2026-02-02 16:00:00+00:00,100.0,64.58,165.0,115.48,15
2026-02-02 17:00:00+00:00,120.0,64.88,112.0,114.38,15
2026-02-02 18:00:00+00:00,128.0,66.92,128.0,115.67,15
2026-02-02 19:00:00+00:00,69.0,66.42,90.0,116.0,15
2026-02-02 20:00:00+00:00,69.0,66.19,65.0,115.54,15
2026-02-02 21:00:00+00:00,85.5,67.54,66.0,115.62,15
2026-02-02 22:00:00+00:00,98.0,69.38,87.0,117.0,15
2026-02-02 23:00:00+00:00,91.0,71.29,90.0,118.77,15
2026-02-03 00:00:00+00:00,82.0,72.67,147.5,112.29,15
2026-02-03 01:00:00+00:00,72.0,73.33,90.5,112.08,15
2026-02-03 02:00:00+00:00,78.5,74.27,213.5,118.69,15
2026-02-03 03:00:00+00:00,91.0,76.35,134.0,122.44,15
2026-02-03 04:00:00+00:00,64.0,77.65,69.0,123.56,15
2026-02-03 05:00:00+00:00,65.0,79.6,75.0,125.48,15
2026-02-03 06:00:00+00:00,65.0,81.4,69.0,127.35,15
2026-02-03 07:00:00+00:00,72.0,83.42,72.0,129.15,15
2026-02-03 08:00:00+00:00,90.0,86.12,93.5,131.83,15
2026-02-03 09:00:00+00:00,99.0,89.1,132.5,135.98,15
2026-02-03 10:00:00+00:00,100.5,91.92,122.5,139.5,15
2026-02-03 11:00:00+00:00,89.0,94.08,105.0,142.12,15
2026-02-03 12:00:00+00:00,97.0,94.02,123.0,134.19,15
2026-02-03 13:00:00+00:00,105.0,91.19,485.0,141.21,15
2026-02-03 14:00:00+00:00,100.0,89.48,354.0,143.67,15
2026-02-03 15:00:00+00:00,107.5,89.08,225.0,138.08,15
2026-02-03 16:00:00+00:00,84.0,88.42,134.0,136.79,15
2026-02-03 17:00:00+00:00,69.0,86.29,87.0,135.75,15
2026-02-03 18:00:00+00:00,64.0,83.62,72.0,133.42,15
2026-02-03 19:00:00+00:00,63.0,83.38,66.0,132.42,15
2026-02-03 20:00:00+00:00,74.0,83.58,66.0,132.46,15
2026-02-03 21:00:00+00:00,89.5,83.75,78.5,132.98,15
2026-02-03 22:00:00+00:00,72.0,82.67,81.0,132.73,15
2026-02-03 23:00:00+00:00,67.0,81.67,69.0,131.85,15
2026-02-04 00:00:00+00:00,69.0,81.12,72.5,128.73,15
2026-02-04 01:00:00+00:00,59.0,80.58,69.5,127.85,15
2026-02-04 02:00:00+00:00,82.5,80.75,66.5,121.73,15
2026-02-04 03:00:00+00:00,71.0,79.92,102.5,120.42,15
2026-02-04 04:00:00+00:00,64.0,79.92,74.0,120.62,15
2026-02-04 05:00:00+00:00,54.5,79.48,68.0,120.33,15
2026-02-04 06:00:00+00:00,46.5,78.71,57.0,119.83,15
2026-02-04 07:00:00+00:00,50.0,77.79,55.0,119.12,15
2026-02-04 08:00:00+00:00,47.5,76.02,54.5,117.5,15
2026-02-04 09:00:00+00:00,58.0,74.31,67.0,114.77,15
2026-02-04 10:00:00+00:00,62.0,72.71,72.0,112.67,15
2026-02-04 11:00:00+00:00,77.0,72.21,91.0,112.08,15
2026-02-04 12:00:00+00:00,88.5,71.85,83.0,110.42,15
2026-02-04 13:00:00+00:00,117.0,72.35,223.5,99.52,15
2026-02-04 14:00:00+00:00,205.0,76.73,353.0,99.48,15
2026-02-04 15:00:00+00:00,218.0,81.33,228.0,99.6,15
2026-02-04 16:00:00+00:00,209.5,86.56,213.0,102.9,15
2026-02-04 17:00:00+00:00,120.0,88.69,165.5,106.17,15
2026-02-04 18:00:00+00:00,126.0,91.27,124.0,108.33,15
2026-02-04 19:00:00+00:00,110.0,93.23,115.0,110.38,15
2026-02-04 20:00:00+00:00,90.0,93.9,105.0,112.0,15
2026-02-04 21:00:00+00:00,102.0,94.42,98.0,112.81,15
2026-02-04 22:00:00+00:00,106.0,95.83,105.0,113.81,15
2026-02-04 23:00:00+00:00,109.0,97.58,107.0,115.4,15
2026-02-05 00:00:00+00:00,111.5,99.35,300.0,124.88,15
2026-02-05 01:00:00+00:00,106.0,101.31,123.5,127.12,15
2026-02-05 02:00:00+00:00,102.0,102.12,104.5,128.71,15
2026-02-05 03:00:00+00:00,106.0,103.58,102.0,128.69,15
2026-02-05 04:00:00+00:00,98.0,105.0,100.0,129.77,15
2026-02-05 05:00:00+00:00,96.0,106.73,100.0,131.1,15
2026-02-05 06:00:00+00:00,90.0,108.54,95.0,132.69,15
2026-02-05 07:00:00+00:00,88.0,110.12,92.0,134.23,15
2026-02-05 08:00:00+00:00,81.0,111.52,92.0,135.79,15
2026-02-05 09:00:00+00:00,83.0,112.56,97.5,137.06,15
2026-02-05 10:00:00+00:00,85.0,113.52,93.0,137.94,15
2026-02-05 11:00:00+00:00,97.0,114.35,96.0,138.15,15
2026-02-05 12:00:00+00:00,117.0,115.54,117.0,139.56,15
2026-02-05 13:00:00+00:00,150.0,116.92,280.0,141.92,15
2026-02-05 14:00:00+00:00,160.0,115.04,344.5,141.56,15
2026-02-05 15:00:00+00:00,90.5,109.73,190.5,140.0,15
2026-02-05 16:00:00+00:00,87.0,104.62,102.0,135.38,15
2026-02-05 17:00:00+00:00,83.0,103.08,89.0,132.19,15
2026-02-05 18:00:00+00:00,78.5,101.1,85.0,130.56,15
2026-02-05 19:00:00+00:00,73.0,99.56,79.0,129.06,15
2026-02-05 20:00:00+00:00,73.0,98.85,75.0,127.81,15
2026-02-05 21:00:00+00:00,72.0,97.6,73.0,126.77,15
2026-02-05 22:00:00+00:00,71.0,96.15,73.0,125.44,15
2026-02-05 23:00:00+00:00,90.0,95.35,82.0,124.4,15
2026-02-06 00:00:00+00:00,104.5,95.06,108.5,116.42,15
2026-02-06 01:00:00+00:00,109.0,95.19,108.0,115.77,15
2026-02-06 02:00:00+00:00,117.5,95.83,148.0,117.58,15
2026-02-06 03:00:00+00:00,114.5,96.19,128.0,118.67,15
2026-02-06 04:00:00+00:00,115.0,96.9,123.5,119.65,15
2026-02-06 05:00:00+00:00,109.0,97.44,116.0,120.31,15
2026-02-06 06:00:00+00:00,109.5,98.25,112.0,121.02,15
2026-02-06 07:00:00+00:00,92.0,98.42,102.0,121.44,15
2026-02-06 08:00:00+00:00,98.0,99.12,97.0,121.65,15
2026-02-06 09:00:00+00:00,,99.6,104.5,121.94,15
2026-02-06 10:00:00+00:00,,99.84,103.0,122.35,15
2026-02-06 11:00:00+00:00,,99.42,103.0,122.65,15
2026-02-06 12:00:00+00:00,,98.02,116.0,122.6,15
2026-02-06 13:00:00+00:00,,95.09,360.0,125.94,15
2026-02-06 14:00:00+00:00,,91.6,268.0,122.75,15
2026-02-06 15:00:00+00:00,,90.85,135.0,120.44,15
2026-02-06 16:00:00+00:00,,90.09,139.0,121.98,15
2026-02-06 17:00:00+00:00,,89.34,112.5,122.96,15
2026-02-06 18:00:00+00:00,61.5,88.64,67.5,122.23,15
2026-02-06 19:00:00+00:00,50.0,87.68,56.5,121.29,15
2026-02-06 20:00:00+00:00,54.0,86.89,105.5,122.56,15
2026-02-06 21:00:00+00:00,58.0,86.3,59.0,121.98,15
2026-02-06 22:00:00+00:00,56.0,85.68,57.0,121.31,15
2026-02-06 23:00:00+00:00,56.5,84.28,56.0,120.23,15
2026-02-07 00:00:00+00:00,53.0,82.14,55.0,118.0,15
2026-02-07 01:00:00+00:00,53.0,79.8,52.0,115.67,15
2026-02-07 02:00:00+00:00,63.0,77.53,67.0,112.29,15
2026-02-07 03:00:00+00:00,64.0,75.43,140.0,112.79,15
2026-02-07 04:00:00+00:00,71.0,73.59,81.5,111.04,15
2026-02-07 05:00:00+00:00,71.0,72.01,74.0,109.29,15
2026-02-07 06:00:00+00:00,68.5,70.3,109.5,109.19,15
2026-02-07 07:00:00+00:00,76.0,69.64,97.5,109.0,15
2026-02-07 08:00:00+00:00,91.0,69.34,94.0,108.88,15
2026-02-07 09:00:00+00:00,106.5,69.85,106.0,108.94,15
2026-02-07 10:00:00+00:00,88.0,69.74,103.5,108.96,15
2026-02-07 11:00:00+00:00,95.0,70.07,99.5,108.81,15
2026-02-07 12:00:00+00:00,135.0,72.22,155.0,110.44,15
2026-02-07 13:00:00+00:00,189.5,76.79,310.0,108.35,15
2026-02-07 14:00:00+00:00,179.0,81.08,309.5,110.08,15
2026-02-07 15:00:00+00:00,146.0,84.14,175.5,111.77,15
2026-02-07 16:00:00+00:00,149.0,87.49,142.0,111.9,15
2026-02-07 17:00:00+00:00,89.0,88.48,121.0,112.25,15
2026-02-07 18:00:00+00:00,78.0,89.17,88.0,113.1,15
2026-02-07 19:00:00+00:00,72.5,90.1,80.0,114.08,15
2026-02-07 20:00:00+00:00,74.0,90.94,76.0,112.85,15
2026-02-07 21:00:00+00:00,64.5,91.21,72.0,113.4,15
2026-02-07 22:00:00+00:00,54.5,91.15,65.0,113.73,15
2026-02-07 23:00:00+00:00,50.0,90.88,57.0,113.77,15
2026-02-08 00:00:00+00:00,50.0,90.75,55.0,113.77,15
2026-02-08 01:00:00+00:00,55.0,90.83,48.0,113.6,15
2026-02-08 02:00:00+00:00,52.0,90.38,117.5,115.71,15
2026-02-08 03:00:00+00:00,49.5,89.77,176.5,117.23,15
2026-02-08 04:00:00+00:00,54.0,89.06,61.0,116.38,15
2026-02-08 05:00:00+00:00,59.0,88.56,61.0,115.83,15
2026-02-08 06:00:00+00:00,70.0,88.62,68.0,114.1,15
2026-02-08 07:00:00+00:00,75.5,88.6,79.5,113.35,15
2026-02-08 08:00:00+00:00,83.5,88.29,90.0,113.19,15
2026-02-08 09:00:00+00:00,88.0,87.52,100.0,112.94,15
2026-02-08 10:00:00+00:00,90.0,87.6,103.0,112.92,15
2026-02-08 11:00:00+00:00,88.5,87.33,104.0,113.1,15
2026-02-08 12:00:00+00:00,183.5,89.35,119.0,111.6,15
2026-02-08 13:00:00+00:00,315.5,94.6,,110.08,15
2026-02-08 14:00:00+00:00,274.0,98.56,428.0,115.02,15
2026-02-08 15:00:00+00:00,259.5,103.29,252.0,118.21,15
2026-02-08 16:00:00+00:00,198.5,105.35,223.5,121.6,15
2026-02-08 17:00:00+00:00,157.0,108.19,179.0,124.02,15
2026-02-08 18:00:00+00:00,135.0,110.56,147.5,126.5,15
2026-02-08 19:00:00+00:00,116.5,112.4,132.0,128.67,15
2026-02-08 20:00:00+00:00,98.0,113.4,110.5,130.1,15
2026-02-08 21:00:00+00:00,86.0,114.29,93.5,131.0,15
2026-02-08 22:00:00+00:00,,115.37,89.0,132.0,15
2026-02-08 23:00:00+00:00,,116.4,76.0,132.79,15
2026-02-09 00:00:00+00:00,69.0,117.19,90.5,134.27,15
2026-02-09 01:00:00+00:00,75.0,118.02,79.0,135.56,15
2026-02-09 02:00:00+00:00,81.0,119.23,110.0,135.25,15
2026-02-09 03:00:00+00:00,,120.5,157.5,134.46,15
2026-02-09 04:00:00+00:00,,121.55,116.5,136.77,15
2026-02-09 05:00:00+00:00,,122.35,114.0,138.98,15
2026-02-09 06:00:00+00:00,,122.66,108.0,140.65,15
2026-02-09 07:00:00+00:00,,122.7,106.0,141.75,15
2026-02-09 08:00:00+00:00,,122.36,110.0,142.58,15
2026-02-09 09:00:00+00:00,,121.8,88.0,142.08,15
2026-02-09 10:00:00+00:00,,121.12,79.0,141.08,15
2026-02-09 11:00:00+00:00,,120.46,94.0,140.67,15
2026-02-09 12:00:00+00:00,,115.81,104.0,140.04,15
2026-02-09 13:00:00+00:00,,105.61,122.0,133.73,15
2026-02-09 14:00:00+00:00,,97.11,,128.27,15
2026-02-09 15:00:00+00:00,,90.05,472.0,137.44,15
2026-02-09 16:00:00+00:00,,85.12,367.0,143.42,15
2026-02-09 17:00:00+00:00,,81.7,221.0,145.17,15
2026-02-09 18:00:00+00:00,,79.03,154.5,145.46,15
2026-02-09 19:00:00+00:00,,77.06,105.0,144.33,15
2026-02-09 20:00:00+00:00,,75.9,92.0,143.56,15
2026-02-09 21:00:00+00:00,63.5,74.65,74.0,142.75,15
2026-02-09 22:00:00+00:00,71.0,74.13,67.0,141.83,15
2026-02-09 23:00:00+00:00,72.0,73.98,70.0,141.58,15
2026-02-10 00:00:00+00:00,71.0,74.09,107.5,142.29,15
2026-02-10 01:00:00+00:00,115.0,76.31,96.0,143.0,15
2026-02-10 02:00:00+00:00,105.5,77.68,116.0,143.25,15
2026-02-10 03:00:00+00:00,82.5,77.81,115.0,141.48,15
2026-02-10 04:00:00+00:00,61.5,76.83,72.0,139.62,15
2026-02-10 05:00:00+00:00,49.0,75.2,60.0,137.38,15
2026-02-10 06:00:00+00:00,46.0,73.46,58.0,135.29,15
2026-02-10 07:00:00+00:00,46.0,71.78,57.0,133.25,15
2026-02-10 08:00:00+00:00,39.0,69.75,52.0,130.83,15
2026-02-10 09:00:00+00:00,39.0,67.77,48.0,129.17,15
2026-02-10 10:00:00+00:00,48.5,66.38,56.0,128.21,15
2026-02-10 11:00:00+00:00,58.5,65.59,66.0,127.04,15
2026-02-10 12:00:00+00:00,118.0,68.16,132.5,128.23,15
2026-02-10 13:00:00+00:00,155.0,72.83,140.0,128.98,15
2026-02-10 14:00:00+00:00,313.0,86.33,,129.59,15
2026-02-10 15:00:00+00:00,332.5,99.29,483.5,130.07,15
2026-02-10 16:00:00+00:00,212.5,104.95,359.5,129.76,15
2026-02-10 17:00:00+00:00,247.5,111.74,244.0,130.72,15
2026-02-10 18:00:00+00:00,123.5,112.27,220.5,133.47,15
2026-02-10 19:00:00+00:00,87.5,111.2,120.0,134.09,15
2026-02-10 20:00:00+00:00,77.5,109.79,87.0,133.89,15
2026-02-10 21:00:00+00:00,61.0,109.69,67.0,133.59,15
2026-02-10 22:00:00+00:00,63.0,109.35,59.0,133.26,15
2026-02-10 23:00:00+00:00,62.0,108.94,64.0,133.01,15
2026-02-11 00:00:00+00:00,60.0,108.48,61.0,131.07,15
2026-02-11 01:00:00+00:00,70.0,106.6,67.5,129.89,15
2026-02-11 02:00:00+00:00,96.0,106.21,137.0,130.76,15
2026-02-11 03:00:00+00:00,98.5,106.88,132.0,131.47,15
2026-02-11 04:00:00+00:00,68.0,107.15,180.0,135.97,15
2026-02-11 05:00:00+00:00,59.0,107.56,95.5,137.45,15
2026-02-11 06:00:00+00:00,67.0,108.44,78.0,138.28,15
2026-02-11 07:00:00+00:00,55.5,108.83,75.0,139.03,15
2026-02-11 08:00:00+00:00,52.0,109.38,65.0,139.57,15
2026-02-11 09:00:00+00:00,49.0,109.79,58.0,139.99,15
2026-02-11 10:00:00+00:00,48.0,109.77,63.0,140.28,15
2026-02-11 11:00:00+00:00,43.0,109.12,60.0,140.03,15
2026-02-11 12:00:00+00:00,140.0,110.04,102.5,138.78,15
2026-02-11 13:00:00+00:00,336.0,117.58,329.0,146.66,15
2026-02-11 14:00:00+00:00,363.0,119.67,,149.65,15
2026-02-11 15:00:00+00:00,372.5,121.33,438.0,147.75,15
2026-02-11 16:00:00+00:00,192.0,120.48,347.5,147.25,15
2026-02-11 17:00:00+00:00,262.0,121.08,230.5,146.69,15
2026-02-11 18:00:00+00:00,126.0,121.19,181.5,145.06,15
2026-02-11 19:00:00+00:00,114.5,122.31,112.0,144.73,15
2026-02-11 20:00:00+00:00,108.5,123.6,108.0,145.6,15
2026-02-11 21:00:00+00:00,103.0,125.35,100.0,146.98,15
2026-02-11 22:00:00+00:00,87.0,126.35,91.0,148.31,15
2026-02-11 23:00:00+00:00,94.0,127.69,84.0,149.15,15
2026-02-12 00:00:00+00:00,105.0,129.56,248.0,156.94,15
2026-02-12 01:00:00+00:00,144.5,132.67,142.0,160.04,15
2026-02-12 02:00:00+00:00,193.0,136.71,183.0,161.96,15
2026-02-12 03:00:00+00:00,133.5,138.17,159.0,163.08,15
2026-02-12 04:00:00+00:00,117.0,140.21,139.5,161.4,15
2026-02-12 05:00:00+00:00,115.0,142.54,129.0,162.79,15
2026-02-12 06:00:00+00:00,111.5,144.4,122.0,164.62,15
2026-02-12 07:00:00+00:00,77.5,145.31,102.0,165.75,15
2026-02-12 08:00:00+00:00,65.0,145.85,80.0,166.38,15
2026-02-12 09:00:00+00:00,60.0,146.31,73.5,167.02,15
2026-02-12 10:00:00+00:00,62.0,146.9,84.5,167.92,15
2026-02-12 11:00:00+00:00,74.0,148.19,85.0,168.96,15
2026-02-12 12:00:00+00:00,79.5,145.67,81.0,168.06,15
2026-02-12 13:00:00+00:00,140.0,137.5,437.0,172.56,15
2026-02-12 14:00:00+00:00,182.0,129.96,244.0,166.75,15
2026-02-12 15:00:00+00:00,184.5,122.12,190.0,156.42,15
2026-02-12 16:00:00+00:00,216.0,123.12,195.0,150.06,15
2026-02-12 17:00:00+00:00,193.0,120.25,199.0,148.75,15
2026-02-12 18:00:00+00:00,182.5,122.6,198.5,149.46,15
2026-02-12 19:00:00+00:00,78.0,121.08,140.0,150.62,15
2026-02-12 20:00:00+00:00,102.0,120.81,94.0,150.04,15
2026-02-12 21:00:00+00:00,95.5,120.5,94.0,149.79,15
2026-02-12 22:00:00+00:00,86.0,120.46,84.0,149.5,15
2026-02-12 23:00:00+00:00,83.0,120.0,83.5,149.48,15
2026-02-13 00:00:00+00:00,76.0,118.79,106.5,143.58,15
2026-02-13 01:00:00+00:00,123.0,117.9,92.5,141.52,15
2026-02-13 02:00:00+00:00,186.5,117.62,248.0,144.23,15
2026-02-13 03:00:00+00:00,116.0,116.9,126.0,142.85,15
2026-02-13 04:00:00+00:00,105.0,116.4,156.5,143.56,15
2026-02-13 05:00:00+00:00,83.5,115.08,113.0,142.9,15
2026-02-13 06:00:00+00:00,82.0,113.85,97.0,141.85,15
2026-02-13 07:00:00+00:00,75.0,113.75,90.0,141.35,15
2026-02-13 08:00:00+00:00,69.5,113.94,83.5,141.5,15
2026-02-13 09:00:00+00:00,71.0,114.4,84.0,141.94,15
2026-02-13 10:00:00+00:00,58.0,114.23,72.0,141.42,15
2026-02-13 11:00:00+00:00,54.0,113.4,69.0,140.75,15
2026-02-13 12:00:00+00:00,85.5,113.65,67.0,140.17,15
2026-02-13 13:00:00+00:00,272.5,119.17,265.0,133.0,15
2026-02-13 14:00:00+00:00,432.0,129.58,461.0,142.04,15
2026-02-13 15:00:00+00:00,360.5,136.92,401.0,150.83,15
2026-02-13 16:00:00+00:00,256.0,138.58,359.0,157.67,15
2026-02-13 17:00:00+00:00,184.0,138.21,236.0,159.21,15
2026-02-13 18:00:00+00:00,148.0,136.77,169.5,158.0,15
2026-02-13 19:00:00+00:00,145.5,139.58,143.0,158.12,15
2026-02-13 20:00:00+00:00,124.0,140.5,121.5,159.27,15
2026-02-13 21:00:00+00:00,104.0,140.85,119.5,160.33,15
2026-02-13 22:00:00+00:00,85.5,140.83,101.0,161.04,15
2026-02-13 23:00:00+00:00,75.0,140.5,73.0,160.6,15
2026-02-14 00:00:00+00:00,88.0,141.0,327.0,169.79,15
2026-02-14 01:00:00+00:00,121.0,140.92,123.0,171.06,15
2026-02-14 02:00:00+00:00,163.0,139.94,141.0,166.6,15
2026-02-14 03:00:00+00:00,170.0,142.19,191.0,169.31,15
2026-02-14 04:00:00+00:00,95.0,141.77,119.0,167.75,15
2026-02-14 05:00:00+00:00,83.0,141.75,100.0,167.21,15
2026-02-14 06:00:00+00:00,79.5,141.65,98.0,167.25,15
2026-02-14 07:00:00+00:00,70.0,141.44,92.0,167.33,15
2026-02-14 08:00:00+00:00,54.5,140.81,82.5,167.29,15
2026-02-14 09:00:00+00:00,64.5,140.54,73.0,166.83,15
2026-02-14 10:00:00+00:00,80.0,141.46,85.5,167.4,15
2026-02-14 11:00:00+00:00,73.0,142.25,92.5,168.38,15
2026-02-14 12:00:00+00:00,160.5,145.38,122.0,170.67,15
2026-02-14 13:00:00+00:00,264.0,145.02,191.0,167.58,15
2026-02-14 14:00:00+00:00,377.0,142.73,429.0,166.25,15
2026-02-14 15:00:00+00:00,215.5,136.69,360.0,164.54,15
2026-02-14 16:00:00+00:00,195.5,134.17,219.0,158.71,15
2026-02-14 17:00:00+00:00,171.0,133.62,178.0,156.29,15
2026-02-14 18:00:00+00:00,179.5,134.94,163.0,156.02,15
2026-02-14 19:00:00+00:00,156.0,135.38,152.0,156.4,15
2026-02-14 20:00:00+00:00,164.5,137.06,155.0,157.79,15
2026-02-14 21:00:00+00:00,169.0,139.77,160.5,159.5,15
2026-02-14 22:00:00+00:00,155.0,142.67,152.0,161.62,15
2026-02-14 23:00:00+00:00,113.0,144.25,129.0,163.96,15
2026-02-15 00:00:00+00:00,99.0,144.71,128.0,155.67,15
2026-02-15 01:00:00+00:00,148.5,145.85,145.5,156.6,15
2026-02-15 02:00:00+00:00,228.0,148.56,210.5,159.5,15
2026-02-15 03:00:00+00:00,222.5,150.75,251.5,162.02,15
2026-02-15 04:00:00+00:00,195.5,154.94,233.0,166.77,15
2026-02-15 05:00:00+00:00,142.5,157.42,175.5,169.92,15
2026-02-15 06:00:00+00:00,125.0,159.31,153.0,172.21,15
2026-02-15 07:00:00+00:00,118.0,161.31,142.0,174.29,15
2026-02-15 08:00:00+00:00,113.0,163.75,140.0,176.69,15
2026-02-15 09:00:00+00:00,90.5,164.83,127.5,178.96,15
2026-02-15 10:00:00+00:00,84.0,165.0,103.0,179.69,15
2026-02-15 11:00:00+00:00,102.0,166.21,104.0,180.17,15
2026-02-15 12:00:00+00:00,119.0,164.48,122.5,180.19,15
2026-02-15 13:00:00+00:00,180.0,160.98,191.0,180.19,15
2026-02-15 14:00:00+00:00,207.5,153.92,,173.18,15
2026-02-15 15:00:00+00:00,163.0,151.73,330.5,171.95,15
2026-02-15 16:00:00+00:00,169.0,150.62,205.0,171.36,15
2026-02-15 17:00:00+00:00,172.5,150.69,177.5,171.34,15
2026-02-15 18:00:00+00:00,141.5,149.1,157.5,171.11,15
2026-02-15 19:00:00+00:00,120.5,147.62,125.5,170.01,15
2026-02-15 20:00:00+00:00,108.5,145.29,106.0,167.97,15
2026-02-15 21:00:00+00:00,101.0,142.46,105.0,165.66,15
2026-02-15 22:00:00+00:00,92.5,139.85,95.0,163.28,15
2026-02-15 23:00:00+00:00,92.0,138.98,92.0,161.74,15
2026-02-16 00:00:00+00:00,108.0,139.35,207.0,165.03,15
2026-02-16 01:00:00+00:00,144.5,139.19,161.0,165.68,15
2026-02-16 02:00:00+00:00,172.5,136.88,155.0,163.36,15
2026-02-16 03:00:00+00:00,118.0,132.52,143.5,158.86,15
2026-02-16 04:00:00+00:00,109.0,128.92,120.5,154.18,15
2026-02-16 05:00:00+00:00,124.0,128.15,137.0,152.57,15
2026-02-16 06:00:00+00:00,125.5,128.17,156.5,152.72,15
2026-02-16 07:00:00+00:00,120.0,128.25,154.0,153.22,15
2026-02-16 08:00:00+00:00,113.0,128.25,142.0,153.3,15
2026-02-16 09:00:00+00:00,78.0,127.73,101.0,152.2,15
2026-02-16 10:00:00+00:00,97.0,128.27,114.0,152.66,15
2026-02-16 11:00:00+00:00,78.5,127.29,100.5,152.51,15
2026-02-16 12:00:00+00:00,112.5,127.02,189.0,155.28,15
2026-02-16 13:00:00+00:00,307.0,132.31,222.5,156.59,15
2026-02-16 14:00:00+00:00,298.0,136.08,449.5,164.46,15
2026-02-16 15:00:00+00:00,297.5,141.69,443.0,169.15,15
2026-02-16 16:00:00+00:00,200.0,142.98,363.5,175.75,15
2026-02-16 17:00:00+00:00,209.5,144.52,307.0,181.15,15
2026-02-16 18:00:00+00:00,149.5,144.85,252.5,185.1,15
2026-02-16 19:00:00+00:00,138.0,145.58,268.5,191.06,15
2026-02-16 20:00:00+00:00,99.5,145.21,193.0,194.69,15
2026-02-16 21:00:00+00:00,87.0,144.62,147.5,196.46,15
2026-02-16 22:00:00+00:00,82.0,144.19,99.0,196.62,15
2026-02-16 23:00:00+00:00,76.0,143.52,78.0,196.04,15
2026-02-17 00:00:00+00:00,89.5,142.75,93.0,191.29,15
2026-02-17 01:00:00+00:00,133.0,142.27,157.5,191.15,15
2026-02-17 02:00:00+00:00,107.0,139.54,113.0,189.4,15
2026-02-17 03:00:00+00:00,102.5,138.9,112.0,188.08,15
2026-02-17 04:00:00+00:00,95.0,138.31,106.0,187.48,15
2026-02-17 05:00:00+00:00,115.0,137.94,138.0,187.52,15
2026-02-17 06:00:00+00:00,96.5,136.73,126.0,186.25,15
2026-02-17 07:00:00+00:00,92.0,135.56,118.0,184.75,15
2026-02-17 08:00:00+00:00,66.0,133.6,86.5,182.44,15
2026-02-17 09:00:00+00:00,64.0,133.02,81.5,181.62,15
2026-02-17 10:00:00+00:00,68.0,131.81,77.0,180.08,15
2026-02-17 11:00:00+00:00,78.0,131.79,90.0,179.65,15
2026-02-17 12:00:00+00:00,162.0,133.85,173.5,179.0,15
2026-02-17 13:00:00+00:00,173.5,128.29,399.0,186.35,15
2026-02-17 14:00:00+00:00,385.0,131.92,,183.79,15
2026-02-17 15:00:00+00:00,208.5,128.21,377.0,181.04,15
2026-02-17 16:00:00+00:00,142.0,125.79,215.5,174.88,15
2026-02-17 17:00:00+00:00,140.0,122.9,213.5,170.98,15
2026-02-17 18:00:00+00:00,116.5,121.52,261.5,171.35,15
2026-02-17 19:00:00+00:00,109.5,120.33,115.0,164.96,15
2026-02-17 20:00:00+00:00,109.0,120.73,109.0,161.46,15
2026-02-17 21:00:00+00:00,72.5,120.12,86.5,158.92,15
2026-02-17 22:00:00+00:00,63.0,119.33,69.0,157.67,15
2026-02-17 23:00:00+00:00,66.0,118.92,61.0,156.96,15
2026-02-18 00:00:00+00:00,75.0,118.31,242.0,163.17,15
2026-02-18 01:00:00+00:00,97.0,116.81,103.5,160.92,15
2026-02-18 02:00:00+00:00,101.0,116.56,97.5,160.27,15
2026-02-18 03:00:00+00:00,96.0,116.29,108.0,160.1,15
2026-02-18 04:00:00+00:00,85.0,115.88,145.0,161.73,15
2026-02-18 05:00:00+00:00,56.0,113.42,82.0,159.4,15
2026-02-18 06:00:00+00:00,53.0,111.6,70.0,157.06,15
2026-02-18 07:00:00+00:00,45.0,109.65,60.0,154.65,15
2026-02-18 08:00:00+00:00,35.0,108.35,46.0,152.96,15
2026-02-18 09:00:00+00:00,44.0,107.52,50.5,151.67,15
2026-02-18 10:00:00+00:00,52.0,106.85,61.0,151.0,15
2026-02-18 11:00:00+00:00,50.0,105.69,77.5,150.48,15
2026-02-18 12:00:00+00:00,83.5,102.42,86.0,146.83,15
2026-02-18 13:00:00+00:00,108.0,99.69,283.5,142.02,15
2026-02-18 14:00:00+00:00,98.0,87.73,254.0,136.44,15
2026-02-18 15:00:00+00:00,122.0,84.12,143.5,126.71,15
2026-02-18 16:00:00+00:00,116.5,83.06,137.0,123.44,15
2026-02-18 17:00:00+00:00,113.5,81.96,126.0,119.79,15
2026-02-18 18:00:00+00:00,109.0,81.65,155.5,115.38,15
2026-02-18 19:00:00+00:00,108.0,81.58,181.5,118.15,15
2026-02-18 20:00:00+00:00,104.0,81.38,146.0,119.69,15
2026-02-18 21:00:00+00:00,87.0,81.98,135.5,121.73,15
2026-02-18 22:00:00+00:00,80.0,82.69,117.0,123.73,15
2026-02-18 23:00:00+00:00,90.0,83.69,109.0,125.73,15
2026-02-19 00:00:00+00:00,91.0,84.35,96.0,119.65,15
2026-02-19 01:00:00+00:00,110.0,84.9,115.0,120.12,15
2026-02-19 02:00:00+00:00,118.0,85.6,180.0,123.56,15
2026-02-19 03:00:00+00:00,116.0,86.44,165.0,125.94,15
2026-02-19 04:00:00+00:00,91.0,86.69,113.0,124.6,15
2026-02-19 05:00:00+00:00,74.0,87.44,96.0,125.19,15
2026-02-19 06:00:00+00:00,57.0,87.6,73.0,125.31,15
2026-02-19 07:00:00+00:00,44.0,87.56,154.5,129.25,15
2026-02-19 08:00:00+00:00,28.0,87.27,45.0,129.21,15
2026-02-19 09:00:00+00:00,21.0,86.31,27.0,128.23,15
2026-02-19 10:00:00+00:00,29.0,85.35,31.0,126.98,15
2026-02-19 11:00:00+00:00,32.0,84.6,37.0,125.29,15
2026-02-19 12:00:00+00:00,46.0,83.04,45.0,123.58,15
2026-02-19 13:00:00+00:00,114.0,83.29,292.5,123.96,15
2026-02-19 14:00:00+00:00,78.5,82.48,131.0,118.83,15
2026-02-19 15:00:00+00:00,124.0,82.56,102.5,117.12,15
2026-02-19 16:00:00+00:00,126.5,82.98,117.0,116.29,15
2026-02-19 17:00:00+00:00,129.0,83.62,123.0,116.17,15
2026-02-19 18:00:00+00:00,87.5,82.73,123.5,114.83,15
2026-02-19 19:00:00+00:00,68.0,81.06,78.0,110.52,15
2026-02-19 20:00:00+00:00,47.0,78.69,62.0,107.02,15
2026-02-19 21:00:00+00:00,46.0,76.98,48.0,103.38,15
2026-02-19 22:00:00+00:00,33.0,75.02,35.0,99.96,15
2026-02-19 23:00:00+00:00,33.0,72.65,35.0,96.88,15
2026-02-20 00:00:00+00:00,31.0,70.15,141.5,98.77,15
2026-02-20 01:00:00+00:00,37.5,67.12,37.0,95.52,15
2026-02-20 02:00:00+00:00,82.5,65.65,69.5,90.92,15
2026-02-20 03:00:00+00:00,41.0,62.52,55.5,86.35,15
2026-02-20 04:00:00+00:00,44.0,60.56,48.0,83.65,15
2026-02-20 05:00:00+00:00,25.0,58.52,48.0,81.65,15
2026-02-20 06:00:00+00:00,21.0,57.02,33.0,79.98,15
2026-02-20 07:00:00+00:00,15.0,55.81,22.0,74.46,15
2026-02-20 08:00:00+00:00,15.0,55.27,20.0,73.42,15
2026-02-20 09:00:00+00:00,19.0,55.19,22.0,73.21,15
2026-02-20 10:00:00+00:00,21.0,54.85,26.0,73.0,15
2026-02-20 11:00:00+00:00,24.0,54.52,31.0,72.75,15
2026-02-20 12:00:00+00:00,35.0,54.06,31.0,72.17,15
2026-02-20 13:00:00+00:00,150.0,55.56,123.0,65.1,15
2026-02-20 14:00:00+00:00,193.0,60.33,270.0,70.9,15
2026-02-20 15:00:00+00:00,121.0,60.21,156.0,73.12,15
2026-02-20 16:00:00+00:00,105.5,59.33,141.0,74.12,15
2026-02-20 17:00:00+00:00,98.0,58.04,112.0,73.67,15
2026-02-20 18:00:00+00:00,101.0,58.6,98.0,72.6,15
2026-02-20 19:00:00+00:00,104.0,60.1,103.0,73.65,15
2026-02-20 20:00:00+00:00,101.0,62.35,104.0,75.4,15
2026-02-20 21:00:00+00:00,79.0,63.73,85.0,76.94,15
2026-02-20 22:00:00+00:00,68.5,65.21,77.0,78.69,15
2026-02-20 23:00:00+00:00,64.0,66.5,62.5,79.83,15
2026-02-21 00:00:00+00:00,70.0,68.12,71.0,76.9,15
2026-02-21 01:00:00+00:00,86.0,70.15,85.0,78.9,15
2026-02-21 02:00:00+00:00,64.5,69.4,108.5,80.52,15
2026-02-21 03:00:00+00:00,75.0,70.81,77.0,81.42,15
2026-02-21 04:00:00+00:00,69.0,71.85,87.0,83.04,15
2026-02-21 05:00:00+00:00,48.5,72.83,65.0,83.75,15
2026-02-21 06:00:00+00:00,37.0,73.5,52.5,84.56,15
2026-02-21 07:00:00+00:00,31.0,74.17,40.0,85.31,15
2026-02-21 08:00:00+00:00,44.0,75.38,52.0,86.65,15
2026-02-21 09:00:00+00:00,47.0,76.54,57.0,88.1,15
2026-02-21 10:00:00+00:00,50.0,77.75,231.0,96.65,15
2026-02-21 11:00:00+00:00,71.0,79.71,102.0,99.6,15
2026-02-21 12:00:00+00:00,83.0,81.71,92.0,102.15,15
2026-02-21 13:00:00+00:00,177.0,82.83,133.0,102.56,15
2026-02-21 14:00:00+00:00,160.5,81.48,389.0,107.52,15
2026-02-21 15:00:00+00:00,222.5,85.71,227.0,110.48,15
2026-02-21 16:00:00+00:00,206.5,89.92,216.0,113.6,15
2026-02-21 17:00:00+00:00,190.5,93.77,200.0,117.27,15
2026-02-21 18:00:00+00:00,177.0,96.94,188.0,121.02,15
2026-02-21 19:00:00+00:00,173.0,99.81,180.0,124.23,15
2026-02-21 20:00:00+00:00,140.0,101.44,149.0,126.1,15
2026-02-21 21:00:00+00:00,119.0,103.1,129.5,127.96,15
2026-02-21 22:00:00+00:00,105.5,104.65,108.0,129.25,15
2026-02-21 23:00:00+00:00,136.5,107.67,133.0,132.19,15
2026-02-22 00:00:00+00:00,112.5,109.44,147.5,135.38,15
2026-02-22 01:00:00+00:00,203.5,114.33,196.0,140.0,15
2026-02-22 02:00:00+00:00,131.5,117.12,191.0,143.44,15
2026-02-22 03:00:00+00:00,134.0,119.58,148.0,146.4,15
2026-02-22 04:00:00+00:00,128.5,122.06,140.5,148.62,15
2026-02-22 05:00:00+00:00,130.0,125.46,144.0,151.92,15
2026-02-22 06:00:00+00:00,101.0,128.12,136.5,155.42,15
2026-02-22 07:00:00+00:00,84.0,130.33,117.5,158.65,15
2026-02-22 08:00:00+00:00,63.0,131.12,88.0,160.15,15
2026-02-22 09:00:00+00:00,40.0,130.83,72.0,160.77,15
2026-02-22 10:00:00+00:00,46.0,130.67,56.0,153.48,15
2026-02-22 11:00:00+00:00,47.0,129.67,58.0,151.65,15
2026-02-22 12:00:00+00:00,105.5,130.6,72.0,150.81,15
2026-02-22 13:00:00+00:00,157.0,129.77,373.0,160.81,15
2026-02-22 14:00:00+00:00,328.5,136.77,342.5,158.88,15
2026-02-22 15:00:00+00:00,167.5,134.48,211.0,158.21,15
2026-02-22 16:00:00+00:00,155.0,132.33,168.0,156.21,15
2026-02-22 17:00:00+00:00,140.5,130.25,179.5,155.35,15
2026-02-22 18:00:00+00:00,109.5,127.44,125.0,152.73,15
2026-02-22 19:00:00+00:00,93.0,124.1,98.0,149.31,15
2026-02-22 20:00:00+00:00,86.0,121.85,88.5,146.79,15
2026-02-22 21:00:00+00:00,75.5,120.04,78.0,144.65,15
2026-02-22 22:00:00+00:00,89.0,119.35,79.5,143.46,15
2026-02-22 23:00:00+00:00,104.0,118.0,100.5,142.1,15
2026-02-23 00:00:00+00:00,,118.33,210.0,144.71,15
2026-02-23 01:00:00+00:00,,115.56,118.0,141.46,15
2026-02-23 02:00:00+00:00,,116.48,179.5,140.98,15
2026-02-23 03:00:00+00:00,170.0,117.98,183.0,142.44,15
2026-02-23 04:00:00+00:00,102.0,116.88,167.0,143.54,15
2026-02-23 05:00:00+00:00,107.0,115.92,131.0,143.0,15
2026-02-23 06:00:00+00:00,93.5,115.6,129.0,142.69,15
2026-02-23 07:00:00+00:00,72.0,115.1,107.5,142.27,15
2026-02-23 08:00:00+00:00,62.0,115.06,87.0,142.23,15
2026-02-23 09:00:00+00:00,58.0,115.81,74.5,142.33,15
2026-02-23 10:00:00+00:00,75.0,117.02,98.0,144.08,15
2026-02-23 11:00:00+00:00,86.5,118.67,140.0,147.5,15
2026-02-23 12:00:00+00:00,175.5,121.58,114.0,149.25,15
2026-02-23 13:00:00+00:00,230.0,124.62,327.5,147.35,15
2026-02-23 14:00:00+00:00,228.5,120.46,477.0,152.96,15
2026-02-23 15:00:00+00:00,258.0,124.23,338.0,158.25,15
2026-02-23 16:00:00+00:00,170.0,124.85,222.0,160.5,15
2026-02-23 17:00:00+00:00,156.5,125.52,170.0,160.1,15
2026-02-23 18:00:00+00:00,134.0,126.54,148.0,161.06,15
2026-02-23 19:00:00+00:00,116.0,127.5,123.5,162.12,15
2026-02-23 20:00:00+00:00,101.5,128.15,114.0,163.19,15
2026-02-23 21:00:00+00:00,90.0,128.75,124.0,165.1,15
2026-02-23 22:00:00+00:00,87.0,128.67,90.0,165.54,15
2026-02-23 23:00:00+00:00,89.0,128.04,88.0,165.02,15
2026-02-24 00:00:00+00:00,103.0,127.31,115.0,161.06,15
2026-02-24 01:00:00+00:00,114.0,126.35,102.0,160.4,15
2026-02-24 02:00:00+00:00,121.0,125.0,150.0,159.17,15
2026-02-24 03:00:00+00:00,95.0,121.88,126.0,156.79,15
2026-02-24 04:00:00+00:00,96.0,121.62,119.5,154.81,15
2026-02-24 05:00:00+00:00,83.0,120.62,104.0,153.69,15
2026-02-24 06:00:00+00:00,90.0,120.48,113.0,153.02,15
2026-02-24 07:00:00+00:00,87.0,121.1,114.0,153.29,15
2026-02-24 08:00:00+00:00,79.5,121.83,103.0,153.96,15
2026-02-24 09:00:00+00:00,58.0,121.83,74.5,153.96,15
2026-02-24 10:00:00+00:00,47.0,120.67,61.5,152.44,15
2026-02-24 11:00:00+00:00,45.0,118.94,58.0,149.02,15
2026-02-24 12:00:00+00:00,76.5,114.81,56.0,146.6,15
2026-02-24 13:00:00+00:00,177.0,112.6,360.0,147.96,15
2026-02-24 14:00:00+00:00,198.0,111.33,415.0,145.38,15
2026-02-24 15:00:00+00:00,113.0,105.29,264.0,142.29,15
2026-02-24 16:00:00+00:00,109.0,102.75,120.0,138.04,15
2026-02-24 17:00:00+00:00,92.0,100.06,101.0,135.17,15
2026-02-24 18:00:00+00:00,89.5,98.21,91.0,132.79,15
2026-02-24 19:00:00+00:00,99.0,97.5,98.5,131.75,15
2026-02-24 20:00:00+00:00,90.0,97.02,90.5,130.77,15
2026-02-24 21:00:00+00:00,86.5,96.88,90.0,129.35,15
2026-02-24 22:00:00+00:00,81.0,96.62,85.0,129.15,15
2026-02-24 23:00:00+00:00,78.0,96.17,81.0,128.85,15
2026-02-25 00:00:00+00:00,87.0,95.5,117.0,128.94,15
2026-02-25 01:00:00+00:00,137.0,96.46,148.0,130.85,15
2026-02-25 02:00:00+00:00,153.0,97.79,189.5,132.5,15
2026-02-25 03:00:00+00:00,107.0,98.29,130.5,132.69,15
2026-02-25 04:00:00+00:00,111.5,98.94,129.0,133.08,15
2026-02-25 05:00:00+00:00,95.0,99.44,123.0,133.88,15
2026-02-25 06:00:00+00:00,88.0,99.35,115.0,133.96,15
2026-02-25 07:00:00+00:00,99.5,99.88,114.0,133.96,15
2026-02-25 08:00:00+00:00,62.0,99.15,113.5,134.4,15
2026-02-25 09:00:00+00:00,48.0,98.73,75.5,134.44,15
2026-02-25 10:00:00+00:00,26.0,97.85,39.5,133.52,15
2026-02-25 11:00:00+00:00,31.5,97.29,39.0,132.73,15
2026-02-25 12:00:00+00:00,51.0,96.23,44.5,132.25,15
2026-02-25 13:00:00+00:00,138.5,94.62,133.0,122.79,15
2026-02-25 14:00:00+00:00,243.5,96.52,284.5,117.35,15
2026-02-25 15:00:00+00:00,116.0,96.65,272.0,117.69,15
2026-02-25 16:00:00+00:00,91.0,95.9,107.0,117.15,15
2026-02-25 17:00:00+00:00,100.0,96.23,100.0,117.1,15
2026-02-25 18:00:00+00:00,90.0,96.25,94.5,117.25,15
2026-02-25 19:00:00+00:00,91.0,95.92,92.0,116.98,15
2026-02-25 20:00:00+00:00,65.0,94.88,72.0,116.21,15
2026-02-25 21:00:00+00:00,65.0,93.98,65.0,115.17,15
2026-02-25 22:00:00+00:00,65.0,93.31,65.0,114.33,15
2026-02-25 23:00:00+00:00,67.0,92.85,68.5,113.81,15
2026-02-26 00:00:00+00:00,62.5,91.83,98.0,113.02,15
2026-02-26 01:00:00+00:00,108.0,90.62,109.0,111.4,15
2026-02-26 02:00:00+00:00,126.0,89.5,136.0,109.17,15
2026-02-26 03:00:00+00:00,118.0,89.96,139.0,109.52,15
2026-02-26 04:00:00+00:00,111.0,89.94,129.5,109.54,15
2026-02-26 05:00:00+00:00,95.0,89.94,170.0,111.5,15
2026-02-26 06:00:00+00:00,72.5,89.29,122.0,111.79,15
2026-02-26 07:00:00+00:00,74.5,88.25,95.0,111.0,15
2026-02-26 08:00:00+00:00,84.5,89.19,100.0,110.44,15
2026-02-26 09:00:00+00:00,70.0,90.1,95.0,111.25,15
2026-02-26 10:00:00+00:00,80.0,92.35,99.5,113.75,15
2026-02-26 11:00:00+00:00,90.0,94.79,148.5,118.31,15
2026-02-26 12:00:00+00:00,119.0,97.62,109.0,121.0,15
2026-02-26 13:00:00+00:00,247.0,102.15,229.0,125.0,15
2026-02-26 14:00:00+00:00,182.0,99.58,448.0,131.81,15
2026-02-26 15:00:00+00:00,181.0,102.29,247.0,130.77,15
2026-02-26 16:00:00+00:00,187.0,106.29,202.0,134.73,15
2026-02-26 17:00:00+00:00,195.0,110.25,195.0,138.69,15
2026-02-26 18:00:00+00:00,191.5,114.48,195.0,142.88,15
2026-02-26 19:00:00+00:00,176.0,118.02,190.0,146.96,15
2026-02-26 20:00:00+00:00,148.5,121.5,190.0,151.88,15
2026-02-26 21:00:00+00:00,130.0,124.21,147.0,155.29,15
2026-02-26 22:00:00+00:00,129.0,126.88,139.0,158.38,15
2026-02-26 23:00:00+00:00,119.0,129.04,133.0,161.06,15
2026-02-27 00:00:00+00:00,113.5,131.17,131.0,162.44,15
2026-02-27 01:00:00+00:00,106.0,131.08,118.5,162.83,15
2026-02-27 02:00:00+00:00,130.0,131.25,126.5,162.44,15
2026-02-27 03:00:00+00:00,156.0,132.83,184.5,164.33,15
2026-02-27 04:00:00+00:00,140.0,134.04,175.0,166.23,15
2026-02-27 05:00:00+00:00,115.5,134.9,148.0,165.31,15
2026-02-27 06:00:00+00:00,117.0,136.75,145.0,166.27,15
2026-02-27 07:00:00+00:00,100.0,137.81,132.0,167.81,15
2026-02-27 08:00:00+00:00,96.0,138.29,125.0,168.85,15
2026-02-27 09:00:00+00:00,90.5,139.15,114.5,169.67,15
2026-02-27 10:00:00+00:00,65.0,138.52,91.0,169.31,15
2026-02-27 11:00:00+00:00,59.0,137.23,79.0,166.42,15
2026-02-27 12:00:00+00:00,57.0,134.65,78.5,165.15,15
2026-02-27 13:00:00+00:00,167.5,131.33,89.0,159.31,15
2026-02-27 14:00:00+00:00,253.0,134.29,341.0,154.85,15
2026-02-27 15:00:00+00:00,172.5,133.94,234.0,154.31,15
2026-02-27 16:00:00+00:00,159.0,132.77,199.0,154.19,15
2026-02-27 17:00:00+00:00,154.0,131.06,203.5,154.54,15
2026-02-27 18:00:00+00:00,131.5,128.56,142.0,152.33,15
2026-02-27 19:00:00+00:00,110.0,125.81,121.0,149.46,15
2026-02-27 20:00:00+00:00,92.0,123.46,102.0,145.79,15
2026-02-27 21:00:00+00:00,85.0,121.58,93.5,143.56,15
2026-02-27 22:00:00+00:00,86.0,119.79,107.0,142.23,15
2026-02-27 23:00:00+00:00,86.0,118.42,92.0,140.52,15
2026-02-28 00:00:00+00:00,87.0,117.31,100.5,139.25,15
2026-02-28 01:00:00+00:00,89.0,116.6,94.0,138.23,15
2026-02-28 02:00:00+00:00,106.0,115.6,112.0,137.62,15
2026-02-28 03:00:00+00:00,86.0,112.69,122.5,135.04,15
2026-02-28 04:00:00+00:00,76.5,110.04,108.0,132.25,15
2026-02-28 05:00:00+00:00,61.0,107.77,92.0,129.92,15
2026-02-28 06:00:00+00:00,45.0,104.77,59.0,126.33,15
2026-02-28 07:00:00+00:00,50.0,102.69,63.0,123.46,15
2026-02-28 08:00:00+00:00,45.0,100.56,58.0,120.67,15
2026-02-28 09:00:00+00:00,36.0,98.29,44.0,117.73,15
2026-02-28 10:00:00+00:00,38.0,97.17,47.0,115.9,15
2026-02-28 11:00:00+00:00,44.0,96.54,55.0,114.9,15
2026-02-28 12:00:00+00:00,53.5,96.4,78.0,114.88,15
2026-02-28 13:00:00+00:00,142.0,95.33,119.0,116.12,15
2026-02-28 14:00:00+00:00,258.0,95.54,387.0,118.04,15
2026-02-28 15:00:00+00:00,236.0,98.19,310.5,121.23,15
2026-02-28 16:00:00+00:00,184.0,99.23,207.5,121.58,15
2026-02-28 17:00:00+00:00,173.0,100.02,182.0,120.69,15
2026-02-28 18:00:00+00:00,153.0,100.92,175.0,122.06,15
2026-02-28 19:00:00+00:00,94.0,100.25,158.0,123.6,15
2026-02-28 20:00:00+00:00,87.0,100.04,93.0,123.23,15
2026-02-28 21:00:00+00:00,80.0,99.83,84.0,122.83,15
2026-02-28 22:00:00+00:00,81.0,99.62,84.0,121.88,15
2026-02-28 23:00:00+00:00,82.5,99.48,83.0,121.5,15
2026-03-01 00:00:00+00:00,91.5,99.67,101.0,121.52,15
2026-03-01 01:00:00+00:00,103.0,100.25,124.0,122.77,15
2026-03-01 02:00:00+00:00,106.0,100.25,114.5,122.88,15
2026-03-01 03:00:00+00:00,89.0,100.38,107.0,122.23,15
2026-03-01 04:00:00+00:00,74.0,100.27,89.0,121.44,15
2026-03-01 05:00:00+00:00,56.0,100.06,70.5,120.54,15
2026-03-01 06:00:00+00:00,59.0,100.65,74.5,121.19,15
2026-03-01 07:00:00+00:00,52.5,100.75,64.0,121.23,15
2026-03-01 08:00:00+00:00,56.0,101.21,67.0,121.6,15
2026-03-01 09:00:00+00:00,32.0,101.04,39.0,121.4,15
2026-03-01 10:00:00+00:00,48.5,101.48,46.0,121.35,15
2026-03-01 11:00:00+00:00,43.0,101.44,52.5,121.25,15
2026-03-01 12:00:00+00:00,46.5,101.15,49.0,120.04,15
2026-03-01 13:00:00+00:00,234.5,105.0,330.0,128.83,15
2026-03-01 14:00:00+00:00,330.0,108.0,452.5,131.56,15
2026-03-01 15:00:00+00:00,197.0,106.38,294.5,130.9,15
2026-03-01 16:00:00+00:00,118.0,103.62,177.5,129.65,15
2026-03-01 17:00:00+00:00,84.0,99.92,112.0,126.73,15
2026-03-01 18:00:00+00:00,75.0,96.67,114.0,124.19,15
2026-03-01 19:00:00+00:00,56.5,95.1,83.5,121.08,15
2026-03-01 20:00:00+00:00,59.0,93.94,63.5,119.85,15
2026-03-01 21:00:00+00:00,59.5,93.08,61.0,118.9,15
2026-03-01 22:00:00+00:00,61.0,92.25,59.0,117.85,15
2026-03-01 23:00:00+00:00,62.0,91.4,60.0,116.9,15
2026-03-02 00:00:00+00:00,65.0,90.29,69.5,115.58,15
2026-03-02 01:00:00+00:00,101.0,90.21,82.0,113.83,15
2026-03-02 02:00:00+00:00,116.0,90.62,136.5,114.75,15
2026-03-02 03:00:00+00:00,102.0,91.17,123.0,115.42,15
2026-03-02 04:00:00+00:00,96.0,92.08,102.0,115.96,15
2026-03-02 05:00:00+00:00,94.0,93.67,116.5,117.88,15
2026-03-02 06:00:00+00:00,50.0,93.29,65.0,117.48,15
2026-03-02 07:00:00+00:00,49.0,93.15,61.0,117.35,15
2026-03-02 08:00:00+00:00,39.5,92.46,51.0,116.69,15
2026-03-02 09:00:00+00:00,30.0,92.38,36.0,116.56,15
2026-03-02 10:00:00+00:00,33.0,91.73,40.0,116.31,15
2026-03-02 11:00:00+00:00,34.0,91.35,47.0,116.08,15
2026-03-02 12:00:00+00:00,36.0,90.92,310.5,126.98,15
2026-03-02 13:00:00+00:00,308.5,94.0,309.0,126.1,15
2026-03-02 14:00:00+00:00,316.5,93.44,392.0,123.58,15
2026-03-02 15:00:00+00:00,312.0,98.23,331.0,125.1,15
2026-03-02 16:00:00+00:00,214.0,102.23,306.5,130.48,15
2026-03-02 17:00:00+00:00,53.5,100.96,163.0,132.6,15
2026-03-02 18:00:00+00:00,92.5,101.69,71.0,130.81,15
2026-03-02 19:00:00+00:00,98.0,103.42,,130.77,15
2026-03-02 20:00:00+00:00,63.0,103.58,94.0,132.04,15
2026-03-02 21:00:00+00:00,52.0,103.27,57.0,131.88,15
2026-03-02 22:00:00+00:00,51.0,102.85,52.0,131.58,15
2026-03-02 23:00:00+00:00,52.0,102.44,54.0,131.33,15
2026-03-03 00:00:00+00:00,63.5,102.38,103.0,132.73,15
2026-03-03 01:00:00+00:00,176.0,105.5,153.0,135.69,15
2026-03-03 02:00:00+00:00,134.5,106.27,156.0,136.5,15
2026-03-03 03:00:00+00:00,110.0,106.6,126.0,136.62,15
2026-03-03 04:00:00+00:00,110.0,107.19,125.0,137.58,15
2026-03-03 05:00:00+00:00,97.0,107.31,123.0,137.85,15
2026-03-03 06:00:00+00:00,74.0,108.31,99.0,139.27,15
2026-03-03 07:00:00+00:00,63.0,108.9,87.0,140.35,15
2026-03-03 08:00:00+00:00,51.5,109.4,66.5,141.0,15
2026-03-03 09:00:00+00:00,52.0,110.31,69.0,142.38,15
2026-03-03 10:00:00+00:00,50.0,111.02,63.0,143.33,15
2026-03-03 11:00:00+00:00,69.0,112.48,84.0,144.88,15
2026-03-03 12:00:00+00:00,89.0,114.69,82.0,135.35,15
2026-03-03 13:00:00+00:00,184.0,109.5,96.0,126.48,15
2026-03-03 14:00:00+00:00,169.0,103.35,257.0,120.85,15
2026-03-03 15:00:00+00:00,159.5,97.0,194.5,115.17,15
2026-03-03 16:00:00+00:00,125.0,93.29,171.0,109.52,15
2026-03-03 17:00:00+00:00,123.0,96.19,131.0,108.19,15
2026-03-03 18:00:00+00:00,113.5,97.06,126.0,110.48,15
2026-03-03 19:00:00+00:00,78.0,96.23,92.0,110.88,15
2026-03-03 20:00:00+00:00,72.0,96.6,78.0,110.21,15
2026-03-03 21:00:00+00:00,69.0,97.31,74.0,110.92,15
2026-03-03 22:00:00+00:00,69.0,98.06,73.0,111.79,15
2026-03-03 23:00:00+00:00,61.0,98.44,69.0,112.42,15
2026-03-04 00:00:00+00:00,79.0,99.08,107.0,112.58,15
2026-03-04 01:00:00+00:00,167.5,98.73,150.0,112.46,15
2026-03-04 02:00:00+00:00,106.0,97.54,138.5,111.73,15
2026-03-04 03:00:00+00:00,84.0,96.46,109.5,111.04,15
2026-03-04 04:00:00+00:00,86.0,95.46,110.0,110.42,15
2026-03-04 05:00:00+00:00,86.0,95.0,112.0,109.96,15
2026-03-04 06:00:00+00:00,78.0,95.17,109.5,110.4,15
2026-03-04 07:00:00+00:00,75.0,95.67,102.0,111.02,15
2026-03-04 08:00:00+00:00,72.0,96.52,99.0,112.38,15
2026-03-04 09:00:00+00:00,65.0,97.06,90.0,113.25,15
2026-03-04 10:00:00+00:00,62.0,97.56,86.0,114.21,15
2026-03-04 11:00:00+00:00,60.0,97.19,78.0,113.96,15
2026-03-04 12:00:00+00:00,73.0,96.52,80.0,113.88,15
2026-03-04 13:00:00+00:00,109.0,93.4,284.0,121.71,15
2026-03-04 14:00:00+00:00,130.0,91.77,400.0,127.67,15
2026-03-04 15:00:00+00:00,158.0,91.71,246.5,129.83,15
2026-03-04 16:00:00+00:00,118.5,91.44,168.5,129.73,15
2026-03-04 17:00:00+00:00,94.5,90.25,118.0,129.19,15
2026-03-04 18:00:00+00:00,90.0,89.27,99.0,128.06,15
2026-03-04 19:00:00+00:00,139.0,91.81,114.0,128.98,15
2026-03-04 20:00:00+00:00,120.0,93.81,135.5,131.38,15
2026-03-04 21:00:00+00:00,103.0,95.23,126.0,133.54,15
2026-03-04 22:00:00+00:00,102.0,96.6,110.0,135.08,15
2026-03-04 23:00:00+00:00,89.0,97.77,142.0,138.12,15
2026-03-05 00:00:00+00:00,87.0,98.1,94.0,137.58,15
2026-03-05 01:00:00+00:00,153.0,97.5,137.5,137.06,15
2026-03-05 02:00:00+00:00,175.0,100.38,229.0,140.83,15
2026-03-05 03:00:00+00:00,120.0,101.88,181.0,143.81,15
2026-03-05 04:00:00+00:00,95.0,102.25,141.0,145.1,15
2026-03-05 05:00:00+00:00,84.0,102.17,117.0,145.31,15
2026-03-05 06:00:00+00:00,81.5,102.31,112.0,145.42,15
2026-03-05 07:00:00+00:00,78.0,102.44,108.0,145.67,15
2026-03-05 08:00:00+00:00,69.5,102.33,98.0,145.62,15
2026-03-05 09:00:00+00:00,67.0,102.42,91.0,145.67,15
2026-03-05 10:00:00+00:00,65.0,102.54,88.0,145.75,15
2026-03-05 11:00:00+00:00,79.0,103.33,90.0,146.25,15
2026-03-05 12:00:00+00:00,115.0,105.08,109.5,147.48,15
2026-03-05 13:00:00+00:00,188.0,108.38,134.0,141.23,15
2026-03-05 14:00:00+00:00,201.0,111.33,441.0,142.94,15
2026-03-05 15:00:00+00:00,160.0,111.42,262.5,143.6,15
2026-03-05 16:00:00+00:00,152.0,112.81,181.0,144.12,15
2026-03-05 17:00:00+00:00,138.5,114.65,169.0,146.25,15
2026-03-05 18:00:00+00:00,126.0,116.15,145.5,148.19,15
2026-03-05 19:00:00+00:00,112.5,115.04,136.0,149.1,15
2026-03-05 20:00:00+00:00,107.0,114.5,122.0,148.54,15
2026-03-05 21:00:00+00:00,94.0,114.12,108.0,147.79,15
2026-03-05 22:00:00+00:00,93.0,113.75,106.0,147.62,15
2026-03-05 23:00:00+00:00,81.0,113.42,95.0,145.67,15
2026-03-06 00:00:00+00:00,90.0,113.54,93.0,145.62,15
2026-03-06 01:00:00+00:00,173.5,114.4,190.0,147.81,15
2026-03-06 02:00:00+00:00,204.5,115.62,286.0,150.19,15
2026-03-06 03:00:00+00:00,123.0,115.75,171.5,149.79,15
2026-03-06 04:00:00+00:00,107.5,116.27,156.0,150.42,15
2026-03-06 05:00:00+00:00,73.0,115.81,102.0,149.79,15
2026-03-06 06:00:00+00:00,62.0,115.0,84.0,148.62,15
2026-03-06 07:00:00+00:00,57.0,114.12,79.0,147.42,15
2026-03-06 08:00:00+00:00,56.0,113.56,75.0,146.46,15
2026-03-06 09:00:00+00:00,57.0,113.15,75.0,145.79,15
2026-03-06 10:00:00+00:00,55.0,112.73,74.0,145.21,15
2026-03-06 11:00:00+00:00,97.0,113.48,81.0,144.83,15
2026-03-06 12:00:00+00:00,94.0,112.6,100.0,144.44,15
2026-03-06 13:00:00+00:00,219.5,113.92,159.5,145.5,15
2026-03-06 14:00:00+00:00,174.0,112.79,382.5,143.06,15
2026-03-06 15:00:00+00:00,119.0,111.08,194.5,140.23,15
2026-03-06 16:00:00+00:00,105.5,109.15,136.0,138.35,15
2026-03-06 17:00:00+00:00,100.0,107.54,115.0,136.1,15
2026-03-06 18:00:00+00:00,93.5,106.19,104.0,134.38,15
2026-03-06 19:00:00+00:00,130.0,106.92,117.0,133.58,15
2026-03-06 20:00:00+00:00,100.0,106.62,136.0,134.17,15
2026-03-06 21:00:00+00:00,69.0,105.58,93.0,133.54,15
2026-03-06 22:00:00+00:00,64.0,104.38,76.0,132.29,15
2026-03-06 23:00:00+00:00,61.0,103.54,70.0,131.25,15
2026-03-07 00:00:00+00:00,75.0,102.92,78.5,130.65,15
2026-03-07 01:00:00+00:00,133.0,101.23,154.5,129.17,15
2026-03-07 02:00:00+00:00,109.0,97.25,130.5,122.69,15
2026-03-07 03:00:00+00:00,119.0,97.08,252.0,126.04,15
2026-03-07 04:00:00+00:00,91.0,96.4,138.0,125.29,15
2026-03-07 05:00:00+00:00,66.5,96.12,91.0,124.83,15
2026-03-07 06:00:00+00:00,67.0,96.33,92.0,125.17,15
2026-03-07 07:00:00+00:00,62.0,96.54,84.0,125.38,15
2026-03-07 08:00:00+00:00,61.0,96.75,82.0,125.67,15
2026-03-07 09:00:00+00:00,61.0,96.92,80.0,125.88,15
2026-03-07 10:00:00+00:00,62.0,97.21,85.0,126.33,15
2026-03-07 11:00:00+00:00,66.0,95.92,94.0,126.88,15
2026-03-07 12:00:00+00:00,66.0,94.75,88.0,126.38,15
2026-03-07 13:00:00+00:00,138.0,91.35,88.0,123.4,15
2026-03-07 14:00:00+00:00,146.0,90.19,379.0,123.25,15
2026-03-07 15:00:00+00:00,121.5,90.29,348.5,129.67,15
2026-03-07 16:00:00+00:00,117.0,90.77,140.0,129.83,15
2026-03-07 17:00:00+00:00,110.0,91.19,129.0,130.42,15
2026-03-07 18:00:00+00:00,107.0,91.75,118.0,131.0,15
2026-03-07 19:00:00+00:00,97.0,90.38,118.0,131.04,15
2026-03-07 20:00:00+00:00,83.5,89.69,106.0,129.79,15
2026-03-07 21:00:00+00:00,76.0,89.98,90.0,129.67,15
2026-03-07 22:00:00+00:00,72.0,90.31,84.0,130.0,15
2026-03-07 23:00:00+00:00,69.5,90.67,79.0,130.38,15
2026-03-08 00:00:00+00:00,81.0,90.92,235.0,136.9,15
2026-03-08 01:00:00+00:00,283.0,97.17,232.0,140.12,15
2026-03-08 02:00:00+00:00,116.0,97.46,160.5,141.38,15
2026-03-08 03:00:00+00:00,103.5,96.81,145.5,136.94,15
2026-03-08 04:00:00+00:00,85.5,96.58,116.5,136.04,15
2026-03-08 05:00:00+00:00,72.0,96.81,106.0,136.67,15
2026-03-08 06:00:00+00:00,70.0,96.94,98.0,136.92,15
2026-03-08 07:00:00+00:00,71.0,97.31,99.0,137.54,15
2026-03-08 08:00:00+00:00,64.0,97.44,90.0,137.88,15
2026-03-08 09:00:00+00:00,62.0,97.48,80.0,137.88,15
2026-03-08 10:00:00+00:00,52.0,97.06,69.5,137.23,15
2026-03-08 11:00:00+00:00,64.0,96.98,84.5,136.83,15
2026-03-08 12:00:00+00:00,94.5,98.17,122.0,138.25,15
2026-03-08 13:00:00+00:00,121.5,97.48,212.0,143.42,15
2026-03-08 14:00:00+00:00,160.5,98.08,435.0,145.75,15
2026-03-08 15:00:00+00:00,131.0,98.48,302.5,143.83,15
2026-03-08 16:00:00+00:00,116.0,98.44,196.0,146.17,15
2026-03-08 17:00:00+00:00,99.0,97.98,141.5,146.69,15
2026-03-08 18:00:00+00:00,93.0,97.4,114.5,146.54,15
2026-03-08 19:00:00+00:00,93.0,97.23,112.0,146.29,15
2026-03-08 20:00:00+00:00,89.0,97.46,105.0,146.25,15
2026-03-08 21:00:00+00:00,84.0,97.79,102.0,146.75,15
2026-03-08 22:00:00+00:00,85.0,98.33,145.5,149.31,15
2026-03-08 23:00:00+00:00,83.0,98.9,102.0,150.27,15
2026-03-09 00:00:00+00:00,103.0,99.81,130.0,145.9,15
2026-03-09 01:00:00+00:00,140.0,93.85,134.0,141.81,15
2026-03-09 02:00:00+00:00,180.0,96.52,218.0,144.21,15
2026-03-09 03:00:00+00:00,120.0,97.21,216.5,147.17,15
2026-03-09 04:00:00+00:00,121.0,98.69,168.0,149.31,15
2026-03-09 05:00:00+00:00,110.0,100.27,155.0,151.35,15
2026-03-09 06:00:00+00:00,104.0,101.69,147.0,153.4,15
2026-03-09 07:00:00+00:00,102.5,103.0,150.0,155.52,15
2026-03-09 08:00:00+00:00,95.0,104.29,139.0,157.56,15
2026-03-09 09:00:00+00:00,93.0,105.58,137.0,159.94,15
2026-03-09 10:00:00+00:00,93.0,107.29,132.0,162.54,15
2026-03-09 11:00:00+00:00,99.0,108.75,134.0,164.6,15
2026-03-09 12:00:00+00:00,120.5,109.83,145.5,165.58,15
2026-03-09 13:00:00+00:00,128.0,110.1,252.0,167.25,15
2026-03-09 14:00:00+00:00,124.0,108.58,365.0,164.33,15
2026-03-09 15:00:00+00:00,132.0,108.62,347.0,166.19,15
2026-03-09 16:00:00+00:00,126.0,109.04,206.0,166.6,15
2026-03-09 17:00:00+00:00,123.0,110.04,155.0,167.17,15
2026-03-09 18:00:00+00:00,127.0,111.46,153.0,168.77,15
2026-03-09 19:00:00+00:00,124.0,112.75,155.0,170.56,15
2026-03-09 20:00:00+00:00,122.0,114.12,154.0,172.6,15
2026-03-09 21:00:00+00:00,116.0,115.46,261.5,179.25,15
2026-03-09 22:00:00+00:00,112.0,116.58,159.5,179.83,15
2026-03-09 23:00:00+00:00,108.0,117.62,136.0,181.25,15
2026-03-10 00:00:00+00:00,118.5,118.27,318.5,189.1,15
2026-03-10 01:00:00+00:00,206.0,121.02,206.5,192.12,15
2026-03-10 02:00:00+00:00,188.5,121.38,286.0,194.96,15
2026-03-10 03:00:00+00:00,130.5,121.81,213.0,194.81,15
2026-03-10 04:00:00+00:00,99.0,120.9,157.0,194.35,15
2026-03-10 05:00:00+00:00,94.0,120.23,135.0,193.52,15
2026-03-10 06:00:00+00:00,85.0,119.44,124.0,192.56,15
2026-03-10 07:00:00+00:00,85.0,118.71,124.0,191.48,15
2026-03-10 08:00:00+00:00,85.0,118.29,125.0,190.9,15
2026-03-10 09:00:00+00:00,87.0,118.04,126.0,190.44,15
2026-03-10 10:00:00+00:00,88.0,117.83,128.0,190.27,15
2026-03-10 11:00:00+00:00,94.0,117.62,128.0,190.02,15
2026-03-10 12:00:00+00:00,181.0,120.15,134.5,189.56,15
2026-03-10 13:00:00+00:00,189.0,122.69,222.5,188.33,15
2026-03-10 14:00:00+00:00,139.0,123.31,298.5,185.56,15
2026-03-10 15:00:00+00:00,128.0,123.15,267.5,182.25,15
2026-03-10 16:00:00+00:00,110.0,122.48,148.0,179.83,15
2026-03-10 17:00:00+00:00,107.0,121.81,127.5,178.69,15
2026-03-10 18:00:00+00:00,94.0,120.44,117.0,177.19,15
2026-03-10 19:00:00+00:00,92.0,119.1,110.0,175.31,15
2026-03-10 20:00:00+00:00,92.0,117.85,106.0,173.31,15
2026-03-10 21:00:00+00:00,87.0,116.65,109.0,166.96,15
2026-03-10 22:00:00+00:00,84.0,115.48,104.0,164.65,15
2026-03-10 23:00:00+00:00,83.0,114.44,102.0,163.23,15
2026-03-11 00:00:00+00:00,102.0,113.75,148.5,156.15,15
2026-03-11 01:00:00+00:00,117.0,110.04,144.5,153.56,15
2026-03-11 02:00:00+00:00,137.0,107.9,174.0,148.9,15
2026-03-11 03:00:00+00:00,121.0,107.5,161.0,146.73,15
2026-03-11 04:00:00+00:00,136.0,109.04,161.0,146.9,15
2026-03-11 05:00:00+00:00,142.0,111.04,175.0,148.56,15
2026-03-11 06:00:00+00:00,132.0,113.0,181.5,150.96,15
2026-03-11 07:00:00+00:00,115.0,114.25,175.0,153.08,15
2026-03-11 08:00:00+00:00,111.0,115.33,161.0,154.58,15
2026-03-11 09:00:00+00:00,124.5,116.9,169.5,156.4,15
2026-03-11 10:00:00+00:00,112.0,117.9,159.0,157.69,15
2026-03-11 11:00:00+00:00,73.5,117.04,135.0,157.98,15
2026-03-11 12:00:00+00:00,68.0,112.33,106.0,156.79,15
2026-03-11 13:00:00+00:00,272.0,115.79,325.5,161.08,15
2026-03-11 14:00:00+00:00,247.0,120.29,421.0,166.19,15
2026-03-11 15:00:00+00:00,202.5,123.4,342.0,169.29,15
2026-03-11 16:00:00+00:00,176.5,126.17,235.0,172.92,15
2026-03-11 17:00:00+00:00,122.5,126.81,162.0,174.35,15
2026-03-11 18:00:00+00:00,111.0,127.52,144.0,175.48,15
2026-03-11 19:00:00+00:00,115.5,128.5,135.0,176.52,15
2026-03-11 20:00:00+00:00,117.0,129.54,139.0,177.9,15
2026-03-11 21:00:00+00:00,91.0,129.71,123.5,178.5,15
2026-03-11 22:00:00+00:00,89.0,129.92,108.0,178.67,15
2026-03-11 23:00:00+00:00,83.0,129.92,103.0,178.71,15
2026-03-12 00:00:00+00:00,86.5,129.27,236.0,182.35,15
2026-03-12 01:00:00+00:00,107.5,128.88,129.0,181.71,15
2026-03-12 02:00:00+00:00,130.0,128.58,148.0,180.62,15
2026-03-12 03:00:00+00:00,153.0,129.92,178.5,181.35,15
2026-03-12 04:00:00+00:00,141.0,130.12,189.5,182.54,15
2026-03-12 05:00:00+00:00,126.0,129.46,177.0,182.62,15
2026-03-12 06:00:00+00:00,115.0,128.75,165.5,181.96,15
2026-03-12 07:00:00+00:00,82.0,127.38,118.0,179.58,15
2026-03-12 08:00:00+00:00,72.5,125.77,103.0,177.17,15
2026-03-12 09:00:00+00:00,66.0,123.33,93.0,173.98,15
2026-03-12 10:00:00+00:00,77.0,121.88,105.0,171.73,15
2026-03-12 11:00:00+00:00,62.0,121.4,88.0,169.77,15
2026-03-12 12:00:00+00:00,62.5,121.17,93.0,169.23,15
2026-03-12 13:00:00+00:00,113.0,114.54,267.0,166.79,15
2026-03-12 14:00:00+00:00,252.5,114.77,480.0,169.25,15
2026-03-12 15:00:00+00:00,192.5,114.35,305.0,167.71,15
2026-03-12 16:00:00+00:00,138.5,112.77,190.0,165.83,15
2026-03-12 17:00:00+00:00,122.0,112.75,150.0,165.33,15
2026-03-12 18:00:00+00:00,122.0,113.21,137.0,165.04,15
2026-03-12 19:00:00+00:00,133.5,113.96,144.0,165.42,15
2026-03-12 20:00:00+00:00,142.0,115.0,154.0,166.04,15
2026-03-12 21:00:00+00:00,131.0,116.67,148.5,167.08,15
2026-03-12 22:00:00+00:00,96.5,116.98,126.5,167.85,15
2026-03-12 23:00:00+00:00,86.0,117.1,101.0,167.77,15
2026-03-13 00:00:00+00:00,80.0,116.83,105.5,162.33,15
2026-03-13 01:00:00+00:00,139.0,118.15,142.0,162.88,15
2026-03-13 02:00:00+00:00,136.5,118.42,199.0,165.0,15
2026-03-13 03:00:00+00:00,118.5,116.98,176.0,164.9,15
2026-03-13 04:00:00+00:00,98.0,115.19,131.0,162.46,15
2026-03-13 05:00:00+00:00,78.5,113.21,111.0,159.71,15
2026-03-13 06:00:00+00:00,58.5,110.85,94.5,156.75,15
2026-03-13 07:00:00+00:00,47.0,109.4,66.0,154.58,15
2026-03-13 08:00:00+00:00,30.5,107.65,45.5,152.19,15
2026-03-13 09:00:00+00:00,20.0,105.73,26.0,149.4,15
2026-03-13 10:00:00+00:00,20.0,103.35,27.0,146.15,15
2026-03-13 11:00:00+00:00,27.0,101.9,35.0,143.94,15
2026-03-13 12:00:00+00:00,46.0,101.21,43.0,141.85,15
2026-03-13 13:00:00+00:00,113.0,101.21,83.0,134.19,15
2026-03-13 14:00:00+00:00,91.0,94.48,195.5,122.33,15
2026-03-13 15:00:00+00:00,89.0,90.17,113.5,114.35,15
2026-03-13 16:00:00+00:00,74.0,87.48,86.0,110.02,15
2026-03-13 17:00:00+00:00,41.0,84.1,63.0,106.4,15
2026-03-13 18:00:00+00:00,39.0,80.65,44.0,102.52,15
2026-03-13 19:00:00+00:00,41.0,76.79,45.0,98.4,15
2026-03-13 20:00:00+00:00,43.0,72.67,46.0,93.9,15
2026-03-13 21:00:00+00:00,46.0,69.12,50.0,89.79,15
2026-03-13 22:00:00+00:00,48.0,67.1,51.0,86.65,15
2026-03-13 23:00:00+00:00,47.0,65.48,51.0,84.56,15
2026-03-14 00:00:00+00:00,74.0,65.23,170.5,87.27,15
2026-03-14 01:00:00+00:00,145.0,65.48,218.0,90.44,15
2026-03-14 02:00:00+00:00,102.0,64.04,130.0,87.56,15
2026-03-14 03:00:00+00:00,78.0,62.35,99.5,84.38,15
2026-03-14 04:00:00+00:00,83.0,61.73,98.0,83.0,15
2026-03-14 05:00:00+00:00,73.0,61.5,90.0,82.12,15
2026-03-14 06:00:00+00:00,73.5,62.12,93.0,82.06,15
2026-03-14 07:00:00+00:00,70.0,63.08,92.5,83.17,15
2026-03-14 08:00:00+00:00,60.0,64.31,79.0,84.56,15
2026-03-14 09:00:00+00:00,41.0,65.19,56.0,85.81,15
2026-03-14 10:00:00+00:00,36.0,65.85,54.5,86.96,15
2026-03-14 11:00:00+00:00,37.0,66.27,60.5,88.02,15
2026-03-14 12:00:00+00:00,51.0,66.48,51.0,88.35,15
2026-03-14 13:00:00+00:00,215.5,70.75,124.0,90.06,15
2026-03-14 14:00:00+00:00,165.0,73.83,316.0,95.08,15
2026-03-14 15:00:00+00:00,205.5,78.69,264.0,101.35,15
2026-03-14 16:00:00+00:00,159.0,82.23,175.0,105.06,15
2026-03-14 17:00:00+00:00,127.5,85.83,178.0,109.85,15
2026-03-14 18:00:00+00:00,107.5,88.69,128.5,113.38,15
2026-03-14 19:00:00+00:00,74.0,90.06,85.5,115.06,15
2026-03-14 20:00:00+00:00,71.0,91.23,78.0,116.4,15
2026-03-14 21:00:00+00:00,71.0,92.27,75.0,117.44,15
2026-03-14 22:00:00+00:00,72.0,93.27,78.0,118.56,15
2026-03-14 23:00:00+00:00,70.0,94.23,78.0,119.69,15
2026-03-15 00:00:00+00:00,95.0,95.1,142.0,118.5,15
2026-03-15 01:00:00+00:00,120.0,94.06,154.0,115.83,15
2026-03-15 02:00:00+00:00,112.0,94.48,137.0,116.12,15
2026-03-15 03:00:00+00:00,59.5,93.71,82.0,115.4,15
2026-03-15 04:00:00+00:00,31.0,91.54,50.0,113.4,15
2026-03-15 05:00:00+00:00,34.5,89.94,41.0,111.35,15
2026-03-15 06:00:00+00:00,32.0,88.21,43.0,109.27,15
2026-03-15 07:00:00+00:00,26.5,86.4,36.0,106.92,15
2026-03-15 08:00:00+00:00,7.0,84.19,11.0,104.08,15
2026-03-15 09:00:00+00:00,5.0,82.69,6.0,102.0,15
2026-03-15 10:00:00+00:00,5.0,81.4,5.5,99.96,15
2026-03-15 11:00:00+00:00,7.0,80.15,7.0,97.73,15
2026-03-15 12:00:00+00:00,20.5,78.88,23.0,96.56,15
2026-03-15 13:00:00+00:00,77.0,73.1,182.0,98.98,15
2026-03-15 14:00:00+00:00,62.0,68.81,146.5,91.92,15
2026-03-15 15:00:00+00:00,42.0,62.0,61.0,83.46,15
2026-03-15 16:00:00+00:00,36.0,56.88,41.0,77.88,15
2026-03-15 17:00:00+00:00,33.0,52.94,32.0,71.79,15
2026-03-15 18:00:00+00:00,19.0,49.25,24.0,67.44,15
2026-03-15 19:00:00+00:00,10.0,46.58,15.0,64.5,15
2026-03-15 20:00:00+00:00,9.0,44.0,10.0,61.67,15
2026-03-15 21:00:00+00:00,8.0,41.38,9.0,58.92,15
2026-03-15 22:00:00+00:00,5.0,38.58,10.0,56.08,15
2026-03-15 23:00:00+00:00,3.0,35.79,5.0,53.04,15
2026-03-16 00:00:00+00:00,9.0,32.21,5.0,47.33,15
2026-03-16 01:00:00+00:00,44.5,29.06,43.0,42.71,15
2026-03-16 02:00:00+00:00,41.5,26.12,44.5,38.85,15
2026-03-16 03:00:00+00:00,35.0,25.1,207.0,44.06,15
2026-03-16 04:00:00+00:00,13.0,24.35,40.5,43.67,15
2026-03-16 05:00:00+00:00,13.0,23.46,18.0,42.71,15
2026-03-16 06:00:00+00:00,13.0,22.67,16.0,41.58,15
2026-03-16 07:00:00+00:00,14.0,22.15,17.0,40.79,15
2026-03-16 08:00:00+00:00,12.0,22.35,15.0,40.96,15
2026-03-16 09:00:00+00:00,14.0,22.73,16.5,41.4,15
2026-03-16 10:00:00+00:00,15.0,23.15,18.0,41.92,15
2026-03-16 11:00:00+00:00,17.0,23.56,24.0,42.62,15
2026-03-16 12:00:00+00:00,65.0,25.42,30.0,42.92,15
2026-03-16 13:00:00+00:00,119.5,27.19,147.5,41.48,15
2026-03-16 14:00:00+00:00,158.5,31.21,465.0,54.75,15
2026-03-16 15:00:00+00:00,82.5,32.9,328.0,65.88,15
2026-03-16 16:00:00+00:00,72.0,34.4,159.0,70.79,15
2026-03-16 17:00:00+00:00,74.0,36.1,79.5,72.77,15
2026-03-16 18:00:00+00:00,33.5,36.71,63.0,74.4,15
2026-03-16 19:00:00+00:00,24.0,37.29,29.0,74.98,15
2026-03-16 20:00:00+00:00,22.0,37.83,22.0,75.48,15
2026-03-16 21:00:00+00:00,23.0,38.46,22.0,76.02,15
2026-03-16 22:00:00+00:00,26.0,39.33,25.0,76.65,15
2026-03-16 23:00:00+00:00,29.0,40.42,29.0,77.65,15
2026-03-17 00:00:00+00:00,34.0,41.46,38.0,79.02,15
2026-03-17 01:00:00+00:00,49.5,41.67,41.0,78.94,15
2026-03-17 02:00:00+00:00,87.5,43.58,92.0,80.92,15
2026-03-17 03:00:00+00:00,51.0,44.25,70.0,75.21,15
2026-03-17 04:00:00+00:00,27.0,44.83,44.0,75.35,15
2026-03-17 05:00:00+00:00,10.5,44.73,36.0,76.1,15
2026-03-17 06:00:00+00:00,11.0,44.65,15.0,76.06,15
2026-03-17 07:00:00+00:00,12.0,44.56,13.0,75.9,15
2026-03-17 08:00:00+00:00,16.0,44.73,16.0,75.94,15
2026-03-17 09:00:00+00:00,17.5,44.88,20.0,76.08,15
2026-03-17 10:00:00+00:00,15.0,44.88,19.0,76.12,15
2026-03-17 11:00:00+00:00,21.0,45.04,21.0,76.0,15
2026-03-17 12:00:00+00:00,48.0,44.33,40.0,76.42,15
2026-03-17 13:00:00+00:00,207.5,48.0,93.5,74.17,15
2026-03-17 14:00:00+00:00,154.0,47.81,282.5,66.56,15
2026-03-17 15:00:00+00:00,93.0,48.25,133.0,58.44,15
2026-03-17 16:00:00+00:00,62.0,47.83,86.0,55.4,15
2026-03-17 17:00:00+00:00,44.0,46.58,53.5,54.31,15
2026-03-17 18:00:00+00:00,39.0,46.81,41.5,53.42,15
2026-03-17 19:00:00+00:00,45.0,47.69,38.0,53.79,15
2026-03-17 20:00:00+00:00,60.0,49.27,60.0,55.38,15
2026-03-17 21:00:00+00:00,57.0,50.69,56.0,56.79,15
2026-03-17 22:00:00+00:00,55.0,51.9,52.0,57.92,15
2026-03-17 23:00:00+00:00,54.0,52.94,53.0,58.92,15
2026-03-18 00:00:00+00:00,57.0,53.9,66.5,60.1,15
2026-03-18 01:00:00+00:00,78.5,55.1,90.5,62.17,15
2026-03-18 02:00:00+00:00,102.0,55.71,101.0,62.54,15
2026-03-18 03:00:00+00:00,69.0,56.46,111.5,64.27,15
2026-03-18 04:00:00+00:00,25.0,56.38,39.0,64.06,15
2026-03-18 05:00:00+00:00,28.0,57.1,33.0,63.94,15
2026-03-18 06:00:00+00:00,33.0,58.02,39.0,64.94,15
2026-03-18 07:00:00+00:00,33.0,58.9,40.0,66.06,15
2026-03-18 08:00:00+00:00,29.0,59.44,40.0,67.06,15
2026-03-18 09:00:00+00:00,28.0,59.88,34.0,67.65,15
2026-03-18 10:00:00+00:00,37.0,60.79,36.0,68.35,15
2026-03-18 11:00:00+00:00,43.0,61.71,49.0,69.52,15
2026-03-18 12:00:00+00:00,74.0,62.79,53.0,70.06,15
2026-03-18 13:00:00+00:00,296.5,66.5,119.0,71.12,15
2026-03-18 14:00:00+00:00,139.0,65.88,224.0,68.69,15
2026-03-18 15:00:00+00:00,153.5,68.4,174.0,70.4,15
2026-03-18 16:00:00+00:00,101.5,70.04,164.0,73.65,15
2026-03-18 17:00:00+00:00,82.0,71.62,103.5,75.73,15
2026-03-18 18:00:00+00:00,50.0,72.08,63.5,76.65,15
2026-03-18 19:00:00+00:00,54.0,72.46,55.0,77.35,15
2026-03-18 20:00:00+00:00,54.0,72.21,55.0,77.15,15
2026-03-18 21:00:00+00:00,35.0,71.29,51.0,76.94,15
2026-03-18 22:00:00+00:00,21.5,69.9,30.0,76.02,15
2026-03-18 23:00:00+00:00,16.0,68.31,20.0,74.65,15
2026-03-19 00:00:00+00:00,21.0,66.81,21.0,72.75,15
2026-03-19 01:00:00+00:00,61.0,66.08,113.0,73.69,15
2026-03-19 02:00:00+00:00,60.5,64.35,82.0,72.9,15
2026-03-19 03:00:00+00:00,32.5,62.83,53.5,70.48,15
2026-03-19 04:00:00+00:00,47.0,63.75,46.5,70.79,15
2026-03-19 05:00:00+00:00,49.5,64.65,53.0,71.62,15
2026-03-19 06:00:00+00:00,45.0,65.15,57.0,72.38,15
2026-03-19 07:00:00+00:00,39.0,65.4,54.0,72.96,15
2026-03-19 08:00:00+00:00,40.0,65.85,57.0,73.67,15
2026-03-19 09:00:00+00:00,12.0,65.19,67.5,75.06,15
2026-03-19 10:00:00+00:00,21.0,64.52,33.0,74.94,15
2026-03-19 11:00:00+00:00,30.0,63.98,36.0,74.4,15
2026-03-19 12:00:00+00:00,50.0,62.98,51.5,74.33,15
2026-03-19 13:00:00+00:00,200.5,58.98,171.5,76.52,15
2026-03-19 14:00:00+00:00,94.0,57.1,287.5,79.17,15
2026-03-19 15:00:00+00:00,71.0,53.67,128.0,77.25,15
2026-03-19 16:00:00+00:00,55.0,51.73,77.0,73.62,15
2026-03-19 17:00:00+00:00,49.0,50.35,59.0,71.77,15
2026-03-19 18:00:00+00:00,39.0,49.9,45.0,71.0,15
2026-03-19 19:00:00+00:00,35.0,49.1,38.0,70.29,15
2026-03-19 20:00:00+00:00,60.0,49.35,44.5,69.85,15
2026-03-19 21:00:00+00:00,87.0,51.52,81.0,71.1,15
2026-03-19 22:00:00+00:00,54.0,52.88,63.0,72.48,15
2026-03-19 23:00:00+00:00,44.0,54.04,50.0,73.73,15
2026-03-20 00:00:00+00:00,17.5,53.9,27.0,73.98,15
2026-03-20 01:00:00+00:00,19.0,52.15,21.0,70.15,15
2026-03-20 02:00:00+00:00,22.5,50.56,28.0,67.9,15
2026-03-20 03:00:00+00:00,21.0,50.08,21.5,66.56,15
2026-03-20 04:00:00+00:00,40.5,49.81,38.0,66.21,15
2026-03-20 05:00:00+00:00,28.0,48.92,43.0,65.79,15
2026-03-20 06:00:00+00:00,28.0,48.21,36.0,64.92,15
2026-03-20 07:00:00+00:00,20.0,47.42,23.0,63.62,15
2026-03-20 08:00:00+00:00,23.0,46.71,22.0,62.17,15
2026-03-20 09:00:00+00:00,23.0,47.17,23.0,60.31,15
2026-03-20 10:00:00+00:00,22.0,47.21,22.0,59.85,15
2026-03-20 11:00:00+00:00,22.0,46.88,22.0,59.27,15
2026-03-20 12:00:00+00:00,23.5,45.77,23.0,58.08,15
2026-03-20 13:00:00+00:00,23.0,38.38,30.0,52.19,15
2026-03-20 14:00:00+00:00,22.0,35.38,24.0,41.21,15
2026-03-20 15:00:00+00:00,24.0,33.42,23.0,36.83,15
2026-03-20 16:00:00+00:00,21.0,32.0,21.0,34.5,15
2026-03-20 17:00:00+00:00,22.0,30.88,19.5,32.85,15
2026-03-20 18:00:00+00:00,20.0,30.08,19.0,31.77,15
2026-03-20 19:00:00+00:00,23.0,29.58,18.0,30.94,15
2026-03-20 20:00:00+00:00,24.0,28.08,20.0,29.92,15
2026-03-20 21:00:00+00:00,27.0,25.58,22.0,27.46,15
2026-03-20 22:00:00+00:00,25.0,24.38,22.0,25.75,15
2026-03-20 23:00:00+00:00,25.0,23.58,21.0,24.54,15
2026-03-21 00:00:00+00:00,32.0,24.19,24.0,24.42,15
2026-03-21 01:00:00+00:00,38.0,24.98,66.0,26.29,15
2026-03-21 02:00:00+00:00,18.0,24.79,30.0,26.38,15
2026-03-21 03:00:00+00:00,7.0,24.21,18.0,26.23,15
2026-03-21 04:00:00+00:00,10.0,22.94,12.0,25.15,15
2026-03-21 05:00:00+00:00,12.0,22.27,12.0,23.85,15
2026-03-21 06:00:00+00:00,8.0,21.44,11.0,22.81,15
2026-03-21 07:00:00+00:00,8.0,20.94,10.0,22.27,15
2026-03-21 08:00:00+00:00,10.0,20.4,10.0,21.77,15
2026-03-21 09:00:00+00:00,10.0,19.85,14.0,21.4,15
2026-03-21 10:00:00+00:00,10.0,19.35,17.0,21.19,15
2026-03-21 11:00:00+00:00,10.0,18.85,15.0,20.9,15
2026-03-21 12:00:00+00:00,44.5,19.73,24.0,20.94,15
2026-03-21 13:00:00+00:00,125.0,23.98,44.0,21.52,15
2026-03-21 14:00:00+00:00,72.5,26.08,201.0,28.9,15
2026-03-21 15:00:00+00:00,28.5,26.27,88.5,31.62,15
2026-03-21 16:00:00+00:00,27.0,26.52,37.5,32.31,15
2026-03-21 17:00:00+00:00,46.0,27.52,44.0,33.33,15
2026-03-21 18:00:00+00:00,41.0,28.4,44.0,34.38,15
2026-03-21 19:00:00+00:00,39.0,29.06,40.0,35.29,15
2026-03-21 20:00:00+00:00,32.0,29.4,35.0,35.92,15
2026-03-21 21:00:00+00:00,34.0,29.69,33.0,36.38,15
2026-03-21 22:00:00+00:00,34.0,30.06,32.0,36.79,15
2026-03-21 23:00:00+00:00,32.0,30.35,31.0,37.21,15
2026-03-22 00:00:00+00:00,38.0,30.6,109.5,40.77,15
2026-03-22 01:00:00+00:00,50.5,31.12,53.0,40.23,15
2026-03-22 02:00:00+00:00,43.0,32.17,47.0,40.94,15
2026-03-22 03:00:00+00:00,36.0,33.38,45.0,42.06,15
2026-03-22 04:00:00+00:00,32.0,34.29,41.0,43.27,15
2026-03-22 05:00:00+00:00,26.0,34.88,36.0,44.27,15
2026-03-22 06:00:00+00:00,20.0,35.38,29.0,45.02,15
2026-03-22 07:00:00+00:00,18.0,35.79,25.0,45.65,15
2026-03-22 08:00:00+00:00,19.0,36.17,22.0,46.15,15
2026-03-22 09:00:00+00:00,20.0,36.58,24.0,46.56,15
2026-03-22 10:00:00+00:00,17.0,36.88,23.0,46.81,15
2026-03-22 11:00:00+00:00,20.0,37.29,21.0,47.06,15
2026-03-22 12:00:00+00:00,29.0,36.65,24.0,47.06,15
2026-03-22 13:00:00+00:00,57.5,33.83,31.0,46.52,15
2026-03-22 14:00:00+00:00,71.0,33.77,61.5,40.71,15
2026-03-22 15:00:00+00:00,96.0,36.58,91.5,40.83,15
2026-03-22 16:00:00+00:00,90.0,39.21,91.0,43.06,15
2026-03-22 17:00:00+00:00,51.0,39.42,61.5,43.79,15
2026-03-22 18:00:00+00:00,41.0,39.42,45.0,43.83,15
2026-03-22 19:00:00+00:00,41.0,39.5,40.0,43.83,15
2026-03-22 20:00:00+00:00,44.5,40.02,42.0,44.12,15
2026-03-22 21:00:00+00:00,40.0,40.27,41.0,44.46,15
2026-03-22 22:00:00+00:00,35.0,40.31,36.0,44.62,15
2026-03-22 23:00:00+00:00,40.0,40.65,38.0,44.92,15
2026-03-23 00:00:00+00:00,115.0,43.85,125.0,45.56,15
2026-03-23 01:00:00+00:00,138.5,47.52,138.5,49.12,15
2026-03-23 02:00:00+00:00,122.0,50.81,134.0,52.75,15
2026-03-23 03:00:00+00:00,69.0,52.19,138.5,56.65,15
2026-03-23 04:00:00+00:00,47.0,52.81,78.0,58.19,15
2026-03-23 05:00:00+00:00,52.0,53.9,63.0,59.31,15
2026-03-23 06:00:00+00:00,44.0,54.9,56.0,60.44,15
2026-03-23 07:00:00+00:00,43.0,55.94,51.0,61.52,15
2026-03-23 08:00:00+00:00,29.5,56.38,45.5,62.5,15
2026-03-23 09:00:00+00:00,28.0,56.71,44.0,63.33,15
2026-03-23 10:00:00+00:00,16.0,56.67,39.0,64.0,15
2026-03-23 11:00:00+00:00,11.5,56.31,26.0,64.21,15
2026-03-23 12:00:00+00:00,40.5,56.79,30.0,64.46,15
2026-03-23 13:00:00+00:00,59.5,56.88,75.0,66.29,15
2026-03-23 14:00:00+00:00,83.0,57.38,90.0,67.48,15
2026-03-23 15:00:00+00:00,71.0,56.33,90.5,67.44,15
2026-03-23 16:00:00+00:00,59.5,55.06,63.0,66.27,15
2026-03-23 17:00:00+00:00,61.0,55.48,60.5,66.23,15
2026-03-23 18:00:00+00:00,53.0,55.98,55.0,66.65,15
2026-03-23 19:00:00+00:00,49.0,56.31,52.0,67.15,15
2026-03-23 20:00:00+00:00,43.0,56.25,45.0,67.27,15
2026-03-23 21:00:00+00:00,42.0,56.33,42.0,67.31,15
2026-03-23 22:00:00+00:00,42.0,56.62,42.0,67.56,15
2026-03-23 23:00:00+00:00,42.0,56.71,42.0,67.73,15
2026-03-24 00:00:00+00:00,47.0,53.88,71.5,65.5,15
2026-03-24 01:00:00+00:00,125.5,53.33,139.0,65.52,15
2026-03-24 02:00:00+00:00,70.5,51.19,96.0,63.94,15
2026-03-24 03:00:00+00:00,64.0,50.98,74.0,61.25,15
2026-03-24 04:00:00+00:00,50.0,51.1,65.0,60.71,15
2026-03-24 05:00:00+00:00,43.0,50.73,59.5,60.56,15
2026-03-24 06:00:00+00:00,39.0,50.52,50.0,60.31,15
2026-03-24 07:00:00+00:00,36.0,50.23,45.0,60.06,15
2026-03-24 08:00:00+00:00,35.5,50.48,44.0,60.0,15
2026-03-24 09:00:00+00:00,30.0,50.56,37.0,59.71,15
2026-03-24 10:00:00+00:00,31.0,51.19,40.0,59.75,15
2026-03-24 11:00:00+00:00,39.0,52.33,46.0,60.58,15
2026-03-24 12:00:00+00:00,47.5,52.62,54.0,61.58,15
2026-03-24 13:00:00+00:00,85.0,53.69,260.5,69.31,15
2026-03-24 14:00:00+00:00,276.5,61.75,405.5,82.46,15
2026-03-24 15:00:00+00:00,189.0,66.67,284.0,90.52,15
2026-03-24 16:00:00+00:00,99.0,68.31,140.5,93.75,15
2026-03-24 17:00:00+00:00,90.0,69.52,103.0,95.52,15
2026-03-24 18:00:00+00:00,79.0,70.6,85.0,96.77,15
2026-03-24 19:00:00+00:00,79.0,71.85,84.0,98.1,15
2026-03-24 20:00:00+00:00,84.0,73.56,86.0,99.81,15
2026-03-24 21:00:00+00:00,82.0,75.23,88.0,101.73,15
2026-03-24 22:00:00+00:00,79.0,76.77,83.0,103.44,15
2026-03-24 23:00:00+00:00,74.0,78.1,78.5,104.96,15
2026-03-25 00:00:00+00:00,77.0,79.35,106.0,106.4,15
2026-03-25 01:00:00+00:00,92.5,77.98,122.0,105.69,15
2026-03-25 02:00:00+00:00,81.0,78.42,97.5,105.75,15
2026-03-25 03:00:00+00:00,77.0,78.96,92.0,106.5,15
2026-03-25 04:00:00+00:00,56.0,79.21,79.0,107.08,15
2026-03-25 05:00:00+00:00,51.0,79.54,70.0,107.52,15
2026-03-25 06:00:00+00:00,35.0,79.38,58.0,107.85,15
2026-03-25 07:00:00+00:00,32.5,79.23,67.0,108.77,15
2026-03-25 08:00:00+00:00,23.0,78.71,43.0,108.73,15
2026-03-25 09:00:00+00:00,22.0,78.38,33.0,108.56,15
2026-03-25 10:00:00+00:00,24.0,78.08,30.0,108.15,15
2026-03-25 11:00:00+00:00,25.0,77.5,35.0,107.69,15
2026-03-25 12:00:00+00:00,29.0,76.73,35.0,106.9,15
2026-03-25 13:00:00+00:00,109.0,77.73,39.0,97.67,15
2026-03-25 14:00:00+00:00,316.0,79.38,380.5,96.62,15
2026-03-25 15:00:00+00:00,101.0,75.71,337.0,98.83,15
2026-03-25 16:00:00+00:00,80.0,74.92,127.0,98.27,15
2026-03-25 17:00:00+00:00,88.0,74.83,104.5,98.33,15
2026-03-25 18:00:00+00:00,62.5,74.15,112.5,99.48,15
2026-03-25 19:00:00+00:00,60.0,73.35,63.0,98.6,15
2026-03-25 20:00:00+00:00,60.0,72.35,62.0,97.6,15
2026-03-25 21:00:00+00:00,63.0,71.56,63.0,96.56,15
2026-03-25 22:00:00+00:00,66.0,71.02,69.0,95.98,15
2026-03-25 23:00:00+00:00,71.0,70.9,71.0,95.67,15
2026-03-26 00:00:00+00:00,91.0,71.48,123.0,96.38,15
2026-03-26 01:00:00+00:00,154.0,74.04,143.0,97.25,15
2026-03-26 02:00:00+00:00,143.0,76.62,171.0,100.31,15
2026-03-26 03:00:00+00:00,81.0,76.79,116.0,101.31,15
2026-03-26 04:00:00+00:00,106.0,78.88,128.0,103.35,15
2026-03-26 05:00:00+00:00,76.0,79.92,113.0,105.15,15
2026-03-26 06:00:00+00:00,45.0,80.33,83.0,106.19,15
2026-03-26 07:00:00+00:00,31.0,80.27,53.5,105.62,15
2026-03-26 08:00:00+00:00,22.0,80.23,36.0,105.33,15
2026-03-26 09:00:00+00:00,19.0,80.1,22.0,104.88,15
2026-03-26 10:00:00+00:00,17.0,79.81,22.0,104.54,15
2026-03-26 11:00:00+00:00,16.0,79.44,20.0,103.92,15
2026-03-26 12:00:00+00:00,25.0,79.27,24.0,103.46,15
2026-03-26 13:00:00+00:00,160.0,81.4,81.0,105.21,15
2026-03-26 14:00:00+00:00,160.0,74.9,316.0,102.52,15
2026-03-26 15:00:00+00:00,33.0,72.06,137.0,94.19,15
2026-03-26 16:00:00+00:00,31.0,70.02,46.0,90.81,15
2026-03-26 17:00:00+00:00,32.0,67.69,37.0,88.0,15
2026-03-26 18:00:00+00:00,35.5,66.56,34.0,84.73,15
2026-03-26 19:00:00+00:00,53.0,66.27,53.0,84.31,15
2026-03-26 20:00:00+00:00,48.0,65.77,89.5,85.46,15
2026-03-26 21:00:00+00:00,49.5,65.21,54.0,85.08,15
2026-03-26 22:00:00+00:00,54.0,64.71,57.0,84.58,15
2026-03-26 23:00:00+00:00,52.0,63.92,56.0,83.96,15
2026-03-27 00:00:00+00:00,62.5,62.73,96.5,82.85,15
2026-03-27 01:00:00+00:00,170.0,63.4,232.5,86.58,15
2026-03-27 02:00:00+00:00,90.0,61.19,116.0,84.29,15
2026-03-27 03:00:00+00:00,51.5,59.96,65.0,82.17,15
2026-03-27 04:00:00+00:00,48.0,57.54,64.5,79.52,15
2026-03-27 05:00:00+00:00,30.5,55.65,40.5,76.5,15
2026-03-27 06:00:00+00:00,22.0,54.69,28.0,74.21,15
2026-03-27 07:00:00+00:00,23.0,54.35,30.0,73.23,15
2026-03-27 08:00:00+00:00,15.0,54.06,21.5,72.62,15
2026-03-27 09:00:00+00:00,13.0,53.81,16.0,72.38,15
2026-03-27 10:00:00+00:00,22.5,54.04,30.0,72.71,15
2026-03-27 11:00:00+00:00,10.0,53.79,12.5,72.4,15
2026-03-27 12:00:00+00:00,37.5,54.31,35.0,72.85,15
2026-03-27 13:00:00+00:00,55.0,49.94,295.0,81.77,15
2026-03-27 14:00:00+00:00,120.0,48.27,184.5,76.29,15
2026-03-27 15:00:00+00:00,91.0,50.69,101.0,74.79,15
2026-03-27 16:00:00+00:00,72.0,52.4,83.5,76.35,15
2026-03-27 17:00:00+00:00,88.5,54.75,76.0,77.98,15
2026-03-27 18:00:00+00:00,92.0,57.1,101.0,80.77,15
2026-03-27 19:00:00+00:00,67.0,57.69,70.0,81.48,15
2026-03-27 20:00:00+00:00,64.5,58.38,67.0,80.54,15
2026-03-27 21:00:00+00:00,74.0,59.4,71.0,81.25,15
2026-03-27 22:00:00+00:00,69.5,60.04,75.0,82.0,15
2026-03-27 23:00:00+00:00,78.5,61.15,81.0,83.04,15
2026-03-28 00:00:00+00:00,106.0,62.96,95.5,83.0,15
2026-03-28 01:00:00+00:00,207.5,64.52,250.0,83.73,15
2026-03-28 02:00:00+00:00,127.5,66.08,221.0,88.1,15
2026-03-28 03:00:00+00:00,72.5,66.96,101.0,89.6,15
2026-03-28 04:00:00+00:00,36.0,66.46,67.5,89.73,15
2026-03-28 05:00:00+00:00,19.0,65.98,31.5,89.35,15
2026-03-28 06:00:00+00:00,16.0,65.73,31.0,89.48,15
2026-03-28 07:00:00+00:00,13.0,65.31,19.5,89.04,15
2026-03-28 08:00:00+00:00,12.0,65.19,15.0,88.77,15
2026-03-28 09:00:00+00:00,13.0,65.19,16.0,88.77,15
2026-03-28 10:00:00+00:00,13.0,64.79,15.0,88.15,15
2026-03-28 11:00:00+00:00,14.0,64.96,16.0,88.29,15
2026-03-28 12:00:00+00:00,23.0,64.35,21.0,87.71,15
2026-03-28 13:00:00+00:00,131.5,67.54,91.0,79.21,15
2026-03-28 14:00:00+00:00,138.0,68.29,196.5,79.71,15
2026-03-28 15:00:00+00:00,129.0,69.88,150.0,81.75,15
2026-03-28 16:00:00+00:00,72.5,69.9,97.0,82.31,15
2026-03-28 17:00:00+00:00,58.0,68.62,63.0,81.77,15
2026-03-28 18:00:00+00:00,55.0,67.08,57.0,79.94,15
2026-03-28 19:00:00+00:00,54.0,66.54,55.0,79.31,15
2026-03-28 20:00:00+00:00,50.0,65.94,50.0,78.6,15
2026-03-28 21:00:00+00:00,46.0,64.77,46.0,77.56,15
2026-03-28 22:00:00+00:00,43.0,63.67,43.0,76.23,15
2026-03-28 23:00:00+00:00,49.0,62.44,46.0,74.77,15
2026-03-29 00:00:00+00:00,77.0,61.23,138.5,76.56,15
2026-03-29 01:00:00+00:00,85.0,56.12,111.5,70.79,15
2026-03-29 02:00:00+00:00,67.5,53.62,84.0,65.08,15
2026-03-29 03:00:00+00:00,58.0,53.02,76.0,64.04,15
2026-03-29 04:00:00+00:00,52.0,53.69,69.0,64.1,15
2026-03-29 05:00:00+00:00,46.0,54.81,60.0,65.29,15
2026-03-29 06:00:00+00:00,38.0,55.73,52.0,66.17,15
2026-03-29 07:00:00+00:00,34.0,56.6,45.0,67.23,15
2026-03-29 08:00:00+00:00,26.0,57.19,33.0,67.98,15
2026-03-29 09:00:00+00:00,29.0,57.85,36.0,68.81,15
2026-03-29 10:00:00+00:00,32.5,58.67,42.0,69.94,15
2026-03-29 11:00:00+00:00,35.0,59.54,41.0,70.98,15
2026-03-29 12:00:00+00:00,45.5,60.48,54.0,72.35,15
2026-03-29 13:00:00+00:00,138.0,60.75,199.0,76.85,15
2026-03-29 14:00:00+00:00,198.0,63.25,391.5,84.98,15
2026-03-29 15:00:00+00:00,114.0,62.62,192.0,86.73,15
2026-03-29 16:00:00+00:00,73.0,62.65,110.0,87.27,15
2026-03-29 17:00:00+00:00,54.0,62.48,68.0,87.48,15
2026-03-29 18:00:00+00:00,54.0,62.44,58.0,87.52,15
2026-03-29 19:00:00+00:00,52.0,62.35,56.0,87.56,15
2026-03-29 20:00:00+00:00,50.0,62.35,56.0,87.81,15
2026-03-29 21:00:00+00:00,50.0,62.52,58.5,88.33,15
2026-03-29 22:00:00+00:00,51.0,62.85,54.0,88.79,15
2026-03-29 23:00:00+00:00,50.0,62.9,53.0,89.08,15
2026-03-30 00:00:00+00:00,64.0,62.35,58.0,85.73,15
2026-03-30 01:00:00+00:00,90.0,62.56,151.0,87.38,15
2026-03-30 02:00:00+00:00,58.0,62.17,81.5,87.27,15
2026-03-30 03:00:00+00:00,45.0,61.62,57.0,86.48,15
2026-03-30 04:00:00+00:00,41.0,61.17,52.0,85.77,15
2026-03-30 05:00:00+00:00,33.0,60.62,44.0,85.1,15
2026-03-30 06:00:00+00:00,30.0,60.29,39.0,84.56,15
2026-03-30 07:00:00+00:00,28.5,60.06,40.5,84.38,15
2026-03-30 08:00:00+00:00,28.0,60.15,37.0,84.54,15
2026-03-30 09:00:00+00:00,29.0,60.15,39.0,84.67,15
2026-03-30 10:00:00+00:00,30.0,60.04,40.0,84.58,15
2026-03-30 11:00:00+00:00,31.5,59.9,40.0,84.54,15
2026-03-30 12:00:00+00:00,45.0,59.88,43.5,84.1,15
2026-03-30 13:00:00+00:00,70.5,57.06,82.0,79.23,15
2026-03-30 14:00:00+00:00,76.0,51.98,249.0,73.29,15
2026-03-30 15:00:00+00:00,43.0,49.02,78.5,68.56,15
2026-03-30 16:00:00+00:00,35.0,47.44,46.0,65.9,15
2026-03-30 17:00:00+00:00,41.0,46.9,43.0,64.85,15
2026-03-30 18:00:00+00:00,44.0,46.48,49.0,64.48,15
2026-03-30 19:00:00+00:00,37.0,45.85,44.0,63.98,15
2026-03-30 20:00:00+00:00,30.0,45.02,36.0,63.15,15
2026-03-30 21:00:00+00:00,33.0,44.31,34.0,62.12,15
2026-03-30 22:00:00+00:00,36.0,43.69,38.0,61.46,15
2026-03-30 23:00:00+00:00,35.0,43.06,37.0,60.79,15
2026-03-31 00:00:00+00:00,43.0,42.19,104.5,62.73,15
2026-03-31 01:00:00+00:00,100.0,42.6,124.0,61.6,15
2026-03-31 02:00:00+00:00,68.5,43.04,96.5,62.23,15
2026-03-31 03:00:00+00:00,69.5,44.06,81.5,63.25,15
2026-03-31 04:00:00+00:00,59.0,44.81,74.5,64.19,15
2026-03-31 05:00:00+00:00,52.0,45.6,68.0,65.19,15
2026-03-31 06:00:00+00:00,41.0,46.06,58.0,65.98,15
2026-03-31 07:00:00+00:00,28.0,46.04,56.5,66.65,15
2026-03-31 08:00:00+00:00,21.0,45.75,28.0,66.27,15
2026-03-31 09:00:00+00:00,10.5,44.98,15.0,65.27,15
2026-03-31 10:00:00+00:00,8.0,44.06,8.0,63.94,15
2026-03-31 11:00:00+00:00,9.0,43.12,10.5,62.71,15
2026-03-31 12:00:00+00:00,12.0,41.75,13.0,61.44,15
2026-03-31 13:00:00+00:00,35.0,40.27,179.5,65.5,15
2026-03-31 14:00:00+00:00,31.0,38.4,139.5,60.94,15
2026-03-31 15:00:00+00:00,33.5,38.0,46.5,59.6,15
2026-03-31 16:00:00+00:00,30.0,37.79,44.0,59.52,15
2026-03-31 17:00:00+00:00,21.0,36.96,23.5,58.71,15
2026-03-31 18:00:00+00:00,19.5,35.94,20.0,57.5,15
2026-03-31 19:00:00+00:00,18.0,35.15,20.5,56.52,15
2026-03-31 20:00:00+00:00,19.0,34.69,21.5,55.92,15
2026-03-31 21:00:00+00:00,20.0,34.15,21.0,55.38,15
2026-03-31 22:00:00+00:00,18.0,33.4,21.0,54.67,15
2026-03-31 23:00:00+00:00,25.0,32.98,25.5,54.19,15
2026-04-01 00:00:00+00:00,30.0,32.44,214.0,58.75,15
2026-04-01 01:00:00+00:00,236.0,38.1,312.0,66.58,15
2026-04-01 02:00:00+00:00,58.0,37.67,82.5,66.0,15
2026-04-01 03:00:00+00:00,33.0,36.15,52.5,64.79,15
2026-04-01 04:00:00+00:00,21.0,34.56,26.5,62.79,15
2026-04-01 05:00:00+00:00,12.5,32.92,17.5,60.69,15
2026-04-01 06:00:00+00:00,11.5,31.69,14.5,58.88,15
2026-04-01 07:00:00+00:00,10.0,30.94,12.5,57.04,15
2026-04-01 08:00:00+00:00,11.0,30.52,12.5,56.4,15
2026-04-01 09:00:00+00:00,11.0,30.54,13.0,56.31,15
2026-04-01 10:00:00+00:00,9.0,30.58,12.5,56.5,15
2026-04-01 11:00:00+00:00,15.5,30.85,22.0,56.98,15
2026-04-01 12:00:00+00:00,13.0,30.9,20.0,57.27,15
2026-04-01 13:00:00+00:00,40.5,31.12,62.0,52.38,15
2026-04-01 14:00:00+00:00,59.0,32.29,109.5,51.12,15
2026-04-01 15:00:00+00:00,51.0,33.02,58.0,51.6,15
2026-04-01 16:00:00+00:00,51.0,33.9,57.5,52.17,15
2026-04-01 17:00:00+00:00,47.0,34.98,56.5,53.54,15
2026-04-01 18:00:00+00:00,43.0,35.96,52.5,54.9,15
2026-04-01 19:00:00+00:00,45.0,37.08,46.5,55.98,15
2026-04-01 20:00:00+00:00,56.5,38.65,57.5,57.48,15
2026-04-01 21:00:00+00:00,63.5,40.46,65.0,59.31,15
2026-04-01 22:00:00+00:00,85.5,43.27,83.5,61.92,15
2026-04-01 23:00:00+00:00,62.0,44.81,91.5,64.67,15
2026-04-02 00:00:00+00:00,69.5,46.46,,,15
2026-04-02 01:00:00+00:00,106.0,41.04,,,15
2026-04-02 02:00:00+00:00,100.0,42.79,,,15
